1126808064.0
-984499392.0
-82959072.0
370608928.0
1502499712.0
970400064.0
139250864.0
528072352.0
-2015977984.0
700218688.0
-266561632.0
-315174336.0
423503200.0
-530701632.0
1521960192.0
1481603456.0
-49918156.0
936229888.0
-254304320.0
-1123251328.0
1195008640.0
69365656.0
1429749376.0
137842672.0
945366336.0
740448064.0
1492815872.0
-1698905600.0
63062196.0
-265427824.0
647722368.0
1651711488.0
1174037376.0
-896500288.0
-677729984.0
28023768.0
689556608.0
2044106752.0
1944927104.0
1362624384.0
-2021692928.0
-94358952.0
-765811456.0
1879397248.0
1371116160.0
448733152.0
1701565440.0
1151606784.0
1881952384.0
1913435392.0
-386377664.0
-2145726720.0
1256609920.0
-2107424128.0
1334354816.0
186736944.0
-1239959936.0
-1310774656.0
885208320.0
-641661184.0
-1740929152.0
1478657408.0
-546052736.0
847524416.0
-1417870080.0
420575232.0
-248187632.0
41065908.0
1081660544.0
-1086330496.0
-1428350464.0
666396800.0
-1020225792.0
526175296.0
2044652928.0
616232640.0
1966981760.0
-258521504.0
1083961344.0
918860288.0
-1149402752.0
1194387584.0
1487025664.0
366821600.0
697411840.0
-394754656.0
1077655552.0
-1770543104.0
-2039581952.0
-833627392.0
-1667621632.0
2082981120.0
-1367359872.0
1959698176.0
-1802427904.0
827183488.0
-1462946944.0
-14459789.0
-463679552.0
64560316.0
-1010777984.0
-854039936.0
1600895104.0
-683798272.0
1067394176.0
-1296510592.0
1687299072.0
1649940864.0
291038080.0
-179573472.0
-385308576.0
-661904000.0
-1947996544.0
-1067271424.0
-2093207808.0
1539121024.0
-1991801344.0
-1443908992.0
604800000.0
-846128384.0
-260933232.0
-113541480.0
-60888448.0
1566643456.0
-1991429120.0
1544062464.0
617887744.0
-459611744.0
-2116884736.0
-2136696576.0
1414490624.0
-1717744384.0
-448167744.0
329583008.0
-713756160.0
1528759936.0
265398976.0
-1909667456.0
567014592.0
-663243968.0
-1423491072.0
1123927936.0
-1714947072.0
-1831479936.0
96167456.0
108442088.0
-1175446528.0
133695344.0
-1864788864.0
1000078144.0
-817311936.0
-507841856.0
-875952640.0
1100090368.0
1278632704.0
1083870848.0
2016637568.0
648260864.0
988292032.0
1234257280.0
798149248.0
-2035253760.0
-1641120768.0
-562535104.0
983013632.0
-1154212864.0
-951656320.0
-350612224.0
880512768.0
655108736.0
1406116608.0
2082622336.0
1922627328.0
-1172371712.0
475178784.0
156153328.0
-1870460672.0
165935456.0
-1181950208.0
-964119040.0
-1307605888.0
764518912.0
554611776.0
1809824384.0
1543034752.0
-83118424.0
-874566528.0
517798880.0
614907776.0
1092891264.0
833245056.0
566376960.0
-356847584.0
493462048.0
-362261952.0
-1541753344.0
-416241568.0
-1525775872.0
1562352256.0
-2016283904.0
516216704.0
-184109216.0
-1946850688.0
-619354944.0
-1836712576.0
-1704937984.0
1343784064.0
358830848.0
-909523904.0
-1341021952.0
292957.9375
-227692160.0
509375616.0
-1934682624.0
-340330272.0
1467500672.0
-1661547520.0
587982336.0
269337792.0
-536728608.0
-12048736.0
1337233280.0
1097132928.0
-1992262528.0
-1111546752.0
1898484224.0
-742828672.0
-660461568.0
1790229632.0
630450944.0
317923072.0
1300682496.0
2066993536.0
-1054825088.0
2120637696.0
-713100288.0
1687552256.0
2102918912.0
447427936.0
-2028313728.0
1672385152.0
-650018560.0
193210416.0
876999680.0
396837760.0
1578304256.0
-1989244928.0
-573958784.0
235218736.0
-778029184.0
673611200.0
-1733114368.0
-394518944.0
773092864.0
-212252992.0
-777731264.0
74087696.0
-370224960.0
87788520.0
-1390241408.0
1196565120.0
-1855414016.0
-2128052480.0
-362346560.0
418683136.0
-1231119872.0
1401776640.0
1294126592.0
572347072.0
1196315136.0
958469632.0
804724032.0
-859456576.0
2042326656.0
-1290909056.0
-832260928.0
75427664.0
-441621568.0
-256290416.0
2031203584.0
-1237180160.0
-173465808.0
1590317696.0
-933881536.0
1819108480.0
-961257088.0
-1303714176.0
-1997513600.0
1090844288.0
-856836352.0
-1527564032.0
346341536.0
622524608.0
1978257408.0
-1153681536.0
127180760.0
-21297962.0
-2040946688.0
1220291584.0
-1998923776.0
-1940640384.0
1320556544.0
1962592640.0
-27045538.0
-1803620480.0
-1029740864.0
1439241216.0
1686964864.0
242371792.0
-239160832.0
-1585601408.0
1408205568.0
-2145706368.0
1637923328.0
1989347328.0
-1801822208.0
273080480.0
1174715264.0
-529154272.0
-1133729280.0
976540992.0
-263103696.0
1659346304.0
1838180736.0
573819520.0
-416949376.0
-767635968.0
-1821937792.0
-1835256960.0
-206426448.0
789530496.0
1352721024.0
1705881600.0
2066308864.0
1668639488.0
1025666880.0
-1195796608.0
-452180320.0
1271403904.0
-514130016.0
-348948672.0
136177200.0
108107240.0
-2004477184.0
-908184384.0
741946560.0
-1523567872.0
-170369968.0
-1328467968.0
1943321984.0
1308020992.0
-1245249280.0
1865820288.0
-2146046208.0
-399982240.0
-1601162368.0
-1692498048.0
-171649696.0
1417572224.0
1330717440.0
-434609728.0
-1084182784.0
1580704640.0
556616640.0
1834828032.0
1411580544.0
-1908949888.0
-510545664.0
495132160.0
1070081408.0
1417589504.0
-635441472.0
562199744.0
322050528.0
-1717192960.0
-268157712.0
-1829859712.0
-1833859584.0
-577752768.0
-1597166848.0
1281194112.0
-1490871296.0
1106068864.0
24614636.0
157206096.0
1131528832.0
1226901376.0
-289574656.0
478228224.0
-1914891776.0
-2131302912.0
161488048.0
1266488960.0
1986833664.0
-2097579008.0
1192360832.0
-1645032064.0
1445174784.0
1796589952.0
503850816.0
-540219968.0
1277272704.0
-1874720640.0
864425152.0
1254174720.0
790853248.0
-1258993536.0
683524608.0
-292161696.0
799734080.0
478417216.0
-2047363072.0
-1387144192.0
2057473408.0
603526976.0
-1019868096.0
-1381142656.0
-1480521856.0
1573208576.0
792723520.0
1317308544.0
-1772767232.0
-1880925952.0
543842240.0
1224862336.0
2095132160.0
1566860160.0
337601632.0
-1220212480.0
1358417664.0
539973120.0
371261664.0
-957929728.0
1372793088.0
1987563264.0
-978449792.0
1782881024.0
-280009376.0
-1665501056.0
-1065526464.0
-876741632.0
567131136.0
570531520.0
1646768512.0
254231488.0
509207040.0
-333440480.0
1190264832.0
-2018134400.0
-279626112.0
1627053184.0
717549184.0
-567786112.0
-911077760.0
-495883872.0
-1458677760.0
730630208.0
-230697216.0
-849882944.0
1602709760.0
1943176576.0
322972512.0
1564714368.0
1431336064.0
770749312.0
1826102016.0
473362176.0
1698639360.0
-54438572.0
-1361228160.0
1975813120.0
965622400.0
-1118546688.0
924817024.0
-780541376.0
1291329664.0
474141312.0
1051898240.0
-1730168192.0
-1233242368.0
1042421696.0
145640320.0
1491891584.0
-2112913280.0
-2011086208.0
328442848.0
1748233344.0
2129353344.0
-773227136.0
-768690496.0
-376350208.0
54773744.0
-1288496384.0
-1472616704.0
-41943928.0
1032725504.0
86504312.0
1211566848.0
78610824.0
1441888000.0
-1096352384.0
-1588368256.0
-33086832.0
1496213504.0
989173248.0
-819443456.0
1328083072.0
234352736.0
480144576.0
-183293152.0
-1389686400.0
-1218858112.0
-2022043648.0
1534752000.0
15082242.0
2105948928.0
802256768.0
1765198080.0
-1573933568.0
-499365088.0
-502034944.0
154328768.0
257759824.0
-1196241280.0
-974142720.0
989092800.0
-982089408.0
-120598648.0
819547584.0
1334007552.0
-1287986816.0
-146329920.0
-1830240512.0
996307584.0
-1429303040.0
1739229952.0
279108416.0
471074976.0
76813576.0
758908992.0
-2080627328.0
1058722048.0
-230950384.0
1079528320.0
-145907024.0
49634788.0
-343755904.0
176654944.0
-1546310912.0
114845712.0
-567103872.0
-1035727744.0
1523150336.0
-1867883776.0
-361281280.0
-1985824512.0
-625683904.0
-804717824.0
955802240.0
333366176.0
-1393352960.0
-1833734272.0
1467334784.0
4981814.0
1192958336.0
-1814860416.0
1277913856.0
599571264.0
-302858272.0
256098704.0
1440610944.0
1398898048.0
1414850304.0
1211434496.0
-1052428032.0
1487380352.0
1127383296.0
-785443840.0
-1542051840.0
-407428224.0
-1558148608.0
-1235815296.0
1329121536.0
-534084128.0
-2026844800.0
937305728.0
-741496384.0
-451515232.0
1030085120.0
-428194560.0
-1970700672.0
1422247936.0
-339982272.0
1105459712.0
-1721345536.0
148137008.0
-1644062976.0
-1859673216.0
227616816.0
1632182912.0
2146557184.0
622421248.0
1355264000.0
1815997056.0
243100128.0
520557312.0
1456716416.0
-460228672.0
-1295257856.0
-538319552.0
-230891616.0
-1217857664.0
-1771044608.0
-1708088832.0
-2129373312.0
-1228728832.0
-1542883328.0
-778136896.0
-226269440.0
-397940384.0
-1728472192.0
-784841792.0
-1636096768.0
281284480.0
1012837440.0
1991759488.0
-785293760.0
-686658688.0
1981915776.0
-1179437056.0
-631813888.0
1487161728.0
-654456576.0
1124390016.0
884681920.0
1697628672.0
-1867982208.0
1126141056.0
1504299136.0
850784448.0
-667840960.0
-1929508864.0
1652574592.0
-725997120.0
-1807233664.0
-2008975104.0
-1383256320.0
-1097091456.0
1488539264.0
-1269713152.0
-860369856.0
1439820928.0
2088504064.0
-171060976.0
-906422848.0
-1028991872.0
-1634866176.0
-633076.8125
199060096.0
1163012352.0
-1022708864.0
654432640.0
1407606272.0
-442565856.0
-1786334976.0
-319349472.0
1626237312.0
1185408896.0
-1680074880.0
-1977480192.0
1308601216.0
1536300416.0
-391662624.0
1444997504.0
1025839488.0
-1305268480.0
-2084230144.0
-1749967488.0
-1354053248.0
1736476800.0
-1093729792.0
676647616.0
767934016.0
734554240.0
-1839597696.0
-69603792.0
-1258186368.0
906153088.0
1261973760.0
133056632.0
1624348928.0
710791552.0
-48019728.0
-2034679552.0
-895774848.0
-1136432896.0
-349100576.0
-940321280.0
1971701760.0
-965153280.0
1130598528.0
-432595456.0
1328173824.0
-103281984.0
-1466539648.0
610795776.0
-1364924672.0
993850368.0
-881176000.0
-2126762112.0
-1574357120.0
191574560.0
1334052992.0
2126198912.0
-682851648.0
409625248.0
-1618946688.0
1878766464.0
-1111063936.0
-1730634368.0
-235588560.0
-696351744.0
-1715431552.0
-1898368000.0
-746183424.0
-1919710080.0
899391872.0
-330138304.0
562720576.0
618908032.0
618807104.0
-1667772800.0
273585824.0
1604179072.0
439974528.0
86187560.0
-1347445888.0
799783488.0
-114934000.0
1700777856.0
-944002752.0
-1877346432.0
2024399232.0
-988246912.0
1570850048.0
-31417216.0
-112835248.0
1968235904.0
-1156260736.0
1294636416.0
-1966113024.0
-1542689280.0
-271445184.0
-780875648.0
-1051455424.0
-205123840.0
-187384832.0
-937222208.0
-298768512.0
1963667712.0
-1152930176.0
1553681920.0
-2120134784.0
1248182528.0
-604256640.0
-260711872.0
-853765760.0
-2135544448.0
-2142348288.0
-431506496.0
751720064.0
-883483200.0
317387872.0
-763426944.0
-48425016.0
-24971770.0
-986573632.0
913005312.0
-1037617280.0
1441572992.0
-1789074816.0
204190512.0
597072896.0
1671109888.0
454727360.0
-555786496.0
1189055360.0
1706263040.0
1811353216.0
1727539584.0
-980324992.0
-1432959488.0
1673628544.0
322394016.0
265724592.0
-202337744.0
86281704.0
-1819165312.0
1332744960.0
913797376.0
-333689248.0
502083232.0
886077248.0
545287552.0
-212816032.0
2021273088.0
-768947136.0
498895232.0
-50918336.0
824675392.0
-1746607488.0
111972544.0
1134394368.0
-673615872.0
-1397514112.0
1773956992.0
-385843296.0
-1253400192.0
-1614246656.0
-1569653888.0
-834340992.0
223005808.0
-1462288768.0
1970360576.0
1478851456.0
-807888896.0
236825520.0
1243180544.0
-1375571968.0
-12832038.0
1187787648.0
1416203008.0
247067520.0
1924742272.0
248525664.0
277863872.0
1032067712.0
-814566720.0
-1676352768.0
1827521024.0
1324334720.0
46061796.0
1208510976.0
1011339584.0
1833093504.0
1318299392.0
1862702336.0
1115466112.0
993599424.0
-906626176.0
1262341888.0
-1536103808.0
-1736532352.0
-903277184.0
540143424.0
1875805440.0
152238000.0
-22145290.0
939671232.0
-1286431488.0
-1729755136.0
-2074914816.0
-1788333568.0
1704267392.0
2110564096.0
1721124608.0
222059568.0
-1075952640.0
313342528.0
-1715810816.0
-85034656.0
-30190122.0
-2112624896.0
-1686243456.0
587244096.0
1305268736.0
-100815880.0
-1083662976.0
-897554176.0
-1874117376.0
895262528.0
683068096.0
1489276288.0
-235604512.0
-261264752.0
-1054354816.0
-2043706240.0
126727432.0
239199072.0
627983296.0
-1466967424.0
91266584.0
-1454189440.0
1867179904.0
-1512497536.0
1391248000.0
-1502735616.0
514554272.0
539189888.0
1402861440.0
1829680256.0
-337791424.0
1293690368.0
191241936.0
1074062464.0
-478474912.0
-1343195008.0
1357608576.0
-1422905472.0
2083654400.0
-20098714.0
-1930703616.0
980630528.0
1596435840.0
261683888.0
-378652672.0
1007216768.0
-340630848.0
-1944138368.0
1599684608.0
-1668324608.0
1253304320.0
1957932160.0
1668124288.0
-2057616384.0
2082890240.0
596349760.0
831139008.0
1710793344.0
-1944033792.0
-1533441920.0
254904304.0
-405683808.0
-1722055936.0
498435168.0
-629957056.0
1520269184.0
879789504.0
187460400.0
16459029.0
1625836032.0
1142902144.0
436133408.0
2058457344.0
-372647424.0
-1310021376.0
-1556671872.0
820834944.0
1595052032.0
-835963200.0
315264832.0
-1122143360.0
-1550576768.0
-1640673152.0
-1906532864.0
-311608032.0
649891904.0
-696283520.0
1282155776.0
1215031040.0
2135478656.0
1168893568.0
1620847104.0
801071616.0
68359920.0
1121107200.0
-1681592832.0
-416075776.0
-2056360960.0
190689952.0
-1912799104.0
-273275008.0
365681984.0
-1171670656.0
-1713944832.0
71230016.0
728266496.0
889830720.0
-1425333504.0
-293621376.0
1643072640.0
-859451136.0
109915832.0
285970208.0
359566336.0
773009792.0
1097891072.0
323967136.0
194495088.0
-1062850304.0
-1008623680.0
560952704.0
429291168.0
1652595200.0
-1620813056.0
1799650176.0
-737304448.0
-2089120896.0
563821120.0
1070980800.0
-428146784.0
-116013936.0
-422758240.0
-739175168.0
1117722752.0
-225990720.0
-573050048.0
1822752512.0
260918624.0
-1395984512.0
1564182144.0
-1971460992.0
-1243607808.0
732473024.0
-1510051840.0
146788640.0
312773344.0
-1277432064.0
1584865280.0
1555325568.0
-1891139456.0
1150442496.0
2024763904.0
-13478627.0
1633166976.0
194172976.0
-1349444736.0
794541312.0
1878255232.0
1234400512.0
-1444762112.0
425015744.0
-1698635776.0
550010368.0
-1185064576.0
565909120.0
136608128.0
-1032472704.0
-575593920.0
-1346742656.0
731205504.0
-766779008.0
-1945696128.0
-578237952.0
-377923680.0
813248960.0
617026176.0
1452944384.0
-1728093952.0
1170343040.0
-1575555712.0
1209902080.0
-1166990592.0
-1206955008.0
-465430432.0
724452416.0
949657344.0
863471104.0
-1773145344.0
295428032.0
767225024.0
365035072.0
-1006489728.0
2084580224.0
1231157888.0
-1629300096.0
-1506818432.0
227129152.0
1621042816.0
1567914880.0
2026382848.0
1519366272.0
-2096096000.0
-1264461312.0
1462293376.0
-97210800.0
-937836736.0
-1755649792.0
1384874368.0
-507680768.0
-1180884864.0
-1793185024.0
-540284864.0
-1308935552.0
-274543680.0
-1518819072.0
-269513536.0
1794331392.0
-2054504320.0
566440960.0
325391680.0
-614686976.0
285312992.0
-1977065472.0
-675559296.0
1751819520.0
24137902.0
260091904.0
-55392544.0
1462860672.0
1142551168.0
1650460288.0
-536823328.0
-932430336.0
237305312.0
1873125120.0
-1919516544.0
1054985920.0
1596992896.0
-252784096.0
1555925888.0
2144404608.0
-2054901248.0
1391917440.0
1441289472.0
-31582634.0
-1254255232.0
-265867616.0
-1361236224.0
-49156356.0
1837475200.0
-1229815808.0
-1629947904.0
-996805376.0
-1038083264.0
-728375360.0
-404880448.0
-2144355328.0
-340169088.0
1387172608.0
391229216.0
1460545280.0
56833920.0
1536021888.0
1109024640.0
30367134.0
-663000512.0
-671875072.0
1492186752.0
-1899177472.0
-1107352192.0
-1662862976.0
271062016.0
978523200.0
1986541952.0
945401152.0
1472105728.0
660190272.0
-1801499008.0
-1161387776.0
-305162048.0
1857872512.0
205777328.0
-516941696.0
-366535904.0
-679645888.0
2088687744.0
-1193351808.0
2128867072.0
1387284736.0
-617099264.0
-817895616.0
-58390420.0
899940288.0
1630318208.0
-1297173632.0
-112487680.0
1423045120.0
884464320.0
-2008162432.0
707885952.0
-1627695744.0
759138816.0
1749244800.0
1621696640.0
119692464.0
-1966692096.0
971638272.0
-1293853440.0
-1531906816.0
854180160.0
1941336704.0
-395504896.0
800509632.0
-1894918784.0
-317784736.0
96288656.0
-1081514752.0
352386144.0
1916156032.0
-2038499072.0
1107632640.0
-112299200.0
-1802205184.0
1911985024.0
-1335508608.0
-1016277824.0
-119696112.0
-1984934528.0
-900260544.0
-201332288.0
540290624.0
593601600.0
-989618048.0
1236077056.0
670049408.0
-12529593.0
1305688832.0
-2098963584.0
-1951358592.0
682609024.0
1332034816.0
380681888.0
-1751937408.0
-1578705920.0
-1893304320.0
1482308992.0
1863612032.0
1206497536.0
-982881664.0
650371840.0
5466751.5
1638443776.0
1877697280.0
-828881088.0
-463800480.0
501231072.0
-343003584.0
-1967895296.0
-1209296256.0
-807499840.0
2056795776.0
-1520314496.0
-1199319936.0
1485969024.0
1937448192.0
939224896.0
-357079904.0
-1592023808.0
-879813760.0
-1354468608.0
1397464704.0
1518657664.0
1270063104.0
-2089639296.0
-536055936.0
-710539200.0
-785473088.0
-355102656.0
1970925184.0
-1815749120.0
-1570456064.0
-1421171072.0
-1227960192.0
-1782264448.0
669096576.0
1611564416.0
1783996288.0
-510494080.0
-1512761344.0
1853522560.0
-945086080.0
-1417706752.0
1467303936.0
-212010272.0
559388928.0
-985612032.0
1754521856.0
1455491840.0
-279052256.0
-2130597760.0
1383002368.0
-1103692160.0
-2138843264.0
-901450752.0
-1822432640.0
720118080.0
-1760265728.0
789987968.0
1118531712.0
1792392448.0
-812083520.0
-905611264.0
2131945600.0
-788261440.0
244813664.0
-1314072320.0
-1904968704.0
-1439703808.0
-1504479232.0
-18615830.0
2059582848.0
1413032832.0
-1403032192.0
-875668672.0
-1024727936.0
1674038400.0
-1578366848.0
300296640.0
753726336.0
-910969344.0
-2123246208.0
622459200.0
-542531456.0
1879505280.0
-1512800256.0
-1701254528.0
-227568256.0
1815999360.0
190718672.0
-405896992.0
-1106770816.0
-1590562432.0
-1395526016.0
1875130240.0
2095146240.0
65826772.0
156885392.0
582348160.0
-1727960320.0
-1215023872.0
-1541151360.0
-1738509952.0
1637113984.0
-833236224.0
2092542336.0
1087286528.0
-2132131456.0
-2139505664.0
-2015886592.0
581346752.0
1150743296.0
-348118688.0
-1880177792.0
-1112624896.0
511026848.0
-1679751808.0
562770112.0
492195072.0
-107374840.0
2031311872.0
-1712975104.0
424763136.0
856254208.0
448148384.0
876932352.0
531961312.0
282850656.0
239481104.0
793570816.0
1904591360.0
1810310016.0
-2098741888.0
-1452031232.0
1870135296.0
-439874368.0
-2073227264.0
1630662912.0
669789696.0
-844750144.0
302886624.0
769152512.0
-1123581568.0
-40189708.0
-1799950848.0
-1602587648.0
-1254559104.0
-2081444608.0
199097760.0
-1450230784.0
-814984576.0
2085487360.0
-1587024000.0
-919686080.0
1197928064.0
-1741238912.0
641154112.0
-1458742016.0
-1217146112.0
-881022528.0
1851914752.0
-695576256.0
1333187584.0
-56533528.0
-327881280.0
-2012670464.0
106001680.0
1505742592.0
1405058304.0
-1113529984.0
160904768.0
-1309731712.0
1932636800.0
908683200.0
482632416.0
186855152.0
-876050048.0
1587854976.0
-418218944.0
-1115987712.0
1048495360.0
-1004257152.0
-2038185088.0
1997562624.0
-1975447552.0
-1390119936.0
1881988224.0
2084530944.0
1438246912.0
87183992.0
-2141418880.0
-1738732800.0
1553488000.0
-428385952.0
1164393728.0
-1966180096.0
1633434240.0
-1096182400.0
-62311164.0
1061978048.0
939888384.0
133417168.0
1107126144.0
343767456.0
-1091369728.0
-447211584.0
-274030688.0
1392998784.0
-1892509696.0
707859264.0
1940582912.0
1030867200.0
-74368104.0
1112819712.0
-490346464.0
-718796864.0
-1031012416.0
1862073728.0
517711616.0
-268083360.0
-1573949184.0
-79975848.0
-1923757440.0
-508598336.0
-1003640960.0
1814929792.0
-157926240.0
-226127648.0
-1558253824.0
-257051552.0
282715264.0
-1183874048.0
-396401152.0
-709704320.0
-984474240.0
2084098816.0
-817804864.0
995419392.0
-1020451456.0
-1019297408.0
637311616.0
-1988983808.0
360888320.0
1543739008.0
1215540224.0
-203856032.0
947558656.0
-306510368.0
-1825683200.0
54921500.0
-1410141440.0
1534793984.0
-1934241792.0
374261792.0
-529098624.0
629527488.0
-1704274048.0
407817760.0
1609349376.0
-955084480.0
1931130624.0
1816486016.0
-1252048128.0
-2023397376.0
824640768.0
-1606680576.0
391097408.0
-1030268672.0
1125224448.0
-2052302336.0
-113724944.0
-878024000.0
-1169652864.0
-1170029056.0
-782891584.0
-435860864.0
-1179130752.0
301381600.0
985406720.0
1275443968.0
-204296480.0
-865949120.0
324572608.0
-944921984.0
1443326336.0
-390117472.0
936761536.0
-860971712.0
1361368192.0
-660284032.0
1762959232.0
954077696.0
2024261632.0
840734528.0
1606200064.0
394354368.0
1921442688.0
1886276992.0
-1241766784.0
124267632.0
94395840.0
1659314560.0
217939936.0
666314944.0
-940347456.0
143864784.0
-1662941696.0
1457697152.0
-344061024.0
-1624062592.0
-842548928.0
-557689344.0
-1494990720.0
235014768.0
2027134592.0
-428424928.0
-1705694080.0
-323995392.0
176076432.0
-2027826432.0
80812696.0
-445011936.0
-1681323136.0
1237057536.0
1344609152.0
458937088.0
1786752256.0
-276153344.0
-1891403776.0
-1221944576.0
255667776.0
445601728.0
-1794875392.0
-1467827968.0
783912320.0
-1394701952.0
-1755857152.0
205310048.0
1612414976.0
-1161216384.0
1965167616.0
1030229824.0
-173406224.0
-1611070976.0
-1166882816.0
-707946496.0
1134239488.0
-1849927040.0
938361920.0
-87049568.0
1827409920.0
-573047104.0
1930063232.0
-279536928.0
-100839384.0
-1380711168.0
-635413056.0
-374154560.0
-1478207872.0
-774578176.0
-1836633344.0
1773609344.0
637768640.0
883986944.0
2061897600.0
-1968629888.0
-259921952.0
315159616.0
1990779136.0
-8310044.5
-7861998.5
-1294833024.0
-1647846784.0
1139818880.0
-2099502208.0
-1198376192.0
1249096448.0
2021832832.0
-2117042176.0
-1146181760.0
-716516032.0
-742700032.0
1259161216.0
-1571923584.0
801625984.0
1452353920.0
1951114112.0
-2040698752.0
-1622305792.0
-2144884608.0
1867100288.0
-1087367552.0
497361440.0
1867372160.0
-605475648.0
-1848062464.0
-1218263296.0
-798254400.0
1222997248.0
-1327520896.0
1200377728.0
969947520.0
560846464.0
694061696.0
2079382144.0
-1223787904.0
152863088.0
1204313856.0
697177856.0
-2147095424.0
1750453760.0
-1334280192.0
-792067776.0
2071733888.0
-1632311680.0
1605610240.0
-1341502592.0
-2081731328.0
674798080.0
-1732312320.0
1603895296.0
-1012311808.0
-746839232.0
737137472.0
-1907518336.0
730909120.0
777562176.0
-268720224.0
715368448.0
837745792.0
1983910912.0
-1471668096.0
-149776656.0
1445172864.0
-2046457344.0
150623360.0
-96226688.0
199359024.0
886819392.0
1613514880.0
472703328.0
-310463520.0
717480640.0
182818208.0
1817595392.0
-1771681408.0
767366080.0
-177020896.0
1539672448.0
-1586262656.0
1665172096.0
-2009418624.0
-1850076544.0
-169310704.0
-1766937472.0
627362112.0
1704006144.0
298581408.0
31827426.0
753285568.0
1952581888.0
-715768320.0
481622336.0
554276288.0
-1130594688.0
1982596992.0
-300531072.0
734866432.0
1696651520.0
-1676875392.0
2066310016.0
-774355840.0
-717294784.0
-584716096.0
-511316992.0
1316663296.0
482455200.0
-1189871488.0
1689529472.0
-2102758528.0
1663859584.0
376767712.0
1985118720.0
277312032.0
-2049312896.0
2106510720.0
-342113568.0
-1458344064.0
459249056.0
1234474624.0
1111461760.0
-770899456.0
1351572480.0
-492271968.0
-145544160.0
195179024.0
2001187328.0
-1517582336.0
-1493007616.0
-133394656.0
1739654656.0
-1310445184.0
-1560083200.0
1650729856.0
-1628304128.0
-280247488.0
1787339136.0
535784704.0
1135196544.0
-1015473472.0
248053216.0
-1267885824.0
476369408.0
-647232832.0
-786100928.0
-537375616.0
619807872.0
-2088261120.0
-1742554496.0
-412164384.0
-575523072.0
-1079607168.0
-1547725696.0
-1996014592.0
-788859328.0
1482717952.0
-196923280.0
-1303698304.0
-596361280.0
791488576.0
-362105248.0
111411704.0
2019073920.0
-1440419584.0
1314727936.0
2050320640.0
-261309328.0
62083148.0
-628878976.0
1073554112.0
-43881700.0
-1470971264.0
1252313600.0
1123732224.0
-1330933760.0
-752724288.0
362310816.0
1331551488.0
2060722560.0
-1133906432.0
1554876544.0
689406784.0
469852768.0
1068454976.0
1426649728.0
-603682944.0
1107273344.0
-848830592.0
335470272.0
1637220864.0
1957358848.0
-334525600.0
-784136576.0
1019983296.0
1613001856.0
-1593165824.0
987473984.0
-1489940096.0
-332015712.0
-2121192064.0
-1792890752.0
-762005312.0
868341440.0
-137714000.0
-690007232.0
-1077160448.0
-1865959296.0
-1541364480.0
-761170112.0
-126376416.0
-478558304.0
828323456.0
-2143885952.0
65637212.0
-1192537088.0
-971695232.0
-1755187072.0
756592832.0
1716601856.0
1037603712.0
-1511513088.0
1089566720.0
1115810048.0
130573632.0
1819877888.0
-1418788224.0
901276416.0
-250748816.0
1166422656.0
-1365022208.0
-1128524800.0
484514464.0
1129205888.0
-1776325120.0
-1214148096.0
-1118472704.0
-1718825984.0
-918941184.0
-1890527232.0
1342286720.0
699575360.0
880085184.0
2017697408.0
167796192.0
-868173248.0
926127680.0
10659268.0
-1896530432.0
-1570465408.0
732602624.0
356685088.0
890370240.0
-1544041984.0
116900280.0
1078081536.0
-2037778560.0
1200214016.0
1355485952.0
1604419712.0
-864361792.0
-195772848.0
-1805107840.0
-1973219072.0
1868198784.0
-830020224.0
-1120221568.0
183312464.0
1830756224.0
1667442176.0
1374895488.0
-1294069632.0
307903232.0
-19114068.0
-2120725120.0
822533824.0
84161440.0
1049887424.0
-696214080.0
1660073856.0
-1550245248.0
-1218619264.0
-141989264.0
-1338817792.0
357402432.0
-276083744.0
-1479843584.0
231464688.0
1085274880.0
-1801453184.0
56755336.0
-1729308416.0
381067328.0
208225664.0
245135920.0
-1184248576.0
577216576.0
-31805260.0
-1528601984.0
1931458688.0
1594790784.0
550134848.0
1288915072.0
-540893696.0
-904833216.0
-607695232.0
-1995272448.0
1735869568.0
-2132043776.0
1099426304.0
-615195840.0
1321054208.0
1128028800.0
311204672.0
163392048.0
1420203392.0
-1024602240.0
-103417784.0
-2092227840.0
-1575019136.0
-563336704.0
1878904832.0
-1203419264.0
1369395456.0
-432622240.0
1642217856.0
-208864816.0
242975472.0
305151200.0
-982506176.0
1750776832.0
931520256.0
-2117881728.0
93407768.0
368248640.0
-163420992.0
-627133120.0
-1087234944.0
1531429888.0
-1002337856.0
-1760552064.0
700489024.0
517549792.0
251889024.0
-172167776.0
-928587392.0
822049728.0
-495921536.0
-1082638464.0
1974953600.0
1201816704.0
130077944.0
-320995200.0
50052460.0
-503620704.0
1248563840.0
1655388416.0
-1593655040.0
-119071064.0
507884448.0
-1219625216.0
644112896.0
1204657152.0
532916672.0
1384500736.0
-838785856.0
-697148032.0
-1283508224.0
-650264768.0
-1739216768.0
-1287675904.0
323320800.0
455029536.0
1296965376.0
-1547441280.0
-874614592.0
1614092800.0
872233216.0
-34161836.0
-789725440.0
1395812096.0
1761851904.0
1214317184.0
1325387008.0
888454720.0
2122423424.0
1071447616.0
1405813888.0
-1363554944.0
-987924224.0
72337096.0
1235122432.0
-1207598336.0
-1078525568.0
-1587031936.0
-417090240.0
-209570304.0
509992000.0
1431630976.0
-738803328.0
1382038912.0
1471266304.0
-1982286464.0
1217046400.0
-1639512064.0
639081472.0
-2056115968.0
1642046848.0
1083734912.0
158693808.0
-1266508928.0
1738938880.0
-1288690176.0
-1067862400.0
88426672.0
-2119039872.0
-455288864.0
570884224.0
1662654976.0
1302472832.0
-844021056.0
1125260032.0
2128503168.0
1363110400.0
-1806724096.0
1226252672.0
895030592.0
860642368.0
-1306283776.0
287117504.0
2026988032.0
-1907339520.0
735476160.0
120060656.0
-886996992.0
-760339904.0
-1640425856.0
-1225623168.0
580320064.0
1961782656.0
439430976.0
1036525056.0
1190238976.0
795601216.0
526071168.0
1293070976.0
1622234880.0
-2101580416.0
48514196.0
22519998.0
-57915420.0
-1516722176.0
1057946752.0
-327563648.0
-1045437440.0
-822946368.0
2136896000.0
699221696.0
947942144.0
-1667434880.0
-1203660928.0
1692243584.0
-1647021824.0
370738752.0
1374475648.0
-471861856.0
872313216.0
-1699166976.0
-1419647872.0
690965248.0
-430092640.0
27785972.0
-317893824.0
-1084605056.0
-1453061504.0
-786574656.0
-637673280.0
16900350.0
-1894133376.0
-1380700288.0
-1665577088.0
2139078400.0
1036865856.0
996681728.0
323002464.0
-639154816.0
-1285151360.0
-1980118272.0
-1371198976.0
484714336.0
878439232.0
409144064.0
-1795411200.0
-720847424.0
-1183211136.0
1209920896.0
-1401395456.0
-1880285056.0
495258560.0
-1401762944.0
1612124544.0
-982630080.0
-1351145856.0
710540416.0
2047472768.0
-1919494144.0
1854168192.0
483277472.0
587598144.0
1398701824.0
-1106758144.0
-798145664.0
131243208.0
332151648.0
-1692893056.0
1190473344.0
326183712.0
-270801920.0
2082466560.0
286230240.0
224831120.0
-768683328.0
1219172096.0
25324448.0
-1317855488.0
1038028224.0
-827301312.0
-1182902016.0
1189739008.0
448896640.0
-222155248.0
-1012056256.0
2125705728.0
-890159872.0
-1876160768.0
1605785728.0
-738087104.0
-1522096384.0
-1597729792.0
140134768.0
503950048.0
-1690929152.0
-1202663808.0
-841882240.0
922547328.0
702714816.0
-4791316.0
2014556032.0
-1388881920.0
-2041505664.0
406269792.0
-955522240.0
-957308224.0
-1197824768.0
-704075328.0
1553530240.0
-1956071552.0
38943720.0
120242992.0
-1769734528.0
-666613632.0
-618456512.0
-1216547840.0
-1434795392.0
1170805376.0
-1776373120.0
-1943268480.0
1918641152.0
1262084352.0
170201712.0
1188497024.0
-1686525568.0
-185185600.0
1845614336.0
-2053898112.0
-381624992.0
-614180992.0
-1337287296.0
-346823392.0
-872859136.0
1163927296.0
1980444288.0
-971677376.0
819125952.0
1204317312.0
1079834752.0
2000266880.0
2012901248.0
-1947705088.0
1034204096.0
-2008450304.0
1751054080.0
467235104.0
980549376.0
-1530567936.0
-1527612160.0
1007344832.0
715868096.0
1974673024.0
376394560.0
251675952.0
953221440.0
1034394112.0
-1996612224.0
-1073772928.0
415031712.0
-822002944.0
667490752.0
1228224640.0
-1287572992.0
-1828143360.0
-448054976.0
-1056313344.0
1665634048.0
8852449.0
-1841816448.0
-1176726912.0
-1197092480.0
1298364416.0
2006036096.0
2072514176.0
-987732544.0
726346624.0
1982942080.0
968083968.0
-644578432.0
1605130880.0
634038016.0
-878115648.0
-1089871616.0
569859584.0
-1532171776.0
-924154240.0
-1453521664.0
1237523840.0
720252736.0
377758048.0
-81720672.0
-686799232.0
955089856.0
-2142987520.0
331552064.0
-961482624.0
-1655981696.0
-1508568064.0
-770921664.0
784822784.0
-1835616640.0
751111616.0
1748766336.0
1868268544.0
1414044032.0
-1249125760.0
-640104128.0
1042241536.0
-139057296.0
-1291367936.0
446733536.0
-1071781696.0
-2004041600.0
-1185125888.0
-1903817984.0
-1649754880.0
1191664128.0
1853649792.0
-1883931392.0
-167164672.0
2028856704.0
566016896.0
-132113000.0
-921447104.0
1189391104.0
-187600096.0
2124471424.0
-1358525440.0
627658880.0
60601396.0
-38441312.0
1889168896.0
119870048.0
2137001472.0
-1349805568.0
284334560.0
-462211712.0
1507560320.0
-1703114240.0
2021827584.0
-1081480704.0
1417411200.0
997429632.0
-833398848.0
685437824.0
-1904459136.0
1174465024.0
-2007225600.0
-1555622016.0
1910799232.0
597171584.0
-1729363712.0
923853184.0
-829854208.0
-1707401216.0
-1683279872.0
2055320320.0
1687573760.0
-1004183168.0
166760048.0
2015744896.0
583768640.0
-933915264.0
40466488.0
-130581856.0
686326656.0
-1759560064.0
2145727616.0
1085938560.0
-62428220.0
-712917184.0
-1648625920.0
1159890944.0
360650944.0
-1699958272.0
1032081472.0
1232662656.0
1625526016.0
-1531500672.0
-1266648448.0
-994357504.0
553311808.0
2081896960.0
-496207200.0
-841855680.0
-565442752.0
-482854720.0
1652881792.0
-955339008.0
401446496.0
-261013888.0
-2001158272.0
1107705216.0
825723008.0
-1656599296.0
817334848.0
2093813376.0
59418020.0
-1185194496.0
348413568.0
359178208.0
-426206080.0
-1985335808.0
1729759104.0
-1789988992.0
749695872.0
1778956800.0
-1406614016.0
1132344576.0
-377833472.0
1317373.125
-1805108224.0
274374272.0
-2066018176.0
-532179328.0
906879616.0
-1412240896.0
-1342138240.0
-291113760.0
524265664.0
227502144.0
-1701467392.0
-1694769280.0
-1764572672.0
1142427392.0
2134946176.0
1330379776.0
-2086482944.0
-690801856.0
-2071248896.0
-1118074880.0
1552984064.0
1437685504.0
422108960.0
1471775104.0
1382529664.0
1722112128.0
-1282577664.0
1241224960.0
235055168.0
1050187264.0
-2133244032.0
1842568448.0
-1950041856.0
-18947236.0
555670848.0
756660544.0
-2132418688.0
-1633442432.0
-1264778240.0
1139928576.0
1265607808.0
-565699328.0
91915848.0
-1580111616.0
488072832.0
1525990656.0
-625775872.0
-1717543040.0
1644957056.0
501225600.0
-1413961216.0
755662848.0
-772289344.0
-2146879872.0
811570816.0
1046443328.0
1357553408.0
-525744128.0
909622144.0
1720313088.0
2028189952.0
379534400.0
151182576.0
415978880.0
-1042133376.0
-688739328.0
1897737984.0
-1015054016.0
1387691136.0
1363454720.0
611113024.0
1511288704.0
-1631706240.0
-589143744.0
-1611557376.0
714110784.0
291300288.0
-1309356928.0
1112078464.0
-1661386624.0
270294208.0
1817875840.0
1861511936.0
1638968704.0
-28045732.0
-293001760.0
-75823256.0
-1737701120.0
2017512960.0
-252581872.0
-2057459712.0
-1145185792.0
-712791936.0
284419904.0
-317174368.0
86513304.0
339570016.0
-1240235520.0
-1884934912.0
-653431744.0
-1397862400.0
1067086208.0
-1247370240.0
33279856.0
-1217200768.0
-1904428928.0
-306421184.0
-1827813248.0
-1580770304.0
-1299361664.0
2007773312.0
-1705048576.0
-505887200.0
1563341056.0
-556853824.0
1609914496.0
-1335949952.0
171060112.0
-1148991232.0
1605826688.0
-392940096.0
367416768.0
-718491584.0
-590322176.0
-297609088.0
638274240.0
752827264.0
-1751964032.0
1070295680.0
538844352.0
1721140224.0
-414840960.0
1786453120.0
-1283730176.0
1760136192.0
-1226472448.0
-431127296.0
203765920.0
1673805056.0
1329102464.0
-676089344.0
-603636032.0
-843370880.0
1539378944.0
360557088.0
-1018602752.0
-2095923328.0
2077359744.0
1131824384.0
-603334144.0
-515400640.0
-207458704.0
924466944.0
-1206494208.0
-57047528.0
-1884841600.0
430289952.0
-1789581312.0
423041920.0
38302164.0
1394313216.0
-1378959616.0
-977586816.0
617873472.0
-507762944.0
-991548800.0
856298112.0
-2048960384.0
-1751800704.0
-64766352.0
-800687040.0
-1649649408.0
577320000.0
-332789280.0
140338176.0
593558016.0
1843753472.0
-723229248.0
1420641408.0
1997110400.0
-763244736.0
1402846464.0
-2094752768.0
-1327758848.0
-2117836800.0
1573116032.0
-1065836864.0
-1502320512.0
1403653120.0
386853312.0
1365248512.0
1971370496.0
-991626368.0
-1509416576.0
542147840.0
2002347136.0
-1105845632.0
1527341568.0
1632283136.0
-1665192320.0
916349248.0
-671517120.0
-1224480256.0
-530471552.0
116144256.0
1874663552.0
-425306304.0
-1534397184.0
-1264538752.0
-2098216832.0
-1446991744.0
-617365632.0
-1634368384.0
774650688.0
-1658071936.0
-31658200.0
146712048.0
927559616.0
81149632.0
593531456.0
-303034880.0
-1631810944.0
-995184896.0
-488369024.0
954406656.0
-905816384.0
-1740935680.0
746060736.0
-1515102976.0
1604341632.0
654338944.0
-550172992.0
453330304.0
-440146784.0
1517185664.0
1406616704.0
1889313664.0
-1505320576.0
1536895360.0
-2031518720.0
214129760.0
-1710108672.0
-546076672.0
-1453317888.0
-2122654848.0
2011712896.0
149593568.0
-1327184768.0
-574436928.0
1859534592.0
-263896960.0
794906752.0
-659394944.0
-994915840.0
1185664640.0
-181181824.0
-1754419712.0
-1433145728.0
418159392.0
-7157221.0
632695808.0
-59704644.0
1898061312.0
529975520.0
-1555017472.0
-736346048.0
840697088.0
1981652480.0
-1508478464.0
-1885126912.0
-2033758848.0
1746281856.0
-1808037632.0
2000903168.0
1922317568.0
-262388944.0
-908411008.0
-680318976.0
1975227648.0
1070195456.0
739578368.0
-794637696.0
-1213096064.0
-13981835.0
-1280961024.0
-884486016.0
187743104.0
-1371941504.0
1134110720.0
489012832.0
-47746536.0
486858976.0
25168750.0
687002688.0
852879104.0
-883388864.0
1222109184.0
460117088.0
1150027904.0
1263592448.0
-1873444992.0
1414491392.0
-1725168000.0
-1138824448.0
-2015290752.0
-1624107136.0
-526394176.0
-29305000.0
1222703744.0
1187767936.0
1856275328.0
-512028576.0
-1605112576.0
947232768.0
-1877917824.0
523502112.0
-1861856128.0
59565712.0
-971118336.0
500612960.0
-136693120.0
1492003456.0
-1823460864.0
993686528.0
-1328174208.0
401045760.0
1054402240.0
1751392256.0
13088668.0
-728817664.0
-2037721344.0
1948752384.0
1806985856.0
-77265448.0
865201536.0
-2089542272.0
-1158447872.0
-688601152.0
1839840000.0
-1720019840.0
-317867744.0
266373024.0
-1494905344.0
455528032.0
1446882944.0
1795665408.0
239310256.0
-1702431616.0
-2129216256.0
8929207.0
-1794331136.0
1821655040.0
1703503616.0
812835392.0
-318283232.0
-1276907904.0
-1700372096.0
-605049664.0
-1314736512.0
1252081280.0
-1334495872.0
-1337351552.0
1200579072.0
412545696.0
1206275840.0
-1407082880.0
-770730816.0
1139317888.0
152986768.0
-1350498944.0
-1212660992.0
-367438656.0
1082195072.0
-1931641984.0
517530336.0
-1995005440.0
576644160.0
1054213376.0
-1752717184.0
-266896928.0
-1438688384.0
-738026560.0
-1509151744.0
386862144.0
-698478592.0
1601187968.0
-101322440.0
27050702.0
1611701376.0
1971538304.0
-570953984.0
131812800.0
-707266112.0
-1260319744.0
491177216.0
1082135424.0
-79273192.0
1816802304.0
-1818721280.0
-1299540992.0
875947776.0
-152067504.0
1888555136.0
1464765696.0
-1297143040.0
765179328.0
1010640192.0
-1858969344.0
1197377152.0
821444992.0
1243369472.0
1668428288.0
-1986721536.0
-1151433984.0
832410368.0
-488054752.0
-1696927872.0
1630109312.0
-364840480.0
997670912.0
-1923279744.0
1805826176.0
-1757982720.0
-650817664.0
1370671104.0
1819308672.0
1567658624.0
-1004357184.0
890007808.0
-36536628.0
-1344496768.0
462911136.0
1268957952.0
1684444928.0
169069424.0
-1780178304.0
-1968052096.0
-148361024.0
53836852.0
1327474176.0
-427594304.0
2063940736.0
-1643853184.0
707643072.0
-1472623488.0
1203759232.0
948215168.0
768915136.0
1952271744.0
361239776.0
-6918562.0
-2107581312.0
4663857.5
1137377920.0
-1368954880.0
-542630464.0
-775812160.0
964275392.0
-145563632.0
1843006592.0
222825760.0
2109196160.0
427183424.0
878783744.0
58805340.0
775364864.0
1483721984.0
-1266366080.0
1221913088.0
-1348080256.0
1845833344.0
-493760480.0
127092640.0
-1006706112.0
1019750720.0
1248171136.0
-1706585856.0
269179232.0
-1260104576.0
1902809856.0
1654308224.0
823583488.0
639974016.0
648611392.0
688616320.0
-677118400.0
1657729152.0
-1757126912.0
-413540128.0
-87584136.0
-633977344.0
280641152.0
-357008608.0
1789549312.0
-485648896.0
1781879040.0
1311993728.0
-1441107968.0
1159378560.0
112426648.0
-1508819328.0
-1979099136.0
-346449344.0
-1876285056.0
676429440.0
26589056.0
-89727808.0
-1565568512.0
1374488576.0
-90945592.0
-1024041920.0
-2137974912.0
-1941063680.0
-878684736.0
328576512.0
1197999360.0
1125518720.0
754477952.0
1252707456.0
1802306432.0
1419580032.0
-304361536.0
1389054336.0
-406722080.0
969715072.0
-1543913984.0
-747827520.0
-1313352320.0
980712384.0
1105518720.0
648070144.0
1860925312.0
242109024.0
675268288.0
1507845248.0
-117178944.0
-1454164352.0
-1306363776.0
-66051212.0
1634333184.0
79688296.0
-2060121984.0
-1789678976.0
-1721741440.0
-1682024832.0
397395296.0
1216683008.0
14641905.0
-733162048.0
1768764544.0
1820019584.0
-764703616.0
-2116098304.0
-1540609792.0
-856185152.0
2105391616.0
990872832.0
1474442240.0
-1836973824.0
1470248704.0
-107098304.0
-103130440.0
1825878016.0
-798808192.0
-692012544.0
-1461610368.0
1424930176.0
-880270592.0
-1792343552.0
683800448.0
774620864.0
89409504.0
1204340992.0
646656832.0
491054048.0
-94313640.0
-180610864.0
37091716.0
29736710.0
-1639251200.0
787017216.0
1232093312.0
-1558068480.0
-1539619456.0
1430089600.0
-1012373568.0
2118912512.0
96603048.0
2029025280.0
-1177584128.0
789165504.0
1890978688.0
-1317217536.0
-1434043392.0
-1390368768.0
1670902528.0
60728052.0
-1048602496.0
-1956460032.0
1083493632.0
-1520056448.0
-731124992.0
-1528959104.0
231479296.0
-2136507008.0
-909848768.0
-596855168.0
1168069376.0
247495600.0
1988802944.0
1269618560.0
-1237529344.0
893848512.0
-986199808.0
-1330140416.0
-1617859584.0
-1002021248.0
797924992.0
-1621647360.0
-2071555200.0
-725411392.0
-86583096.0
2134315520.0
-1727972736.0
-233440528.0
787397440.0
-2072385408.0
1335052160.0
-2091312128.0
-1170830464.0
499711904.0
-202614352.0
-1851138432.0
541362240.0
96283552.0
1839611648.0
941759424.0
863674688.0
-1864898816.0
1052328064.0
1669524224.0
-1766688512.0
1107273600.0
-1505124736.0
1014343104.0
-134555760.0
1215991552.0
1828408704.0
2054389120.0
265431456.0
-1257652992.0
1057747776.0
-1658412672.0
-1680231680.0
-14222695.0
-1097685376.0
-89975456.0
1150781184.0
-1712610048.0
-1831075456.0
1268018560.0
-62703776.0
37825296.0
1684074368.0
543852160.0
1277943808.0
1885204480.0
-459132192.0
-992445952.0
-54296372.0
-685858688.0
1512649216.0
-1759912704.0
-1042050624.0
-1856775168.0
-2081104768.0
1866322560.0
-1694395008.0
-1787231360.0
-226416352.0
-110244248.0
-590340864.0
1366122240.0
813685888.0
841101504.0
872194560.0
-579753728.0
-840635520.0
-2059216768.0
-1452969472.0
-650123904.0
-625279104.0
1384552704.0
-1137290624.0
-646969664.0
-1010430272.0
-1045319616.0
73195216.0
-1659891968.0
1606856192.0
1703148416.0
-355796000.0
47617104.0
290566112.0
1787542272.0
-1207729792.0
-1046669568.0
-281175424.0
4519347.0
-184754992.0
-1209721344.0
1408028928.0
2130716032.0
145808224.0
-1976668288.0
-1558936192.0
1155110144.0
-273948672.0
392013792.0
-317511200.0
-1422277632.0
-966245952.0
-1035226688.0
-2041308416.0
319868640.0
496175552.0
-2083196288.0
502871424.0
1779323904.0
-1306684928.0
-552378816.0
-1042969920.0
290137216.0
720496832.0
2033903744.0
-484879840.0
1099419904.0
-1398356992.0
-1950055680.0
2059014400.0
-1055407808.0
1113933696.0
-276832288.0
1775327616.0
-1139404672.0
-1048818816.0
-1442205824.0
-583805824.0
-347782944.0
1802312704.0
910940352.0
-927116032.0
1680671232.0
853134400.0
-698015808.0
1865268736.0
1981798784.0
1373532032.0
-837032192.0
1120156800.0
-1820150272.0
-548614080.0
-1860342144.0
1605728512.0
1500825600.0
-1084378752.0
211579552.0
-897353216.0
-409332160.0
305506208.0
-1158667776.0
1168178432.0
618691328.0
-693761792.0
-1170240384.0
1866950400.0
2016738944.0
555286080.0
355392000.0
2015392384.0
-49077340.0
667147520.0
566344320.0
1835312256.0
-1291881600.0
1410071424.0
181167744.0
1100473088.0
-2080011776.0
-1456876288.0
388585760.0
-513204288.0
-1999423616.0
388491296.0
1127563776.0
1744712704.0
987362688.0
-491668320.0
-1192196096.0
-372755456.0
-130822176.0
-390014432.0
1295862656.0
-1192515968.0
-1473369728.0
2071319296.0
-1792566912.0
225226832.0
-483964224.0
-1051975232.0
1214214528.0
1744478336.0
-754807936.0
1681905536.0
385229600.0
1621532544.0
-1567792000.0
691838720.0
-511298048.0
-1775643392.0
178344848.0
241054448.0
364589952.0
-724607808.0
-1751410688.0
788159168.0
-284139776.0
525623744.0
1290428416.0
-29754308.0
2130550912.0
2051030272.0
-846971136.0
21168090.0
-187607552.0
-973685504.0
-1804132864.0
675931072.0
-384275904.0
375696736.0
1678258432.0
1469959424.0
-1570893824.0
329228960.0
1446722176.0
-1800755200.0
-1522624000.0
1875524480.0
1453715072.0
2071368448.0
11086090.0
1295325696.0
1590341120.0
213620800.0
1846725504.0
643775168.0
-932894976.0
-413362688.0
-1029661056.0
-328945216.0
1489698304.0
1266772608.0
210139440.0
318559232.0
-1290376192.0
-461502912.0
677861184.0
-687292992.0
-2048529024.0
-1381324800.0
-1311234304.0
-1351078016.0
-412249888.0
251715520.0
1234032256.0
746109760.0
760747200.0
-261811552.0
-2086286080.0
565346176.0
-552772800.0
557244992.0
621863232.0
839069888.0
949484224.0
1596999808.0
2045201664.0
-1824718848.0
-1537819776.0
-1277306112.0
-1854523776.0
1749900544.0
-1396283520.0
-569581568.0
-622692608.0
1283798912.0
1364161536.0
1669398784.0
-2015223808.0
5391809.5
-968882496.0
1957381120.0
1960970752.0
-1801832576.0
1850213504.0
135826464.0
265137456.0
1855529600.0
-1101796096.0
480143360.0
997811584.0
1576627968.0
1867488768.0
753048384.0
650115392.0
1105607552.0
-1475179520.0
1651925888.0
-980643520.0
-321794464.0
1272269056.0
-672146432.0
970543296.0
1747866496.0
-501825824.0
1289678336.0
-644750528.0
-984838464.0
1677526400.0
-733179392.0
-604310336.0
-1121075200.0
-1341084544.0
-704551680.0
64189952.0
582704320.0
27417038.0
-92809992.0
1339563392.0
145236688.0
-1759133056.0
996766080.0
1950139136.0
-1075944704.0
-1928429184.0
1288644480.0
-1888767104.0
1195268992.0
-674706688.0
-1918706176.0
-790294272.0
-481227008.0
-773332032.0
863416448.0
422152064.0
277812000.0
-775057856.0
1604524544.0
138539136.0
1198962816.0
1974407936.0
992084864.0
-1828966400.0
-1262825344.0
1134106624.0
1344379008.0
-1536533120.0
-1611830400.0
1548598528.0
-261165744.0
-338485888.0
-1572570880.0
-686078848.0
757721344.0
1570877312.0
1161835264.0
593686080.0
1666303872.0
1398768896.0
1183205760.0
-1451194624.0
-1614159744.0
-613955968.0
2005549056.0
539925312.0
1297424256.0
1953141120.0
-1986403968.0
1781978496.0
1954395136.0
1720033152.0
1969951360.0
77372424.0
-532870080.0
-1767015296.0
311903136.0
952548800.0
1122839936.0
1871827456.0
-1065950080.0
1989243136.0
-1028840960.0
739683456.0
1702243968.0
-152001408.0
-1622219136.0
1681505536.0
1593608704.0
431113664.0
-1040615104.0
-2044730112.0
1112336896.0
780332992.0
400072480.0
-1681142400.0
-1817564160.0
316733184.0
-344272544.0
1780431360.0
-649252032.0
-1237559808.0
-1812604800.0
440258208.0
-630970176.0
1430907648.0
-320402016.0
309341824.0
-114434904.0
-1830032256.0
-1000363136.0
-1343659520.0
768078208.0
670976576.0
-1447768320.0
-1864131840.0
2036185856.0
745388736.0
-349622816.0
1703054208.0
1796660736.0
585521984.0
-90344056.0
-1974653952.0
1837096704.0
676292736.0
-2035695744.0
-841737472.0
-1677604864.0
419653888.0
-1764102528.0
-638555008.0
-71499728.0
-1286226560.0
-1491799552.0
-1350909696.0
1154692224.0
-100168328.0
1240940672.0
-1246041216.0
695182656.0
-229210896.0
-1529718400.0
97790592.0
656554688.0
766915584.0
286124480.0
-681627264.0
-282139168.0
104856448.0
1950570112.0
-893834624.0
89043520.0
1500617216.0
1365571712.0
861870912.0
-1707424000.0
-629590848.0
2085436288.0
257378512.0
-250456736.0
-1791491072.0
-266729040.0
1532618880.0
35521984.0
-980453440.0
1086746752.0
-139740160.0
-1085961600.0
916877312.0
1953828096.0
390784352.0
697298624.0
337827040.0
585372352.0
-632628352.0
1390821376.0
-1579660032.0
960451520.0
615235520.0
-566629312.0
2120435584.0
1048088896.0
1598669696.0
826097152.0
990843264.0
-381641472.0
6677800.0
1457643904.0
1210980864.0
1718457600.0
1955281024.0
-1897663616.0
1040317760.0
1700546048.0
-1278141440.0
1790369280.0
-583968576.0
1965913344.0
-1240701696.0
1497568512.0
1644818816.0
-1596552576.0
1957804544.0
1108524032.0
388423456.0
1907478272.0
495096608.0
1852209536.0
1134753792.0
-1346236544.0
-1657659008.0
1202920448.0
876465536.0
-1404859136.0
163003504.0
1393489664.0
242377904.0
1820231680.0
-1944252544.0
632406016.0
650141632.0
-1205553024.0
-126988832.0
1460265984.0
507136928.0
1908685696.0
954211712.0
-1503984640.0
-597085888.0
-448399200.0
2073928192.0
-908464448.0
-496834784.0
1943790976.0
1781149312.0
-1358202240.0
637113792.0
1318715008.0
788193536.0
707891520.0
525257056.0
-2054795520.0
-1605532928.0
1391435776.0
167406448.0
-1993073408.0
-1818635136.0
-1028909056.0
-764300608.0
345720288.0
-758317696.0
-218963456.0
71858824.0
988863168.0
-1729297152.0
881037760.0
1625894528.0
875274112.0
-773114688.0
1402269952.0
-98182304.0
917586688.0
1105878912.0
499929248.0
-2000866944.0
-770723200.0
-1265137920.0
242381440.0
1193864320.0
-592901056.0
236991088.0
-1454982144.0
-1036610944.0
711345856.0
-655563840.0
-776406528.0
-30490844.0
597987648.0
-1124017536.0
877405376.0
-1912279680.0
-526686976.0
-2111323392.0
-574309568.0
-449759488.0
1993112960.0
1212203776.0
320021984.0
-1960713856.0
169732848.0
-657068800.0
-1104518912.0
-1125422976.0
1949448320.0
-157486704.0
737044288.0
-1076719232.0
931018368.0
176366608.0
2020177920.0
-1207358464.0
520091936.0
1243932288.0
-1607881984.0
-765364864.0
157640944.0
849139200.0
387067072.0
1230531968.0
-856511616.0
1487842304.0
-1927072384.0
-194164704.0
-874075008.0
920006272.0
1252611328.0
-668154496.0
1058960704.0
781299712.0
-34939680.0
171135312.0
-958635008.0
920762432.0
-1748661120.0
22679356.0
-1233631872.0
-1514555776.0
1479937280.0
1480202112.0
-1547577856.0
1687721344.0
1451947776.0
-1465926400.0
260754080.0
2003385088.0
1281204480.0
-1887953408.0
243910320.0
-503063744.0
-361252192.0
-2104466304.0
1882166912.0
-1899884160.0
-1894747648.0
1368809088.0
200406320.0
1558625152.0
2061776000.0
2002708992.0
-740749312.0
1943931520.0
-1530586240.0
-15047827.0
368476896.0
200596176.0
2030194432.0
-1546382208.0
48030452.0
-1545869696.0
-1619975680.0
-1889150464.0
1449689472.0
1114926464.0
170163792.0
1063849408.0
96126048.0
756763200.0
-1885441280.0
-1799784192.0
1646756736.0
-1993880192.0
-1339128320.0
-548526528.0
-1235810048.0
700468288.0
-956419328.0
-835482624.0
-847421632.0
-415161088.0
-1639538944.0
562187584.0
-1138542336.0
-1795636096.0
-1744154496.0
1470064128.0
1027068672.0
291849504.0
966210048.0
1707786496.0
1228805376.0
272170336.0
1530737024.0
-1708851200.0
-570811904.0
1820512896.0
521295136.0
-1378849536.0
-1672423936.0
-72955760.0
1035837888.0
2062611584.0
-1026538240.0
-916946880.0
895582784.0
-1579204608.0
429066976.0
2044444160.0
-1728247936.0
1015179968.0
938724672.0
-548017344.0
9675919.0
953830848.0
675621056.0
-1367572608.0
-224022480.0
-1378543872.0
-1857350144.0
1466673408.0
45894752.0
-986984000.0
-1757617152.0
443406208.0
-1758382848.0
-1234680448.0
814004352.0
-2024259712.0
1436950016.0
1115207680.0
-164070352.0
-1626454016.0
-1085824512.0
414219712.0
174786832.0
-663833984.0
-814511104.0
-1322748416.0
2110223616.0
-814045440.0
-256156624.0
-323952576.0
-475939296.0
1083930112.0
416992672.0
448502784.0
673961152.0
-1864257920.0
1100614656.0
766215616.0
1613568000.0
1128371200.0
1212369280.0
162193744.0
-1202300160.0
-926580032.0
1758876032.0
237117600.0
598259136.0
664514048.0
-1156915968.0
-1146532608.0
2082969728.0
1962367488.0
-1768668544.0
50516352.0
-1919102848.0
-953648960.0
-135195584.0
1675089536.0
859858432.0
1041298816.0
-506455040.0
1268077696.0
-334211520.0
-687018176.0
-1519833216.0
939872768.0
243675680.0
-373970176.0
1165820160.0
-632562688.0
-2103580160.0
574218240.0
-343484640.0
630285952.0
-572009728.0
1769577344.0
-1674263040.0
865218560.0
-221617792.0
-17834330.0
1918909056.0
1554726656.0
-64091696.0
-939949312.0
-2038181248.0
-726073792.0
-233562688.0
865000512.0
527698368.0
-1950609024.0
2056365184.0
1367973376.0
-365785472.0
1966861440.0
512745696.0
-1612284160.0
-1664058880.0
-1495235712.0
-843662656.0
1917873408.0
1644909824.0
325757792.0
1634845312.0
-250890224.0
-1818492800.0
-698357312.0
-1337165568.0
-1234597120.0
-1468189056.0
-1576979456.0
414633216.0
1265502592.0
2040489088.0
-172683808.0
1497527424.0
-1831040896.0
1161051008.0
-563243200.0
-600597504.0
1999100416.0
-780013696.0
-1498452096.0
-547990656.0
123960696.0
-244687344.0
1775990528.0
904128512.0
181020624.0
-1906357376.0
1518218496.0
-1906320000.0
-1529347584.0
-940667776.0
1088572800.0
-580759808.0
32937762.0
1297849216.0
1905667328.0
-114952232.0
-1723247360.0
-766410368.0
176134400.0
442864992.0
452565120.0
-1528342400.0
-854200896.0
-1304114560.0
-1163262080.0
639732480.0
-283844928.0
2014792704.0
1140232320.0
1977617024.0
930091392.0
-286205568.0
-1763044352.0
-44484208.0
-1237583104.0
-2027207936.0
-798572352.0
1134442368.0
387010176.0
446675264.0
1276559232.0
1012632640.0
1044783104.0
-2129375488.0
-1962270208.0
941689152.0
-848171136.0
1277062656.0
-148840256.0
-967175232.0
-1179474560.0
500185376.0
924438016.0
1422088064.0
754945920.0
1288743552.0
-514849120.0
2056617088.0
-1634331520.0
-1969247104.0
214009904.0
1659471232.0
1168619648.0
984595200.0
1278815616.0
2056150400.0
-979184192.0
1865124864.0
-1779161984.0
-1035204096.0
1908012288.0
-328882240.0
-2118429568.0
-902875136.0
-701195200.0
-1277724928.0
-1754791808.0
808178432.0
-1644680192.0
-313921472.0
1855350400.0
-1738046848.0
350059296.0
-742170496.0
1312683264.0
-662755968.0
-1516436352.0
-54030968.0
1093984640.0
1167018368.0
-1477772032.0
1570222848.0
-542532864.0
-1271583104.0
688588032.0
-762874496.0
-1105652992.0
-1595533184.0
648587648.0
-2140702464.0
-1952172416.0
-1794129920.0
-1953858304.0
-678729600.0
-1064805184.0
-904857024.0
1406126848.0
1555924992.0
1375882624.0
-756976576.0
-1715465088.0
-1596265984.0
1488393984.0
-1230164736.0
282351616.0
-1983307904.0
155865840.0
-2085656960.0
2146934016.0
-1706745216.0
593364480.0
-941873088.0
1391126144.0
288922144.0
-1057544384.0
-444399680.0
179080656.0
1203059456.0
-591678592.0
1556700672.0
1028940288.0
-658557440.0
-1026900992.0
610293312.0
1316447360.0
2135964032.0
-663164608.0
1331084928.0
667139200.0
1635076096.0
1078448768.0
347638528.0
18426730.0
2045994624.0
-178264464.0
-1318781184.0
-287053664.0
-108188624.0
-1541210496.0
-1790738688.0
-1249809664.0
310132992.0
182431280.0
149947232.0
1212275840.0
-59042880.0
174414928.0
76833824.0
-2118631808.0
-1381130752.0
1080911744.0
-722367232.0
-1991682944.0
157149872.0
-1573546240.0
-1269724032.0
1885861760.0
1926882688.0
128695088.0
-1054493696.0
-487023264.0
-1981413120.0
-354554336.0
-417220992.0
-928431168.0
270905408.0
1907576960.0
1446390784.0
-643562048.0
236659504.0
-130176168.0
669209408.0
-1329035904.0
-1151143296.0
-779907328.0
307827776.0
-619436672.0
219325456.0
2007689472.0
-1014780800.0
-1328121344.0
2109038848.0
2052706688.0
-996073024.0
1780968320.0
991741440.0
-2000246912.0
-1662636544.0
-874008768.0
302107264.0
1065494400.0
-138650976.0
-143652464.0
1387436928.0
1906015872.0
578361152.0
269114720.0
1396419200.0
-317623712.0
1696962432.0
-848855488.0
710177536.0
822077952.0
-1753841792.0
-50718380.0
605592896.0
-461069152.0
1152531840.0
-104077032.0
981968128.0
2115599488.0
-245156880.0
1090341504.0
-905617600.0
1550899456.0
1784949760.0
-519580640.0
544593152.0
1473875072.0
-266395344.0
1317364480.0
81044608.0
-311934240.0
676231680.0
571442688.0
2010949376.0
-1463734272.0
-631627968.0
1370158592.0
-755090816.0
-1162258432.0
-503743776.0
-1799742336.0
2029022976.0
-1142691456.0
-926946176.0
-1836719872.0
-1500858496.0
-174929872.0
-505138720.0
-251945328.0
1144472064.0
295998848.0
-1557721216.0
-423397600.0
-993291200.0
-840936896.0
-279825184.0
1608609280.0
121821592.0
-1147059712.0
-538573376.0
216490288.0
-887458240.0
-1650292608.0
-1805573120.0
-722397120.0
1228938112.0
-1004333568.0
1640058880.0
-972364352.0
-1168013824.0
1927628800.0
938827456.0
-411402560.0
-529825216.0
1618592128.0
-1435424640.0
315720960.0
-1876741888.0
525433280.0
-1635363712.0
-1248835968.0
1498636800.0
1837471744.0
-1753102848.0
-1968609792.0
-211738512.0
1342016000.0
1901747968.0
-583534464.0
1637796736.0
-223311856.0
2031509504.0
945684160.0
747549568.0
-892482240.0
195874528.0
1928289024.0
1744895872.0
-1929118848.0
1534691968.0
-536700064.0
1502738432.0
-837578624.0
1073716288.0
2090426496.0
-1551347712.0
956145280.0
21985840.0
-622559168.0
561012736.0
2029101824.0
76772880.0
-1589307392.0
-242807344.0
-2056112768.0
107696232.0
-1043140992.0
877217984.0
1059480896.0
-1874227328.0
1968582912.0
-1587768576.0
1377592192.0
-1768577792.0
-619116032.0
-1709483776.0
-1877765248.0
1493872640.0
-510697280.0
-1482758144.0
511603424.0
-1143970944.0
-1816058496.0
1198371456.0
-997300544.0
-1471889920.0
511713216.0
-477328160.0
-314128480.0
-1681153664.0
394414464.0
2091538432.0
1499555968.0
147786496.0
-1800905984.0
-495802816.0
854747840.0
-2077007232.0
-86934744.0
1571691008.0
-491832768.0
876216896.0
1256966912.0
-1895512960.0
381160512.0
-2062802560.0
1908411648.0
121636008.0
-709719872.0
-1380401408.0
1489791360.0
81802792.0
-1707524352.0
-1700153472.0
733585600.0
-38920924.0
319118368.0
24780360.0
2032350592.0
-91956608.0
-344565600.0
343990176.0
-1879015552.0
-1068970112.0
-1663866240.0
2073600128.0
2030386816.0
93160768.0
-145676464.0
731383168.0
546861824.0
837103680.0
-1361109760.0
-845493824.0
-99266840.0
-2065054848.0
-2067118336.0
-105884224.0
1443667840.0
1213137024.0
1644529024.0
1409302272.0
-1808085120.0
457955040.0
-1407451264.0
-886269440.0
1491536512.0
-2100994304.0
1997130112.0
-139539168.0
2044679040.0
152224016.0
220690928.0
-601555200.0
-1334406016.0
147747744.0
-1458955520.0
-1745920256.0
-700784128.0
865623424.0
-707720704.0
-1705660032.0
1356313856.0
-1764676864.0
-80022464.0
-1347804160.0
-897502208.0
1827404800.0
-1595749632.0
-245221744.0
-854048000.0
246763568.0
-1806562432.0
522503936.0
-1642455424.0
-268960896.0
859931584.0
-307720224.0
1763125376.0
118701200.0
-411124736.0
-1990791680.0
1731725952.0
-1106158464.0
-1947371648.0
1805023488.0
-350958848.0
1072791232.0
-2040299648.0
1220735360.0
745355584.0
912947776.0
1904376576.0
-1673715456.0
1785648640.0
-1136314752.0
1035293376.0
-1020060416.0
638863872.0
-769428288.0
10401915.0
-2103616128.0
740522240.0
792121344.0
1770046080.0
1704881792.0
655283392.0
-424464160.0
-211354848.0
1528011648.0
1540782592.0
93310296.0
-1703638784.0
203021488.0
1371456768.0
-2095655296.0
-1246345472.0
1567716480.0
136409600.0
-1537571072.0
-881444096.0
-906255808.0
1152951936.0
157611952.0
2068137472.0
-1024919040.0
-986386368.0
766714240.0
-798243392.0
-1940900352.0
-1095737600.0
2036239232.0
1555859712.0
-1841127552.0
1765341440.0
-621157696.0
-71815824.0
-59476400.0
-1564053632.0
-893225280.0
189687200.0
-48460108.0
1868780672.0
919641856.0
1234345088.0
-1069617472.0
-721355072.0
-1240921088.0
662482624.0
-822120640.0
-1899784064.0
388617280.0
513912448.0
-1156534016.0
564976192.0
-1593311360.0
2116592384.0
1020005824.0
1466407168.0
-1485029120.0
967860608.0
-651118720.0
-208026560.0
-1470339456.0
2085260928.0
-433402496.0
-1676385792.0
-314270720.0
205765824.0
-263284144.0
-2128804736.0
391595072.0
-976088064.0
1548180096.0
1384986880.0
-778102208.0
-1873153152.0
930455040.0
-214321488.0
752236736.0
-1339321728.0
-1961695872.0
260937440.0
-1857567616.0
2094097664.0
403997152.0
533981408.0
1482228224.0
403700384.0
848170816.0
-605927808.0
322941984.0
-1766543488.0
208144784.0
-1945812736.0
1216299520.0
229067344.0
-805052544.0
-1445056896.0
-2038130688.0
-799922304.0
989155264.0
-1130810624.0
1810391936.0
-1561342848.0
-73235096.0
1904515712.0
-62344604.0
2106460672.0
-1944130176.0
-1958375168.0
703822720.0
-73715736.0
-1855348608.0
906832320.0
-1597234560.0
1631440896.0
321517184.0
-305592224.0
219155696.0
879704768.0
1463476480.0
660073408.0
-1139430016.0
1140143744.0
1471791104.0
1407864960.0
18625226.0
-221626432.0
1423101184.0
-111206800.0
965599872.0
117701488.0
-1211677568.0
-145443728.0
-1883722112.0
-2144584192.0
1024276160.0
2104167680.0
1330936576.0
548022656.0
-782700416.0
-1319933568.0
-105012440.0
-886620992.0
-1255719168.0
203539408.0
1567055872.0
-285004736.0
1891843456.0
-658457792.0
-366834816.0
685174656.0
379405216.0
-1776850048.0
1792899200.0
829643136.0
-3128185.75
-53003332.0
763228416.0
-460171488.0
434465472.0
2078111488.0
1494359296.0
-775908736.0
-705749120.0
-599505536.0
-1465745024.0
-1484230016.0
302922016.0
-343492096.0
163447280.0
-526149888.0
1938736512.0
-688015040.0
-665690112.0
627352576.0
-44880468.0
731787712.0
-1866247936.0
362426880.0
1302869888.0
164049296.0
1776716672.0
-1940035712.0
707909504.0
1601679488.0
1818240896.0
-1621490944.0
1874985856.0
-191242672.0
-1695481344.0
-342285152.0
-651945472.0
-355000128.0
1247917056.0
-2080844672.0
1244284672.0
218749712.0
-190843376.0
893783552.0
-262665776.0
465745216.0
770920448.0
252946864.0
511775040.0
330560192.0
-487273312.0
2132333440.0
1188140416.0
1569819904.0
-905012224.0
1797344000.0
755938368.0
-359557152.0
-835262144.0
1769045632.0
1214563584.0
743898624.0
1239959680.0
-1139497216.0
1994930432.0
2060127744.0
1552820096.0
-1311107456.0
1659693312.0
606255424.0
1041248576.0
-350988960.0
1643556736.0
-2024994432.0
-389839488.0
-1524026880.0
-1574168576.0
735392128.0
1437375360.0
-1605140864.0
-941298112.0
-1444150016.0
-1125102592.0
-1149575040.0
-429877216.0
-1927486976.0
-235366576.0
-481423200.0
-145183392.0
-1945041152.0
1936166784.0
-1612440576.0
1241561472.0
-982915008.0
-1953108864.0
1726709632.0
-2122522496.0
-333998080.0
-524246048.0
-515547008.0
-1888641920.0
1110669312.0
2023071744.0
1447457408.0
-1046844352.0
367322176.0
-1137195520.0
355815552.0
506257088.0
-1396376576.0
341897248.0
-1817049984.0
1198269568.0
260328704.0
-689261120.0
573634432.0
-1092879872.0
-1549610496.0
778822656.0
422606496.0
1362298368.0
-1337664384.0
1995665920.0
1152276864.0
1581063040.0
-1651620736.0
-1465627648.0
-1259969408.0
211047376.0
907539840.0
1062691904.0
1162776832.0
-1291442304.0
-1012271232.0
-1329546368.0
-721070272.0
163082784.0
-1146962176.0
-1943485184.0
-2048973184.0
318492864.0
-2036877696.0
1343609216.0
460065024.0
2024617600.0
202063712.0
18294290.0
-1185925120.0
551328320.0
-66564292.0
373477440.0
1475261184.0
1753054720.0
1197094144.0
-273404192.0
-1567832192.0
-683029184.0
1129579648.0
-1973705984.0
1441916416.0
663032512.0
1652812416.0
-2138685056.0
-59791032.0
-933686336.0
-568738816.0
1279517440.0
-1548991104.0
1810965888.0
612017344.0
692947008.0
2031343232.0
1878542976.0
1746017792.0
-267812480.0
-1173848192.0
-78514792.0
1400700416.0
-32239858.0
474660768.0
-469241920.0
1436223360.0
-860813312.0
150826432.0
-474762688.0
805949952.0
-128904792.0
-647546688.0
-230909728.0
-65597848.0
1005576448.0
1727325824.0
-2094003200.0
801070400.0
-1060834176.0
-182411136.0
1119204480.0
1466564736.0
-1788604800.0
-867554432.0
-420986112.0
-419487712.0
1252590720.0
-1850741120.0
2122145280.0
1685524224.0
1421029632.0
-1368976512.0
-697880192.0
-78926576.0
94478080.0
-1147061632.0
1306881408.0
165242256.0
773542656.0
1370505344.0
531825152.0
-3392853.75
-1050464640.0
-833872384.0
225366864.0
561022144.0
1537418368.0
-89026264.0
-967068992.0
-821590720.0
-1236774400.0
268853760.0
-64947936.0
-1240374528.0
1049925760.0
755839872.0
102406928.0
1956182784.0
472131840.0
1676832128.0
1303327232.0
-66696544.0
869250880.0
-141323344.0
-65551948.0
863758464.0
1247072768.0
-582934400.0
1059363584.0
-1433231616.0
-1271719040.0
1744117504.0
-1202837376.0
-1949783936.0
1012408704.0
395884064.0
7526782.5
582813696.0
-555552256.0
-87394432.0
-281359232.0
525924640.0
-1982929024.0
-1219408896.0
1749293568.0
91915288.0
443080992.0
1148073216.0
-1848288000.0
-311507232.0
-1005557888.0
760648128.0
1617756928.0
-418095360.0
-1863615616.0
-1950758784.0
-1366926464.0
-253638736.0
1708325120.0
1899548288.0
143326496.0
1687894144.0
-1984931840.0
-2068471296.0
-500178592.0
-1814294912.0
1789660032.0
1950671872.0
1946753792.0
-768468544.0
403357440.0
-714427456.0
-1852553472.0
162899936.0
-47626612.0
303360128.0
-1866808192.0
1300245632.0
1024030976.0
-399434560.0
-795305984.0
542029696.0
-124781648.0
-550623552.0
2065326848.0
362936000.0
1479860480.0
-958555392.0
-1921503872.0
-78982104.0
1460468864.0
-119278048.0
-1359741056.0
98097112.0
-2027056128.0
-519331360.0
-1277844608.0
-638443136.0
-473014240.0
-1601087488.0
836407872.0
-583384256.0
-1416893696.0
-331814080.0
-1718932480.0
129762984.0
1977129216.0
1408617984.0
2136427648.0
-1483234816.0
-619822016.0
673282368.0
-1179038592.0
1281730688.0
837795456.0
886410240.0
805963136.0
-538144000.0
-138337968.0
-559887040.0
17516230.0
362354752.0
-653442304.0
-392692096.0
1806093056.0
-1353340928.0
1620826880.0
-2025275008.0
501756960.0
2029800448.0
1635991552.0
-63310536.0
-655339968.0
1957790976.0
-1021005760.0
-402111776.0
797588672.0
-1271926784.0
2135144832.0
672300672.0
-1899963520.0
-457649216.0
-1830784896.0
427476864.0
-173376592.0
1098590208.0
1673227008.0
-1405233408.0
1722386944.0
-1655824768.0
-2069236608.0
1836817536.0
-542291456.0
-622557184.0
-1784694016.0
-832191424.0
-408533184.0
-129480208.0
-865009600.0
1432695552.0
423639040.0
1677762432.0
-1426538240.0
-31918344.0
1963642752.0
10212739.0
261433344.0
47046884.0
-523850368.0
1248818816.0
-1067052544.0
253181072.0
532457952.0
1139347712.0
-1658309760.0
-797723776.0
311788480.0
-402480896.0
-116809808.0
-1875474944.0
-1986081152.0
2025488768.0
1024448640.0
921432960.0
-1259094784.0
1887474432.0
-1057669568.0
785076480.0
1927071488.0
92809096.0
-1000227328.0
222205712.0
-1802186496.0
156750608.0
958710912.0
1777120128.0
1777894912.0
420783360.0
-1347299456.0
119556480.0
-627045952.0
-1071763328.0
-1773036672.0
1730076416.0
1317121280.0
570841408.0
-2006700672.0
1425172864.0
1322972800.0
-566126016.0
863753088.0
-1335251200.0
-316565376.0
1032145408.0
1960687488.0
-1531020672.0
-1417171328.0
-220073136.0
1595639040.0
1895630592.0
146983216.0
1777926656.0
49677112.0
801738368.0
1371762432.0
996489024.0
-1438694656.0
-846343808.0
-875304192.0
1915028480.0
205152016.0
-1360160768.0
-1122551680.0
-1341815040.0
-268038400.0
-860476096.0
416436896.0
1400110592.0
-1849456640.0
-1154819584.0
1260180608.0
-1558383616.0
159197968.0
470752128.0
101352864.0
-423378208.0
-1194192768.0
1048833280.0
775431680.0
-2018884736.0
-1979554688.0
-1684286208.0
-536407744.0
-1850208896.0
1353312896.0
1405491840.0
-2109986432.0
-1881874688.0
-2075915904.0
-977975360.0
-825528128.0
-1715901696.0
391793696.0
-675625408.0
-599045440.0
-210642608.0
-1619039744.0
-1782363008.0
-1073788544.0
-58979176.0
878589568.0
341371616.0
1263446400.0
-1207829248.0
-1716598016.0
1054988992.0
553156992.0
-105598320.0
591426048.0
-1143147264.0
-771154304.0
-747157376.0
-615485376.0
117085800.0
1210892672.0
-1714963968.0
-2128511104.0
1405664256.0
1771643136.0
-1037416448.0
2122796160.0
201648336.0
-896100736.0
567129280.0
1530728960.0
-1168779520.0
1245792128.0
-356887456.0
1751429632.0
260155696.0
-469619168.0
811225408.0
-535761760.0
-1363482496.0
-2065211264.0
-1183286272.0
-1952046208.0
-356787168.0
1617121152.0
-1414251520.0
-315265632.0
-344952992.0
-428294624.0
108853736.0
190597472.0
-1396307456.0
1935650176.0
997019904.0
-1694297600.0
-1427841024.0
-1011505344.0
-1351397120.0
-1591623936.0
-1552010624.0
-1524571136.0
-1162298752.0
-1645927168.0
2081775744.0
1763969024.0
-1115839232.0
1267233408.0
-725695872.0
-808939840.0
1156671104.0
-1973424256.0
-390785248.0
-1641275520.0
584953280.0
-1829046272.0
-584950400.0
1343499776.0
283368544.0
-1995602816.0
-374147584.0
1146944512.0
1399524480.0
-1136538496.0
1110354816.0
-27269872.0
-98508496.0
120113784.0
-1312378752.0
151050016.0
-1236469504.0
-1125420800.0
1086999296.0
33138662.0
-1294812800.0
-1175618432.0
-1103398016.0
260537456.0
-347296160.0
-353199520.0
-1922455552.0
-1007623872.0
-1788535296.0
956845952.0
-2127545728.0
221618640.0
-171362768.0
-1146700416.0
88522000.0
-1397038720.0
-866288384.0
-574956224.0
-1832772352.0
-1731666688.0
716200832.0
1664778880.0
-1550145792.0
-737255744.0
606645056.0
1301169792.0
-1875376768.0
1502922368.0
964417408.0
251182288.0
773094464.0
-806641216.0
-67434904.0
1829389312.0
1828028032.0
-1640860800.0
-120720096.0
-802578432.0
-1358288896.0
1877511040.0
268350752.0
1923054208.0
1480830720.0
-742354432.0
175892704.0
-1993206144.0
-2120892416.0
799591104.0
-733788352.0
-257452512.0
574488576.0
-1973247104.0
-1887875712.0
1175972736.0
108004288.0
398315072.0
79584368.0
-1146415104.0
-1629477760.0
-1984700544.0
466088384.0
852970368.0
1469261824.0
407103680.0
-1953715072.0
1515850752.0
-1997995264.0
-1876729600.0
-161210544.0
-1478541056.0
-496823904.0
1468925184.0
-2106469760.0
1063797376.0
1709178624.0
12733910.0
-1666018944.0
967029312.0
-1431951104.0
-1901939712.0
756959296.0
-1468894592.0
-471822816.0
1830084736.0
483062880.0
1403412352.0
-1205849216.0
-1452835456.0
534634720.0
1077654400.0
-129096248.0
2134844288.0
-144586720.0
-1642204672.0
-1605183360.0
-1229199744.0
-909849024.0
-1036475264.0
350783584.0
-356695104.0
14122332.0
1950406144.0
-898182016.0
125946008.0
1528235136.0
776212608.0
1472095872.0
-1613189504.0
-2111180800.0
1557357952.0
1468693376.0
-1536194048.0
-1274377088.0
981170112.0
793712192.0
-1765892480.0
1813655296.0
394440288.0
-1053383552.0
1146837760.0
291654048.0
569539776.0
958549376.0
899130816.0
-549229120.0
313607424.0
-444161568.0
-1846031616.0
-1122486912.0
-1492253824.0
-1948219776.0
-565550144.0
198508768.0
735746688.0
-1073154304.0
-1778667776.0
-1656057216.0
2063720832.0
1360332032.0
-2106925696.0
1218004352.0
1837524480.0
-1880150528.0
445365568.0
1011647488.0
-2067387520.0
1216425728.0
1119630080.0
1893130112.0
-1791527936.0
-1568066816.0
230976800.0
-645447040.0
876594368.0
-258300480.0
-2131356160.0
-392014144.0
-913193536.0
-904696256.0
-371136032.0
-321973760.0
149061056.0
277277440.0
-2078207360.0
-414673344.0
-123178920.0
1272134272.0
-740919680.0
1676656896.0
585086080.0
-330240736.0
-468742048.0
447972320.0
1864074240.0
367941568.0
-1443201152.0
760513088.0
-1740057472.0
-1174716928.0
172242480.0
-1369376000.0
1736867456.0
-1234356224.0
501254496.0
138736160.0
413349472.0
2103553664.0
-1890450304.0
162143792.0
1609164544.0
332849888.0
-113790064.0
-1994570752.0
-869703360.0
1183958016.0
133160888.0
-83264472.0
24802178.0
267707856.0
-1038141760.0
-289161568.0
-2057308288.0
-519923520.0
170487728.0
-1294455040.0
-264805632.0
1085346176.0
944137792.0
1895654400.0
1325438720.0
65462348.0
-516467040.0
1525132928.0
237435264.0
1521088384.0
804666240.0
1410978944.0
825996160.0
1036557760.0
-902626816.0
197276848.0
349911072.0
-735091456.0
1868619136.0
1005904320.0
-2048923520.0
-1314279424.0
-1751708672.0
-142400160.0
936342400.0
731140928.0
570247872.0
-1082994432.0
-219141472.0
1792864000.0
-1796120064.0
1790629632.0
-330384128.0
-58182868.0
2037336960.0
1697538048.0
-129163040.0
-21745904.0
-108777992.0
1819693824.0
-821658112.0
1119228544.0
1558043904.0
1174226816.0
1716964608.0
942551104.0
-1155147136.0
1789335808.0
1868863104.0
1287799680.0
878464448.0
-796506112.0
219097680.0
2135066240.0
78665296.0
-852633536.0
-1842148096.0
-1646707712.0
1493866112.0
223292944.0
-677418944.0
402934688.0
-668628608.0
472857376.0
1019421696.0
1295684480.0
188910608.0
-1339470848.0
-1105978240.0
351628672.0
-1074595840.0
-333275904.0
87435504.0
94451760.0
-892548544.0
80642192.0
-73945176.0
-1402990976.0
-2128117760.0
2072097408.0
-1063033024.0
-1572221696.0
130952192.0
-185726576.0
-1993021440.0
-1108166912.0
1711991168.0
48325892.0
1950279296.0
980237376.0
22384840.0
-19423412.0
1265467008.0
778460288.0
-1534021248.0
-1942275712.0
2074658688.0
268251744.0
1413037824.0
-497320608.0
-872907392.0
-2144809472.0
1669675648.0
-215015664.0
981826752.0
-125172896.0
1302748416.0
-1890448128.0
-1059260864.0
1042353344.0
-1153372160.0
72462488.0
1166746880.0
-534805056.0
4040062.5
-1578650240.0
-2074861056.0
862903936.0
1006178368.0
-353021952.0
-436543776.0
-2029002240.0
-1391060224.0
61821908.0
100784616.0
-1473949056.0
-983277440.0
-723420352.0
-1039174528.0
1121241472.0
1005769344.0
-629988544.0
167037664.0
-4876671.0
864060096.0
1575221504.0
1495965824.0
-882002048.0
-760816192.0
2104337024.0
-268705248.0
-326295872.0
1434199680.0
-1023099840.0
1165791360.0
-814344128.0
-1712955520.0
-35633800.0
-1851438720.0
1026533568.0
-690806784.0
1636061184.0
1718374528.0
-922954560.0
932183552.0
1200547584.0
-1348039680.0
-1722051712.0
-1221060480.0
-1278356352.0
-715047552.0
626465216.0
-650466304.0
-2138363008.0
2094113664.0
828106240.0
-607964224.0
-280503808.0
-2138032384.0
194700432.0
1012853056.0
355685888.0
1186042752.0
-1780039040.0
39752524.0
-2038185984.0
482156768.0
298023360.0
-474696672.0
-996325248.0
887678272.0
1539606656.0
1410727424.0
-1801616768.0
-206084768.0
-1715280128.0
378968192.0
777889216.0
530062496.0
-1125339008.0
18712974.0
769374720.0
457926592.0
695367488.0
-1529587328.0
-585920000.0
-649265600.0
430276896.0
1054946624.0
-625957056.0
-1677526144.0
220774640.0
-410874016.0
-1449272192.0
309325952.0
-1737021056.0
-1787109632.0
-358703296.0
640146304.0
-1808188416.0
1616615296.0
-1951976064.0
-1191646080.0
-17062450.0
1607567360.0
701424384.0
-1877948800.0
-1011309632.0
-1316592768.0
1450620672.0
1874066944.0
1977369984.0
-2086578816.0
-1740957440.0
-115038264.0
1782155520.0
1469212032.0
-110871920.0
-856718464.0
-1904366720.0
193439936.0
311853600.0
1942167936.0
85511944.0
-1933271168.0
1089856768.0
-74499720.0
-433360960.0
-762455360.0
1561691520.0
1252080384.0
1312541184.0
1867514752.0
851742336.0
-1492024576.0
1289593216.0
-713933504.0
-1347587968.0
-784457536.0
-537364992.0
-833473920.0
-285591616.0
-15022073.0
1543861632.0
-854361024.0
679192512.0
-540739968.0
1540778880.0
1401365504.0
2140748672.0
-736239296.0
1905280000.0
1845247872.0
-1884366208.0
-1599038592.0
-548562816.0
-1207895424.0
-1373046784.0
437158912.0
-406563296.0
1937517440.0
761160448.0
484280672.0
-1168803968.0
454772896.0
-956116672.0
287442016.0
1168897792.0
-493685824.0
-649695104.0
1281286016.0
1522918144.0
321435040.0
1368420096.0
483146144.0
1172086656.0
-332341600.0
1492391808.0
-1666968448.0
-1087653632.0
923707584.0
1025762432.0
815032000.0
-377637152.0
1196759936.0
-1796055296.0
301808288.0
-1882019584.0
-774424896.0
1877466624.0
-1212899200.0
-884641344.0
832011648.0
1713524864.0
-1017636224.0
1868340224.0
1638471040.0
476565312.0
-2118964096.0
1810640512.0
1214051328.0
1189089152.0
2090707200.0
193065808.0
-1462316032.0
-216170656.0
-1924264704.0
-149274624.0
80664640.0
-1976857344.0
2126779264.0
-1614184576.0
1276416768.0
-1279860352.0
-631538048.0
-224568544.0
-473753056.0
-431428224.0
-1611508480.0
-507705856.0
-1590509312.0
1931787648.0
-520527616.0
1233219456.0
-1487096320.0
1325792384.0
221783488.0
-923755392.0
-171164400.0
-1408332800.0
1046364224.0
-1410678144.0
-562092416.0
-905593472.0
2115873920.0
-4583423.5
452679488.0
-108552248.0
-1293104000.0
1264841216.0
-111448848.0
1313855872.0
-584601408.0
1206889600.0
-2104130432.0
-1514099712.0
-895788032.0
-1116688768.0
-553389376.0
-1757997184.0
712398080.0
-973560640.0
900526592.0
1617593728.0
-847488640.0
-1164845568.0
-1127066496.0
-511184576.0
-637994816.0
1365539456.0
-1231194368.0
781468288.0
1565340800.0
1555516288.0
-124961096.0
88159920.0
574779328.0
549570304.0
-2101761152.0
1314477056.0
1809942.375
-2027886464.0
-824143104.0
1670122240.0
-858939840.0
458689280.0
1932724608.0
-1869764352.0
467195616.0
497992960.0
-936998528.0
674722368.0
322715776.0
829470208.0
-580140416.0
1290250112.0
1830906624.0
1099490304.0
-1185477888.0
-1066249216.0
-344454080.0
794841408.0
255428240.0
-883869824.0
-267028128.0
1742123008.0
-1853992448.0
-611551296.0
662090112.0
2046642176.0
2022918656.0
-1618360448.0
731654400.0
1880433792.0
-310068160.0
1818543872.0
2137540864.0
-851372288.0
1706461696.0
1981869952.0
-385115840.0
1415478784.0
1283624192.0
553728192.0
1757952512.0
474323008.0
-454794944.0
1553571712.0
1897913600.0
-1094747776.0
576026688.0
-924439808.0
537344960.0
-716179584.0
-1236334208.0
1308196736.0
-200065664.0
-20199618.0
173249184.0
-1706470528.0
-911245056.0
-306995136.0
792186176.0
-594632832.0
1247924096.0
-1589509248.0
-1921669120.0
1980548736.0
-534252256.0
2101068928.0
825882496.0
-1303663872.0
1163315200.0
-755662336.0
11497644.0
-1968659328.0
518836736.0
-1853474688.0
-1408383104.0
188922512.0
515910816.0
-55843848.0
114905744.0
1105168000.0
60831648.0
-1837924992.0
-525926496.0
1380239232.0
-1157542912.0
-396685280.0
912613056.0
-1514932480.0
-2033395584.0
1273150464.0
913710144.0
621285120.0
1952454656.0
-1209345920.0
-1865507712.0
589179520.0
-1665086080.0
515455008.0
-824494656.0
1305350400.0
286105984.0
-589754624.0
1664231168.0
-1863488128.0
790594176.0
454670528.0
1959859200.0
1289383040.0
1946851968.0
-1546473344.0
-1789606144.0
-1906617728.0
-1032355456.0
1843659520.0
-1899487360.0
-1319895296.0
-1664395520.0
2013620992.0
-1137139072.0
-1160332288.0
-1985591552.0
-194317504.0
1602875264.0
-683500672.0
-728934848.0
116452880.0
-700256320.0
-347230880.0
1052667520.0
1302790528.0
945499392.0
618355456.0
584658432.0
-1893608960.0
-1408564992.0
-109906408.0
1293891200.0
212117424.0
1051374656.0
-1361290624.0
-2022969216.0
542302336.0
-1227843712.0
330489600.0
1506019584.0
-898535616.0
1566733184.0
-1468622720.0
1241862016.0
-441924128.0
439721472.0
-1725248896.0
461492992.0
1825843456.0
2007958400.0
1656306560.0
-708344384.0
1880561536.0
-749623488.0
507605760.0
-1726609920.0
-76327064.0
875232128.0
-1228676864.0
1778904192.0
-677072640.0
-1267122560.0
-844643840.0
-1671156736.0
323312608.0
-400764864.0
2000129408.0
-1645706496.0
-692378176.0
-775447168.0
-1605998336.0
-1783610240.0
1504653184.0
171133824.0
271086048.0
475161312.0
-1301451136.0
1261555968.0
-392664384.0
1318598144.0
1631951360.0
-1945732608.0
-576395776.0
-435095936.0
-1657016064.0
-1095704832.0
-623107200.0
1225259776.0
671216128.0
-423461024.0
3950185.75
1760903936.0
-860939136.0
-1714528768.0
-628584896.0
-888128192.0
-778276736.0
-1714182272.0
-1098900864.0
-2073704320.0
-682515008.0
1426809472.0
-535003648.0
1424632960.0
-1259171072.0
1685519104.0
-661077056.0
-1038957568.0
1868827648.0
673742144.0
-1052524224.0
1153369088.0
322154208.0
610960704.0
-346517568.0
738490112.0
2126812800.0
-1501058432.0
-1953803904.0
-683534144.0
-1636209536.0
-1043880064.0
-1042477952.0
1883911552.0
512750752.0
1119372800.0
850140736.0
-1888674176.0
-1059858816.0
-1348000896.0
-1051653184.0
177952160.0
-1311504512.0
-633515200.0
984775552.0
1623255936.0
-1102882048.0
591683840.0
1665863808.0
1962113152.0
-1716885376.0
-1648648704.0
1259102208.0
1294076672.0
-2050370816.0
632449984.0
-621609280.0
-858841728.0
408672000.0
-1510290048.0
-439646208.0
1556476160.0
1337030656.0
-1506979072.0
-936507584.0
2078228736.0
-1417578240.0
-1830845568.0
-2106697472.0
837476672.0
-1288818560.0
1714639488.0
-1904325120.0
895745472.0
-1838995712.0
2066234112.0
-190775040.0
1779011840.0
-1826568576.0
-1605655168.0
-616197824.0
709183680.0
-563998208.0
-1607170432.0
2088833664.0
1246523136.0
-807747072.0
-1184047360.0
1128678528.0
432396032.0
-404988384.0
-1838850688.0
-247460896.0
-898087488.0
2036751232.0
1994739840.0
-906090368.0
-1327739392.0
-865107584.0
437871712.0
485426656.0
-2124706176.0
-579143552.0
797492032.0
1589889536.0
794662080.0
313693984.0
-863300480.0
558113088.0
1499505536.0
239759216.0
709909184.0
845004544.0
456071488.0
-2095933696.0
-110324248.0
1529028608.0
1992376192.0
-31961202.0
-1970530048.0
-831576320.0
650802624.0
-2026288256.0
202010832.0
-23102010.0
-1628462976.0
-261596144.0
1887893248.0
176643104.0
-87397080.0
1343975552.0
1217387520.0
2110439936.0
1926723840.0
-1884406656.0
-757345344.0
-891852928.0
1637801984.0
390692288.0
-1600005376.0
-1240050304.0
-2030814080.0
1727199360.0
-2068590464.0
-505766624.0
-1079686784.0
-1274952192.0
-1783828736.0
433435776.0
-1007708096.0
1593826176.0
1151338880.0
1307132928.0
1244337920.0
515100192.0
-1957675392.0
783622720.0
-1432965120.0
1331134080.0
-542077440.0
1705470336.0
1245194880.0
1616246144.0
1399184384.0
1944929792.0
14425705.0
1570759168.0
-1567790464.0
1126407296.0
-180102976.0
607182848.0
121793112.0
742231360.0
1499942400.0
685409152.0
-918116032.0
-1127575168.0
1552416384.0
-836834432.0
1819528320.0
-1918189056.0
9362251.0
-1680649216.0
-190078192.0
1303506560.0
1612064256.0
-1353472256.0
-1325600384.0
1180911744.0
1410500224.0
-174524000.0
2098357632.0
59718796.0
1121801344.0
2115039616.0
-56221136.0
-281356608.0
951678208.0
-1110142720.0
-277974176.0
881305728.0
-1445575296.0
-1928625920.0
376234048.0
-770568640.0
2092079232.0
-1846658560.0
-1984238976.0
97492080.0
-807634816.0
-1329238912.0
-303451264.0
-537049856.0
1445215744.0
1079160832.0
502701984.0
-365381568.0
-2023301632.0
1318009984.0
1616656640.0
1242400640.0
-431083744.0
-1301251456.0
2142783488.0
1451573888.0
-233425952.0
1380953856.0
-1406680320.0
-1706188800.0
-241205840.0
1787809664.0
-367330720.0
731351424.0
1548953984.0
-1919214464.0
-704141504.0
81914984.0
-1576881024.0
-1351972096.0
-1884877824.0
-2073872384.0
-597627456.0
-505083744.0
-1420237568.0
709597056.0
-462108640.0
118179408.0
2128713088.0
-967572992.0
-237596384.0
-504719360.0
1413386240.0
169249936.0
734593344.0
1791944448.0
2122936192.0
-1220888576.0
1327757184.0
69908784.0
-794579840.0
-1193434496.0
1487147264.0
2037483392.0
-1928130304.0
1906417408.0
200620720.0
-773931776.0
1210362880.0
1034925120.0
2137126.75
1262251904.0
-1679324032.0
-1376161408.0
-1271388928.0
1640420096.0
304558816.0
1756700928.0
-292710432.0
-224134944.0
1015942144.0
-1149753728.0
-1552199552.0
-1897568896.0
552444736.0
-385476320.0
511403904.0
-1180918144.0
1761760640.0
-1314571136.0
-30048746.0
572796480.0
1967776640.0
458817888.0
664050048.0
-1305280256.0
-435107360.0
-1090117376.0
1217798144.0
501596704.0
-480694784.0
-699963968.0
-943456448.0
-1308900864.0
178940096.0
686636672.0
-1603037312.0
-1537720704.0
-1278088448.0
54652948.0
-1768772480.0
152968800.0
-1534404864.0
-1338056192.0
699082048.0
-1222590080.0
1136086144.0
-1895510400.0
-1143925120.0
302327584.0
-130997904.0
198420240.0
-673361920.0
-953003904.0
1172899456.0
-1023629888.0
1823000576.0
1000330176.0
-283022112.0
-155445760.0
-431858208.0
-509339744.0
1550143104.0
997743360.0
2147052928.0
-78318152.0
190956288.0
1887824896.0
-117756792.0
-644205184.0
-1269659008.0
-1473384448.0
-426689248.0
-1160882304.0
-831410048.0
-1208588032.0
-1430974464.0
-739259072.0
1792300928.0
-2046309504.0
-546214272.0
1260086784.0
-31667860.0
1561606.5
1693659520.0
-572690496.0
1025690176.0
1724870016.0
264587296.0
-937651008.0
-1147868544.0
2110503040.0
-891704832.0
282676000.0
595816704.0
1788457216.0
1060480832.0
-2029178880.0
383814592.0
314350464.0
805649408.0
215149072.0
-1925308160.0
-1286011520.0
660340160.0
-664381184.0
-1302793856.0
-1920578560.0
-522175904.0
297353056.0
-907524544.0
1731829248.0
-130475848.0
193350800.0
-1013648256.0
1983807744.0
-740399552.0
-998242240.0
-527635040.0
80827000.0
-1853830656.0
858670912.0
-1369236352.0
2115599488.0
55281288.0
-2061602432.0
233926336.0
-1780094976.0
-1843790464.0
-164857456.0
95450928.0
1956416768.0
1768389248.0
523239232.0
-1282109952.0
-511011584.0
135280000.0
755231552.0
1547485184.0
-185929968.0
-1558186240.0
711038272.0
-996199360.0
-1440515968.0
217617152.0
1646795136.0
1949583872.0
-1827571840.0
-1575934464.0
1579384448.0
-1815535744.0
1460132608.0
1422953600.0
-1887299840.0
1845158272.0
-1435392256.0
269081024.0
-1150840448.0
2049882752.0
1573950592.0
-996474240.0
-2019932544.0
7871591.5
900148224.0
901866560.0
1980493952.0
-1396573184.0
1241438208.0
1631430912.0
-516402528.0
-1996982784.0
-858960000.0
-1846448768.0
880545344.0
1889652352.0
607348736.0
446652576.0
1169293568.0
129713744.0
861902144.0
-1669738368.0
-1771656832.0
1147537280.0
-1930161792.0
316105280.0
-1152150400.0
103971232.0
-2011252608.0
1112330240.0
-998390848.0
-1983685632.0
-41842664.0
-1361226240.0
1721479296.0
1456997120.0
1487106816.0
-599351808.0
-2024328960.0
1002589056.0
-456575232.0
-820464128.0
1956348032.0
1456857472.0
-1654654976.0
1146822272.0
-179904144.0
-2126733312.0
-452324896.0
-2123731584.0
1565543808.0
63888608.0
-1811497472.0
-731011968.0
-1038142080.0
135108720.0
1425643008.0
-1212762240.0
-981563072.0
268430784.0
-813035136.0
-671620480.0
-556074432.0
544304192.0
-1290356992.0
1528576000.0
-1891800704.0
1929976448.0
-434021888.0
2060914944.0
1190440448.0
-357264416.0
1656565248.0
-1572216192.0
-457431424.0
312973664.0
-2132865664.0
-2141372032.0
-1764513920.0
-1997372416.0
-1487369088.0
-55597500.0
-1067451904.0
-1019430336.0
132081464.0
-1770340224.0
103734816.0
510355776.0
-646687552.0
-1830701952.0
718070272.0
299369664.0
-8880159.0
1274497536.0
-2036732160.0
1572307200.0
-1503226368.0
-1856051968.0
-343563136.0
1477842176.0
-951099584.0
-1717153792.0
1746122624.0
-153647136.0
-553667520.0
713144256.0
947100288.0
-207273680.0
-589506368.0
1545892480.0
-2079803136.0
-5623272.0
320099872.0
-271642880.0
-1569177984.0
-166937952.0
-1724200576.0
38822444.0
-108196992.0
-9523580.0
2000544640.0
-602677184.0
1584838272.0
-1673273728.0
-599640128.0
302939712.0
1652273152.0
-1843055232.0
1569404672.0
-824374976.0
-333464768.0
-387501120.0
-1674735872.0
2001448064.0
-462626240.0
-1806586368.0
-1848988032.0
308733856.0
-35689836.0
225774640.0
-954742464.0
1530286976.0
-1701915264.0
-1822879104.0
791836224.0
916809792.0
-236930672.0
-546413952.0
-874923712.0
-1590002176.0
2142673920.0
222458416.0
1723092224.0
470385600.0
-646594688.0
-1552577920.0
-1005352000.0
-671085056.0
-929752768.0
116829152.0
-148134592.0
-1021124096.0
909777088.0
2145472000.0
1414990592.0
-591503872.0
1943540608.0
-1446799360.0
706423680.0
-725286208.0
-981958592.0
1786448512.0
-1883184768.0
-70777792.0
8317918.5
-2034149120.0
-737826368.0
-1125540352.0
2022632064.0
-455819456.0
384187648.0
-2110950272.0
-1159362304.0
-301992576.0
-1431313920.0
-1148227328.0
342196416.0
-1491515392.0
-1783076992.0
-634208064.0
-708058432.0
1886076416.0
1902981504.0
1145141376.0
503670720.0
1474596608.0
69929880.0
1451869440.0
-572357696.0
1242168704.0
1522936576.0
1113073536.0
-358190592.0
1334819072.0
616665088.0
642964736.0
1200349056.0
-166316064.0
1762022784.0
196849632.0
2018983040.0
943924480.0
-126087304.0
-1325587456.0
895501312.0
830334528.0
1210059776.0
-766383488.0
-1110791808.0
-1021426752.0
23396976.0
1530169344.0
-578525568.0
-1067290560.0
596171776.0
495906176.0
451057568.0
-860325824.0
-137755792.0
-1250558720.0
-1393754496.0
-2059790976.0
65320032.0
135765648.0
-515377472.0
-1274122496.0
453787456.0
-2044146816.0
616716160.0
1524558336.0
-116220992.0
-82056760.0
2008060800.0
-492170816.0
1988001152.0
749162176.0
-1966712192.0
-149215856.0
390888640.0
490222112.0
1472154624.0
-298369408.0
-297612896.0
1259408768.0
752681216.0
875654080.0
-1168420992.0
1633297280.0
-1841184256.0
620031296.0
1377135872.0
-602586432.0
-1042801664.0
875905024.0
1375934848.0
-1795117056.0
590174272.0
-1792951808.0
-1394126976.0
-1733364992.0
1804755456.0
-186669984.0
1311897472.0
2050178176.0
-752126912.0
763006656.0
1738509440.0
1532974976.0
364651296.0
-1666310144.0
-1453556736.0
1001389888.0
-1898457728.0
-938691136.0
-1939824640.0
-1068591744.0
-224245840.0
-657269056.0
-1594350336.0
1203458816.0
575070400.0
611732032.0
-782908160.0
997355328.0
509381504.0
1437417344.0
-391096384.0
-397759776.0
-919652160.0
-1634731776.0
-499873984.0
-607543488.0
1230376832.0
-820080000.0
1450676608.0
168215856.0
-155479328.0
-1990417664.0
1196530816.0
-1256436736.0
-1665706496.0
-2086891776.0
541418432.0
-1041174592.0
-1875587712.0
747972928.0
1664370432.0
770192256.0
891115456.0
-859331072.0
-2105473792.0
-1773520384.0
-894484096.0
-412676768.0
338663392.0
-1188388608.0
146140720.0
-2065698304.0
-1632609280.0
1367974528.0
2081246592.0
589827584.0
-707811840.0
792282560.0
1267424256.0
-1607148032.0
-446750720.0
-1955769728.0
-755613568.0
-279651296.0
1645144192.0
-388462240.0
-310766912.0
180149936.0
-373265280.0
1282114816.0
1678873088.0
732479424.0
-327505536.0
65127068.0
43917964.0
435438784.0
-256007616.0
734734592.0
-1638184192.0
2113171712.0
1066659904.0
391722176.0
-1856270848.0
374089408.0
-1308123648.0
-957446080.0
523754240.0
-132266784.0
-896812544.0
-311456864.0
1124194816.0
-1604260608.0
-2138064768.0
-1855130752.0
1456882560.0
1690180480.0
-1655131648.0
-1176924288.0
1792109056.0
1073935360.0
-1854632704.0
-1369790720.0
1264441984.0
-1140712576.0
1690736128.0
-409070336.0
-804441600.0
-1634970368.0
1315882368.0
-5247599.5
1143110272.0
-1014679936.0
-1170836992.0
-1746435328.0
1162630400.0
689127424.0
1960681728.0
-914797056.0
-392296672.0
-1292767232.0
343325152.0
1893564800.0
300197952.0
-357650208.0
2126026112.0
405060480.0
787925248.0
-868269312.0
-692450560.0
-1470347392.0
-80180712.0
162724560.0
898223872.0
-920311488.0
1303898240.0
-1357786112.0
1180252288.0
-273456032.0
-19587240.0
-1108470400.0
-1664380032.0
-2008580480.0
-1070445376.0
-1754424448.0
-186920432.0
690543552.0
1379791104.0
702037760.0
1067897152.0
96624048.0
-1867694464.0
587925056.0
-690217152.0
-891066816.0
-1127897600.0
492415520.0
-234469840.0
985672704.0
-1169559168.0
-926832512.0
373398176.0
873491392.0
-787660864.0
-331044416.0
-431423200.0
-1458477056.0
-573540352.0
174376272.0
779877184.0
1268212608.0
-216352944.0
-1330919552.0
1433589376.0
-1242882560.0
-1483430784.0
1536026112.0
-1816183808.0
1907621632.0
653097152.0
-849221056.0
1013203264.0
-1811757312.0
-440544480.0
-811141568.0
1267850752.0
150516192.0
-864134336.0
1680115200.0
215386768.0
-1542571520.0
-1339364352.0
869818560.0
-1989788416.0
329412704.0
-434041696.0
-1232743424.0
-1927575424.0
1217742464.0
1597018368.0
16071866.0
-77052552.0
915654336.0
-2128752128.0
-2048651136.0
412976320.0
-530870528.0
868577984.0
1036072192.0
-1085105152.0
-400305568.0
-1307957248.0
37153260.0
224628640.0
388477728.0
-1063133056.0
814860416.0
-1929676800.0
-124660048.0
-1757793024.0
169883040.0
-1764621184.0
-270030880.0
1559054720.0
1036727424.0
-1427801600.0
1248610.75
-1929295360.0
-1821260416.0
-1682816384.0
284979040.0
-1238971904.0
-903554432.0
-1428664704.0
374342240.0
-967464832.0
-1139836928.0
-2111957376.0
1357281920.0
-191686096.0
-1952218624.0
-1987515136.0
-1582657408.0
169919440.0
543097728.0
-717428224.0
576005056.0
-503654176.0
-1733572736.0
-1486003072.0
-1565624704.0
774768128.0
1659550336.0
841607232.0
1656269056.0
-1878562944.0
-1805385344.0
1185268352.0
954957248.0
-1242473600.0
130956936.0
327823008.0
2000501632.0
503611552.0
-1485470848.0
-914623232.0
1349751808.0
2044902784.0
1049109248.0
522958624.0
-789225280.0
-1376152832.0
729220352.0
-432182400.0
295134432.0
-932846016.0
-815423104.0
72433688.0
1695272448.0
558135872.0
1882299520.0
-575033728.0
1991988480.0
559192000.0
-778756416.0
615999616.0
1978960000.0
1389469568.0
-1277336192.0
-972503296.0
-1868730880.0
-1821439488.0
-492855712.0
-1642028032.0
-1195419008.0
611414912.0
1960070272.0
-1921275904.0
-1504510592.0
1059185472.0
-474965312.0
400148000.0
1308780416.0
1333260672.0
1236940288.0
-1772202880.0
267989024.0
1666893440.0
265400128.0
-703582976.0
-521713312.0
1398253440.0
-328543168.0
70147240.0
1268374912.0
1112290944.0
905064704.0
1951882496.0
69011360.0
935812160.0
-16657592.0
1021478528.0
-1383656576.0
-600237888.0
1933393152.0
-985232064.0
284526272.0
1432832896.0
-1640432128.0
1455188864.0
-1069855360.0
1317827712.0
1964671360.0
-1785680896.0
730041152.0
-1769104256.0
1848050944.0
-2035452160.0
1324853376.0
646419392.0
-390180192.0
-727679616.0
-1513855104.0
1324205568.0
539238208.0
1103710336.0
-588390080.0
1674261504.0
290998688.0
659851392.0
-394620000.0
2078641664.0
-157715152.0
-1645047680.0
-142881792.0
2087388288.0
-771965376.0
-872288576.0
930168832.0
147864752.0
-1767118592.0
-1371117440.0
81045064.0
22925442.0
-1697394048.0
1619892352.0
449936480.0
-155253136.0
-390583136.0
1602644736.0
-491325152.0
-1855176448.0
-1069852544.0
-1706804224.0
183818352.0
-268696960.0
-1478868992.0
-1657092992.0
-323708320.0
1733072000.0
970496256.0
98866992.0
154320576.0
492056736.0
1029351168.0
-1024016640.0
1558971904.0
-1120574720.0
1315734912.0
-1454948992.0
-618131392.0
444670784.0
1417970944.0
1135430784.0
-1716892160.0
549056704.0
994059776.0
2145020928.0
1132043776.0
1014743616.0
-1438248192.0
-458840544.0
81544936.0
-1457064704.0
413626336.0
-1155849984.0
1755010816.0
1587636608.0
1939755648.0
217140096.0
2051981824.0
-1748720384.0
-1290042496.0
-1222307328.0
2050744960.0
-817270272.0
-1922112512.0
-455564704.0
-1906376576.0
-317063.9375
352998176.0
901435392.0
1416736256.0
798523392.0
-830776832.0
-525684416.0
1183347584.0
-1943755008.0
1107664640.0
-1193848704.0
821989504.0
-1798491904.0
735828160.0
-428540640.0
-521491264.0
1694475648.0
359509088.0
1404126976.0
1047475584.0
-1793194496.0
-1130372608.0
931478784.0
1412180096.0
471952768.0
37038800.0
1811337600.0
-1534685824.0
256769568.0
595376768.0
-9640710.0
-233894416.0
-714217664.0
-1848260224.0
1001678592.0
-879166976.0
2017076864.0
-1104070144.0
1381789056.0
-665210816.0
-416641280.0
-506543104.0
612847744.0
-568789376.0
-1542765824.0
-1341037440.0
-213493456.0
1271933824.0
-115854544.0
-1503604608.0
-792172480.0
1637575936.0
-181121536.0
-1718796416.0
-1867295616.0
1886212352.0
555024000.0
-1156322304.0
2090584320.0
1199847040.0
-35599332.0
2065124480.0
-1996529536.0
-618012672.0
-1155548800.0
1351022848.0
-364859968.0
-1451369472.0
2865189.75
408568768.0
-1275589888.0
-545172928.0
-332870144.0
-651821888.0
-1903107200.0
1261653248.0
-497826080.0
616488064.0
-1514065920.0
686644096.0
-1905183616.0
-1632573696.0
1791068928.0
407445920.0
-783988928.0
1255108608.0
-1925283968.0
-240677504.0
-527217568.0
2032808576.0
-2072804992.0
1530595072.0
731703040.0
24273642.0
1560367872.0
995678400.0
-1245593472.0
-30699110.0
-1577802624.0
1399804416.0
-1608165760.0
1321220352.0
-1290740480.0
-578656128.0
-1046809024.0
-1052649024.0
-1917367552.0
-1844679808.0
-192809264.0
1051595456.0
-2082631168.0
-1941718528.0
592828864.0
1283267072.0
-1410575360.0
1658105472.0
-1698572928.0
-848399680.0
623873984.0
861100416.0
-947549888.0
-1300437504.0
594219008.0
-1679958656.0
-476322528.0
-118802520.0
1656745344.0
-29434292.0
80747592.0
-271863840.0
-192981376.0
85369752.0
137265248.0
689964096.0
-255701744.0
-1688384000.0
2074876288.0
707994432.0
1862488704.0
1915501056.0
467157152.0
-1332871936.0
-623643840.0
-1527102208.0
483535872.0
209306352.0
-10981899.0
-395670848.0
196797568.0
-426938912.0
1881373824.0
2034453632.0
-122326976.0
37596108.0
-1812112896.0
940674240.0
1603016576.0
-1951160832.0
-1184239616.0
1748465024.0
-806505472.0
963839424.0
1356078464.0
261797040.0
42328036.0
-923976256.0
-1741851648.0
-64955128.0
-2040462336.0
1534260864.0
-2082097920.0
509420576.0
-2045618176.0
1768327040.0
653311040.0
1153180672.0
688064128.0
-1647852672.0
-1231148160.0
-701559168.0
1982573312.0
-1022424128.0
-365170784.0
-624403328.0
76472504.0
-1282387456.0
-340851040.0
-360735648.0
-438890144.0
-1750106752.0
21590576.0
203012224.0
-1516844288.0
-1952029440.0
-1590275328.0
-662117248.0
1400861952.0
843844224.0
-721750912.0
435927968.0
1446357248.0
275342400.0
-975076736.0
-45228640.0
1842419584.0
-880614656.0
-1809892096.0
895536128.0
-1392256256.0
-1556421376.0
1443840000.0
1239644800.0
1503697408.0
-1280341376.0
336031840.0
49260956.0
493235872.0
917559104.0
1437911168.0
402973344.0
-2115283968.0
331989024.0
-596895744.0
68320912.0
1392100352.0
-1272824320.0
569908608.0
1528471424.0
-74312400.0
2088564224.0
-1929302400.0
583833536.0
-513048832.0
-486303616.0
-1982274688.0
652702848.0
-382676352.0
488163072.0
-357044896.0
-304317888.0
-809627968.0
-1048205120.0
1199808896.0
1029836544.0
-686631936.0
309059392.0
443839968.0
-1938503040.0
858516928.0
-2044392832.0
1078387072.0
821854208.0
-1168178432.0
1389343616.0
-1290641152.0
1319503744.0
-2065893504.0
751242112.0
-1667881344.0
-1864810496.0
315403872.0
-1893794560.0
-948838272.0
-188494960.0
-1635268352.0
-763067776.0
-1705677696.0
230406480.0
-1022151360.0
1154743680.0
1090517376.0
-1450468608.0
-785235904.0
1571237376.0
-2083740928.0
411890912.0
1501598208.0
-1121859840.0
1290142720.0
-434746688.0
-207867840.0
194578160.0
-403573120.0
-1675453824.0
59790040.0
-934754304.0
2027256832.0
-28543888.0
-648844672.0
1579443456.0
2048954624.0
1060912640.0
-891224768.0
-286323872.0
1658129408.0
1278806400.0
501446848.0
769840960.0
-311953856.0
-1565025280.0
-1638390272.0
-1519712128.0
569817920.0
-1439688704.0
1026273536.0
1917647616.0
350960768.0
-790031232.0
572195712.0
-779773056.0
1711308416.0
519285376.0
-1910498304.0
1249030912.0
-1880887936.0
-865757504.0
-1506534528.0
-987230976.0
21364400.0
-2011512192.0
1965718144.0
-194948128.0
-630100736.0
-1282043392.0
1380226816.0
914220928.0
903226816.0
1822066560.0
251647696.0
-2015266432.0
-153952752.0
-758741312.0
-323789280.0
-2066939392.0
1427949184.0
1856682496.0
-1941136128.0
267850368.0
185440048.0
-1371073024.0
786577600.0
544813888.0
-846178752.0
392359872.0
-1470596864.0
-1261518208.0
1195331328.0
1492410880.0
-430631008.0
-553495168.0
-114624368.0
2043245568.0
-1202144768.0
1097302784.0
1336948224.0
-1433785088.0
1881150976.0
-315990496.0
643003776.0
1112023936.0
1064285376.0
979428480.0
-95773776.0
-959690880.0
-2020628352.0
-946842240.0
286665376.0
1752242176.0
-1079194752.0
-489299456.0
-834744256.0
29996922.0
175235664.0
-1674881920.0
119304712.0
1207587072.0
-1392278656.0
-1853462144.0
-48663928.0
734541632.0
493869824.0
1838035072.0
-844835264.0
-443751424.0
1363391488.0
1628425728.0
-1073857280.0
1326985216.0
-1919623552.0
-1467459200.0
-1105854720.0
562516352.0
-885776832.0
-2000648320.0
57260684.0
-2093506432.0
213987936.0
1723962368.0
421199488.0
-1955100416.0
558888960.0
489555200.0
381270528.0
-958539456.0
809034176.0
1195495040.0
-854625472.0
-1553318784.0
-1133470336.0
-1177313920.0
-1341408384.0
1979036032.0
2141024768.0
-1588986240.0
-1086165632.0
2056415488.0
-1891662720.0
1300126848.0
1243579136.0
1011176384.0
-1074526848.0
-152021648.0
-925543872.0
-671071552.0
1164792192.0
-1379064064.0
-1435928448.0
-1433925888.0
-217048544.0
-994457152.0
1800074112.0
2117409280.0
441217184.0
-1945308416.0
-88510928.0
911048832.0
-1988066176.0
1192915072.0
1635628800.0
343863456.0
-1850095616.0
916726912.0
34503476.0
-652326848.0
-542784704.0
-2137026560.0
775658880.0
-1503314304.0
1517032960.0
-819972864.0
1297840512.0
852475776.0
1668195200.0
255368144.0
-1190972416.0
833713856.0
-9864419.0
-1655258240.0
1685912576.0
581239168.0
1739186816.0
-606976640.0
1985667584.0
-516238432.0
169464240.0
604686400.0
-1604377216.0
-156834352.0
-309407840.0
-623116864.0
1265007488.0
-55090388.0
1633141120.0
-536777632.0
1420080384.0
-1918782592.0
-1029730048.0
2144054016.0
819536512.0
-1430950272.0
259562704.0
-1768299392.0
1813200000.0
1599505024.0
831204288.0
1848664832.0
1392825600.0
-45522808.0
1155766144.0
1684963840.0
1695881216.0
489079040.0
831879872.0
-1822145664.0
-1730162688.0
1148229888.0
-392715584.0
205868272.0
-642200576.0
1049914432.0
-1314595072.0
-754203392.0
1781845632.0
1253058304.0
-2105054592.0
1070063872.0
-275854944.0
-558986560.0
-714693376.0
-1127238144.0
-1664443264.0
2134589440.0
1404502144.0
-1522349952.0
1968033152.0
777515200.0
-378412288.0
-434574720.0
315559776.0
-872025920.0
2121629568.0
1410171776.0
1734644736.0
1851288704.0
885307136.0
687831104.0
-786415616.0
-691390656.0
117219856.0
-926908480.0
-1820282752.0
-503545184.0
-1613125632.0
-1048032448.0
528167904.0
239685152.0
20942362.0
-1752406784.0
1768227840.0
1837143808.0
1529867264.0
-715247424.0
1747075968.0
-175707008.0
2139989248.0
-319561984.0
343850240.0
1333430912.0
205529120.0
1758679808.0
769921984.0
-1616249728.0
-984088064.0
-388204928.0
1336621952.0
-1392455424.0
1627331456.0
-793739776.0
1275631360.0
-2112794240.0
-2117917056.0
-801696256.0
-1386574464.0
-58040728.0
-433138880.0
1647132928.0
-1868580736.0
-963269952.0
930272512.0
1495417856.0
1669561728.0
-1059804544.0
-1356751232.0
2006647424.0
78780416.0
2058035456.0
1095891200.0
-510247520.0
488887360.0
-542758912.0
1787069056.0
296115488.0
502754624.0
-75233224.0
-448122464.0
-282842496.0
1060831296.0
-811493440.0
931431616.0
-588980224.0
-1139501440.0
880544448.0
-20438220.0
-112097000.0
-2003178496.0
-260439328.0
-1233265664.0
-1549642240.0
1439606016.0
935038016.0
-1355579264.0
978938048.0
-634793344.0
933302272.0
266979776.0
1423488512.0
-155904912.0
-1756428672.0
-52031236.0
602305408.0
465687328.0
-999880064.0
958715200.0
1206737664.0
-1621022592.0
-1217843584.0
-721079424.0
-850646976.0
-761277440.0
-1998712960.0
-990796864.0
-2137559936.0
1812289280.0
1592796672.0
61589768.0
542786880.0
-931879360.0
-242178864.0
-72883792.0
-93247048.0
-106261728.0
1536086784.0
90339760.0
255433184.0
-20737158.0
-1655580544.0
-1571294848.0
1057202240.0
-701973760.0
-2064387584.0
-1451293440.0
1125751680.0
-736469440.0
-642053312.0
284240064.0
-941835264.0
-2019674496.0
181923536.0
790638144.0
-765625728.0
2111345280.0
1553444096.0
1610655616.0
2029365760.0
-1039722368.0
1542328192.0
-1156684288.0
-1464465408.0
115893288.0
-810378944.0
1692796800.0
-828989376.0
-1074100096.0
758518592.0
1251051264.0
-401388832.0
620404544.0
-558083456.0
647999232.0
1256274048.0
1988981760.0
307230752.0
1534625024.0
-2021020928.0
-588862080.0
-323605376.0
-1104533376.0
1632219648.0
326415968.0
-707501184.0
-1077227648.0
2140450688.0
-636993408.0
577449216.0
149780656.0
280002432.0
-275444160.0
66426780.0
-1151389696.0
2069168640.0
-1921401600.0
-1610067840.0
-1802771072.0
-841011200.0
-917456000.0
-915151744.0
190627216.0
1111480832.0
359007424.0
-964033536.0
-1985378304.0
208644224.0
1029297728.0
679506112.0
-311729728.0
2038289280.0
-2037650944.0
-471174656.0
1473678592.0
-29554618.0
-566158016.0
1679359104.0
-1321347584.0
-226143744.0
-337173280.0
152024544.0
-2023330944.0
-1221347200.0
-306953856.0
-914803520.0
-1564647168.0
-83052280.0
-191238992.0
684399808.0
-1953974656.0
952715584.0
1470964864.0
-2113328768.0
-48715640.0
1103190784.0
370043872.0
-2030136448.0
-883342080.0
307954720.0
1243895552.0
1235823104.0
-1822541824.0
-554237312.0
-1764592000.0
-1146846720.0
414477024.0
-455534464.0
1861070976.0
-1355398656.0
-1504733824.0
-940513024.0
-603170112.0
1190265728.0
1358273920.0
-330528928.0
-1042433472.0
1060905600.0
-973964544.0
1839327872.0
392194912.0
-1793575808.0
-972409152.0
-123440824.0
-586496320.0
1614711296.0
-795849216.0
-971009216.0
83958272.0
478220992.0
736491072.0
1239772288.0
1031053056.0
-1789752576.0
878342272.0
-646630848.0
510470304.0
-1406158848.0
-613918144.0
-11255685.0
1366706304.0
533850144.0
-1316990720.0
-1116852992.0
-365653088.0
1129492864.0
1703378688.0
-977192832.0
-88270760.0
1604418944.0
-1756714880.0
1047402496.0
-144939008.0
1374170240.0
-47867140.0
-1748836480.0
331797824.0
186509760.0
255125664.0
-472441280.0
379297120.0
-1852280064.0
282061216.0
64116640.0
-844111360.0
-683253952.0
1545707904.0
703747648.0
770336384.0
-1046249792.0
-531465952.0
88111072.0
1716601472.0
740715776.0
52153888.0
-1815031424.0
922813312.0
588382208.0
-1840024832.0
-1291454592.0
1430208640.0
1516249984.0
-1277265664.0
-2143501696.0
1560574592.0
-1152684544.0
-2030677760.0
-1010350464.0
538776000.0
-1625250944.0
-807477952.0
-1344605952.0
-1137506560.0
-642793088.0
-1769885184.0
1180429568.0
136997648.0
-786394944.0
-1238370816.0
2085052928.0
-267644992.0
1215054720.0
-1436421504.0
-1860832384.0
-1507558400.0
1435736832.0
-1595990912.0
-1972435456.0
-207152160.0
-1222413440.0
-1915977344.0
1618829952.0
202929952.0
-905618048.0
88391680.0
805787968.0
169433792.0
-923849088.0
-1986274048.0
390415168.0
-1539040128.0
-940839232.0
-842722816.0
1702595968.0
-330128320.0
2010258304.0
1656798208.0
1689247104.0
1461068800.0
1406749312.0
-939743104.0
-270874272.0
-502990208.0
792598016.0
2039103360.0
-1453271424.0
1504920192.0
-2038255104.0
-29314934.0
-391540928.0
609988736.0
1886221440.0
1994156928.0
-853448448.0
-454305408.0
-2042529664.0
1907537920.0
1952461568.0
-968988544.0
2049128448.0
-1260176256.0
36622136.0
-1454392448.0
-315221152.0
-1080261888.0
608330368.0
856243584.0
450121408.0
-1213253888.0
-1882946176.0
1613873536.0
-1893556480.0
661678592.0
619436736.0
1182913792.0
-1255745920.0
-403302560.0
-1672987136.0
-2112019968.0
642240704.0
779265600.0
637949376.0
-372800384.0
1471773824.0
-200869872.0
-981434240.0
212198992.0
-487583584.0
338820256.0
-442800608.0
-1908477824.0
2090248192.0
-1850170240.0
-1560741888.0
810541568.0
-1460114688.0
-1309129088.0
1053392064.0
-166638448.0
-2100766848.0
-467147168.0
-950301440.0
114536840.0
879565312.0
-194658464.0
-659347328.0
622407808.0
160849824.0
-1331390208.0
1564853120.0
695725184.0
395482176.0
691047168.0
-341514688.0
-703483008.0
-394685824.0
-1016266112.0
-2062230144.0
1715425664.0
491670208.0
1800953600.0
-1268002176.0
707012800.0
1927019776.0
401254144.0
1972224896.0
-433760512.0
-913959616.0
-671260544.0
-1544143104.0
513307456.0
1697815936.0
689298176.0
-541839360.0
-961811008.0
788436864.0
1227344896.0
-1626455936.0
199015968.0
898422656.0
907113216.0
-1203274752.0
-118852328.0
-136438896.0
-1352864768.0
1368580352.0
-1109899520.0
-1250127104.0
50191764.0
1601181824.0
-1498946176.0
-1074307584.0
821445696.0
1598133248.0
493085248.0
444254208.0
1480260096.0
-1125838976.0
-660184768.0
-1102734976.0
-783464896.0
-1327060224.0
-688013888.0
212045936.0
-3735131.75
-1429196416.0
-1387090688.0
-1615764224.0
-1902845952.0
71999640.0
147395248.0
981487232.0
1261666304.0
-1541451264.0
-266408032.0
1050186816.0
-1511309056.0
289642720.0
-278356256.0
-1849366144.0
360942464.0
1293095680.0
-845454656.0
232725728.0
-1356360960.0
-1622649856.0
-878076864.0
1187998336.0
-2088030976.0
1478390656.0
131085096.0
441331328.0
-1225885184.0
285572736.0
-496554816.0
614596352.0
-1857755520.0
423968704.0
1338110720.0
2053493376.0
453021280.0
-187579392.0
1610121344.0
-454299488.0
1548872960.0
455748064.0
-160176080.0
-2107078016.0
-1869386624.0
665101760.0
-1380369664.0
816684288.0
-808426944.0
959349376.0
-887130304.0
-918089344.0
1705299584.0
1962344192.0
1946858752.0
-1911395072.0
1959656192.0
1246181888.0
92081832.0
-854929600.0
1381000448.0
-1248876544.0
530142432.0
104341832.0
805251200.0
133300648.0
-19671960.0
1572441984.0
-686114688.0
-394801632.0
-817646976.0
-352448544.0
-203716528.0
1516242560.0
172696736.0
-240087456.0
-429875072.0
-554242752.0
-551361920.0
-1633207040.0
740477824.0
1038093184.0
-1891374464.0
20178888.0
1531493888.0
1264171520.0
-1513198336.0
1882716288.0
993868096.0
-1626439936.0
1580670080.0
2013182336.0
-355087360.0
-780141568.0
-882508224.0
-1474927488.0
1017220608.0
1901732096.0
439936352.0
-1185781888.0
-690249728.0
-993277760.0
1849293568.0
-273590240.0
2023414016.0
993495488.0
954407296.0
2102515072.0
-246899312.0
-720561408.0
1155839616.0
738354432.0
-912593216.0
315473856.0
1465494016.0
-1153061376.0
-622097280.0
-1275373312.0
1068645312.0
-357261440.0
1694049024.0
523172928.0
-1439036800.0
-985525888.0
-1325950208.0
-983319232.0
1735089152.0
-1840231808.0
1428171904.0
-1524441088.0
1809427712.0
1132258560.0
-1121122304.0
-690530304.0
-1367865728.0
-1069192320.0
1177362944.0
-715597120.0
-866429120.0
1541760000.0
1926018048.0
1189802496.0
-2115385472.0
1726880640.0
-936486016.0
608165312.0
-1324788864.0
460755968.0
-1814664704.0
-1474334592.0
1555390080.0
103467928.0
-454553632.0
829283328.0
-1657525248.0
-1769201664.0
-580368704.0
-352294688.0
613801664.0
-1781650432.0
-1342810112.0
-488743488.0
-1039641600.0
-2002906624.0
704953152.0
884884800.0
191752336.0
-586119680.0
929272384.0
-770161408.0
-991003904.0
404605984.0
566150720.0
87516520.0
1431088256.0
1507603456.0
-1227658112.0
-179929568.0
-1286425216.0
-701452992.0
-1752865024.0
614343744.0
-2135751808.0
-1422641024.0
592732672.0
1249423744.0
559173440.0
-1031273728.0
-1374789632.0
-161118592.0
-826695104.0
-870584960.0
1734121728.0
-1574438016.0
-155783312.0
-1798914304.0
1413515392.0
-1063419392.0
362041376.0
917058304.0
-664846080.0
-2077939712.0
232503552.0
285580704.0
-1448807040.0
92362776.0
-1377541248.0
694759936.0
1490821120.0
-2061481984.0
558792000.0
2091167872.0
1753613824.0
-560871360.0
1619410176.0
34121436.0
-7412574.5
2070396800.0
969099136.0
-1594716928.0
689238528.0
1276482560.0
149376560.0
-840699712.0
-1157769344.0
-552445760.0
-319771136.0
1881861504.0
-1070235008.0
-1230971136.0
535582464.0
-1119534976.0
1962109696.0
204025136.0
1475324160.0
-2103555712.0
1532375296.0
1159675264.0
-529450304.0
1811385088.0
-631256320.0
1730523136.0
-1541014016.0
352175488.0
1065553088.0
1622025088.0
-568558656.0
1045897216.0
-2038462080.0
-1556440064.0
1768105216.0
2009219712.0
-856174592.0
1487310336.0
-1814082432.0
-1149664384.0
1133015040.0
664556480.0
-1209478656.0
-223538544.0
342405504.0
-1108709632.0
205043728.0
363213344.0
-348290656.0
810836672.0
1249010304.0
-2094399104.0
-709133440.0
-397044128.0
576935744.0
1066564096.0
-461768992.0
101625448.0
1763064320.0
-2047574272.0
-253946496.0
304646048.0
583007168.0
1306249728.0
907845440.0
-749826048.0
577629248.0
1481096960.0
-104508080.0
-1634365568.0
2015944064.0
-298062400.0
483144608.0
-1794639360.0
1178299008.0
-1275444992.0
949486208.0
-1149923968.0
-1686891776.0
1305730816.0
-536118752.0
-1821892992.0
-426501856.0
-1739642368.0
-283312640.0
1991115136.0
-1620733184.0
1190881024.0
970230976.0
843535040.0
817802432.0
998960448.0
-1976838016.0
1864755840.0
-1784034304.0
1158621568.0
718084544.0
-1930277504.0
1626943360.0
1273748224.0
-1894595584.0
-608584000.0
-1997076224.0
1553282816.0
1210358528.0
-1088838400.0
-933438144.0
838912960.0
-804321856.0
1062705728.0
-651693952.0
-1577109632.0
2017045632.0
-1825802752.0
1371922048.0
1374271104.0
2002826752.0
1981650176.0
-999889344.0
-1891835008.0
-1101683968.0
436490688.0
604617792.0
1825117440.0
-1431981312.0
-389911648.0
1763642496.0
-1920665984.0
-1844785792.0
-395078400.0
-571852224.0
65113968.0
-964388032.0
1292101376.0
276862592.0
1565074176.0
-655654080.0
831573888.0
495054432.0
-224764576.0
1812507904.0
1936720384.0
-650752064.0
-1774930688.0
-714715648.0
-205417056.0
1551195904.0
-753816960.0
-280241440.0
225848448.0
823828416.0
-1750875520.0
568834368.0
-1305997184.0
-2050490752.0
776303936.0
-1485720448.0
1996782848.0
2021830144.0
-821037376.0
445531744.0
-915860352.0
1991253504.0
-2043641856.0
471546880.0
-1748109056.0
1736547456.0
1216552576.0
-382593888.0
996583808.0
-31398376.0
-2119230208.0
1058509312.0
-1139011712.0
-1382393216.0
282260416.0
1367378048.0
-186752464.0
1755449984.0
-1409716480.0
1656217088.0
-779540096.0
-1828062592.0
798697984.0
950954688.0
1605241984.0
1542837632.0
-1927566080.0
-202890272.0
-1994185984.0
-2052600192.0
-1515724416.0
308717664.0
2056256384.0
1580379648.0
-1892219008.0
-375091168.0
-1506845696.0
-837145152.0
-602457280.0
1361733760.0
892619584.0
1020663232.0
-1190507648.0
476398400.0
2025343872.0
251366400.0
-1568845952.0
2128825472.0
-1059317248.0
1213829632.0
1670090880.0
-197173008.0
-119832776.0
-1990381056.0
1717559936.0
-1326651904.0
1383916032.0
-125350608.0
6669508.5
-1873080192.0
-1806624896.0
1895426304.0
-1314603392.0
-1517447424.0
-432711232.0
1277951744.0
-1535800320.0
1389875200.0
-1551244032.0
-949936896.0
534274656.0
-998846464.0
-2016089728.0
-472318112.0
233127344.0
-1464570112.0
-188699360.0
-969451200.0
-1785049600.0
-2067133824.0
1291063168.0
1344046976.0
1641848064.0
1093244928.0
-1567486464.0
-567525632.0
1014091904.0
-1663031168.0
-326533440.0
1656828800.0
-640845376.0
1094167808.0
1001066560.0
451052384.0
161032096.0
-889506560.0
-1864549632.0
-1293608448.0
2029367808.0
509672192.0
-1361952128.0
-1764180608.0
-576946368.0
253070912.0
1296611712.0
-965977920.0
363154368.0
-1695286784.0
860597504.0
2029911808.0
433086336.0
1188060416.0
-1729756544.0
-940771328.0
1327169152.0
-1998901376.0
1711065856.0
1100806784.0
785542080.0
1434376704.0
372084896.0
1720476800.0
-888763520.0
1522980352.0
-994758144.0
365155968.0
-126346384.0
1216757376.0
-1966762624.0
1933911552.0
-1694643840.0
1030540992.0
-1989353344.0
-1388768384.0
1773482880.0
244884272.0
-1396843648.0
-1470894976.0
1071373248.0
-58197856.0
2055990656.0
1570169344.0
1569607296.0
2005747072.0
1423218304.0
1358299520.0
1620304640.0
-117243728.0
-469349952.0
544742656.0
-2034996864.0
-957955456.0
-330126432.0
660493376.0
-457365664.0
-1789556224.0
-1749603968.0
-995168192.0
-1160052352.0
-189293872.0
1713552000.0
-612243712.0
-1039737984.0
-28933760.0
1701600768.0
-102023448.0
1755599360.0
-1145487232.0
-1542888448.0
2114741376.0
942352064.0
-532796128.0
-1056015488.0
-501431712.0
1688212992.0
-1871147264.0
1329148672.0
-632242240.0
1850014592.0
874203648.0
-975538048.0
-1049630848.0
-736317632.0
-1427614848.0
883615744.0
1085671424.0
-77554952.0
546620800.0
-333150240.0
-1681563648.0
872768704.0
1662151808.0
-2013817856.0
930279296.0
493635872.0
-605602560.0
854683840.0
-1491794560.0
-1302101248.0
-753191808.0
-1903169024.0
1863003904.0
135395312.0
729608320.0
1844706944.0
2069649792.0
713985024.0
792603456.0
1764305536.0
-2137249408.0
-947317184.0
436743648.0
1158450304.0
192772624.0
-1078479872.0
-1329474816.0
1510240128.0
982419264.0
604113088.0
-308423072.0
530477952.0
1108298624.0
1487953024.0
-741319616.0
1976541696.0
1399260928.0
1454043008.0
-301255744.0
-442024736.0
-1354889600.0
44122884.0
1464211712.0
-1715171456.0
646006464.0
2056219008.0
-1889426432.0
785083840.0
807536832.0
82682184.0
-1789701760.0
-627091328.0
-1324895232.0
333535232.0
585476672.0
-1989784448.0
587609728.0
-1543031808.0
-49779564.0
-1146742144.0
708441024.0
-29266896.0
2061565056.0
2009800704.0
916176896.0
1045741120.0
-1268419072.0
-1837535872.0
799898304.0
2097884160.0
-1867318784.0
-2000635648.0
527898880.0
214539056.0
184187808.0
313509280.0
2018707072.0
660558016.0
472340768.0
-1498527616.0
216068320.0
1884787328.0
-498325024.0
-943265728.0
224929184.0
1804981504.0
-1930502272.0
601229952.0
1289992960.0
324709888.0
-1243519616.0
-443576448.0
-754648448.0
-1779772928.0
1859145728.0
-1351894912.0
671102592.0
941674176.0
37302300.0
-1322520192.0
-1378467072.0
1608151936.0
1890259072.0
1971987840.0
-1145178240.0
2036831488.0
-1350461312.0
-1365490688.0
182399408.0
1076596480.0
-365897728.0
-777003392.0
-422458912.0
-2034662528.0
-9128255.0
-1860444416.0
1283529472.0
-502620512.0
-307868320.0
185057568.0
286955200.0
-93619584.0
-592864640.0
1773399168.0
-1149596672.0
-1893523968.0
-1819878528.0
1737412608.0
-370055168.0
-1617614976.0
-2138019712.0
1905728256.0
-218267680.0
-1689514240.0
-1045245696.0
-1173114624.0
1141761408.0
1307940608.0
478690496.0
-782543104.0
141931888.0
1970008832.0
1911885184.0
-1776871552.0
-1296168832.0
-343819936.0
-2128028416.0
-1422289536.0
-133330104.0
1619424384.0
-1210912384.0
-1595731968.0
1207402496.0
-732772416.0
2016543872.0
1400019584.0
-767684672.0
-881942528.0
704636352.0
-1006895936.0
1695415936.0
904274496.0
-390753824.0
1104741376.0
-358569024.0
-285285504.0
1711126912.0
1277058176.0
882010752.0
1045276544.0
266496608.0
-1634295424.0
-165757344.0
1972164736.0
-1489283328.0
-1427521664.0
1089694592.0
-103107936.0
-187391264.0
-64302472.0
15745248.0
-1176466816.0
-124793424.0
608863808.0
-1362672640.0
1907615744.0
1408420736.0
1948462464.0
-1938858240.0
2024795648.0
-1010306816.0
1287608832.0
-1823446272.0
1480703104.0
1620486016.0
-1661047552.0
-1518007808.0
-929909056.0
-407983584.0
825686272.0
-251934416.0
1007581760.0
160329536.0
-504959232.0
-960740480.0
394814816.0
224645840.0
-961080512.0
1459097984.0
-2005472896.0
231503008.0
-1858168832.0
1301433856.0
219048384.0
-1960424960.0
1459123712.0
-1528984320.0
-1601200128.0
-2005289472.0
-953228736.0
1072088832.0
-1304058496.0
901529600.0
-520905184.0
-372919232.0
2011837184.0
-1690233600.0
-1396180224.0
449976640.0
-866375936.0
1694245888.0
-1716556800.0
-1312916864.0
-1804767360.0
-1773436288.0
1997214592.0
-34554104.0
865767232.0
1074037248.0
83015632.0
-692928192.0
1531441792.0
-1183714688.0
-1816334336.0
-1385651840.0
662535488.0
1419838208.0
763836032.0
1549337600.0
1346376832.0
-937129536.0
-1481235968.0
1217623296.0
-329272896.0
-1828964992.0
2014202240.0
-1817053440.0
1709455488.0
194002448.0
-1359524864.0
1412034816.0
88856424.0
-1963927552.0
919998720.0
-179010992.0
424019008.0
-1874382080.0
-1639228032.0
692499136.0
-946651456.0
-282086464.0
-2059689472.0
1907393664.0
-1141799296.0
-253631760.0
1913897472.0
1839844352.0
-215747744.0
-261540496.0
-1963705088.0
1316387584.0
1918355456.0
-1751282048.0
1189069696.0
-432176288.0
314077408.0
-976787712.0
1568647808.0
1172883968.0
1197962240.0
-268768224.0
-637057088.0
1847323904.0
-239033200.0
455196992.0
179958992.0
-881067904.0
-1489481856.0
1507405824.0
810596992.0
574190208.0
538590144.0
-1009423168.0
-1940380800.0
-969955904.0
-591045248.0
-1931395328.0
-224145104.0
228102896.0
-1748303232.0
-339830496.0
-2012768128.0
1034284928.0
-1588328704.0
599857728.0
-779505024.0
1597449856.0
614835392.0
675440832.0
1915335680.0
-835316608.0
1774813056.0
560711872.0
-39580660.0
551323840.0
-992411456.0
-1907520768.0
339192160.0
1637088768.0
-180625568.0
1483918592.0
962675392.0
447009504.0
1871931264.0
-1272250880.0
-1358552192.0
211640480.0
-484952672.0
1367672704.0
-1614846592.0
2070073472.0
1456707840.0
1860685440.0
399503072.0
368626304.0
1637727488.0
-1918449408.0
1142161536.0
2007795072.0
-1984766208.0
-1292030720.0
837149056.0
-151307712.0
-834204032.0
802986560.0
1801458560.0
750197568.0
-1940713216.0
800888000.0
-41729612.0
1608563840.0
1451461120.0
-466604672.0
1015224128.0
-92090048.0
-967580416.0
1868156416.0
1566184064.0
1678766464.0
1762661376.0
1315762176.0
215802576.0
-193011872.0
395108064.0
1513553920.0
1789409408.0
-1162769024.0
1493770752.0
-1805981056.0
-74718424.0
-1509167488.0
1849414144.0
-1541120128.0
-717231040.0
1141174784.0
-22430854.0
-151161072.0
583533184.0
-315411040.0
1402851712.0
-111949704.0
216522800.0
676963648.0
-2021589632.0
1589445888.0
-1738545408.0
-553958464.0
118362704.0
-531553408.0
644073472.0
-110081896.0
-1249940096.0
-2069445760.0
1639120128.0
1224242688.0
-842557760.0
-43633868.0
1827171968.0
-1158803712.0
857243904.0
-1774679168.0
659775296.0
-947731712.0
-1052538624.0
916386496.0
1587720320.0
1032282112.0
-221812032.0
-739011904.0
-1406504192.0
-1161678208.0
-380083968.0
-1642481408.0
1113474560.0
-1886283136.0
-1998251520.0
1867687168.0
-1289849984.0
-1240656512.0
1412127488.0
240093536.0
441654496.0
-562174976.0
305731552.0
1269399168.0
541859648.0
179393600.0
1154955264.0
734283264.0
1999912832.0
-1566815616.0
-3142550.75
117675456.0
-1773869568.0
-1624064000.0
385854336.0
189483664.0
2129937152.0
1581114880.0
-1628981888.0
-325595840.0
729074176.0
1518559744.0
207440784.0
-941956864.0
-1118748544.0
1452314240.0
1443676032.0
-1967112448.0
-724018944.0
1159752064.0
-2105716608.0
1674220032.0
-165330272.0
1769024896.0
1957606912.0
1368294528.0
1969068928.0
85813872.0
1186264576.0
-2057178752.0
432789504.0
744749376.0
-558341376.0
1730930560.0
1051067008.0
-1806157440.0
1009738368.0
1052646208.0
974951488.0
397411712.0
-1916930432.0
700928448.0
1628862208.0
943955712.0
1750071424.0
999011072.0
-40544864.0
-468677472.0
-1311607296.0
-223215568.0
1973478400.0
-748830208.0
-2130215936.0
709360512.0
138051616.0
-830647488.0
1548957056.0
-1001655040.0
147176896.0
-637162560.0
-1156494080.0
-9060183.0
1699796608.0
-1759234048.0
-1887698176.0
934257920.0
-1643791744.0
568072768.0
-1147757312.0
-1988491008.0
-954446784.0
776266688.0
623363776.0
1506977664.0
-1143891328.0
497751200.0
-285663840.0
-1462516864.0
-1455761536.0
-734786816.0
-1269811072.0
-1666460672.0
89988232.0
1872833024.0
748132928.0
-470983968.0
168598912.0
757119936.0
-187236368.0
1089311616.0
1197409152.0
-156403360.0
2057959296.0
-1814625280.0
889404736.0
-209364384.0
-968187648.0
-116722952.0
-1262975104.0
670659136.0
-572534912.0
-1195340928.0
-461490336.0
1056598080.0
-1962097792.0
-1627553152.0
1942569600.0
-597630528.0
1445368192.0
1382570496.0
-1993931008.0
-1971612416.0
1995997312.0
734561856.0
662712192.0
1566973824.0
1783806080.0
-1321326592.0
892856640.0
-1809918336.0
-2125945344.0
2030856960.0
1882962176.0
1587948288.0
89891920.0
-1823894912.0
-1157874176.0
1714083456.0
2104453120.0
-1693877504.0
1220427648.0
448189024.0
1322336768.0
1024975936.0
887827904.0
-1578214144.0
-213255520.0
1608435968.0
-1046552256.0
1559692416.0
1036075200.0
1141309696.0
-1547749504.0
-1293088896.0
1324775808.0
-365386528.0
1049964032.0
658118016.0
1893312000.0
2045673984.0
1000456448.0
105893392.0
-916421504.0
-455719648.0
204659680.0
-1335765888.0
-1099350784.0
145209392.0
-524050688.0
-1075649664.0
-1677627776.0
-1378672768.0
2101553792.0
-1005941952.0
-462983328.0
-26674268.0
-618002176.0
-1783404416.0
-204951008.0
1423431168.0
1648664192.0
340535872.0
1251825536.0
-1553451776.0
122224448.0
345353984.0
1381890048.0
-287365504.0
-735330240.0
622212096.0
1404562304.0
1077787008.0
-931881024.0
-155769712.0
1530004096.0
230599088.0
-41486696.0
1581618688.0
146794048.0
2005464704.0
-1848437248.0
-1726318208.0
2099877760.0
1311234176.0
-361494528.0
1593896576.0
1863670144.0
-1728424832.0
1423454592.0
-20779868.0
921102464.0
845898496.0
1455101056.0
-277238784.0
1051698688.0
-1893197568.0
-503880224.0
1510717312.0
1793684224.0
677596160.0
-1201052160.0
-639678912.0
-1717355136.0
1846446592.0
1169029120.0
412684928.0
-2010137600.0
-620162368.0
1640288128.0
-959261120.0
186298912.0
1859013504.0
2049937664.0
-378599008.0
1000428480.0
-33525706.0
-902477376.0
-334641504.0
427358592.0
-77126728.0
-2124628736.0
1641044736.0
-444750272.0
-989564864.0
451189216.0
-1956368896.0
984569088.0
-676515840.0
-924937152.0
1395852928.0
617487680.0
1650043008.0
982704640.0
-472212832.0
1955195136.0
1328986880.0
-1930482176.0
-252909776.0
1212896128.0
-325564512.0
968915840.0
-95451016.0
-1838921472.0
-1941027584.0
-1501920768.0
-840075008.0
-140333104.0
-671676800.0
2044453120.0
753091392.0
2126394112.0
-1047993984.0
1491595520.0
-1625742592.0
1679807872.0
1151384192.0
-1431666688.0
-151495424.0
-732129984.0
-2132307584.0
-611771264.0
2070365184.0
-2098815360.0
-629002880.0
987909440.0
1987526016.0
-1226729728.0
-757072384.0
-1313913472.0
-318141600.0
-2077075968.0
-1943445888.0
1616592000.0
-1419897600.0
-1577337728.0
-375612896.0
795929600.0
1908332032.0
-2134924672.0
1101928320.0
1154047616.0
-1184909952.0
-195252016.0
-1895494016.0
-1927785728.0
249529440.0
-592547840.0
109042920.0
1473405568.0
1404120704.0
1844160896.0
-894078848.0
1732044672.0
1662202240.0
-2022987008.0
782734464.0
-737957248.0
783237760.0
918477824.0
494003200.0
178238512.0
500293472.0
1344534272.0
1788248320.0
-90729248.0
-1540201344.0
-1112339968.0
1093368064.0
-995848320.0
-1643682816.0
-640789120.0
-404072384.0
-1525956736.0
-2091557888.0
249485760.0
-1210973440.0
1010347648.0
-1160878976.0
-630921024.0
-86680936.0
1584185472.0
957493632.0
1329782144.0
-569724160.0
744855936.0
-294216384.0
-243291600.0
1899300864.0
-307031616.0
313751104.0
217508384.0
1478216064.0
999340352.0
-1362278016.0
1357096832.0
2014306432.0
17762360.0
-56621184.0
269157632.0
-174161248.0
-271295744.0
-635803328.0
-1316697472.0
-1753031168.0
-199698144.0
248975072.0
-1714391552.0
-1450721792.0
-1281023616.0
-166634448.0
-1221070080.0
-1263390336.0
-748093120.0
1562898432.0
-1127883008.0
-1692511488.0
884480768.0
-1058660544.0
120304888.0
996071040.0
-1151557888.0
-337399200.0
1472981120.0
1391457408.0
-1467746560.0
-231381280.0
-388624896.0
1069760768.0
1932970624.0
-1864763392.0
1061147264.0
2057990784.0
383568256.0
1171609216.0
235827776.0
1089868544.0
106384648.0
-1586466560.0
-292473856.0
-1821045888.0
177793648.0
1829877248.0
-954782336.0
747096320.0
-99786616.0
-1648959232.0
-1527318656.0
-1349326464.0
-254214928.0
-487207264.0
-1661222528.0
-1082511744.0
-1646910592.0
993926464.0
424134624.0
-102711896.0
2001210112.0
-536293312.0
252210624.0
-1943405312.0
1390385792.0
477694496.0
-1011185792.0
-296899648.0
-521705760.0
-1044312320.0
-1388827008.0
-213120320.0
-1237955072.0
-1893983488.0
-1358112896.0
206706224.0
-612092672.0
232401392.0
696452544.0
1554760960.0
-135542304.0
1573414528.0
766803008.0
-1028818560.0
988974208.0
1116990208.0
-887037248.0
429580224.0
-1945434112.0
-132634000.0
-787400896.0
-991172480.0
541938304.0
1746901376.0
1475969664.0
-1225008768.0
1619623680.0
1810788864.0
495305248.0
2070054144.0
-1274021888.0
1602167296.0
838715264.0
-1548190336.0
334270464.0
-1922666880.0
169159040.0
-1246960000.0
568396928.0
873515776.0
107356520.0
-1200481664.0
1347102208.0
-1333095552.0
1089896960.0
1570867456.0
443112128.0
-1367867008.0
-70070616.0
-1397440640.0
-1249436800.0
-744360192.0
-335128192.0
-881352192.0
-158205904.0
380614240.0
-594743360.0
892993920.0
723708352.0
-1365653376.0
-1200167168.0
1742572544.0
-2013043968.0
-301102912.0
-2013522176.0
798984384.0
1313885568.0
-443109504.0
-1195321216.0
1344437120.0
1474012544.0
-1257813376.0
-498319616.0
-2019312896.0
-1113845632.0
1934630144.0
443373920.0
-481092544.0
-570562624.0
509355072.0
584120576.0
52216356.0
-380949952.0
2012256640.0
-1272349056.0
-1584783744.0
-1531951232.0
-1454898304.0
1885666304.0
793083136.0
-483483456.0
-1837461504.0
2065717632.0
-1989676672.0
1910477568.0
1330787456.0
-895671424.0
-998436352.0
-1837806592.0
530570784.0
-867579584.0
1779113472.0
1342703104.0
2138462848.0
-158103808.0
1569848704.0
-1935161472.0
879978624.0
4449029.5
-1438599424.0
-2118212608.0
1202232192.0
-837153344.0
-563247104.0
-314692736.0
-1916859776.0
523263744.0
1453241856.0
818728960.0
-1121386880.0
-994116096.0
983803712.0
31381098.0
-1515417984.0
332787808.0
639492864.0
1735669632.0
-196823152.0
-861240384.0
-22704678.0
-1109615360.0
1708509440.0
1589744512.0
1221629312.0
881199296.0
897370752.0
-977621632.0
-673009216.0
36058180.0
-905590656.0
570996992.0
-1012733952.0
-385385056.0
-973381056.0
-353463488.0
1790504576.0
-299292800.0
-406060160.0
-1883391360.0
1052629888.0
-1702740096.0
-1529534592.0
1236097536.0
-1740139392.0
-84879912.0
-771293632.0
575475200.0
1532294528.0
1658918784.0
-236846512.0
123315448.0
427086432.0
-845238848.0
771154560.0
60498496.0
-71731936.0
136763008.0
534875584.0
839984960.0
-974056448.0
-1083204224.0
-1866644864.0
-1016764736.0
1302917248.0
-401271904.0
-483739136.0
1458392960.0
-537713472.0
469698560.0
-1607684864.0
1167867136.0
1122110720.0
47110568.0
1818506368.0
-1921556480.0
1147241728.0
1762855936.0
305445056.0
455802368.0
-1091571200.0
-846867968.0
-1097057664.0
1410156672.0
566444416.0
-1763249664.0
1559131136.0
-673751936.0
834017344.0
1404272384.0
652624320.0
51638292.0
-2076946048.0
-1857268096.0
1498387328.0
-1769446272.0
-1605552768.0
347610272.0
-973069120.0
1521825792.0
850705088.0
-680366592.0
-1141855488.0
1357878400.0
-846468096.0
-1546922880.0
-1406285184.0
437959776.0
765833472.0
-283523712.0
-1269279616.0
1725423616.0
-291986336.0
1761259392.0
-345756160.0
1271267840.0
139837696.0
1890086272.0
811733888.0
195239424.0
-468859904.0
-237644736.0
-2075725056.0
812234048.0
194996032.0
532178016.0
-553495872.0
1681403392.0
1657592960.0
-714348736.0
-485696160.0
-1242062976.0
197609280.0
-609726528.0
-1251332992.0
1831701888.0
-958187904.0
-2094662272.0
1753349248.0
788959040.0
1966834304.0
-305210816.0
-115926880.0
-1162645120.0
85636592.0
105486656.0
-323293248.0
1479954944.0
-1087990016.0
2031820544.0
-1902020608.0
691891072.0
1122676480.0
948294400.0
-1823877504.0
1168564736.0
-162783840.0
-1506289152.0
1438034560.0
-842356480.0
1334510336.0
-1388422272.0
-1706690304.0
1665477376.0
-296974784.0
-415248352.0
-1827034624.0
1337445120.0
-1619983232.0
-3767937.0
-379706400.0
-726919872.0
-228211216.0
-1644723840.0
-1181092224.0
2076093696.0
-1857592192.0
-505324448.0
-1022347904.0
-381380192.0
-986090624.0
1018378816.0
-1089407360.0
185356592.0
1919940864.0
-224127088.0
-1483899392.0
-1016121344.0
-1812476032.0
-265200912.0
1683240448.0
-1230784000.0
1431663744.0
744229888.0
45197556.0
-2060572928.0
91438528.0
1976807808.0
1448415488.0
1644703104.0
998198912.0
1526563584.0
-2009133696.0
-1131143040.0
-1004437440.0
1778421248.0
242899472.0
-544548032.0
-200589408.0
738560320.0
-2026987904.0
-1665249152.0
1763413888.0
-128937072.0
-785282496.0
-1375973376.0
-382714432.0
50422600.0
-1310950144.0
-625266240.0
833859968.0
-261396896.0
-659605568.0
-1709463936.0
200910016.0
-2132007552.0
506327168.0
-909677888.0
-1662376448.0
1971994496.0
600762880.0
-329664032.0
-1437698304.0
-1279900416.0
2139143808.0
-2081178112.0
-689368064.0
451074016.0
1422071680.0
-295631648.0
344920640.0
1767908992.0
-1749942016.0
-1416581632.0
1665168640.0
-1294128384.0
1732512896.0
1879185792.0
-848300288.0
-2145956992.0
-1960292864.0
272352224.0
-1746070528.0
-11183441.0
893650560.0
190540976.0
-457852640.0
-1291329152.0
-63467820.0
1455032448.0
-825069568.0
-1695906048.0
-437698368.0
-216367952.0
20414834.0
-908228544.0
1300493568.0
158805920.0
1590994432.0
-1192795776.0
-719575936.0
-2038151040.0
-1346849280.0
312949728.0
2037609216.0
-2043605888.0
-937540096.0
1805793408.0
-396088352.0
46918684.0
-585903488.0
-844916096.0
-1390212736.0
-1289691264.0
1253539712.0
-1899277312.0
1462785152.0
767385600.0
-994655232.0
684618624.0
1631223808.0
1637814272.0
811311104.0
-194063712.0
1858443776.0
-200790608.0
-773758848.0
591376384.0
-1192171008.0
-1104306176.0
-1957134848.0
-1948881664.0
1501919232.0
855760640.0
228597568.0
-563364160.0
1703915520.0
-1640827136.0
716484672.0
1773229056.0
158648208.0
1783529216.0
-1750410752.0
-850837440.0
-39460416.0
-1647728768.0
-683312448.0
1694562688.0
1066359616.0
1894481920.0
-1596015104.0
-223893680.0
-649366784.0
1716847872.0
-833982080.0
278619488.0
-1399822848.0
1322984960.0
-525251552.0
-1469237760.0
-1127624704.0
939006848.0
-2044330624.0
1932536960.0
538176896.0
-237777856.0
858051392.0
655582720.0
1942155648.0
-149927536.0
932240384.0
-1720219392.0
-161415024.0
-521338144.0
492663072.0
-716173376.0
1582062976.0
-2137549056.0
1221851520.0
1431580032.0
1128543360.0
-119745592.0
-314334944.0
-1442823936.0
-51217252.0
52647036.0
-716025728.0
-892938112.0
397075264.0
1125673088.0
224840400.0
-1656932992.0
772908672.0
1010138496.0
-1822889856.0
-1653095040.0
-1708191872.0
-1581396992.0
-1254276224.0
-1662416640.0
-758215232.0
-385329856.0
-1233510144.0
-1400887040.0
-1913922688.0
-314089440.0
1321897472.0
-441999616.0
-433517152.0
-255488256.0
33981520.0
776234240.0
2042646144.0
-774079808.0
-1820230272.0
1921401600.0
832432832.0
761372480.0
267921040.0
1688478976.0
-1188694784.0
419822048.0
-35252764.0
-1022259456.0
1686871552.0
837358208.0
-618130880.0
279286944.0
-1675004672.0
386760416.0
-1454394240.0
-937121856.0
-1295471488.0
706929728.0
-654950912.0
1443071616.0
1014907904.0
-757150976.0
-1435210112.0
-229926112.0
-428549888.0
-1358028288.0
-246269360.0
-416161248.0
1436339072.0
-774579776.0
-1679529216.0
569897472.0
-79713016.0
1213260416.0
1429372928.0
1725049728.0
1293232256.0
1499424640.0
105382296.0
2003620992.0
845875776.0
-569656256.0
-1218164224.0
1544355712.0
758608384.0
1304381056.0
-1179347072.0
-2024668928.0
-1029330944.0
1377556736.0
-1299186816.0
1114631424.0
-1625313664.0
-1185151872.0
1213012864.0
200306256.0
-310418464.0
-1787291392.0
965880640.0
440045856.0
246746256.0
-1817215744.0
-2106514304.0
-786945984.0
1775068544.0
1439027712.0
-1875048448.0
-1843471360.0
-1887048960.0
-1977987968.0
1332391424.0
453550624.0
114638504.0
355194848.0
1760288768.0
-1842169728.0
-953575936.0
-136082000.0
77727256.0
-683613184.0
-337387264.0
-615806464.0
1739445632.0
1995097600.0
1803528320.0
-1990415616.0
357514976.0
2110672256.0
1396546560.0
-781195968.0
1879531392.0
1531267968.0
-483863232.0
-1254305408.0
-779357760.0
-1951255552.0
1798387584.0
-420337440.0
710185088.0
305949536.0
-1605947264.0
-178067744.0
-322011680.0
1044463808.0
-1090441728.0
-177679696.0
-692956352.0
-250273488.0
-183158432.0
-516266752.0
1652928512.0
1014916352.0
-109614464.0
-1068224064.0
-1509319424.0
1404500224.0
-1614169088.0
-1136597120.0
-765305920.0
-1527903232.0
511244032.0
-1858031232.0
759792704.0
-360063136.0
591876608.0
-741269376.0
1107360128.0
763887872.0
1343260928.0
-1268146816.0
-1147216000.0
-2002222208.0
545668544.0
-2011102848.0
271480352.0
-1085852672.0
-370756000.0
-1503657984.0
1459618560.0
1870072448.0
135698416.0
-204840064.0
-186788672.0
692739968.0
1874311296.0
1793175296.0
-1309213440.0
1130275328.0
1020497856.0
1480072320.0
1047007744.0
-655583168.0
1708706048.0
-791452160.0
-243087776.0
1237111296.0
-1966849536.0
297155648.0
905269504.0
-83710616.0
-60675432.0
-1434830848.0
-314785280.0
-1117051136.0
1296620160.0
1642163456.0
1398845952.0
-1348329728.0
1353002752.0
456712320.0
1864568576.0
978787584.0
191540576.0
-883405632.0
-1115209472.0
-1211588992.0
-2067644416.0
467693248.0
-313473184.0
103059360.0
-1281177984.0
-1334501760.0
630442304.0
795937472.0
-2047891456.0
-524973568.0
509581088.0
-179975408.0
579146240.0
1499497472.0
-1051157184.0
967022016.0
1975974272.0
1878327040.0
-1577758208.0
-878508800.0
846422528.0
37052664.0
706890752.0
-1901767552.0
135849088.0
1677062144.0
-1729465856.0
-531053216.0
-830562496.0
762382272.0
-745724736.0
-1892871424.0
1152127360.0
-886184640.0
1801092096.0
-1983436032.0
892216640.0
1494796544.0
-72126808.0
1707276160.0
241084064.0
2018595968.0
-325046144.0
-1775910912.0
-1837297792.0
1642117760.0
-1388958208.0
-115184248.0
96125584.0
-2065631104.0
218093168.0
-223153856.0
1129885696.0
-453552512.0
1783703168.0
-1274580992.0
396664480.0
-1167580160.0
-851018112.0
70392280.0
-1507307264.0
-397366464.0
-1422831232.0
2135028736.0
2015082496.0
-505981184.0
1262083968.0
-1913211520.0
-430795840.0
892283648.0
1783378176.0
917839936.0
-878396736.0
-639431936.0
-1716404352.0
2134613888.0
935148672.0
-1742774784.0
-1482315776.0
1722163328.0
1949925760.0
-2075586176.0
-625596928.0
1933370752.0
-1984235904.0
829607744.0
-2092279168.0
-1265163392.0
-1024856256.0
-2052154368.0
-1054824064.0
-731619904.0
-1116418432.0
256956656.0
1703722880.0
164819104.0
1658369536.0
-165910592.0
648639040.0
-1962855680.0
963016960.0
-227537504.0
562831744.0
1616730624.0
-2054454016.0
-618227392.0
1273105792.0
-27864314.0
-661012416.0
-629951232.0
-1186552448.0
-817678208.0
-1730263168.0
-514437600.0
1282285696.0
255230176.0
188341472.0
-2071144320.0
-92247632.0
89841872.0
-2091099264.0
-874151680.0
1168315136.0
104817552.0
1932107648.0
-1729381760.0
-685053568.0
-608044416.0
-2071805056.0
1191333504.0
-2113683968.0
-1183231616.0
-1626649088.0
726944192.0
-837677952.0
-2144253824.0
-340368320.0
87018624.0
-627792256.0
-79635848.0
918693952.0
-239889360.0
-1158738176.0
-51655728.0
-1328343168.0
-807389120.0
1185293696.0
-1754917376.0
-476320096.0
1427478912.0
340943008.0
-774426688.0
1908598656.0
-793564800.0
1766463360.0
1223516288.0
126138824.0
1253456768.0
1630569728.0
1442569728.0
-1307312896.0
-1404542976.0
57603532.0
480452896.0
832366208.0
-1029573312.0
-931578176.0
2019161216.0
-1081747584.0
129867048.0
-222386320.0
1171584640.0
630384064.0
934191744.0
-959876800.0
-436539840.0
1871564544.0
-1353500672.0
896240576.0
-680546176.0
1365884032.0
28578268.0
2077660800.0
558668160.0
-137939376.0
-501082272.0
-1289984768.0
-819546816.0
-838709120.0
2110094592.0
44447152.0
-1658175232.0
34926088.0
1931392896.0
441353952.0
1154952832.0
1988383232.0
1516765824.0
1497484672.0
-1877966720.0
-1793979776.0
1698951424.0
-1578638720.0
790501248.0
-1424594816.0
1902972416.0
1037722176.0
-2073957376.0
-1484897024.0
448423296.0
-308824608.0
-686358592.0
1983602560.0
-720967040.0
-1479647232.0
274293600.0
1567722752.0
-1569157248.0
-808180608.0
-1705877376.0
1697467008.0
1186153600.0
312164832.0
-1356073088.0
-428680768.0
1653475456.0
87087968.0
-1482553728.0
1535460224.0
-50963960.0
-51851956.0
1054929024.0
-1332355712.0
802990272.0
242262816.0
-2006509952.0
100827272.0
1931646592.0
358310432.0
-916883072.0
-1719690880.0
-1916151808.0
1367574656.0
1410700928.0
-1802985984.0
-460606816.0
1239297024.0
-1821388928.0
1758307328.0
1675164928.0
-1560110848.0
-1930852096.0
-198447936.0
-938952512.0
712992896.0
202790240.0
1216141056.0
171769984.0
-1309983360.0
-1387170176.0
-185753488.0
-887076160.0
246229136.0
1915003136.0
-895276352.0
-833446080.0
588647232.0
1630074496.0
1547303168.0
-1494604288.0
-907864000.0
89528560.0
-610546112.0
810974272.0
1589307776.0
961429312.0
-2028979200.0
1300860416.0
-819188608.0
1486811136.0
-834551360.0
-407505472.0
451481536.0
1765069184.0
1493509248.0
-6234394.5
10111326.0
-1527797888.0
1309973632.0
-2031476992.0
-1634036736.0
360029984.0
1992939520.0
1413143808.0
-307399712.0
-154885744.0
-1399575168.0
1117321344.0
758077632.0
353848160.0
547825600.0
-2042503168.0
1826856832.0
-1248016512.0
-1518706048.0
349785888.0
-685780032.0
413029856.0
1768251776.0
1859511424.0
2011167232.0
-983483456.0
-2059497600.0
566583744.0
-271339168.0
-1079909632.0
-917250880.0
-522680928.0
-734959680.0
755324416.0
-1870565248.0
-171622272.0
1696908928.0
1684338048.0
1449630592.0
-1523992192.0
1457267200.0
1397936256.0
-671053376.0
632053312.0
1128616704.0
-1743010944.0
-2008296704.0
-558364992.0
1150089216.0
1051262720.0
-1921523072.0
-1981635456.0
-1466860800.0
-738501824.0
-70668304.0
-37640872.0
2007167488.0
69164936.0
-1612446.875
-258476832.0
668919360.0
-1582020224.0
1008525.125
1037187072.0
93089792.0
-1252278528.0
-1272876800.0
-1515155712.0
2113091200.0
-1242385920.0
-1985872000.0
-1884128640.0
-1979287424.0
-1054755008.0
-1302883968.0
-1895867776.0
-1171896192.0
-1453375488.0
-1573218432.0
1746149120.0
1516524800.0
-1704074752.0
1994294656.0
-2063503360.0
1369635072.0
837864576.0
1069291968.0
80645264.0
-1193307648.0
887733504.0
-1061906368.0
1744579072.0
-661578368.0
-1546646272.0
1928273024.0
718565376.0
1990610304.0
-1748479744.0
-1432108288.0
-155928160.0
-694735744.0
-1679872768.0
-1548193024.0
-1917894016.0
-408874496.0
-1524155136.0
1649755776.0
-1713809920.0
1791570944.0
1890422528.0
-731472128.0
1215855488.0
920658240.0
2144490752.0
1833368320.0
-1882830208.0
212383184.0
253268544.0
-969163008.0
412980320.0
-536305152.0
-727067904.0
-379059552.0
-388149504.0
696046080.0
1738623872.0
-353638592.0
1885682304.0
-1016944576.0
1468624640.0
1778510720.0
1595500288.0
1442057728.0
-197659312.0
-1456861184.0
1496247424.0
-381185664.0
1444232064.0
1819907328.0
717629632.0
436968960.0
1491235840.0
-1987086720.0
-351870880.0
71958056.0
-1561421952.0
-563810752.0
1454811904.0
-1552438528.0
-11982011.0
-1110946944.0
1351295104.0
-725464192.0
-244943088.0
872069888.0
-1617495552.0
-943498112.0
-1614782336.0
-22327434.0
-63070020.0
-913562496.0
-1017640064.0
1349023488.0
-1152947456.0
-587554752.0
357046752.0
906051328.0
-1900977152.0
-12748149.0
1981816832.0
1602351872.0
-948043584.0
-389077920.0
-1433549312.0
-612624192.0
1862664832.0
214159184.0
1565389056.0
-548617664.0
-30728796.0
1730834560.0
-1812197504.0
155403040.0
599589312.0
1449180032.0
-571954816.0
1444106112.0
988325184.0
451200928.0
2010465664.0
-440879616.0
1621633408.0
139496192.0
-2122473984.0
522860224.0
-1872193920.0
-1895749120.0
-1064326912.0
-1424840832.0
414506496.0
1495692032.0
-1712543616.0
797021824.0
253272096.0
806279232.0
1285116672.0
1209084928.0
-1701593088.0
1490302336.0
-42375572.0
-94511704.0
-574883776.0
-678144320.0
752356544.0
1494886144.0
-1794913280.0
-141061504.0
1162779904.0
535600192.0
-964561536.0
818241344.0
834003456.0
844334400.0
-495848128.0
-1582630400.0
-592312960.0
-673976576.0
-1081777024.0
-1130593536.0
-1574319488.0
-65970564.0
-2009386240.0
-245445712.0
-2029673984.0
1298464256.0
1640000512.0
95054008.0
-142141920.0
1913393792.0
-1835339264.0
2097475584.0
-395657440.0
59666636.0
-257376080.0
-1526339968.0
-88760640.0
-1165518080.0
2026138624.0
1753422592.0
1639291904.0
-741984960.0
-2457370.0
-1669831296.0
-1262374272.0
852857408.0
-574795584.0
-533352736.0
-1626644736.0
-1468640128.0
2121283200.0
-2013093376.0
282970048.0
-918295744.0
781110272.0
1841914240.0
2069941504.0
1125967232.0
-1502553600.0
584029184.0
-1663934592.0
299620352.0
351450240.0
470283008.0
-1879010816.0
1503341824.0
865819136.0
253925296.0
-1515435520.0
219214112.0
-1579046784.0
806188608.0
172861344.0
-782361664.0
179032832.0
-2092919296.0
-1221758976.0
463477248.0
922669952.0
1103228288.0
-1339626240.0
-992594880.0
1133649792.0
905720832.0
353519136.0
933163904.0
-2014525184.0
346882496.0
26190376.0
-930562944.0
-1793753344.0
-1698029568.0
-1612319616.0
457636832.0
1353276032.0
-1681590528.0
1743626240.0
1050949248.0
-1247786496.0
1079734784.0
1630397440.0
353246880.0
1835642880.0
-1960371840.0
1875558016.0
-244620336.0
-1541539712.0
-986848320.0
1208974848.0
282112992.0
399714528.0
1874052992.0
1658684288.0
-1718794496.0
-1808593408.0
174352576.0
1412652544.0
13130942.0
1443998976.0
-1457297536.0
-742772224.0
41535064.0
1364930688.0
-1643141120.0
93464440.0
-1520135040.0
-925772608.0
-207845808.0
-1066938432.0
1399649664.0
-330666368.0
-1907358976.0
-1625786240.0
-2115416704.0
-659247488.0
522929376.0
989948416.0
1087941504.0
-1249787264.0
-243550432.0
2065267968.0
496486592.0
1232577792.0
-730115200.0
1276340480.0
-303647424.0
1451136128.0
1392993920.0
10527400.0
42380808.0
-1368379264.0
1945393280.0
1139888512.0
2046444032.0
-1396157568.0
2069121280.0
-754805568.0
-1562016896.0
-2051360384.0
1360379776.0
87121488.0
-265010784.0
1065430848.0
-266106656.0
742278848.0
-643712896.0
177981280.0
1037264640.0
1257161344.0
514653664.0
1421831936.0
1159851648.0
914124544.0
1036401792.0
1503984896.0
479987520.0
83708720.0
-1388672384.0
1348249472.0
1680524288.0
-769034368.0
67473168.0
-1229541120.0
1410976000.0
2019464448.0
415337536.0
893718848.0
-1668018560.0
-1741029120.0
-750114368.0
820223040.0
375410592.0
-793104512.0
-2035712896.0
1854896640.0
174775504.0
-1031146496.0
-758950912.0
1999747584.0
-1441638656.0
1520926720.0
1508655488.0
-654656832.0
1544593664.0
2100674560.0
1053733504.0
1993174528.0
-596532032.0
-1187757952.0
23981548.0
1529922944.0
-855640896.0
1474123904.0
1397775488.0
124863928.0
-744757632.0
720599744.0
308505728.0
-1814512768.0
1469761152.0
1851256448.0
410390080.0
8239069.5
1403877376.0
1788894720.0
83370952.0
-49966096.0
416767168.0
383631360.0
-1159561472.0
1826401280.0
2049491072.0
1640584064.0
272910304.0
-1755557376.0
1406549504.0
-264927984.0
399403712.0
-1770349184.0
-740701824.0
-1385267840.0
244406064.0
412813120.0
421125152.0
1119483648.0
-1947482880.0
1550101376.0
-562091392.0
-1374649088.0
-1982031744.0
-711882496.0
568597248.0
-1548994304.0
420499360.0
534683520.0
-691162560.0
-1838229504.0
-13814116.0
-546914944.0
1335758720.0
2133928704.0
-1000630912.0
-1468455936.0
-412121760.0
-1520085760.0
2026017408.0
-289186848.0
-1434608128.0
-634851456.0
544477184.0
-144802752.0
788684928.0
804783616.0
-1976381440.0
-936789184.0
1249965952.0
1835995136.0
-1969899520.0
986662592.0
54169236.0
-1172957440.0
1566973056.0
-421475648.0
-890887552.0
-49438028.0
-2145657472.0
-2131228032.0
2012209024.0
1951363840.0
1741288064.0
-190962576.0
479667200.0
-89803424.0
-636534016.0
-994156352.0
1983430912.0
-2019793024.0
298624480.0
-310265376.0
688709248.0
-207068320.0
1816133376.0
1481977472.0
-785017216.0
393064864.0
-827088256.0
-1483132160.0
702135296.0
-438975040.0
370544896.0
-625218368.0
-1122248320.0
-363538656.0
-497037216.0
518789248.0
-827121472.0
-1262918400.0
1441106304.0
-83378400.0
-1709021056.0
-2114521344.0
1416754176.0
-99643144.0
-822771776.0
-733079360.0
1010217216.0
-563809920.0
-1820024448.0
1976470528.0
-764739712.0
279728832.0
-788264832.0
1722976512.0
1919028480.0
1000577024.0
-971315072.0
-1206762240.0
1280047232.0
2070325760.0
1518755968.0
1954588800.0
-370641472.0
-1162540416.0
-269966880.0
-1305572864.0
-1495145344.0
117101848.0
-1098421760.0
336351392.0
-1131848960.0
-403195584.0
139695808.0
476389312.0
-546682112.0
1075451136.0
1764615936.0
-10709321.0
-947773248.0
1672566912.0
-2135469696.0
151850592.0
-695041152.0
-248477696.0
-282423680.0
-447171776.0
-355522368.0
-811013568.0
614940352.0
-1357212032.0
-1981958784.0
-2010748032.0
1002243328.0
-56027232.0
207437472.0
-1505157248.0
-67159576.0
280286400.0
-509982208.0
687826112.0
358049248.0
1757684736.0
-1508443520.0
930351744.0
-696219328.0
-2138266112.0
563124480.0
1246837376.0
1197918208.0
1806926976.0
-935328000.0
-1276443904.0
476837248.0
-2120668160.0
902676224.0
1328312960.0
-652600448.0
1144018560.0
521593664.0
-248998480.0
-1093855744.0
11689946.0
608762048.0
-1774100992.0
-1226524160.0
-163409392.0
-838095488.0
-1574885504.0
502741888.0
-895757376.0
1931931392.0
1593956992.0
-380874656.0
1952177920.0
-70528848.0
-541384896.0
-1429919616.0
1669789184.0
-1657638656.0
-1382674432.0
-354396992.0
1235853440.0
385372736.0
-381895136.0
1458715392.0
829812800.0
-1685821568.0
1544287616.0
-584409728.0
652644864.0
1653449344.0
1009655744.0
1697774336.0
1769110656.0
-302249888.0
1611476352.0
277097696.0
-191739680.0
1448816896.0
-660271424.0
-1729202816.0
-859727552.0
173921984.0
298675008.0
-201907456.0
1778208640.0
-667413440.0
-163633184.0
845130112.0
-1988987648.0
1807513344.0
876371328.0
173928400.0
-561157760.0
1832327680.0
373555616.0
290653472.0
-466577504.0
1102422912.0
-45994344.0
-1603925888.0
980689088.0
-1123727232.0
817447104.0
-1424949376.0
390762880.0
-791583616.0
576910272.0
-1608975744.0
134849344.0
711557056.0
-2032264064.0
2008492416.0
539078784.0
-340164672.0
-543044224.0
1768160896.0
1781710592.0
-1931837312.0
1649233152.0
1979071488.0
1820593280.0
-840675072.0
-271702048.0
-1092162688.0
1920918784.0
-438721856.0
-2061337984.0
-898028160.0
-1779881472.0
-546265920.0
-457288192.0
1121922816.0
-1474835200.0
572629120.0
-822867968.0
157563056.0
1052704128.0
-1021694080.0
-878005504.0
-1392436096.0
1282030976.0
-2110188416.0
1840926464.0
-756379328.0
960018944.0
-1084868864.0
1068292992.0
364815936.0
656416640.0
2064546048.0
-487707040.0
-198169264.0
1800476288.0
458687904.0
-1532068608.0
1221719936.0
1673099392.0
227231744.0
225190544.0
-217875696.0
-741797760.0
-996756416.0
-1032914176.0
765179392.0
554242496.0
1443957760.0
1370079616.0
-977782080.0
-314148224.0
631500480.0
1538034560.0
-507398592.0
2145120256.0
-1183885952.0
-1537215232.0
-1370868736.0
1302250240.0
876547840.0
-913949760.0
-1645962240.0
-689424768.0
1741227392.0
-344177216.0
64082700.0
197833312.0
1093700480.0
1017238848.0
729660800.0
-1566519296.0
-956553728.0
1334686464.0
-874625728.0
-2145783808.0
380604000.0
894117376.0
-2048494848.0
608913088.0
-370178784.0
111445560.0
1089057792.0
1087126528.0
-1539456640.0
-300628288.0
969450944.0
-635856960.0
-1760293376.0
1161602432.0
1313026176.0
-739532864.0
1172735616.0
-702825216.0
947646912.0
605506560.0
207451856.0
-1121065088.0
1688411648.0
-334618976.0
2117732736.0
468988704.0
-62475400.0
-1628174848.0
357800256.0
1680571392.0
-1613901312.0
617165312.0
-1402833408.0
-1491069696.0
-1305997184.0
1845636864.0
-509309472.0
1537494784.0
163622592.0
-1485825280.0
-1783896448.0
-624065536.0
-562870656.0
1771913600.0
1014202560.0
211806144.0
2112542208.0
2134752768.0
2015482624.0
-450312672.0
-1840975488.0
-1872448768.0
-713270144.0
-1088280320.0
932202624.0
237601632.0
-1264779136.0
785527680.0
-627567744.0
-2129968256.0
1894178688.0
-113264304.0
-1599257088.0
-1828182144.0
619580032.0
1088921216.0
-1123147392.0
-1076619648.0
478976096.0
154351200.0
-454286560.0
-810566080.0
-712366976.0
1215095680.0
851465536.0
1722622208.0
823036480.0
-301983328.0
1155767040.0
-572023168.0
-1149462272.0
1659942656.0
-131437288.0
66702616.0
441952192.0
2036254720.0
-478336480.0
-1381637760.0
-1013181056.0
2084317568.0
1711264128.0
1856489728.0
34070728.0
-275007936.0
-1011243968.0
-1454534656.0
359847392.0
-552857024.0
-1524183808.0
2019295872.0
303072064.0
1543277568.0
-803272768.0
-1986821376.0
674722880.0
-685508032.0
-1311280256.0
1013829440.0
1070591232.0
-1469626752.0
1266308352.0
-1188180480.0
1109400064.0
-1131757568.0
-807650368.0
-445343712.0
-680961024.0
1976184576.0
2029982080.0
1725259904.0
1458083456.0
-102453176.0
-97269024.0
775048832.0
-479424416.0
-1931394560.0
83998808.0
-1532341888.0
501905312.0
-600669248.0
-1552310784.0
-191693136.0
1884339712.0
-200579216.0
1462142208.0
1448524800.0
-1139182592.0
-435710880.0
-1114757760.0
616527360.0
-2091767680.0
1234537600.0
476810208.0
-1231778176.0
-1000722240.0
-1055443648.0
-1319595136.0
-1931906176.0
1255850496.0
-1711923.625
-645907200.0
1217523328.0
-1503446400.0
201127968.0
2128876288.0
-265624496.0
-1219182208.0
571481984.0
324994592.0
-147387184.0
-513364992.0
-1653576960.0
-1128426496.0
1904539648.0
-2120413440.0
-1383894016.0
661998080.0
-1081799680.0
1171926912.0
-724201152.0
233572832.0
-457491168.0
-631699712.0
-980069120.0
-2105527168.0
-1437591424.0
301414912.0
27726978.0
-810038208.0
-320912096.0
827971968.0
-768754496.0
-457287040.0
41804128.0
-691144896.0
-2058277632.0
-1878217856.0
-1870170368.0
1957470592.0
1470032384.0
1872766848.0
-986212288.0
-1041015808.0
-1484270720.0
567260736.0
852238720.0
-1401158528.0
561448000.0
1973955584.0
-174564144.0
-395772352.0
2108509824.0
1317896192.0
-1237103104.0
2103959680.0
371296960.0
-574221952.0
1518965120.0
-783793600.0
103808680.0
1469825536.0
-1930690048.0
320218144.0
1573399552.0
-1689244928.0
1323511808.0
-1896367744.0
-1053662336.0
969430016.0
702688000.0
1759464960.0
208353104.0
53145512.0
2101140096.0
-1189756032.0
-1603187200.0
1052865536.0
50213224.0
-541363840.0
974333120.0
1443776384.0
-288124480.0
1267702272.0
-1142741120.0
-241511712.0
1681444480.0
394828352.0
-1327409664.0
633491392.0
351705984.0
559742144.0
-616111552.0
512616736.0
1023676992.0
-799682688.0
-1293724288.0
-1518650240.0
-214696704.0
-1976773248.0
613575488.0
74687640.0
1359281536.0
-1569390592.0
121072400.0
905742784.0
-605300544.0
-1104852480.0
-1152853376.0
811742208.0
-2116423680.0
1189059200.0
-2073800704.0
-104544544.0
1760978944.0
182208336.0
-675529216.0
-1200641152.0
-826788032.0
858198592.0
-328218496.0
1105349760.0
-1435092736.0
953817088.0
1740152960.0
2013515392.0
1492495360.0
-1632937856.0
1645093760.0
1899158272.0
357598752.0
-2104452736.0
-1930884352.0
-836458880.0
1012970752.0
-6303078.0
-2130003200.0
-1968448768.0
102866296.0
348676704.0
-1911428480.0
250063952.0
-1395246208.0
1031500672.0
1761909888.0
-1020132288.0
813024448.0
-1369102976.0
1424773504.0
-462204384.0
-1041026688.0
-205380352.0
-1121611136.0
-317911168.0
-1074076672.0
-1527036416.0
-610884480.0
-1718377344.0
-1215376896.0
-1809877120.0
1059631424.0
458463232.0
-663731008.0
1490785024.0
1465317760.0
1600859264.0
1937294720.0
1282413568.0
1622941312.0
-2031941120.0
-805652928.0
-1672229760.0
6772374.0
-1287155584.0
1450938624.0
149724560.0
-1688929280.0
-1944876672.0
2034191104.0
-1847373568.0
1426025472.0
964849984.0
-2096660608.0
-167793264.0
1561801856.0
13372906.0
-515643232.0
-714826624.0
-1242457344.0
-771841024.0
-407439360.0
-1217403520.0
413539712.0
790509184.0
-1925352064.0
42310476.0
-750038528.0
2113186688.0
-955835008.0
-190464432.0
394302880.0
981470656.0
-619166976.0
137876992.0
1900258816.0
330355680.0
626180672.0
1111828096.0
2077247616.0
1027590080.0
1432897408.0
1972689920.0
-1408028800.0
1313938304.0
1963710976.0
577025664.0
-2079604608.0
1456943104.0
-920414464.0
-1633351680.0
-346550048.0
-103148288.0
1788231040.0
-2013759488.0
163631440.0
1420501888.0
-831468160.0
891979584.0
457145504.0
1469931136.0
849364224.0
-1158239744.0
-186643888.0
-1929262208.0
52546496.0
1627053056.0
2028438656.0
904920256.0
1107714432.0
-784956096.0
1940895872.0
-180080208.0
1606912768.0
477571680.0
-723672960.0
973354752.0
-987108544.0
-391403264.0
-286912736.0
-1111843072.0
2109080448.0
2089450752.0
1097305344.0
1531813376.0
-17130842.0
1026384512.0
963908672.0
-1242283136.0
-1738404736.0
-51981748.0
1968930048.0
-1970242304.0
-750836992.0
947722624.0
493368128.0
415346016.0
-1045254272.0
253777056.0
-835091776.0
430827648.0
4634100.5
-2081063936.0
-1787906176.0
718857984.0
-2076174592.0
1491131776.0
-168122144.0
1643075712.0
1667095552.0
1095472384.0
1070253952.0
877378624.0
967678912.0
1034184256.0
1335560832.0
-1555492864.0
-161610704.0
-382387712.0
1276841600.0
-1532086656.0
1273634560.0
168032592.0
28758838.0
-1836709248.0
-69485936.0
-1769560192.0
1830508288.0
595217792.0
-1000593472.0
-1433271808.0
-78047288.0
590531392.0
-565739904.0
-1050586944.0
969924224.0
1545864192.0
1144305664.0
1555344128.0
1679833088.0
1396345472.0
584552640.0
-232510000.0
-1414614272.0
681870144.0
345764832.0
672314880.0
-568935232.0
1916616960.0
-1658128384.0
-1887496832.0
-317205696.0
-309662528.0
1112101120.0
1589092992.0
-1644929664.0
-183564256.0
333416640.0
-1430990976.0
894645760.0
-1892471040.0
331556160.0
776836800.0
-1492408448.0
943456320.0
150082624.0
863789184.0
51948204.0
401140320.0
1531582464.0
389588576.0
27442694.0
506810368.0
-374097216.0
-615232256.0
-47600452.0
2045130240.0
111415632.0
1721129344.0
-40645044.0
1277376768.0
1171333888.0
627064640.0
381730752.0
-1821073408.0
169452480.0
772109568.0
-1755777792.0
-1657487616.0
309392256.0
-1571807616.0
-149472352.0
-47467640.0
1488015616.0
-750112320.0
396404032.0
-1302532864.0
1590879232.0
-1910344832.0
-1623802112.0
1320864384.0
301593152.0
1670152448.0
188865968.0
2004798464.0
977015616.0
1661671680.0
18214042.0
1498544768.0
-1803337216.0
-148809840.0
-615491968.0
1059735424.0
1697493248.0
1835158016.0
2036965888.0
257463088.0
-2077121792.0
1164760448.0
-1825076480.0
-467255328.0
1264949376.0
-715809408.0
-1420076288.0
-1187128192.0
-1802077312.0
-1989949952.0
-865554048.0
-1192944256.0
745642944.0
1955911296.0
-1668431104.0
-1058145408.0
-1493598848.0
55696312.0
-1319390336.0
133282576.0
-1514341248.0
-1524807552.0
-723745088.0
371361824.0
1839381888.0
476150400.0
-188112336.0
903738624.0
-1461208320.0
2122490496.0
1770799360.0
-1948640384.0
-498997120.0
-299052576.0
-1789387008.0
1986299904.0
80103192.0
1542123008.0
1648640640.0
532811584.0
-54220660.0
-112867120.0
-1475949952.0
-998538176.0
1349869184.0
-1137747968.0
1224345856.0
-1251316608.0
1163993344.0
409524256.0
-1417945472.0
393725664.0
1893470208.0
-995810752.0
-838573248.0
1659048320.0
2115602304.0
-933877696.0
-323291488.0
1576533376.0
1404156032.0
1669666688.0
2026990592.0
-984213952.0
369304384.0
-1968602112.0
-2074909696.0
1108385408.0
1670601984.0
1456883072.0
-359273856.0
545616832.0
-1829290624.0
281687232.0
-879990976.0
-1923158528.0
-604065984.0
-1570396032.0
494765984.0
636231296.0
-2034342656.0
1725353728.0
1499637632.0
-1688939520.0
-215251888.0
-316270080.0
1869245568.0
-1274526848.0
-793602240.0
-1697133824.0
-539538048.0
-981551744.0
-1540409216.0
-130872408.0
634662464.0
380516992.0
-277758176.0
-2123147264.0
1249303936.0
-1772100864.0
1005002944.0
216992464.0
-541874688.0
-1698147968.0
281650336.0
723965888.0
805769600.0
2109298560.0
1630915584.0
-667982144.0
621194624.0
-1183904128.0
-454378208.0
-1969669504.0
-376537792.0
2121836416.0
1556604416.0
-1012620736.0
-323911136.0
1056036224.0
-2006700672.0
1664079360.0
-267170960.0
-1929855232.0
-1735134720.0
-804654592.0
-1601345280.0
82099832.0
-236052944.0
1004205312.0
-1220121728.0
-1308410496.0
1131157760.0
-854815808.0
-1927088384.0
1239917056.0
364641920.0
1433808128.0
-1949345280.0
-1263481216.0
680700160.0
1598454144.0
1582645760.0
2070080128.0
-662437760.0
-508859040.0
2118469248.0
-580596544.0
-664374272.0
-2020202624.0
-359141984.0
-318413728.0
-988568192.0
1227043968.0
1245008640.0
38217284.0
-1060112512.0
-976932416.0
1445420416.0
-1275821312.0
-1158244992.0
-166806976.0
-444009984.0
81103016.0
-123423232.0
2099786624.0
925031808.0
1744544256.0
-963088320.0
28054908.0
1694274560.0
1145884672.0
409417696.0
-489322368.0
956308352.0
-582920320.0
72808160.0
-1168440960.0
-1404213632.0
-1304130688.0
-660002304.0
-1592164480.0
2049978752.0
1140257152.0
1291030016.0
1982928896.0
75694520.0
1817135232.0
-1280060800.0
1367345920.0
1207549440.0
-1475724672.0
-1208631168.0
874988416.0
968077952.0
1569429120.0
946930560.0
-353292352.0
-625696576.0
1344787456.0
1721744640.0
-1431005824.0
-301029344.0
795030656.0
1830329216.0
237856464.0
1898479744.0
-1829284352.0
-816868608.0
384923776.0
-642821056.0
1286612096.0
-718093568.0
95571304.0
-739096704.0
-1735738624.0
-1883479936.0
747406336.0
-1161206528.0
-1839417216.0
-1766661888.0
1552180608.0
1749201664.0
1313996928.0
-373379328.0
-1826574464.0
2021907584.0
-1412022272.0
-2098631552.0
1372985472.0
327428128.0
-1722051072.0
385541344.0
-855781184.0
2067958784.0
928455360.0
-971194688.0
340635648.0
-1370764800.0
-281359872.0
1058823360.0
1203672576.0
-307958048.0
-290401952.0
1351220352.0
1175214464.0
514423648.0
-896107584.0
-1111645312.0
-1567402368.0
842589184.0
1786381312.0
-628471488.0
-1129438848.0
1864300672.0
1898316288.0
1205544448.0
848377600.0
-1023029952.0
1827444992.0
1218458112.0
783049088.0
895687552.0
626002368.0
1580170368.0
-1084507648.0
141060368.0
2094062848.0
-1695271040.0
137202064.0
1387098752.0
928476608.0
872044288.0
1030755264.0
1500931456.0
489859968.0
1397111168.0
117855712.0
-1436812288.0
1736421248.0
-731520960.0
-644742080.0
2039086976.0
-753357760.0
-1880379520.0
-829672128.0
-939535936.0
543733248.0
2124785280.0
-2091282048.0
-345623968.0
366176000.0
367514688.0
-2146333184.0
326328096.0
1172104320.0
719754944.0
-895707520.0
-1470514432.0
-98490008.0
-610908800.0
-1785072512.0
2025052672.0
313233760.0
659341248.0
1697057024.0
260919920.0
2126122752.0
1678040832.0
1757772672.0
-1164200832.0
1543930496.0
-213195904.0
1906965376.0
-1535621376.0
1761833600.0
-2067103104.0
-397505120.0
1888558464.0
1907781504.0
506773536.0
57011672.0
-91806080.0
-1338290944.0
591251392.0
486770752.0
787879872.0
-131422440.0
-689256064.0
-1176528512.0
823298304.0
-1423145984.0
2032727424.0
-1974901248.0
-112265800.0
919059072.0
-1757586816.0
-2131525120.0
-628707328.0
-104934440.0
-1214658944.0
-952572352.0
-284590528.0
-1506742016.0
803266368.0
688638464.0
1510937216.0
593027264.0
636040576.0
-1463036928.0
-166357360.0
940152256.0
-801035904.0
-983320768.0
1715228288.0
973045760.0
-2127019904.0
1698672896.0
1581029760.0
-2089147264.0
1114289152.0
406511776.0
1177158912.0
1901216256.0
-1208673920.0
1433255680.0
-1314080384.0
-1131238784.0
568016960.0
31542516.0
-1383124864.0
-1344291840.0
747285568.0
-1596255360.0
14631543.0
-2076667648.0
-1331777536.0
-812408960.0
-1102410880.0
1861605120.0
92926864.0
379281664.0
2044313472.0
1082030080.0
-813391232.0
-1236615552.0
1898455680.0
-1840283008.0
-1469434112.0
662437120.0
1289261056.0
1071395200.0
132316448.0
1908618496.0
1887230976.0
-1828154624.0
1508970624.0
-2007400192.0
1264251648.0
1471178752.0
-395563104.0
-676280064.0
1155408768.0
-232590320.0
864612928.0
-171591904.0
-1775893632.0
-1677604480.0
87981920.0
-979186304.0
1168726912.0
1289103872.0
1598766592.0
731276224.0
-668940800.0
442482528.0
-1542725504.0
1159229440.0
-1568346368.0
1668639360.0
-1354231680.0
-1653221248.0
-43766496.0
-1333820288.0
1775843584.0
-2116643840.0
-773779200.0
1545146880.0
1235475456.0
628363264.0
607059264.0
1302074368.0
859708864.0
-1138804608.0
-2090733696.0
1822911616.0
-523322496.0
-1032588480.0
2044950144.0
-1590621696.0
671637760.0
171463856.0
1881074048.0
334623488.0
1250562944.0
72178320.0
1544699520.0
793627392.0
1401789952.0
1621981952.0
-1764939904.0
1375533824.0
1499852544.0
1362542208.0
-1568247680.0
706669440.0
977426496.0
-1489248640.0
-1237970816.0
-46937712.0
1984913792.0
1695740032.0
1995839488.0
-1504570880.0
675825728.0
176680048.0
-731019520.0
-967646592.0
865008064.0
-431233728.0
496066496.0
1331435264.0
1762027648.0
219302848.0
-698478016.0
961550080.0
-1976750720.0
186536336.0
-1837435648.0
368530624.0
-1171393536.0
2069880704.0
-7963241.5
-2020052096.0
-642686208.0
1459140992.0
1170880128.0
-1754544768.0
483452416.0
-1938696064.0
544304320.0
1083020544.0
-1083726080.0
689206272.0
112628224.0
-784040640.0
-1872246144.0
-1530936320.0
1727538176.0
1569610112.0
-1606943872.0
1443379840.0
570524800.0
-783944000.0
1343194368.0
2056612224.0
163979200.0
-1428729984.0
-830601856.0
637444032.0
1938812544.0
590742208.0
383348160.0
-2003175808.0
-1302870784.0
-1424425856.0
-1115407488.0
1994465920.0
-806094208.0
-124890008.0
816643392.0
790693056.0
-741684352.0
1623965952.0
397618144.0
1213632384.0
1278467456.0
1359328512.0
70396264.0
1253059200.0
2025325824.0
-867845376.0
-1455601280.0
-1849378560.0
554730048.0
306400512.0
1515889024.0
2018547.125
99252840.0
1874628992.0
619701760.0
103633496.0
2012472064.0
-1825741568.0
1736334592.0
2102691456.0
-381162592.0
108264792.0
345698880.0
1878309504.0
238504240.0
-1283883008.0
-403864512.0
-86439104.0
606280256.0
-735793920.0
2029202816.0
471476320.0
-306484384.0
515940864.0
591244224.0
-443023680.0
461550720.0
-971756608.0
-34493228.0
-137677264.0
1790095488.0
1916351872.0
-1070626368.0
1632090368.0
1314658688.0
-391992160.0
1318256896.0
-1218732800.0
335348864.0
-373303136.0
-1178534912.0
-1774688000.0
1533664256.0
-1637654656.0
602524736.0
-779102400.0
87866944.0
-1712336512.0
-2019128448.0
-2010851584.0
-391725632.0
-877192704.0
971222144.0
781417024.0
463748480.0
867736000.0
-208321744.0
-1056796800.0
-835612928.0
-1252287232.0
1269226240.0
-222218736.0
1210951680.0
49326660.0
-1379482752.0
1467704320.0
-169346416.0
-280848224.0
1528246528.0
1017662144.0
1038037184.0
-1865730816.0
-770720192.0
-219989904.0
-949312128.0
1073434624.0
878565952.0
1356978048.0
394889920.0
1383781888.0
2054644224.0
1576345216.0
-1327593088.0
-1436341120.0
-138589424.0
-1958887168.0
1650711168.0
-382073920.0
-1813646464.0
1517804416.0
-431695104.0
-658498176.0
-649745856.0
1597171456.0
-2108564352.0
999317504.0
-727623680.0
-656547136.0
752725440.0
1120737280.0
1740021248.0
-2132781312.0
-1211457152.0
-543992128.0
1160240896.0
1999193088.0
1651231104.0
326412576.0
-446199840.0
-539000512.0
-1249920512.0
2085920000.0
-1011917952.0
945369984.0
298635232.0
-1201426432.0
1139711744.0
-875835200.0
65850412.0
1821552000.0
266218528.0
-808134144.0
-356099072.0
-1810630272.0
-1223700608.0
-1590514432.0
1059105728.0
722347392.0
1821502592.0
-246699792.0
635322560.0
991984960.0
772376576.0
1752135808.0
-2110859776.0
143132784.0
-1513498112.0
-153703328.0
-2054120576.0
-713919104.0
902079360.0
159008096.0
1986885376.0
-489784448.0
1777041408.0
944257728.0
1240927616.0
-1616536192.0
164702784.0
-336082816.0
739960960.0
-1684307328.0
-274159008.0
-1764312832.0
-81256360.0
-44731556.0
620460224.0
1580059904.0
-130879656.0
-792242816.0
-165452432.0
433821344.0
-659317504.0
-2010143616.0
1019720768.0
-592662656.0
944085824.0
1235895552.0
863513856.0
8138232.5
-1165392512.0
-1093348608.0
-1785069952.0
1566317312.0
250977136.0
-1073898624.0
668439872.0
-25558206.0
-434084704.0
1639804160.0
1940977024.0
-1195516800.0
-1378850688.0
-397357184.0
-511244672.0
-2129240448.0
2019205760.0
-670558336.0
1192949632.0
-218517888.0
-154016320.0
-565589696.0
1675544576.0
1766821760.0
-1036769856.0
-89582688.0
1099702400.0
723034432.0
-2076228352.0
-466605728.0
649643648.0
1924708480.0
264187392.0
93642184.0
-1798978048.0
2075742720.0
1873520896.0
-1439992192.0
-168153488.0
-607312064.0
-1806632320.0
-1745951104.0
-913913664.0
457505248.0
-1663329280.0
1457676544.0
1311388800.0
-2062061952.0
550987584.0
-618308992.0
-2144862720.0
703914048.0
-1362534528.0
935402432.0
181803040.0
158274256.0
-85161608.0
1161728128.0
1167121024.0
-1726512384.0
-545029056.0
-358984704.0
545245952.0
-1811604096.0
-1004167616.0
996384512.0
-1337003776.0
84227496.0
152549552.0
-207978720.0
1863659136.0
-1652743424.0
-1839215872.0
824542336.0
1677833088.0
-958040256.0
-1346074112.0
1163878144.0
702795008.0
-56570676.0
165989776.0
494606240.0
154241088.0
594451840.0
-1785996928.0
-2031572096.0
213027392.0
1911702784.0
-1866876160.0
-2011819392.0
1768772224.0
-2095404800.0
923863680.0
225830144.0
1416325504.0
-23779068.0
-1387763584.0
-1525111168.0
-1990317824.0
549738368.0
1026229312.0
1223978368.0
-816955008.0
-1032678464.0
1606319872.0
-1469450752.0
-1186738304.0
-2010787584.0
-1450503040.0
-779210112.0
1496246656.0
-908221504.0
-582645440.0
2113693312.0
-1313677568.0
-1635946880.0
-1448117504.0
-73793344.0
-355969280.0
1106168576.0
-63451096.0
1048019904.0
-2116133632.0
1544398080.0
37009892.0
2098955136.0
-1042532352.0
1703322112.0
-215473008.0
-365573536.0
519182304.0
38522448.0
1318466816.0
-813406144.0
-744809152.0
-643718528.0
-1598159488.0
179391344.0
1767870592.0
2121695232.0
2106393088.0
1569855744.0
118310928.0
1349758592.0
-151937264.0
-1732526848.0
2031327744.0
-619475904.0
-511839168.0
102378720.0
1587336832.0
-1359761792.0
1290430720.0
-2090483712.0
1817884672.0
117100024.0
1754064768.0
-539956160.0
-1919620608.0
1950283008.0
-260162656.0
-1783654400.0
-1257445376.0
1733104512.0
-1502487296.0
462052832.0
157596416.0
-581755200.0
-432086720.0
-1557364480.0
772777600.0
840399424.0
581061248.0
1876674432.0
1361078656.0
-1074309760.0
-1481527680.0
-881733312.0
-784969984.0
1807364608.0
-1094950400.0
404141984.0
1447244032.0
-516450496.0
2117355648.0
27500972.0
-448048320.0
-230741200.0
432012832.0
-560156352.0
2048720000.0
-812641600.0
704935104.0
-1457798272.0
738529664.0
1150260352.0
-93289672.0
-932136512.0
-1292951168.0
-195565600.0
702063744.0
-1369266944.0
1812342912.0
676358336.0
-1287425792.0
660544576.0
-1054628160.0
-2008064512.0
625671808.0
683766656.0
654015488.0
1927271296.0
384164864.0
419206240.0
1309534464.0
-1005155200.0
936403584.0
1265851904.0
-773337408.0
468026208.0
897334336.0
-680614272.0
-2110872832.0
-1776830848.0
-1866095104.0
1705400192.0
1164960640.0
-21781982.0
-1156516992.0
-1297096960.0
-1848540928.0
258425952.0
1844323584.0
-1049361792.0
-981503040.0
1011014208.0
-1390606464.0
-1696059648.0
789955968.0
-578064384.0
-1802138368.0
361895200.0
-1175800576.0
-745108928.0
1652821888.0
-1278138752.0
-1361437568.0
-93273320.0
-906152768.0
187857488.0
-206493216.0
940630528.0
1012027840.0
1693299328.0
1490093824.0
641204928.0
71580672.0
-1949037952.0
-1294786048.0
-1214770176.0
-150479520.0
3476414.25
2093970176.0
-1803811584.0
2102471552.0
1056526336.0
-1528427392.0
-708436928.0
296823264.0
-1285649280.0
1915914752.0
157955888.0
-1719033.125
-159457744.0
310552832.0
389631200.0
-1902047104.0
2036080768.0
-800868992.0
-349977696.0
2041075456.0
-660589696.0
68367128.0
710019264.0
-1244963072.0
-871303808.0
400651968.0
-46268032.0
1345920768.0
-564818304.0
1224926080.0
-1070853184.0
-314190656.0
-1011327488.0
-1889541248.0
68947872.0
-932176192.0
1195709184.0
-1122470528.0
507087232.0
-775642560.0
-1896022400.0
-1248177536.0
-1771808512.0
-237352368.0
1193892224.0
1050498048.0
-633266944.0
1768871936.0
-146073712.0
1869302912.0
-351279168.0
752593088.0
-2056674560.0
1635072384.0
-430220480.0
1255419264.0
-59181588.0
89308464.0
1252377856.0
1991284608.0
1889409024.0
191391280.0
614173568.0
-2118890624.0
-1270864768.0
-1479848960.0
1504035968.0
-198457552.0
1976678016.0
-348796704.0
2136151936.0
1814700928.0
1374656000.0
1789158144.0
-616651328.0
1367200384.0
-1181253120.0
-1756457856.0
340059040.0
-1501747072.0
-1581065728.0
211498720.0
1373176960.0
-1595534592.0
-15800463.0
341498720.0
2124894976.0
-1324456832.0
82060960.0
-749936832.0
1901990016.0
170576768.0
23492582.0
-1399111680.0
-168675776.0
1687431296.0
1580079488.0
1730547840.0
-167924560.0
-544650048.0
216594432.0
1212678400.0
-524874720.0
250592464.0
1368241408.0
-540089792.0
1381635840.0
-333885376.0
-477621728.0
-1473419648.0
-592279744.0
1419116416.0
-1231047040.0
-498064768.0
-1078771968.0
1495139072.0
1423674752.0
-1138654592.0
252883600.0
-430476032.0
-717451584.0
1220801792.0
-118915936.0
375535328.0
-732067584.0
655100544.0
-1408816768.0
-1095004544.0
-1442761088.0
-1792214400.0
2145412864.0
394760416.0
-1216372864.0
1308550784.0
422420928.0
523762688.0
416877760.0
1958905856.0
395725344.0
292505184.0
44513244.0
-1769117312.0
1997799808.0
-1308557824.0
-749719168.0
-1564234624.0
-187374976.0
54892444.0
-1877727232.0
2005051776.0
614691072.0
852058496.0
1249631488.0
1376380416.0
-1026468032.0
-171116032.0
-282252736.0
1488757248.0
-754287872.0
756171776.0
-1677454848.0
104744280.0
951844288.0
2008402048.0
-1029178560.0
1610899712.0
183015104.0
-1522190464.0
226735856.0
1617452672.0
1704193664.0
1150267264.0
162518784.0
1136977536.0
-7111195.5
1490153600.0
443761056.0
1982617088.0
-1226228992.0
-1647474304.0
-1135766272.0
356046176.0
846731584.0
-1536290816.0
674473920.0
-1277317504.0
251327120.0
-479834592.0
-1237745920.0
1829758976.0
-778827136.0
-1342674432.0
-1135281152.0
-635937600.0
1393237376.0
-821597440.0
1655030656.0
-1221479040.0
1907022464.0
988097536.0
-1000128640.0
1042184960.0
-391814112.0
395587520.0
-1669511808.0
-1139632128.0
574041472.0
-1894659712.0
1326725504.0
-709944448.0
-440996096.0
728378688.0
1171320320.0
-733274816.0
-96311136.0
435854720.0
-646315136.0
982254144.0
913159872.0
-756100416.0
1951840768.0
1054690368.0
-1742667904.0
-149470320.0
1954199936.0
2115542144.0
48575344.0
-1468448384.0
1893220224.0
-1771838720.0
2098706176.0
-195215040.0
-2123288576.0
-625828736.0
1762007296.0
1176431488.0
1707243904.0
1456883584.0
405062592.0
-1081708800.0
1401750272.0
-1892756992.0
384437216.0
1986098688.0
1285848704.0
-813939648.0
1102252672.0
1129079552.0
1842721024.0
-1289548928.0
-1502680960.0
-1512880256.0
-2121389952.0
247560352.0
164378976.0
-2107036032.0
-410181408.0
-11450202.0
-84034048.0
-1799263744.0
2115486848.0
-1711964928.0
1861902.0
-878926528.0
1330999296.0
1235305216.0
-1268101248.0
2038450688.0
-302565856.0
2005637760.0
1629036160.0
-1690926208.0
453316448.0
-1949377536.0
-525565024.0
-781166912.0
1913639680.0
-988442560.0
-1070257344.0
-998871296.0
641309632.0
1155374208.0
1104728832.0
113561944.0
-1887328128.0
-1731327232.0
-1475356928.0
-1168114816.0
-87422936.0
-1799453824.0
1380586112.0
1457766656.0
580749504.0
-1823295744.0
-1336820224.0
1083241344.0
818827520.0
1732054528.0
-340203456.0
1451275392.0
-1646727936.0
-357102592.0
-224291168.0
-1092551552.0
192749680.0
-930852096.0
-681716480.0
-1328406400.0
-350524608.0
-1336452352.0
1522506752.0
1857677184.0
-1964461952.0
41510060.0
1144561664.0
983421952.0
-774250240.0
-1743481472.0
-182381488.0
1830937472.0
-564002368.0
2029691776.0
-798371456.0
1215631360.0
121040352.0
1477689344.0
427924896.0
-2116860032.0
2096364032.0
-1249642112.0
1819105280.0
-637714112.0
-90517192.0
-274390176.0
1269415680.0
134866560.0
1765476352.0
-1749249280.0
1837442304.0
-1893608704.0
-556880192.0
1723842304.0
-1958328064.0
789537856.0
76402544.0
-1942750080.0
-1870518528.0
1006461056.0
-1559477376.0
1294017280.0
349675328.0
97908288.0
-305567392.0
937096384.0
-408356800.0
-1356691456.0
-478275040.0
605789952.0
1788898688.0
-1034188544.0
-778220032.0
817636864.0
770591616.0
-1324120064.0
-2017256448.0
-1416975360.0
808247552.0
-593006016.0
1558588928.0
1243105280.0
2137920256.0
1251120512.0
204270768.0
-1732553728.0
1954127616.0
-15693510.0
1298754560.0
-1179429248.0
1928613760.0
1172997120.0
365151840.0
-253087808.0
127432824.0
1475902592.0
-1517031424.0
-83146704.0
-238734336.0
-1652669056.0
1273235712.0
1672857472.0
-898647488.0
108319064.0
-147167712.0
279652864.0
-1909394816.0
-1720812672.0
995865856.0
2103356032.0
-250238128.0
955616000.0
-1800108416.0
-1919437312.0
-1621367168.0
122021632.0
-1454221952.0
-2113563520.0
1566688384.0
1628845568.0
-436689120.0
2126978816.0
1713025920.0
-1291710080.0
540474176.0
-1873562880.0
-237878192.0
59099128.0
-2019733120.0
-919726656.0
441298176.0
940784960.0
482118944.0
729031232.0
-521075264.0
-1523157376.0
902001920.0
1508904320.0
1851792896.0
1229858688.0
-52201436.0
-1057591040.0
-709202496.0
-1438464000.0
948908416.0
-151694640.0
1355224832.0
-1072152576.0
280121792.0
-1089769600.0
1426475008.0
-1079473408.0
451071968.0
637943104.0
361392352.0
1557786624.0
368702848.0
-1450431872.0
208717168.0
342936448.0
1779953792.0
-288168832.0
-2074547328.0
339551584.0
-372917888.0
1439028864.0
-2063903488.0
-1990135424.0
-1411384704.0
-495857664.0
-1192223232.0
592359040.0
1619064320.0
1276267904.0
-412285792.0
-570795648.0
-1225120384.0
2106076160.0
-278891680.0
597095744.0
-866866880.0
-703981056.0
1578022400.0
1941387136.0
-33691712.0
1092593664.0
-1447854720.0
969633856.0
-1338923776.0
-150651296.0
-200294144.0
305995136.0
1761571584.0
-973820544.0
437117056.0
-211839696.0
-678782720.0
410516224.0
-386234880.0
552807296.0
-339859392.0
2001372800.0
-165976560.0
-1317146368.0
347357344.0
-2080311040.0
1880429568.0
-858641408.0
1812989440.0
1081734272.0
-103857992.0
1387414912.0
735183040.0
-2082889216.0
317040896.0
-1950777472.0
1675572736.0
195503616.0
-2138828544.0
-1406641664.0
311111040.0
-871510784.0
-1042415552.0
-1028444864.0
-413533920.0
593938880.0
-691854848.0
-916167552.0
2014740864.0
-115549264.0
-1893148928.0
470740960.0
-555672000.0
-49048952.0
-1249032064.0
1076848768.0
323432896.0
-2070811520.0
-1922549888.0
5227313.0
-65882272.0
1836672640.0
1033190080.0
-1396612096.0
835672704.0
1948609408.0
-2003456512.0
-328869504.0
1890811008.0
946013120.0
-470261376.0
2078768896.0
-60453484.0
-1545112960.0
-1550782208.0
1662641280.0
-830615808.0
736248064.0
-1091254528.0
-1119736064.0
1770648960.0
1399963520.0
-1209659776.0
-12289671.0
131641608.0
1404617216.0
1952948992.0
2035241984.0
-1307529728.0
162525440.0
-1069614144.0
814155008.0
-173891008.0
507271296.0
1844551552.0
1983063424.0
-788233024.0
-1599529728.0
1348564352.0
1084808832.0
-1787666176.0
-1643899648.0
-1118569728.0
-732438144.0
1086279040.0
-2126999808.0
-344162560.0
177233760.0
-2030846080.0
965066496.0
-1732440576.0
-1144442240.0
-584633216.0
1798832000.0
-1120595200.0
-554721152.0
1920841472.0
-981734848.0
1430178816.0
1807183488.0
2095782528.0
-906098880.0
1133168256.0
140942656.0
1263368704.0
-585445568.0
-1676399744.0
-200094704.0
-1193642240.0
1110322304.0
-1876971904.0
-682224768.0
-1298632064.0
1627231104.0
997903360.0
-1163770624.0
813141440.0
1446833280.0
-584634432.0
771801088.0
662227968.0
-14997286.0
-1292398976.0
-1764400512.0
-15316743.0
345302400.0
-1883058176.0
-2023275520.0
-618594816.0
-1326533120.0
122998352.0
-258182224.0
-875704704.0
-1992250112.0
40640996.0
1615571712.0
-979402496.0
405554464.0
-538199168.0
-1688694784.0
-1064114176.0
1114442368.0
864101440.0
-1777059456.0
1530960128.0
-2024048768.0
468731360.0
-12645732.0
1158823296.0
-1864771968.0
-425012064.0
-1332936704.0
694415104.0
1341310336.0
-2108347776.0
-793045248.0
-1857007360.0
96826392.0
-1755474432.0
-602825152.0
1716118784.0
-663433408.0
570167744.0
-1303386368.0
-1719990912.0
1180652800.0
-935937600.0
-1922926464.0
1782674432.0
1622335232.0
569796416.0
256172240.0
-1684386048.0
-995894464.0
-495612256.0
1379575808.0
-1809519744.0
-359488320.0
-1507076224.0
641450304.0
-1687169664.0
1999055744.0
-54267648.0
-504557536.0
1363189760.0
1828809984.0
-1474410880.0
-1955088128.0
-201724720.0
1054527168.0
227360544.0
-532037504.0
-891791744.0
-161731088.0
925118144.0
-1739784320.0
994359808.0
100306496.0
1149888128.0
-1785095424.0
-1515018624.0
-1033492736.0
-711200832.0
1794604800.0
-813965184.0
1445335040.0
1948712576.0
858613952.0
-39713596.0
1345620992.0
184878448.0
-867808448.0
-1471962880.0
103412264.0
-2025450112.0
238416448.0
-468864416.0
2136714752.0
716197120.0
1960592512.0
-1577624192.0
-1684187392.0
76293560.0
691169728.0
396952992.0
1691919232.0
-112414248.0
-469358336.0
2106564224.0
-993696896.0
192469456.0
-60397704.0
605487488.0
19298210.0
77651880.0
838952576.0
212123216.0
-1763047936.0
-216867152.0
1843094912.0
-1592076800.0
-1232681472.0
-2110165504.0
1035711936.0
-698349760.0
353306784.0
-2135706368.0
-1589809280.0
-545972864.0
300393120.0
2082931584.0
262382512.0
618591104.0
-1403186048.0
-225660576.0
1574396544.0
-374244544.0
1530146560.0
20180290.0
-747065536.0
1278162688.0
1698554752.0
653860544.0
-1654170624.0
-1306865536.0
1128321280.0
-1367354752.0
776256896.0
2143273216.0
1378851456.0
973332800.0
-525664384.0
1389452032.0
1733004800.0
-988247680.0
838710208.0
-1706099072.0
-807457984.0
725079936.0
1212595328.0
501784928.0
2142385792.0
180408608.0
-855849600.0
-376060992.0
-1059383168.0
-833556992.0
582161088.0
-1000572544.0
556573440.0
1562109824.0
628059712.0
635040768.0
1563945344.0
1130907904.0
-1113411456.0
2093742080.0
257731312.0
-461595968.0
40282796.0
-1911803008.0
1484075136.0
-995997504.0
-738136768.0
789375488.0
-751470208.0
-816064960.0
-1485715200.0
-1742572416.0
1250249728.0
28606342.0
1664862976.0
-505260064.0
-728733376.0
-1708059008.0
1780397440.0
1789595648.0
652012992.0
1977848320.0
-1568045440.0
-996645120.0
2119441152.0
-1486722688.0
1224058496.0
-29716414.0
-1637816960.0
-1677654400.0
1691122304.0
-1493105792.0
1354768256.0
-834328448.0
-1792252416.0
-2020135808.0
-701361152.0
852436224.0
-213867712.0
-1575740544.0
1607614976.0
552643648.0
-913837632.0
1951115904.0
1614026880.0
1479475328.0
-1171637504.0
992244800.0
1201778176.0
-1424380416.0
1804089472.0
-50774160.0
-1542779008.0
-950166592.0
-77966008.0
418641920.0
-825104512.0
1147784192.0
849505024.0
-1011417728.0
1539861376.0
1242861952.0
1825670784.0
-1855733504.0
-1508979456.0
-961160000.0
-1615622272.0
-317783840.0
1416146560.0
-1234036736.0
-920084288.0
-96887056.0
-434153728.0
1877507328.0
-1086655488.0
-2063701248.0
-1348516352.0
810760640.0
-1688040448.0
-2064142208.0
-614920128.0
-1011383616.0
980416704.0
-1887487104.0
389205728.0
1348100608.0
1078102016.0
-197832080.0
-1919899776.0
-106723296.0
1297869696.0
-1308491776.0
-1852639488.0
1777339904.0
1048819264.0
1717883904.0
-859484032.0
-1077233536.0
71747096.0
-316180352.0
-1991538048.0
-1134366848.0
-1665200768.0
1998860544.0
-777353344.0
-452836416.0
553359296.0
-470299072.0
658092480.0
666516416.0
981940224.0
862230912.0
1505043840.0
1240825600.0
-1117004160.0
-508468960.0
-1954882688.0
725457088.0
219364848.0
419212928.0
-1038436608.0
1685053056.0
348967232.0
634454208.0
1645642496.0
181613280.0
1255419776.0
-591180352.0
-408663680.0
-2070895744.0
-1262320512.0
-2036281600.0
-1568569984.0
99161648.0
-671161984.0
1283819136.0
-460036352.0
-448384000.0
-1812876288.0
-359175520.0
1456403072.0
-634017664.0
-1825081344.0
914832192.0
99583768.0
-430401792.0
-1003077888.0
1264984320.0
1437202176.0
-1293775744.0
809327360.0
787758528.0
-1243402240.0
1220990208.0
-1636528768.0
1853097.375
1329418624.0
-116451840.0
1108710656.0
-685828224.0
1071119680.0
4180234.25
-1835557632.0
2134153216.0
-567255232.0
353084768.0
-1395235584.0
-1759813632.0
795983552.0
198845568.0
469731040.0
791601152.0
-2000416768.0
1340020736.0
292697568.0
1735338752.0
190237040.0
1629109504.0
1345097984.0
-2070023296.0
-850611456.0
-1178853632.0
-2052032128.0
-1405554560.0
-215358720.0
-143059408.0
-434684832.0
-361327936.0
341166880.0
307609248.0
250886176.0
682660352.0
1136699136.0
67276760.0
-683270592.0
1042869760.0
-1017900352.0
1658281088.0
627497152.0
-700877696.0
1096984576.0
-1533748224.0
1450745728.0
-26569072.0
-770821952.0
586479488.0
-1100071296.0
-1940212992.0
1897795840.0
1753898368.0
159433200.0
-1857743360.0
739732160.0
-320378080.0
1131259008.0
2036196352.0
1718621312.0
1801612544.0
1175760512.0
-2030988928.0
1817257984.0
-1921695488.0
-1033229120.0
779024896.0
-35047384.0
-1011373632.0
-1983330944.0
-1770544128.0
-1493239424.0
-1853805696.0
1407700608.0
-1337849600.0
932158720.0
-1490260736.0
-1490799104.0
-730951488.0
-1269160064.0
1864109056.0
780690432.0
1673311744.0
-1096712832.0
1364293888.0
-1358526720.0
1998170880.0
-304844896.0
1328345344.0
-1570644736.0
-1828070144.0
-1989780992.0
-1394534400.0
-792388800.0
-302558848.0
-512509952.0
2107085056.0
-154973712.0
838096320.0
508478912.0
965667584.0
-1131093120.0
2109986304.0
-249388304.0
664769984.0
1475106176.0
-1950214272.0
405791968.0
-716212736.0
-1853286784.0
-575145664.0
269756768.0
923401920.0
-1393684992.0
1213928960.0
497113664.0
-1974900352.0
-243344480.0
-134605648.0
809589248.0
1251411200.0
-581385536.0
1512831872.0
1797961856.0
281726208.0
1931646976.0
1869074560.0
-574991616.0
-560224768.0
1576527104.0
1931593088.0
831321088.0
1908821120.0
-81220776.0
-336271456.0
659864832.0
283872192.0
-2119385600.0
-463854304.0
2059120384.0
-1661626880.0
-535419232.0
-1514547968.0
1963766400.0
-2007287296.0
-1619952128.0
875609920.0
818689472.0
1840955648.0
870022784.0
1394995840.0
580194304.0
67286216.0
1305099136.0
928722560.0
1572028288.0
2008450944.0
-2086305920.0
1383405056.0
777822144.0
-231862032.0
-2101403776.0
1319906816.0
870871552.0
2058930560.0
-1631595264.0
-996956864.0
885879296.0
715213888.0
1460621056.0
-236291936.0
-2130644352.0
-1537412992.0
589949760.0
-1538376704.0
-2086973312.0
405099808.0
1930116992.0
-618302848.0
1209920896.0
-607761600.0
-1201602688.0
-130602248.0
2127863424.0
45883716.0
-388188288.0
-704226752.0
830674624.0
1745599872.0
-2015361664.0
-1641397760.0
-1879360896.0
1860081664.0
-1344487296.0
-1029500096.0
-403940224.0
113603936.0
1765706880.0
1221428608.0
-1598434816.0
-1784630400.0
1312370944.0
-765740736.0
-1003409472.0
876446144.0
-1962105728.0
1451028992.0
964052544.0
-2129427712.0
1496031488.0
305720864.0
440983520.0
1781846016.0
-182894240.0
-53695288.0
1020075968.0
-1496394240.0
211794464.0
1347662720.0
-2131468416.0
-1314904704.0
-1577098368.0
2076577408.0
25178044.0
-1862704896.0
-2055613952.0
-1092181632.0
240932528.0
2080267776.0
-1022857984.0
-1601569920.0
1097455744.0
1930356864.0
-1553529472.0
-130831640.0
-1932646912.0
971117760.0
-1065279616.0
989714560.0
-1359027840.0
1258946560.0
1482121088.0
890431104.0
1922399872.0
2019360000.0
-1858044160.0
-108921832.0
1399860608.0
911206272.0
-1899910400.0
-1199047040.0
-880643904.0
-1138178432.0
-1756880128.0
398669056.0
441579264.0
-705535872.0
1932185088.0
-1932157824.0
-409206048.0
-825357440.0
-171352048.0
-80879168.0
2013200768.0
-342150304.0
-1565628928.0
1192598272.0
324168224.0
-303349792.0
1168507136.0
1486667264.0
1026032192.0
-424554464.0
-1244000896.0
213139376.0
-1036843136.0
-1586752512.0
-1852673920.0
1710803712.0
-859024512.0
1541967360.0
1670835968.0
-1315902976.0
285685504.0
85409736.0
-1833604224.0
-1314990080.0
-266582976.0
997908096.0
-1898142336.0
1681014016.0
-809342720.0
-1092617216.0
581809984.0
-506406560.0
1948199168.0
-78788896.0
-446758624.0
1047638208.0
-1458236928.0
-1535464576.0
1183466368.0
1181564416.0
-1105827456.0
-1383473408.0
536485600.0
659882112.0
872740608.0
-2061878528.0
-1833016832.0
-1645464192.0
-1052123648.0
1745598720.0
2015451520.0
727095424.0
-51490116.0
-269743360.0
-2069822720.0
-1369152128.0
619529664.0
-745058560.0
-728243776.0
-1332371968.0
1376242560.0
652980480.0
-1785152128.0
910006464.0
-1630869760.0
697410624.0
1763337600.0
-1384375680.0
-1278383488.0
-2028414208.0
33437836.0
147502592.0
1988115072.0
1435006720.0
1497816960.0
-1703760896.0
168031344.0
-582912256.0
2101037696.0
-848699456.0
925070528.0
-436638272.0
2038432512.0
-675653120.0
-402205600.0
787072000.0
1850543616.0
2146542336.0
954282752.0
673502528.0
-1637736960.0
-1046999104.0
850629632.0
1196409088.0
-1611835648.0
2070335872.0
40210272.0
-1095461120.0
1020597312.0
805991936.0
1402408704.0
-183547872.0
-502392384.0
1164413952.0
1783777536.0
-1560523904.0
1305758336.0
898627200.0
1775463040.0
967445376.0
-98048232.0
541474112.0
-1912333184.0
1607707776.0
-1704324480.0
-440972352.0
-82427456.0
1824829824.0
352750784.0
1902625408.0
1711018368.0
-1343110400.0
1798959488.0
-819477952.0
698657152.0
-1126853248.0
629531520.0
-669150336.0
1734760192.0
878197312.0
-1895306368.0
1273367296.0
-1855696000.0
882626176.0
1298805120.0
1299531264.0
1398340864.0
1967104640.0
127108632.0
-548730176.0
-877817088.0
-1620322304.0
-1469478400.0
-738144128.0
-1330955264.0
105236512.0
1131557248.0
385480128.0
-1303313792.0
-227239440.0
-579252032.0
-1239125888.0
1202897280.0
-1866654848.0
1566703360.0
-1853173248.0
-776177408.0
-1443136512.0
380739424.0
-3537287.0
-2103788032.0
101029552.0
1892502016.0
1887036416.0
-1299770624.0
1033011456.0
1594021632.0
-1264169984.0
327386592.0
-788546432.0
768852032.0
-699444544.0
1151720960.0
1359301120.0
1091145856.0
1402224128.0
-846867968.0
-1954862464.0
900764160.0
-1638314752.0
-1944520064.0
1306876928.0
721686592.0
1004759744.0
43743308.0
962769792.0
-235892880.0
886858112.0
1186785408.0
1366870656.0
1173268096.0
1461783936.0
-1947072640.0
-409207008.0
-1470434304.0
-153714448.0
1220134656.0
1929355520.0
368536128.0
-1622730240.0
-609687680.0
687939520.0
-49391240.0
1559474432.0
346846784.0
-1522122368.0
1990195840.0
824041856.0
-612691968.0
-356641952.0
-2023044864.0
-187513616.0
-132631864.0
-277752064.0
-2072338048.0
501340768.0
374661856.0
405241696.0
180413328.0
-61175180.0
1491688960.0
-888552768.0
-1760359424.0
1603572608.0
-378509824.0
337426880.0
-1573312512.0
-787976640.0
-1895321472.0
-1387114880.0
-1454125568.0
442866784.0
401949504.0
965285120.0
-874230464.0
1987136640.0
1708680960.0
656336512.0
2014855040.0
-226622112.0
865740480.0
230619456.0
766693696.0
-1156784512.0
951462976.0
1747473920.0
1211886208.0
601354944.0
-1626731264.0
2046484352.0
1240675328.0
1192231552.0
1442111872.0
-1524714240.0
1515992320.0
-1194149632.0
828718400.0
1334672768.0
-744507840.0
844256000.0
2040780672.0
-1661399808.0
171316192.0
-230091952.0
-1499736192.0
827620800.0
-920913600.0
1789621888.0
893082688.0
1380038272.0
67194552.0
-1236664576.0
-615124288.0
1176336128.0
281507296.0
-684700864.0
-78590720.0
1677966208.0
896305024.0
2080191872.0
1436999936.0
1439269504.0
-1130309760.0
733399360.0
1169266432.0
109180968.0
1364717952.0
1363913088.0
2102585728.0
-630745920.0
-2040286976.0
1063593792.0
1231836544.0
1388630528.0
-857259200.0
1039644096.0
569062336.0
-213573568.0
-925237376.0
-150305152.0
873748288.0
-1347498880.0
-897029760.0
-297377024.0
192110736.0
-919132224.0
-652967104.0
-519624704.0
879463936.0
1665593984.0
-382083040.0
-1289067136.0
354654112.0
943310592.0
-1827359360.0
397587040.0
1833225472.0
-1124736512.0
-1623816320.0
1146628992.0
1699850624.0
-1759833984.0
1296181888.0
1012312064.0
1358414592.0
1320690688.0
1081734656.0
-2067362048.0
-843375616.0
-1157852928.0
1183794560.0
-778830272.0
1533907200.0
1129905152.0
521951648.0
2017482368.0
256629856.0
-528759200.0
107305968.0
406076864.0
-1712728064.0
-1600769792.0
-154722912.0
-1472796544.0
387108736.0
2115834880.0
-620239872.0
1939468800.0
-514004800.0
1166340608.0
1226932224.0
-1205371776.0
2030919680.0
-1737767424.0
389230688.0
18385308.0
1733381248.0
-210105120.0
1148473856.0
-1634493312.0
1748293632.0
-873521088.0
-537347584.0
1623953664.0
1296292608.0
-49559788.0
197022784.0
865723392.0
-1883229952.0
1023339968.0
-1946515456.0
1858398080.0
29460476.0
1354091264.0
1787956992.0
-295331008.0
1508160640.0
-1435266304.0
1317652480.0
940372544.0
418753568.0
-134909872.0
-1408092288.0
568058688.0
2014267520.0
684231936.0
-1701709824.0
-162554624.0
-1831835904.0
-1840219648.0
279140832.0
746114496.0
-435369312.0
-988323328.0
2080790272.0
-390426496.0
-330448320.0
1389007232.0
1884688768.0
2050904832.0
376953792.0
1924527488.0
-1571402240.0
-2043481728.0
-1239661312.0
-1935670400.0
370622976.0
496997664.0
1636723584.0
1355406080.0
-1191155456.0
-293960512.0
-1568074112.0
271652992.0
-1639179776.0
-703953344.0
139939200.0
-1060495104.0
-1442587008.0
2079112832.0
-340351712.0
846050880.0
1312955520.0
-742969024.0
559656960.0
-2006319104.0
357373504.0
-1297303168.0
1350105344.0
-956334912.0
-627760640.0
-844975936.0
704555200.0
-965218048.0
1084276608.0
2072662016.0
-216282032.0
1410695040.0
-1613942016.0
-1053705344.0
326575872.0
539546688.0
1746627584.0
-1050438848.0
1409236480.0
1047829376.0
1700513024.0
-710002112.0
-58186192.0
-500799616.0
-1414260352.0
-941491904.0
363491872.0
632720192.0
-884151296.0
-268480736.0
-795001920.0
857008448.0
340203616.0
-1772562816.0
107950448.0
1111840128.0
-854310400.0
-1636026112.0
314839200.0
1883537280.0
-1358046720.0
1457324288.0
1678516992.0
361382400.0
1433800960.0
883597760.0
-1703180032.0
-831633344.0
438974176.0
1178169472.0
-1803112320.0
-915444096.0
1355760896.0
1967387904.0
-1636910848.0
-1424988672.0
122660800.0
-334715904.0
1947699200.0
885205888.0
2067773184.0
449516448.0
841571776.0
777874432.0
708942400.0
892130048.0
-1878568448.0
20509522.0
-294426592.0
269171904.0
1490375552.0
-1062284992.0
1057916864.0
-1731653504.0
25040618.0
1721083904.0
-534534048.0
-1433673088.0
291533568.0
-1617331200.0
-2070546688.0
-1030075136.0
1404726272.0
1486878336.0
-1867736960.0
1270203776.0
1341345536.0
-1587888128.0
-1119566336.0
175356688.0
915232512.0
-1969639936.0
-900997888.0
-2038102528.0
-247925312.0
-1130343296.0
-1125103616.0
1487610112.0
-988265152.0
2050156544.0
1099662592.0
-1341900288.0
1176779008.0
-139200160.0
1111787776.0
523704608.0
1658516096.0
-593352384.0
785193472.0
-571099584.0
-900263296.0
-744496128.0
-1919290624.0
1074786048.0
-1430948608.0
-2039703040.0
-1029582336.0
741764160.0
1278659072.0
-1639041152.0
1839264256.0
733050944.0
211571792.0
2106489984.0
1627765632.0
1265272832.0
-573676672.0
1779827456.0
2020667648.0
-722137664.0
-268068592.0
-813135680.0
1757852288.0
398795072.0
-786679168.0
1568235264.0
-1267547520.0
711855808.0
-1986354560.0
-1325316736.0
-267607680.0
429259776.0
-35469044.0
-589829312.0
-1944969344.0
-965029184.0
-1523134208.0
-2115133056.0
-107430328.0
-2047986816.0
-443025440.0
-1498222848.0
-193389872.0
-919885376.0
-298580576.0
-342474528.0
289819936.0
-791333440.0
453911168.0
-694615616.0
1432165376.0
-1951301632.0
1124489728.0
1243469952.0
-1481536896.0
2004663168.0
1374339328.0
-1071764864.0
919294848.0
-660214656.0
-2037265024.0
560210496.0
-1120820864.0
-1219289216.0
899584064.0
-367709056.0
1930320512.0
-2134762496.0
1019956032.0
-216849600.0
-951781504.0
2001367936.0
-246819520.0
-1994860288.0
-1507629952.0
76874408.0
-1124250112.0
-1586679040.0
1741126784.0
-1298146688.0
1822769664.0
-886749760.0
1318315520.0
-1666578176.0
905514368.0
1466947328.0
1408467584.0
-46381568.0
-1032749056.0
-9044352.0
-1263874048.0
1310919424.0
-1673788416.0
592820288.0
-1816818688.0
1232695680.0
-1846658432.0
1530594560.0
-2069515136.0
-115418096.0
-1799506688.0
480316416.0
-2089111936.0
-748351616.0
1662904704.0
-966625984.0
-461706720.0
2015106432.0
-1419910016.0
-1931408128.0
1213668992.0
-1897350144.0
1552374912.0
894887744.0
-1981809408.0
-445263552.0
712170176.0
-522234016.0
-895319168.0
1967333632.0
-1105477376.0
331153952.0
1842750976.0
652009984.0
-1324524160.0
1634611840.0
1645366400.0
-1580804352.0
-9078368.0
-682316608.0
388106048.0
265424288.0
1615797376.0
-1407725568.0
150053136.0
-555567360.0
-1529772800.0
-1183357312.0
-325002304.0
-1182979968.0
1367232256.0
1564453504.0
400300128.0
-1816600832.0
1664093312.0
176616496.0
990057024.0
523106336.0
1114116608.0
1682466304.0
58821144.0
536330944.0
-249918384.0
-1239873664.0
-1966539904.0
-2101971456.0
-1865865344.0
-601538240.0
944121536.0
1015314176.0
1827952000.0
-961342080.0
-1736607616.0
1600002688.0
-1924622080.0
-689235072.0
1682967040.0
-231346160.0
1183074432.0
260333456.0
1879126784.0
-1781935488.0
780661440.0
-303658048.0
-261710128.0
-1337793152.0
14144744.0
877083520.0
549323584.0
-361803552.0
1329023360.0
614372928.0
-1332421120.0
-1872305920.0
1716093056.0
-824036288.0
2128831616.0
-1160321920.0
149156992.0
-929335808.0
-2042974720.0
-1458052864.0
-165257584.0
173343520.0
-1156577280.0
-172400864.0
264881424.0
-1391258240.0
-144652800.0
-1918549632.0
-796448640.0
-754280832.0
1221380096.0
1182777728.0
-1278477056.0
882234688.0
1271666688.0
-670630784.0
-124922872.0
-634015040.0
1711414272.0
502299392.0
-1488635776.0
955029120.0
1277904256.0
61743348.0
-155385728.0
-746323648.0
-1135369728.0
1468443520.0
-1590898944.0
54562212.0
852039616.0
-884365888.0
830617728.0
1311489408.0
687708544.0
-1114215040.0
1298526848.0
-967835136.0
-1134986368.0
-1425523840.0
496536320.0
-1386772352.0
-1107548160.0
-1356027008.0
-1380198400.0
-1282106368.0
-158314240.0
-1304273920.0
615824320.0
-268834496.0
-1985407104.0
1275712128.0
1495926272.0
-1209930368.0
-1883415424.0
-1074632832.0
200150720.0
-1915120512.0
212241376.0
-1915049472.0
1847915520.0
-959290176.0
-515376672.0
-51145628.0
-1251138560.0
1685847168.0
-896054400.0
-443535360.0
1434817664.0
-1759352832.0
1780952832.0
1089736064.0
1228849280.0
-126984880.0
1743572608.0
1600516224.0
-1095850880.0
846112000.0
-1073679296.0
-263287584.0
-1000442240.0
-383083968.0
-1363674240.0
108224480.0
-1785549568.0
-1648113408.0
-1445597696.0
1963656064.0
498019776.0
-1401708416.0
877106368.0
-296008448.0
188693728.0
-962467328.0
1330092032.0
-379080224.0
-840220416.0
-1186185600.0
-723995840.0
-246401376.0
185048640.0
1263299584.0
-476416576.0
-838425088.0
961693440.0
786245248.0
-102073200.0
991994112.0
-571611776.0
1419916288.0
-542340288.0
379817088.0
1405763840.0
-2107508224.0
-2098761472.0
2068160000.0
-757472768.0
-1904846848.0
1098206848.0
1139671680.0
-758882880.0
309219200.0
1756822784.0
-372473856.0
366641696.0
-1566774784.0
-112800952.0
708506368.0
-213069984.0
-1540025344.0
490780256.0
-734484032.0
-1312843904.0
-1631344896.0
142748096.0
-257825808.0
108442992.0
-1866432128.0
1232067840.0
-1692627456.0
60166556.0
-1278206336.0
-1154627328.0
543644736.0
325600288.0
1741446016.0
-380753632.0
1308882688.0
376062208.0
1927894144.0
253594544.0
1599019008.0
-1013428992.0
-1860999424.0
-1223176448.0
957235392.0
861654016.0
1656939776.0
1805398400.0
-1843846144.0
1053618752.0
932372544.0
406928416.0
-1100652032.0
-140763664.0
705776192.0
1271735168.0
-1380952832.0
1924066304.0
866579520.0
-92117288.0
1648987648.0
711831488.0
2103037312.0
228679344.0
-559115072.0
-1563791872.0
-1561340032.0
-1033244608.0
200140976.0
1918306176.0
-747334464.0
-643564672.0
1658041728.0
-291652032.0
-672640960.0
-1360469888.0
1075295872.0
2057327872.0
569613376.0
294550080.0
2026291840.0
460763520.0
1666434176.0
987553536.0
-1506280832.0
1477613824.0
-1878169600.0
-110268824.0
624288384.0
-991820288.0
-1435563136.0
834870208.0
1184375424.0
822114048.0
-1732153728.0
-849322304.0
1292159488.0
654628480.0
622856512.0
-271050848.0
-540014848.0
453576320.0
580136256.0
-1190618240.0
569928768.0
520117664.0
1985540864.0
-737078272.0
900166656.0
884031552.0
-313758944.0
-1285176192.0
1000484544.0
176355296.0
341760288.0
-17050480.0
2144852608.0
-923625088.0
1530393984.0
1900750976.0
1766351232.0
-1845790592.0
2071961984.0
704837888.0
-2052963072.0
1497512576.0
-919113280.0
-543210176.0
556579136.0
1746916096.0
1031812672.0
1961847168.0
868407552.0
-1073751424.0
-1303400960.0
1811950720.0
-507696736.0
-1015299456.0
-700799616.0
-157190064.0
-820437248.0
2128994432.0
-1813123072.0
1655095552.0
353687712.0
541199040.0
-355086208.0
1323037696.0
-23877532.0
-1068979712.0
1415709184.0
-546611520.0
1504669184.0
-827001984.0
77819336.0
-1672242816.0
1773699072.0
-1896301440.0
381507808.0
1076406400.0
1392592384.0
-945643072.0
1126158080.0
-1844021376.0
920178752.0
-788650624.0
1682701312.0
1682057216.0
-1855641600.0
1485143552.0
109779816.0
-179054064.0
-936729408.0
-1280883328.0
-1596620928.0
1779171072.0
691019200.0
-1666356224.0
1738021120.0
1048744448.0
420426016.0
1224868992.0
1628860672.0
-1716440320.0
-800225536.0
1019542848.0
-2092084608.0
334849152.0
894796608.0
-417817952.0
-1501107328.0
-512580352.0
-201265568.0
981189888.0
-952485952.0
1055346368.0
-1327286784.0
-1712683520.0
483922848.0
1520695296.0
840501632.0
2074865792.0
-696531264.0
1262712064.0
1726401408.0
1441915776.0
-1586532608.0
-1780313984.0
1008766208.0
1936511104.0
1823154048.0
-1732623616.0
804014720.0
-127803344.0
-106795056.0
1704193024.0
-406725280.0
-1300842240.0
263025792.0
925800256.0
-26902466.0
-1420387840.0
907346432.0
1063739072.0
-768541184.0
1915932672.0
537734656.0
-719140032.0
-1984334592.0
165945760.0
-975921216.0
-1309349376.0
2007665536.0
-903098880.0
452332256.0
-1378087552.0
1390605312.0
586163648.0
1441487488.0
-554642304.0
-345655456.0
-452111680.0
-1683123712.0
1923620480.0
-765017536.0
-1148533504.0
-2133064576.0
-882510656.0
2000168576.0
-536238816.0
-162563760.0
-194715584.0
-621164544.0
1337336320.0
-151028928.0
-1516475392.0
1477161728.0
819818624.0
1653814528.0
-893520704.0
-1728651520.0
238389664.0
-354229536.0
-1361074176.0
1603809408.0
295682080.0
1454128256.0
-458844096.0
-80217376.0
1773814656.0
-1104138880.0
-389794272.0
827212416.0
-16182720.0
1366594304.0
679453952.0
-2059493888.0
-1861016192.0
1372025472.0
-865929472.0
582185920.0
1309811584.0
1353586560.0
-1913238272.0
-733964480.0
208542832.0
1239165312.0
1620342656.0
1404616448.0
1272877440.0
1419180288.0
-2066068096.0
1424416640.0
-371688896.0
281294464.0
-1964150784.0
-229377120.0
-1580834176.0
-2027790976.0
1186005760.0
-1600494464.0
2109349376.0
618180736.0
1772273152.0
919316992.0
-712853440.0
-1452636928.0
-762024576.0
1224176000.0
-965967168.0
-448427232.0
-1246796672.0
-1072840704.0
418249888.0
1224912128.0
153369840.0
1600604544.0
1467266560.0
-449022784.0
882448640.0
-94500216.0
-2118532480.0
-1238046592.0
-1174401024.0
125108360.0
1601388416.0
1439680000.0
-967161728.0
1425571456.0
867756480.0
925569408.0
731772608.0
2076498560.0
142567344.0
523783776.0
1439618048.0
-1693845504.0
768625792.0
-1598315392.0
-484716416.0
-1815514368.0
-1829698176.0
-1758010752.0
-708598144.0
-856242304.0
-606087744.0
147163552.0
-194084480.0
-732249408.0
1137796608.0
1935802880.0
-2036040448.0
-1369789440.0
-732966848.0
1578967808.0
1089002496.0
1760045696.0
-100523736.0
1239537152.0
190202048.0
1472023936.0
1928538240.0
1734784640.0
1608673536.0
-93287776.0
-454937856.0
-1902904320.0
-1486857984.0
-1854777216.0
-775749760.0
-1305761792.0
-803328960.0
-1120440832.0
-1029168832.0
476512864.0
-1719070464.0
-1420000640.0
491819392.0
1345009664.0
39116644.0
-1984393088.0
-93665880.0
511777824.0
1719558528.0
1806450176.0
420710112.0
-1718674304.0
-779375360.0
785174336.0
-1058079808.0
161703312.0
-585159424.0
1518100736.0
-1126466944.0
-364591040.0
-612735424.0
519320416.0
-1783421056.0
437353536.0
1874721536.0
-1365145344.0
-1205804544.0
1155110784.0
21692994.0
-1132659840.0
971153600.0
1982898176.0
-933669952.0
1027741632.0
-1887519360.0
-12512423.0
-1802840192.0
-922216384.0
430706688.0
952276544.0
1869072640.0
561410240.0
-238197472.0
726477952.0
-1656109440.0
-1603873280.0
-963055616.0
-1077212288.0
811848512.0
1410289024.0
-1942293120.0
-1995374848.0
2005010688.0
1432571136.0
-795277376.0
1003371264.0
831138176.0
960918976.0
935099200.0
1813762560.0
-1162656384.0
487193536.0
-1004082688.0
-1281151104.0
2029079680.0
1333619584.0
-656230080.0
-232465616.0
-60428140.0
1576583168.0
-845214976.0
-1307351680.0
832983872.0
-8270203.0
751268160.0
-911491648.0
782455424.0
359239488.0
-1880415872.0
-219566928.0
1175025536.0
253417952.0
1534703360.0
-483437504.0
-1706378624.0
1030352704.0
1652582528.0
-1363453440.0
-773832832.0
-831256640.0
1684335872.0
-1190412160.0
26599902.0
-1366172032.0
1482029440.0
-1588883584.0
-1349000192.0
-1853723776.0
-48933644.0
-662022720.0
1858548224.0
1593743104.0
562283008.0
97980624.0
64842332.0
-1350417536.0
-2098024320.0
1379375360.0
1893574784.0
-1979106432.0
-183466240.0
801344576.0
5527448.0
-1592905600.0
-2095827968.0
-527369632.0
-1267864832.0
-236529344.0
156126912.0
166543840.0
1827138560.0
1872307968.0
2125333248.0
1565771520.0
1556382720.0
2080514176.0
1245477376.0
-127112720.0
-1935360000.0
-839465152.0
-1719679232.0
-764609152.0
-639868736.0
97224488.0
856523008.0
-1720587136.0
1196482432.0
1068846528.0
665204480.0
-439937856.0
1732849152.0
-915139712.0
1117891712.0
1555959424.0
2019068544.0
1295500544.0
798740096.0
833856640.0
1860450048.0
-1002693568.0
862984384.0
-1566999040.0
-2014130944.0
638935872.0
-1521245440.0
1407431808.0
1364061056.0
1104466560.0
1331597952.0
1214633344.0
-1176514816.0
185328576.0
2113679744.0
191461328.0
-705848000.0
697621184.0
2066128768.0
-1394747008.0
1694083200.0
1975906048.0
599489920.0
993911104.0
829633664.0
1004576448.0
-1783169664.0
-1511833472.0
-1478137472.0
-1610547456.0
187513920.0
-2104618112.0
837573312.0
1261640192.0
-1446114560.0
-1812210432.0
-392839744.0
-886789568.0
121616320.0
1276976768.0
-1697736064.0
-951197120.0
523626464.0
-245609088.0
1854623616.0
1922868224.0
-2093328000.0
-1698750592.0
-803165696.0
911413440.0
1381613696.0
-304055168.0
723374656.0
-179827344.0
1991845760.0
-1462274688.0
-1404666624.0
-1353389312.0
1147712384.0
446977920.0
2129010816.0
-1998025344.0
1888148736.0
409892096.0
-1057662784.0
-1754271872.0
1446320896.0
2078431488.0
1772281088.0
-648351424.0
-2146410880.0
472801120.0
1158686080.0
-717061248.0
1064334592.0
1879555456.0
-1819066752.0
118169192.0
-492748672.0
-1324861824.0
333160448.0
128189496.0
122227136.0
-1997990144.0
1989303936.0
1905650432.0
114082384.0
-1203749504.0
-192558960.0
-1565965056.0
-1391506816.0
1431438080.0
-153615376.0
916132288.0
1460135680.0
1924717952.0
-432365408.0
-477474528.0
-659959232.0
19737910.0
-46699424.0
123701952.0
-1274550912.0
1353541632.0
-953242560.0
208141584.0
1970376192.0
693590592.0
-2102561280.0
1596636928.0
-799439360.0
-1582046592.0
1243494272.0
-1327277440.0
1703726464.0
-53529220.0
-374249856.0
-1690629632.0
-570792448.0
-1160852352.0
-715395712.0
1140715392.0
-187340080.0
753231488.0
-612047936.0
349332160.0
-1248248832.0
-1838999040.0
-703702400.0
-902141568.0
1106271232.0
834318400.0
-1977472896.0
-347224288.0
1611528448.0
-1816933120.0
-222906832.0
284387104.0
989940352.0
802556928.0
-1065481280.0
1066883136.0
40817948.0
-141211760.0
216703776.0
567259264.0
-1482966144.0
-2144818048.0
-348773280.0
-939398784.0
11313556.0
630031488.0
579759808.0
429650176.0
-1984910080.0
942443136.0
-280450624.0
2015258112.0
1300898304.0
1774369152.0
-1075838592.0
1482937728.0
187287856.0
-297158816.0
-90014080.0
-592735680.0
-931077888.0
1952986624.0
993779520.0
-957052224.0
-686343680.0
1970868992.0
-515970016.0
-2081131904.0
292169792.0
-717825152.0
-388146240.0
-1772253568.0
560449664.0
-1044391872.0
542373504.0
-1593418240.0
1563749760.0
-2922446.5
1460262656.0
1883025920.0
924834112.0
2023259136.0
1923643648.0
134528080.0
1357236608.0
-1456459264.0
25332262.0
-1671842560.0
1307034752.0
-302275712.0
940900480.0
2011314304.0
-1678673152.0
-1378543232.0
-300573856.0
-723820160.0
-1698106240.0
868622656.0
261863360.0
-1921903488.0
870393984.0
305513280.0
1188757504.0
-1829517440.0
83761120.0
-567360128.0
998543488.0
-1601318272.0
-2046227072.0
570960896.0
-1710580224.0
-804608192.0
2040087168.0
1102377984.0
876082560.0
-1889988992.0
-1693575168.0
-459746272.0
602538176.0
810256768.0
1121480704.0
-1552445184.0
-1223740672.0
697774336.0
-925605632.0
-1130521984.0
1128816128.0
475210048.0
-1440712320.0
1237591808.0
-1219871872.0
691666624.0
485456608.0
-1406315776.0
1259172736.0
2061721472.0
1848578176.0
-882298688.0
-484240256.0
1382834048.0
-1118966400.0
-1142136320.0
-1901287296.0
260718880.0
304594720.0
-445578080.0
606063808.0
-622683456.0
2099249024.0
-384234976.0
355490016.0
-510597440.0
-452064032.0
961947264.0
1390500096.0
1110476928.0
372724768.0
-1408221824.0
-249128736.0
432760032.0
-1599056128.0
-500426240.0
-1228720768.0
438247968.0
747238464.0
-639954112.0
1011047680.0
-593737088.0
-351286976.0
432727392.0
1668123264.0
-1860734080.0
-375522464.0
-425829856.0
955397440.0
-544256192.0
628116032.0
1404819712.0
-674705152.0
1652528512.0
-1943852032.0
-768241664.0
-1153699328.0
-1795337344.0
1711555968.0
-394694336.0
-1804395008.0
-970384064.0
-692605056.0
-277643488.0
1257114880.0
-378999904.0
692100928.0
1204849792.0
1804084608.0
1603244800.0
-826688000.0
372332576.0
1383462528.0
-1020368640.0
-1102071296.0
-133813568.0
-1704392960.0
-2105767680.0
1648918400.0
1970870272.0
-744275712.0
-451780608.0
731596544.0
-1150750976.0
-436277120.0
979091840.0
-755632320.0
-63397772.0
-306292704.0
-1822840320.0
-625923072.0
1342704512.0
1870093312.0
-1578393600.0
-863953728.0
-1027221312.0
-110379848.0
-756816832.0
-1497023488.0
1581983104.0
2094993024.0
-1706851840.0
-1963724800.0
-840259072.0
846419648.0
136029696.0
-722141696.0
-1950732800.0
1346231680.0
-1588073088.0
926431552.0
-679777088.0
1172840320.0
837843264.0
-223097872.0
-982399616.0
1399251456.0
-229781168.0
265921056.0
-808041920.0
-1563314176.0
-1379828352.0
-580562304.0
967500032.0
1543447168.0
-746015104.0
1169062656.0
-2141429760.0
1849936768.0
-1799261056.0
-999539392.0
1934107776.0
988166912.0
-62242752.0
916559616.0
-917294976.0
328463008.0
-231098496.0
547927616.0
253062128.0
-2064311936.0
-25271346.0
623223616.0
-1983821312.0
-199651840.0
-1703047552.0
2121878912.0
1370229632.0
1214948352.0
824624448.0
134731648.0
1284185728.0
-238950960.0
155808368.0
67020936.0
445920352.0
-1952000000.0
-789053056.0
620145792.0
-1928711808.0
1596720384.0
1754941696.0
545826176.0
298405536.0
1314675968.0
722961984.0
-1897238656.0
223202432.0
-1195656064.0
-299592992.0
-427644416.0
781142912.0
1209438080.0
-13483326.0
-585635456.0
1762586112.0
1957051264.0
-1611401600.0
973808960.0
-1169444864.0
-396066880.0
1872786816.0
804473792.0
-945814080.0
-1285712384.0
570865408.0
-1890704640.0
-530585056.0
765871744.0
-882764608.0
-1873522432.0
1575554816.0
1836168320.0
-121639608.0
-107072896.0
1919155584.0
36936924.0
-1056255488.0
-389917632.0
-2093516160.0
-867292544.0
1734422016.0
1899465984.0
1774813184.0
-873678080.0
-317379392.0
883611136.0
-661520320.0
600062080.0
-868589952.0
-206752272.0
1459077376.0
-618832576.0
-1337828608.0
751752128.0
421511200.0
1181474176.0
2118907264.0
2023505280.0
1578549376.0
98167856.0
613765440.0
976185984.0
-1243145216.0
1358380288.0
-1787712000.0
-974820480.0
-283218112.0
-1633723008.0
2138136192.0
1413520256.0
321424160.0
907956928.0
1627649920.0
905220800.0
1688565888.0
-1869583616.0
-661828800.0
-2057271680.0
1797125632.0
-1838044160.0
1700321024.0
605606976.0
-145005488.0
752073920.0
-1255805184.0
-1833545984.0
-1127360256.0
-1695910016.0
-1901398144.0
101148664.0
889686144.0
2018856448.0
-105520448.0
1566469504.0
369845888.0
-758938816.0
-1843718656.0
-1178894720.0
-1709647616.0
1627223552.0
-23950770.0
-1918798720.0
-2043724672.0
1879159552.0
1061206336.0
883555776.0
721043264.0
106350384.0
1915503232.0
499391392.0
833379008.0
509245728.0
-1027731456.0
-277386400.0
-943663744.0
-1849290624.0
-603651200.0
317523776.0
1617239296.0
-778460672.0
1053641664.0
-887344640.0
1469905536.0
84848496.0
-673878592.0
191746800.0
1302760832.0
-1778896768.0
2030560512.0
2022113792.0
-881569664.0
1649410816.0
2028334592.0
986148544.0
-1755182080.0
104028768.0
-1412319744.0
-2109098752.0
1166687360.0
-133778720.0
-1914799488.0
617014400.0
313454112.0
1744079872.0
-146653696.0
-261166256.0
389180832.0
829767680.0
-606452352.0
723418112.0
444593600.0
936017408.0
-681678656.0
660477440.0
-565197440.0
125924584.0
1288291072.0
-88306728.0
2053491584.0
2035777408.0
159674480.0
-855006912.0
1516374400.0
107228576.0
-1290838784.0
-1807070976.0
-1481781888.0
-1776212096.0
1908312960.0
1305976192.0
705315776.0
-1331505408.0
-1451847936.0
-41189340.0
1886398592.0
575288448.0
-285186720.0
-1582381568.0
1345861888.0
125073992.0
1306229632.0
1580020096.0
843035840.0
-2041971072.0
28462998.0
-760373952.0
-708910528.0
845727936.0
-1609156864.0
1732041728.0
-385486048.0
-165576992.0
1937525376.0
-8787713.0
-40949652.0
-1805845632.0
-304124448.0
-383337856.0
1447445248.0
1549785344.0
289578784.0
-1332758400.0
841433664.0
1373787520.0
526923488.0
-15488624.0
-711316416.0
-1716591360.0
-105806256.0
637904640.0
632438784.0
105389640.0
-904638336.0
1610055168.0
-1983247616.0
406349504.0
1474372736.0
-239154784.0
1752364416.0
824262208.0
268136288.0
-1491500928.0
-525743264.0
1888823552.0
358194432.0
1197234944.0
991193408.0
798568640.0
-1205700608.0
1622474624.0
-485006912.0
743906624.0
-1830588416.0
504370912.0
2102686464.0
1462444672.0
1392468352.0
916237504.0
498415552.0
-1521668864.0
-532294016.0
-1040796992.0
1562952192.0
-587852288.0
-1378299904.0
-1614289536.0
1428056960.0
1355780352.0
-1863084416.0
1186140544.0
490412096.0
1973344896.0
1464683776.0
-521584640.0
575553664.0
1458327680.0
1542053120.0
-435558688.0
1425285632.0
1948168832.0
327522176.0
-846030400.0
-1589493760.0
-547731008.0
-381762752.0
-932749888.0
938273280.0
-135318640.0
-1034173120.0
-1822678400.0
1590112256.0
-2096161664.0
-974470784.0
-1223387904.0
-1694228992.0
2032255872.0
-1825688064.0
1749490816.0
-1719765376.0
655929536.0
360085184.0
-946705088.0
-674150976.0
1896032000.0
461906624.0
909935936.0
-2038296192.0
-1739570048.0
2131313280.0
-2144855168.0
1033006400.0
-952362624.0
201767840.0
-1965413248.0
-1023225984.0
-1109982464.0
-178033360.0
-804036288.0
1189608320.0
1562073216.0
-1520538240.0
-648133184.0
1852377984.0
200005552.0
2000305152.0
-155604944.0
1106252928.0
2041431552.0
-1141642752.0
525914368.0
-890094400.0
1009845504.0
-1146448256.0
-1852735232.0
-454724672.0
1611151616.0
382261568.0
-653823488.0
1494002432.0
-643047040.0
-1179727232.0
1750300288.0
-705182592.0
-1228405120.0
279427136.0
-1110561920.0
-1515362688.0
1244491008.0
-1609138048.0
-371791264.0
-39496576.0
-1877608192.0
605864128.0
1397241600.0
-1094574720.0
213479520.0
-1389130496.0
-1962115840.0
2050161792.0
-1840125568.0
-988838528.0
-438999200.0
-598009536.0
2075193728.0
64028280.0
-110255008.0
2040141056.0
-364708576.0
259923520.0
1323074048.0
-1780456960.0
1886892416.0
1430444672.0
1111825664.0
-1774645248.0
1087696896.0
745704512.0
386726144.0
-2097665280.0
638776064.0
-1895573888.0
474450912.0
-870096064.0
1257158528.0
586935808.0
-78284640.0
-1911038720.0
46551640.0
-721578816.0
1545861632.0
-1167379200.0
-373086208.0
-277209216.0
-1737008640.0
-1706199808.0
94142632.0
-932874368.0
-1242881536.0
-2104008704.0
546875584.0
-95616248.0
1959447296.0
-1152855168.0
76653736.0
1861731584.0
-2003089664.0
-553240192.0
-1902587392.0
467700256.0
-596064256.0
-1190510336.0
8653795.0
-67767704.0
1214776448.0
774299072.0
-869332736.0
1894474112.0
-1838287744.0
-1792007680.0
-1020317568.0
2012787584.0
604748096.0
1824693248.0
357720000.0
1445637248.0
-1678952320.0
1150037376.0
-1270107264.0
1948536448.0
-975248960.0
-2015950848.0
1867568128.0
506862560.0
-700028160.0
-1101721600.0
-1902157952.0
-1318941056.0
661494912.0
943853760.0
609248000.0
1913616128.0
1902599552.0
1873295488.0
-927608384.0
-176992272.0
-653944192.0
-1801684864.0
1702451584.0
-1335433472.0
-1854227840.0
-1249945728.0
280357152.0
1493122816.0
-953539008.0
1197373440.0
-84603152.0
308210624.0
-823230464.0
1128968192.0
1848892672.0
1840309504.0
-1549862912.0
1067490112.0
677698176.0
-1130184320.0
1768421376.0
1217450240.0
1071599552.0
1319053056.0
-1395639040.0
-1549587456.0
1527585664.0
1875728640.0
170777472.0
-453664960.0
1572694784.0
1612653824.0
-323756096.0
-185073872.0
83189472.0
525980128.0
1222777344.0
-450012736.0
2072111744.0
920773952.0
2140334720.0
372277536.0
1797740544.0
953044992.0
265624128.0
1141501440.0
320758240.0
880952448.0
1856810752.0
1051155712.0
-1856254464.0
-1570529664.0
1175770880.0
603144000.0
397382656.0
-1295597824.0
-1914129152.0
-1888843264.0
1592471552.0
-424602176.0
401357152.0
-785018688.0
-1102492416.0
-1409262592.0
-1087440896.0
-1840381312.0
-1024907776.0
1757472384.0
219015104.0
-1231415040.0
-260636512.0
1092845952.0
764902912.0
306015776.0
-1930393344.0
397041024.0
2025958144.0
-1509297792.0
-1784285312.0
-609214592.0
109919056.0
1868355328.0
362325952.0
887619456.0
1085138944.0
-1344185600.0
1884564992.0
558028928.0
1312249344.0
-1946928000.0
-1095379456.0
1904277632.0
1874003840.0
1826609920.0
-1004713344.0
1596497920.0
-655844032.0
1008693568.0
-674959104.0
-1893449472.0
-1626876672.0
-1285247616.0
447839552.0
-94330352.0
1065926080.0
-1875987328.0
2010619264.0
418361184.0
-551309696.0
-854979520.0
-1418629120.0
889040576.0
2019843200.0
795902656.0
491675008.0
-354778816.0
422105248.0
-1738978432.0
-618039488.0
-1542998656.0
1821692032.0
739830464.0
-2016742784.0
-726895296.0
369331744.0
810557568.0
585484160.0
-140625392.0
678924288.0
471821888.0
-1172457344.0
1918946944.0
1635631488.0
1609998720.0
-1845999104.0
1494101888.0
2134959360.0
1425732096.0
1642845056.0
-1277308544.0
192895488.0
-1803276416.0
340462592.0
907866496.0
-2071061120.0
-1516192640.0
1591723520.0
-1153780992.0
-750443968.0
1348458368.0
225364912.0
-529343360.0
1464460416.0
778405632.0
-228763840.0
-1223812864.0
1021486912.0
-1813317632.0
-2047365504.0
890200832.0
-545374016.0
1478796544.0
1823313920.0
-1721665536.0
626727040.0
-215422864.0
578349952.0
-1509055232.0
-1161636352.0
1774456576.0
1944908544.0
-1124585856.0
1127422464.0
249626256.0
-1192418688.0
1313791872.0
618350336.0
-2114803712.0
-2103366528.0
1396094848.0
58434320.0
1585121536.0
-1358500224.0
1924644992.0
272120096.0
1244056192.0
1659970944.0
-105322376.0
387420000.0
106747264.0
-791400704.0
-380522496.0
-74737336.0
-296460512.0
-1615332736.0
-997980096.0
2058081024.0
827699136.0
-280851104.0
-1863253248.0
-2137217792.0
-289720064.0
416388160.0
-156445536.0
-1246356480.0
-1424094976.0
-2003911808.0
2091917824.0
-436580000.0
-1813904768.0
-2038518784.0
1284302208.0
173367280.0
-2101596160.0
268204560.0
-1700169856.0
-2015502208.0
28337922.0
-166540032.0
-1842173952.0
-1671168128.0
-473762112.0
318343488.0
1965660800.0
1912902656.0
-477029952.0
-737097600.0
-1502326272.0
2130890112.0
-791687168.0
-1022258880.0
342117312.0
-683215872.0
-133683112.0
614926400.0
1585890432.0
1224965632.0
1323285504.0
483713760.0
-1951306880.0
-1344214784.0
733063232.0
919827008.0
-1670081664.0
998547392.0
1498808832.0
1868753408.0
1440820096.0
541188544.0
-868225472.0
468575360.0
110948984.0
-674738304.0
-854881408.0
556596224.0
1058590144.0
355600192.0
-1508907136.0
-1073818624.0
-134078560.0
-285560224.0
-2070189824.0
-1883549312.0
526582816.0
-339441408.0
823228416.0
-928361088.0
1078238080.0
-451624576.0
361321888.0
-678833792.0
191773248.0
2097211904.0
1893655040.0
-600572800.0
-368235296.0
422932832.0
2101678976.0
-37276828.0
1921804800.0
866906688.0
1976957184.0
1901394432.0
-540429376.0
-342838880.0
-366783200.0
68637304.0
-1308130944.0
475714336.0
1902703744.0
-1181489792.0
734895744.0
-654520448.0
-1484219776.0
-1195173248.0
-181969808.0
-955158336.0
-281554976.0
1142340992.0
1504799616.0
788936448.0
709496384.0
-849081216.0
-107659592.0
720047616.0
-1195569152.0
1190503552.0
-289990656.0
-2121253760.0
-1858090240.0
564917312.0
416145696.0
-1141967360.0
453246560.0
1276758912.0
-883441792.0
1926449408.0
-1416517504.0
104457584.0
365266048.0
1486123904.0
-195336256.0
-1262863616.0
-649857216.0
-1900236544.0
1572504832.0
1339132544.0
-1410295168.0
1174706816.0
-806795200.0
1211447936.0
692056448.0
-86689280.0
1300565504.0
-885513472.0
1564800640.0
-1873455104.0
210282496.0
1273232256.0
-13624642.0
-1648701184.0
1847096576.0
-97872232.0
-1771994880.0
-534410752.0
507008160.0
-1366182016.0
-1799980288.0
82775488.0
1317131520.0
86004632.0
316608320.0
2062500992.0
1191938944.0
-1454534016.0
-1156718848.0
1806325120.0
1839453056.0
-2132394368.0
-962673344.0
-659286592.0
-1483273728.0
1422615296.0
886188480.0
-2094571136.0
313035680.0
1420729984.0
-384203104.0
886182272.0
791029184.0
1445152768.0
1269795200.0
-1395854208.0
-753770368.0
-755031232.0
487306880.0
299176832.0
-524932192.0
-742910016.0
-604106624.0
737619520.0
1600854784.0
1496424576.0
1906120064.0
1256173952.0
-1339729664.0
-701427776.0
757866432.0
1110055424.0
1515440896.0
-292527168.0
1323248640.0
2006750208.0
-358502016.0
1896929536.0
1204000512.0
-1653770880.0
-1050334528.0
1951200128.0
-1793010432.0
-1254072960.0
974050880.0
1882314624.0
-910946112.0
-310283584.0
-1337114624.0
-824660928.0
1970031104.0
788972224.0
1150359040.0
830248576.0
1625175424.0
-480676736.0
-808631040.0
-553965248.0
190196096.0
-1519708160.0
2101281280.0
947588992.0
177721888.0
-948280384.0
-1691798912.0
-1546682368.0
1448283392.0
1084809344.0
-972891904.0
-1073723456.0
-1414167552.0
1081806080.0
-1017682944.0
-1126328448.0
987986112.0
-1059335104.0
1751948672.0
111178480.0
-1076740736.0
189856416.0
-13107991.0
769414528.0
-44379824.0
1259156864.0
-1809444608.0
-1838276992.0
2010493824.0
-1473818752.0
1123570176.0
736884096.0
-394156768.0
693148864.0
-781631232.0
-517571712.0
-400463584.0
1555751552.0
-986018432.0
-108583800.0
-650357376.0
900398784.0
-781487040.0
1305588608.0
-800613056.0
-1523912448.0
482202304.0
-1572743936.0
-167883360.0
1450727424.0
1548647296.0
1674455168.0
605280704.0
30162548.0
-1391731712.0
-1679821824.0
-916945088.0
777109504.0
-1361908864.0
-39889628.0
-449016064.0
1912655872.0
-291952096.0
290896800.0
-494759552.0
133543480.0
-293299712.0
-1942805760.0
-1711532032.0
2128416384.0
1817919232.0
-1449443072.0
-1540445568.0
-484150048.0
1320973952.0
533261472.0
1620373248.0
1163856384.0
78315016.0
-732546624.0
642789120.0
739584320.0
524100256.0
1584489088.0
-594784384.0
291922368.0
-638365952.0
-194875376.0
1142873600.0
1825198208.0
1623942528.0
-528942560.0
-1595529344.0
-497657536.0
-49067924.0
433159328.0
-2069475200.0
-1734550144.0
181552288.0
1224382080.0
1268024576.0
625249088.0
1090578944.0
2128524672.0
2125052032.0
164748912.0
1864136960.0
-1329008384.0
-1885379200.0
-952810048.0
136932528.0
2086934400.0
-975002304.0
-1426642048.0
-807308736.0
-2135699712.0
1747815040.0
-732489280.0
-651633856.0
1867252096.0
-1614725888.0
-285215744.0
-1345112960.0
-1648198528.0
408115776.0
-2099707008.0
-2072128896.0
-847705984.0
338067232.0
711164288.0
-1189154688.0
-21093296.0
-1672107008.0
-1744099456.0
-1268445952.0
677785792.0
160631984.0
-991499072.0
-858267712.0
1947570432.0
-1010641536.0
-353401504.0
632603456.0
117724568.0
304888960.0
528833888.0
2119573632.0
275448608.0
2115106432.0
282149504.0
-1070429504.0
1559546624.0
1911541504.0
-1475849472.0
-116375256.0
-1810870784.0
1846767616.0
-1769478144.0
-266268080.0
1061327488.0
-1641419264.0
-1394181248.0
-965683072.0
1139725056.0
1470214912.0
-552741248.0
-1463386368.0
1740985728.0
1280115456.0
-1045240704.0
-1587537024.0
440882336.0
-515592960.0
543253184.0
2081874688.0
-1222181504.0
-802866624.0
-770242176.0
130157592.0
1112732800.0
-621902976.0
1616144128.0
-1314507136.0
419407424.0
1902372608.0
1838644480.0
-1870795136.0
9735746.0
-353585152.0
-1223169024.0
252988528.0
1144006656.0
2040284288.0
-2138033024.0
-1525602432.0
1321222400.0
1541188352.0
1279458048.0
-2014196480.0
-431848896.0
-1262657664.0
-1778799488.0
-1753324544.0
382875552.0
-1604177664.0
269177920.0
1572895744.0
-1497550976.0
-1762488704.0
-2022758784.0
1258487168.0
337300896.0
275453152.0
359041888.0
-425819968.0
-1235150208.0
1641547520.0
207385584.0
1317931264.0
1055928512.0
1450357888.0
1639507328.0
135887312.0
1058308096.0
1507173632.0
223855488.0
1142532864.0
-1173521664.0
1592186496.0
2050225408.0
2000670976.0
1106235648.0
-767022272.0
1917469440.0
-742375936.0
2057212288.0
1201904896.0
905600128.0
-526024192.0
976121920.0
794012544.0
-1790964480.0
1060923776.0
1498106368.0
1353887232.0
1189513344.0
1880130432.0
-1768782848.0
-195189424.0
-1707337216.0
1668465792.0
-751756416.0
-897072576.0
460394656.0
-610432000.0
-327335040.0
465051584.0
-352522240.0
-1358859392.0
1432432128.0
-2136614016.0
-2139464192.0
-1610883072.0
-1293410688.0
-1953356928.0
-405281376.0
896745472.0
675833472.0
1511847552.0
-1611424128.0
1721250304.0
1412693888.0
-2127196032.0
257595424.0
-1599107968.0
1126354944.0
-1833133696.0
-183543616.0
1023647936.0
2109923456.0
-1968847744.0
959069952.0
1351137152.0
-122432232.0
1442373888.0
-1214379264.0
-1894161792.0
1546280960.0
829000448.0
-1510418688.0
-1144034432.0
-1868877824.0
-853219328.0
-808251200.0
-528586496.0
692441280.0
1265654400.0
1180987008.0
2041053568.0
2093460608.0
1908230400.0
2085246208.0
-102459376.0
1132434432.0
1895426816.0
-1987540224.0
-1735585280.0
-1782623488.0
899815040.0
973848768.0
856534208.0
912770048.0
2072911360.0
-2121487104.0
1856208000.0
-565558528.0
2131065600.0
109191416.0
864486912.0
-1173961984.0
-834713856.0
123327016.0
-1066788672.0
-1766152320.0
1494845184.0
1215728640.0
-503005856.0
314096704.0
863534016.0
980209856.0
-652971008.0
-2066052992.0
-511357568.0
-770211008.0
1625270272.0
131307968.0
-921305984.0
-2035250688.0
1583015680.0
1473606016.0
-1552006912.0
2064414976.0
1072621888.0
-667963968.0
648827328.0
193830304.0
1961257472.0
-1209641728.0
273532448.0
537137536.0
1019692736.0
-725806656.0
2056118656.0
1651363840.0
377755328.0
1837733248.0
1618858496.0
1957442944.0
1979921152.0
-1529608576.0
2062541952.0
318590432.0
-665349376.0
-157457632.0
1497529472.0
1846747008.0
1563157760.0
-898808384.0
-104365816.0
-1747891328.0
-1747380736.0
-642610240.0
606914368.0
1697748224.0
568043968.0
-1471627520.0
-612629376.0
182236208.0
-264465904.0
1194777984.0
366977472.0
418841472.0
-1137671552.0
-1632520064.0
1624523776.0
614662656.0
771890688.0
1227186688.0
-1429896448.0
1924604416.0
-1747809792.0
-1747914368.0
-1291854592.0
660349184.0
1868743808.0
-775240896.0
1514186752.0
330156064.0
-1176358400.0
533656768.0
1573456512.0
-522250528.0
794421184.0
2057083008.0
800906176.0
1292779392.0
388319456.0
1376906368.0
1368657152.0
-1245872896.0
-1266337664.0
-411687296.0
-1691777536.0
-1653133696.0
460291104.0
-1255496448.0
-1967545344.0
2144339968.0
-438802272.0
-1650751616.0
1734100096.0
-1017596928.0
295277568.0
-1422336256.0
544771776.0
-2061843072.0
1081574656.0
1321570816.0
1675275776.0
-56650500.0
-33346728.0
-1654598016.0
-810826112.0
1674292480.0
1668375808.0
-1234804736.0
-688448768.0
-299851584.0
-262323792.0
890232768.0
945299776.0
1014719296.0
2137160064.0
-1496315136.0
-660946816.0
699383360.0
1898710784.0
-436368000.0
-788224192.0
749324736.0
269518048.0
1084497792.0
-1981512832.0
1157212160.0
989722880.0
333273984.0
-231693168.0
434692768.0
-471266848.0
1398993792.0
1936119040.0
811786816.0
10466951.0
624814784.0
370344992.0
-129286776.0
1039700800.0
-850556288.0
478250240.0
-1341304832.0
212423152.0
-1717059072.0
877998272.0
-1087101056.0
909455744.0
1829204480.0
1789199488.0
-1070046208.0
-1660405888.0
1750052096.0
2014258176.0
239525536.0
-1247678976.0
-27171634.0
-622891008.0
-1881227520.0
303918816.0
979824128.0
84169232.0
-1804520320.0
183194992.0
355268128.0
790412608.0
-916873088.0
455192384.0
-1819089536.0
1120636416.0
779766080.0
-209208384.0
-2085733120.0
-501215552.0
-815060992.0
-813079232.0
545778176.0
-766638016.0
815945408.0
1589808000.0
-2056053120.0
-595735488.0
-605862272.0
617444224.0
-829095872.0
-331591936.0
-1235375744.0
-334823904.0
2118454400.0
-1771024384.0
1059777664.0
-429422080.0
1459120640.0
-409931456.0
-608071104.0
-1042690560.0
-1050327488.0
2086872448.0
1574926592.0
418255872.0
-607986304.0
-755834048.0
-65875280.0
-1724828416.0
-1326319872.0
-635230528.0
356419200.0
113202384.0
-1485661312.0
1330130944.0
-1024135.3125
-826529984.0
454275648.0
1300420608.0
1177581440.0
-803497536.0
1170048768.0
752411840.0
18952844.0
1182538496.0
-576516288.0
2043197056.0
-884685504.0
-118481120.0
1775858176.0
1568698368.0
371318688.0
1836439808.0
-1053768896.0
-830243776.0
36381580.0
-1465744128.0
-641803264.0
-1122712192.0
1144963712.0
-2084203648.0
1960604160.0
354514752.0
-1232064384.0
-1125281152.0
1664502656.0
1737506304.0
1027207936.0
778294208.0
1203275136.0
231428400.0
1156058368.0
-230606960.0
1784851456.0
-16174970.0
1226673152.0
59881456.0
-411206048.0
-1713074176.0
-1463943936.0
-1631224192.0
-1804215040.0
1763190912.0
1710333952.0
1471619200.0
-2118822528.0
1792133632.0
338525632.0
-1702771584.0
-1029500160.0
1713601664.0
482212704.0
-1021881344.0
-1607526656.0
-1292301440.0
-1157580800.0
178400688.0
693590720.0
1590816896.0
-247317888.0
-1339945600.0
-1367756416.0
-739669376.0
996155840.0
-957395072.0
-1683015296.0
-1374899072.0
1797900928.0
-564033792.0
-768279936.0
-698653632.0
1872562048.0
928603968.0
-362981952.0
2094160640.0
-998271488.0
-1838559232.0
-1103329280.0
-481950080.0
-2003980032.0
194555248.0
819527104.0
1556173312.0
171034416.0
-57093552.0
824110464.0
1587969792.0
-1293444096.0
1092322560.0
-1012244416.0
-487114784.0
1584523648.0
-1624667904.0
-1243132032.0
1114887424.0
1091325824.0
-244673616.0
1209974144.0
-46328864.0
2134524288.0
710384448.0
1210439552.0
598635008.0
-2031598592.0
1620672128.0
1663642880.0
1102957696.0
1298466176.0
1205871232.0
-1296035328.0
1466399104.0
-2122417536.0
1676409344.0
1845199232.0
1596890880.0
-1287784832.0
1730903424.0
1049717120.0
1790525952.0
-1617972352.0
1360556928.0
1842246272.0
-1155917696.0
-1237869440.0
1302094592.0
2078131328.0
1030259904.0
-653444288.0
1885455744.0
157578608.0
753201920.0
1902658176.0
-524088320.0
-1662280320.0
1265375616.0
-1103216256.0
-48509040.0
-774606592.0
-1845172480.0
981615168.0
-1697387648.0
1572088832.0
-2037862144.0
-384872064.0
804882240.0
538766528.0
-1480252928.0
1158433536.0
-1171568384.0
1866663424.0
-2127712640.0
1884412416.0
658831104.0
958397824.0
151823968.0
1205411584.0
1506086272.0
1680612608.0
1416254336.0
1647317376.0
-1066180672.0
-477580736.0
-1223709440.0
395789024.0
907737408.0
1389798016.0
83400720.0
221597376.0
-1062371648.0
869006400.0
1736183936.0
-954184000.0
-1024623040.0
-1747359616.0
-1630116224.0
-1500680064.0
-1687087232.0
637922112.0
275233568.0
-1012956992.0
1425058816.0
725000576.0
-93596024.0
752102656.0
-1604844800.0
1159399424.0
-1668693376.0
-80305344.0
-229003984.0
-1797058688.0
1133305472.0
1269533696.0
672887424.0
1101192960.0
-610824192.0
-1748066304.0
535955488.0
1007141696.0
1607081088.0
-1592028800.0
558273792.0
-43990264.0
-1970232832.0
799714688.0
803307264.0
1438455424.0
2089689600.0
420338560.0
917350464.0
-1205092352.0
1533168256.0
-623619776.0
186262880.0
-1628907392.0
1356971392.0
1034880832.0
95013568.0
1743864064.0
-299756704.0
1404531328.0
-386286752.0
-1321210496.0
827591424.0
609969216.0
511047360.0
522864864.0
472235104.0
-1505702656.0
125356864.0
1330207360.0
-2119246208.0
-2000136448.0
582736896.0
-132861752.0
209303840.0
-1431842304.0
558743424.0
35764368.0
1457681664.0
288906656.0
1894452608.0
-1075489152.0
-832044224.0
-1818576512.0
521781600.0
962174848.0
1052899136.0
-503672960.0
-1346662272.0
-1851157376.0
567817088.0
-1597173376.0
1844022656.0
1988726016.0
-903458240.0
1091414784.0
-2071296768.0
-2022003328.0
940857664.0
-306383168.0
-95587752.0
480917216.0
-1766541696.0
-1703109632.0
713160704.0
-266033664.0
1094276608.0
546697920.0
-161763808.0
-844120768.0
36471228.0
-1806458880.0
-1614443392.0
-801607872.0
1363244928.0
187825888.0
1648568448.0
-648218048.0
1253099392.0
-1119788544.0
1011078208.0
1301723648.0
1510451072.0
450946880.0
-1771802368.0
-2002729344.0
-1851392128.0
-739352896.0
1434027776.0
925665088.0
1433560320.0
-1669663744.0
-631159104.0
899223744.0
-1827585024.0
-268486336.0
1794511744.0
1124368768.0
1785956864.0
-54314312.0
-1273425152.0
1659715584.0
-1734919936.0
-1911531520.0
438521920.0
902454208.0
816866624.0
1999389568.0
2097037056.0
-214525872.0
2109783552.0
96453232.0
-1165696768.0
-605516992.0
84983688.0
2105950592.0
-1010873664.0
1740203264.0
-772647168.0
2105246336.0
692449856.0
-763243840.0
-196265648.0
2091245952.0
-872638400.0
-1371637120.0
-1917794816.0
-2045341184.0
-228850768.0
533333664.0
854029824.0
-1737444864.0
142161664.0
-1053422400.0
-570361024.0
-1037942976.0
-1904029440.0
1927330944.0
949808256.0
1585544704.0
-1555438720.0
-1877848960.0
2083049728.0
1802849152.0
-1787096704.0
-124099968.0
-935657280.0
1656776192.0
118274568.0
-1221692544.0
-413683872.0
1038379968.0
1261809024.0
1199007744.0
-482538432.0
-183345600.0
-1176240256.0
-1768725504.0
1948060544.0
-129533576.0
1775557248.0
859448192.0
-1651796096.0
-1786727296.0
1033871552.0
-1473241472.0
1445940992.0
47076924.0
1538811008.0
1063760896.0
384647584.0
567368896.0
1793750400.0
1832089472.0
1133396992.0
-1543484800.0
-1265740672.0
1507515264.0
1201655424.0
1875164800.0
-1821216256.0
-847831488.0
710920768.0
-1352939136.0
421019104.0
1839277696.0
-1289809536.0
1345336192.0
380489376.0
637340096.0
-302790944.0
-1911279744.0
-1135055360.0
-1631930496.0
76195048.0
-1690044032.0
-1519528064.0
1228687744.0
1492270336.0
-1926500096.0
-1397584128.0
2029690240.0
1005643584.0
1245487872.0
-1680105216.0
1516079232.0
-701437696.0
1589038208.0
623435008.0
-1837019904.0
-986700160.0
241909168.0
-2004122752.0
-764718784.0
-1004221888.0
-2086616576.0
-1058331712.0
-340521024.0
901379520.0
1455755136.0
-788405184.0
-969304832.0
-1404894592.0
-1345453312.0
-574324096.0
475045664.0
850745536.0
795020544.0
-1114186112.0
927739712.0
619245248.0
-1693425920.0
-81559744.0
1234671104.0
1339947392.0
-867002944.0
171181312.0
970418496.0
309813824.0
-947990656.0
2046206592.0
-1909900160.0
1744936576.0
-467564224.0
-2117190144.0
1507864320.0
-872757440.0
1462165888.0
992074688.0
213759200.0
-1913909120.0
1070987136.0
-322527776.0
1065343808.0
742596480.0
1477901952.0
304444928.0
-120005016.0
370890880.0
229880208.0
1044078784.0
-1440945536.0
-1795253632.0
-1590001920.0
154605872.0
-1772644480.0
452345888.0
-421632416.0
-267187344.0
-1295453312.0
-1758565504.0
-1955377152.0
463073568.0
614532288.0
-1925310080.0
1573884160.0
1112021760.0
-423952384.0
920650560.0
941038016.0
-1299865984.0
-1976745216.0
-1784936192.0
1256985344.0
-158655840.0
1349811200.0
549980992.0
1352390144.0
-309679104.0
-503797984.0
-1015309376.0
-109339896.0
23019726.0
-2131260928.0
1313747968.0
-178494832.0
-1996972160.0
-1785855360.0
-1215361408.0
-1155772800.0
101725520.0
2116182528.0
-1834489856.0
14730301.0
-484619008.0
778150528.0
-1256208512.0
-1545872000.0
-1883446784.0
-54693212.0
1617368448.0
4047504.75
403685728.0
-71677280.0
432080288.0
19206202.0
742447552.0
803496512.0
1479336576.0
-1435117184.0
2142267520.0
-33748708.0
809193792.0
2017893760.0
986237888.0
444594816.0
-222241744.0
-1647178624.0
472729184.0
1762915200.0
-1290486912.0
-2118885888.0
-146278992.0
1207261824.0
-2119346048.0
2051792640.0
-963339072.0
-1840928256.0
41330796.0
-705992704.0
-1269254400.0
-469156128.0
1763210752.0
757142912.0
1690307840.0
366338272.0
1994035840.0
936219776.0
-560619072.0
273262368.0
-251619808.0
-367804384.0
-1249063296.0
-1377788672.0
-1551478400.0
1950564352.0
-1892172160.0
1712791808.0
-1268354944.0
706308160.0
1267747584.0
-635686528.0
-1826105088.0
929679168.0
1264679040.0
1022635264.0
-1034602560.0
1580653056.0
906497536.0
-1387808640.0
61082268.0
-1935211136.0
2096575872.0
1731812224.0
-352670880.0
211753104.0
-2001680640.0
1410851456.0
-731625088.0
-1725055872.0
345879520.0
-1642591232.0
241528016.0
-1469582592.0
1584773504.0
-98245752.0
-1983924096.0
511682720.0
1606873600.0
-1683017856.0
515315776.0
-1064204032.0
-1415852288.0
-1416676224.0
1795516672.0
982307136.0
-2113545472.0
48873812.0
1853865984.0
1426409984.0
-2117708800.0
774074688.0
-1996837632.0
1337968128.0
521163712.0
2113553536.0
-98448928.0
772496448.0
-44602356.0
-146401376.0
-549257792.0
-893840640.0
627131968.0
1070035712.0
445434592.0
-801103744.0
14823806.0
1230415744.0
1504058880.0
-1409568384.0
-2044326528.0
-1517504512.0
-2062521216.0
623689792.0
-556525120.0
-1710739200.0
1079756032.0
-1480260096.0
617202432.0
630571712.0
-1566334592.0
806526208.0
-1543804928.0
-33358658.0
-273119584.0
-942386624.0
-625524864.0
1100581376.0
-440577568.0
895719488.0
-103383496.0
939793472.0
1251810048.0
-805614976.0
-988736384.0
891167232.0
-241440736.0
-812851584.0
-560686144.0
-1624107136.0
877020672.0
814009152.0
-1116107008.0
-1224871040.0
-2061604992.0
602980224.0
1641547520.0
-341649504.0
1526546944.0
214656288.0
592483520.0
-984930688.0
690817728.0
-679430016.0
1020629888.0
2021468160.0
1634278272.0
796469696.0
628234304.0
-1351049984.0
-207595904.0
-1341515904.0
1687528320.0
-191523504.0
-866452160.0
-74518872.0
1217389184.0
48720060.0
-913529216.0
882163008.0
-1306728960.0
702885888.0
-70317928.0
119222544.0
1171425152.0
-239335056.0
-555639744.0
-1103883264.0
1474579584.0
467392416.0
-498396896.0
818636608.0
730584512.0
-1175358080.0
-177446912.0
-560232512.0
-1221297408.0
1924486144.0
1473220992.0
-794795648.0
1687516800.0
-1877900416.0
-1371284992.0
-1632168448.0
-1506865408.0
-1843184256.0
1416160000.0
-2059719552.0
1064603776.0
-459945440.0
-1615800192.0
-2094776960.0
589032384.0
1392073984.0
1027891456.0
-874194112.0
1971685760.0
861162432.0
779599552.0
1477979776.0
-654016640.0
-1150252416.0
2071334912.0
1587581696.0
1249039872.0
1142911616.0
17540862.0
69500320.0
-2069754496.0
1406084864.0
-1588660992.0
2061596288.0
1212002304.0
1165814656.0
692854912.0
-1882991744.0
-451313024.0
-1372565760.0
-1103475840.0
1609766400.0
256703952.0
-1644354944.0
1551236864.0
1311543424.0
1345269504.0
1339059584.0
1991695488.0
-960033984.0
-1448860800.0
1610578176.0
-1167949952.0
-1139375872.0
-1610186496.0
1471712896.0
157740784.0
-1105854848.0
2027783424.0
-1850328576.0
2050532608.0
-1814805888.0
-605935296.0
919280384.0
1390434944.0
-1219026816.0
2067240064.0
1776437888.0
2125009408.0
644003328.0
145602656.0
530872096.0
-27135426.0
1411259648.0
-1156135424.0
1260500352.0
-139095936.0
616366016.0
-1418939776.0
949654080.0
889283840.0
-944890880.0
-1293475840.0
991653376.0
-450928768.0
1921735808.0
697964480.0
-1706802048.0
1834186880.0
-1741925632.0
1832663552.0
-1925254400.0
786301568.0
-643017984.0
187482992.0
-1060919680.0
1521685760.0
1468533760.0
-1901794304.0
-1663944320.0
-394929664.0
693763968.0
-1455565312.0
1480062336.0
-459060736.0
-2078003968.0
-1730696576.0
385028608.0
-199170544.0
-650308352.0
1684176128.0
-1856947584.0
1185753984.0
-89790280.0
903143040.0
733914880.0
1649380480.0
-1397109376.0
967209216.0
623214400.0
-2008291712.0
290078144.0
-1245603072.0
-1566948352.0
-1728346624.0
990861440.0
-2076846848.0
-2111163392.0
-975847360.0
-1725640448.0
-1778708480.0
-1267651840.0
-1696922752.0
1911897984.0
1657876992.0
1752019840.0
-2127189760.0
98669552.0
390893376.0
840908544.0
1271510272.0
-640057088.0
1374530688.0
-1825888512.0
-323882144.0
-1631409408.0
1890983936.0
-1333036032.0
-502137664.0
796299904.0
-1819396992.0
485171360.0
1198653056.0
-207166336.0
1675591808.0
-1082113536.0
-394765728.0
-1063335360.0
2067149440.0
1640014720.0
1412245120.0
365699584.0
903211008.0
-725103360.0
2106538752.0
-580092800.0
-52527208.0
-226783216.0
1324624768.0
-1705372928.0
109406912.0
-2129371136.0
1231982336.0
-1037081088.0
-106697248.0
-1915198080.0
-1324676352.0
-1077380608.0
-761501568.0
-344556768.0
31767086.0
-1733001344.0
-1077684608.0
-642372416.0
-659001728.0
-1058823360.0
20163170.0
-1984832768.0
2030558464.0
640087488.0
-142882368.0
1523059968.0
1367029632.0
2091426304.0
777506304.0
-1697588352.0
490002560.0
-1225226240.0
-1992469632.0
931589696.0
623412800.0
1555212416.0
2084736384.0
1064792640.0
-2011535360.0
-1428658688.0
-67768944.0
1096529024.0
967246080.0
-1267536512.0
-186908688.0
-1192414976.0
182657776.0
-1877011968.0
-567116672.0
1742467584.0
-802511680.0
-1746164736.0
-2021808000.0
1988618624.0
-1482825984.0
1748304128.0
-17234296.0
2097786624.0
982464576.0
-1700857088.0
591955072.0
747999232.0
756877312.0
1412690816.0
-208745920.0
-1705766656.0
-946026752.0
1554251520.0
280411168.0
2012547712.0
926606336.0
-252017680.0
-963435264.0
-543170432.0
-1055723328.0
-2068246784.0
-806275008.0
-480344160.0
1843237376.0
1501673984.0
474982112.0
447701088.0
-639404608.0
-749497344.0
-780254656.0
-392982528.0
-774089472.0
-1284169472.0
-1856054784.0
1564878464.0
-1561367424.0
1110027264.0
871314880.0
-179696160.0
846214720.0
-96687296.0
1498926464.0
-314990304.0
2012574080.0
-684853184.0
217904304.0
757550464.0
-1079676800.0
1096052864.0
1884767488.0
-11057871.0
-632014336.0
1737052544.0
-1345615360.0
579646336.0
1025713536.0
-724352512.0
1534223360.0
373949696.0
-382824256.0
-1814041728.0
1516814336.0
-1160327552.0
-1739690496.0
-1764570368.0
-1344785280.0
953404096.0
-1026115008.0
-1781641472.0
1294487424.0
1279006080.0
-62676560.0
1458409600.0
-1655677184.0
-578031808.0
-961477056.0
-1699639808.0
644362880.0
-1991400064.0
-75992144.0
-2116974208.0
-2032425088.0
419501792.0
187766096.0
1950057216.0
1352667264.0
-854640128.0
-1061346816.0
-1310583168.0
-1541499776.0
2117526528.0
2108759168.0
121792800.0
1154152448.0
-1509966080.0
593181568.0
-1614606208.0
-1580575232.0
-852289600.0
-1208600704.0
1608377088.0
1518259072.0
1553242624.0
2140550400.0
-494627872.0
249739328.0
-1858996480.0
246596768.0
-1722109184.0
2031407488.0
-1225917696.0
-525989600.0
657616320.0
1708231680.0
2123713152.0
-207354912.0
-447960224.0
1845756800.0
2007304448.0
-293190368.0
994123200.0
-1452714368.0
-567387648.0
-454552864.0
1733808128.0
1342021376.0
-390876544.0
-748844032.0
-739886016.0
509796352.0
113065352.0
-1243271040.0
-779932416.0
272516928.0
1477597056.0
-112556088.0
369323168.0
2081190144.0
492766368.0
-1423294720.0
630531264.0
672330432.0
1034312704.0
-2109531008.0
815624000.0
1843707648.0
-1705482496.0
1358284416.0
1328689664.0
154716160.0
-839086720.0
-1296396800.0
82815720.0
-140469328.0
1936724480.0
-945912448.0
688677184.0
1583225728.0
-1082834432.0
-552090304.0
-239884816.0
-1904624256.0
99592712.0
-334665984.0
2097606272.0
799982720.0
1126499456.0
-370389728.0
1681319808.0
-424974784.0
867558528.0
130289200.0
1829439872.0
1738672256.0
1030895808.0
-2127718400.0
1628244352.0
1599433856.0
-3675475.75
-1629630592.0
2043627008.0
1826730240.0
-141238608.0
1809122048.0
1942005632.0
-931366656.0
-177368272.0
845530368.0
-1176889216.0
2038367232.0
-1734068608.0
1849305088.0
1777488640.0
-1259311616.0
-1504343296.0
1290738560.0
1249978880.0
-141276592.0
-1985982464.0
-1388869888.0
1064875328.0
-90455992.0
1789905152.0
-764457216.0
1562307840.0
1419180288.0
874684544.0
1253054848.0
-84189112.0
591069248.0
1749593344.0
1203355520.0
-944907840.0
830892480.0
1895973248.0
1269460992.0
-1277782528.0
783994112.0
-1210772736.0
1799548800.0
-998587328.0
312635808.0
-458733120.0
-1296213376.0
-2075741952.0
745108480.0
2113040128.0
-159869360.0
-224890784.0
1233636608.0
1733133568.0
-621300736.0
355158624.0
804008640.0
-962935552.0
613463104.0
224926128.0
1066708736.0
-620144896.0
429152608.0
-386943456.0
-1064172864.0
-620284288.0
372517792.0
831420352.0
-2133595392.0
-1505285120.0
40205308.0
920212160.0
-353443392.0
1744560512.0
89103232.0
1469091328.0
738640320.0
-1416591744.0
302338016.0
-764598656.0
753617792.0
1975774080.0
-712478848.0
-2083330176.0
-893860416.0
-842662784.0
1026436544.0
1914724352.0
-429484128.0
480544576.0
-118808848.0
-572869824.0
1694040704.0
493773344.0
1238608896.0
26306342.0
-1426652800.0
1804520960.0
1998061184.0
-2021380352.0
512616544.0
1393800960.0
-1349159296.0
491264256.0
-878892864.0
-2049931648.0
1862933376.0
829251264.0
812030144.0
1465726592.0
-222215520.0
-392003392.0
529372704.0
-1845651456.0
544213824.0
-738115008.0
1160317440.0
-1891451136.0
-1449563136.0
-2117725056.0
-624352064.0
-2111067264.0
1521416448.0
251446128.0
147077312.0
1202282496.0
-97498384.0
84392248.0
1959150080.0
662763392.0
-136845328.0
-43521768.0
1297096448.0
-258652736.0
1566087680.0
-1360550528.0
1202279808.0
1901509248.0
-725412352.0
-1892431872.0
563510592.0
-1044112064.0
2071864064.0
-1278978048.0
2104325504.0
-1584133632.0
-65083100.0
23488234.0
1336085504.0
-1234149376.0
-1766069504.0
-762943424.0
-69255816.0
-477453632.0
1328184192.0
1413880576.0
959687040.0
-1165049088.0
-193312240.0
-1696485248.0
-147743216.0
-1916637696.0
366307904.0
172955104.0
-908834048.0
-1866692352.0
1596729088.0
-294290560.0
2091140224.0
693006656.0
341527712.0
1810687104.0
-1610627840.0
-2058127104.0
2000188928.0
-2067113088.0
551995264.0
61497836.0
721740544.0
186169984.0
-683049984.0
-317214400.0
-1778461312.0
-425004000.0
673346624.0
1497691136.0
-864710592.0
-181914880.0
878828288.0
913039360.0
-700809536.0
626679552.0
152719984.0
-580694784.0
246445856.0
-974612672.0
-1718822912.0
1409848576.0
1816340864.0
2124938624.0
-1755995392.0
-620300480.0
1085885312.0
1517458304.0
-892438976.0
817452992.0
473406560.0
1835874304.0
-1264647552.0
2034608256.0
-1075255168.0
1357659520.0
438676416.0
1897525248.0
-1240656384.0
1286592384.0
-1076164864.0
-1522203264.0
-27818054.0
36859260.0
1099100800.0
-966936128.0
-1030368576.0
1548704640.0
-56206168.0
-1264290944.0
592384256.0
-626635968.0
-1968203392.0
-243811888.0
797776256.0
1260303488.0
-1648304384.0
1486450688.0
-560770112.0
544716288.0
1148454400.0
-412137664.0
-763133056.0
1475852416.0
786487680.0
1375284480.0
-169127216.0
-1996501504.0
-787770368.0
157185680.0
142797632.0
-1802185984.0
1429117440.0
722395200.0
562846080.0
-1613602048.0
-688086720.0
-1355715584.0
833600448.0
-1476206592.0
1621190784.0
-232796096.0
276564224.0
590379392.0
2016169984.0
1924130560.0
-1515309440.0
424317504.0
-1336303360.0
813806464.0
1533836416.0
-1898504704.0
-1151231360.0
584439744.0
-165780736.0
-1855104640.0
1609612416.0
-471260192.0
-604738048.0
358835808.0
-437944256.0
-456864096.0
288352160.0
-73592912.0
1617785600.0
-1919447296.0
-1245832192.0
-922946624.0
-938522304.0
672780736.0
-529384000.0
330098528.0
1537171712.0
-583846912.0
1384696064.0
-2000700672.0
-733400512.0
566471936.0
-576034688.0
-1123363712.0
-1644759296.0
497469280.0
948404480.0
-1710172672.0
-1795932288.0
-235023504.0
-1245095168.0
-556608768.0
956973440.0
-486704320.0
-1412046208.0
-1990974208.0
-672079936.0
-1366443520.0
970785920.0
-889188224.0
2026853888.0
787852416.0
1545283456.0
-1244490112.0
-1469393536.0
-429423296.0
908762048.0
719434112.0
-1751555712.0
-141764192.0
1181807872.0
1980046080.0
-2059653760.0
1800669568.0
-954758336.0
-1503219584.0
-1188531968.0
-385041024.0
443467264.0
1108091648.0
491020832.0
-369863808.0
-822380864.0
1148638976.0
-1135830784.0
373653248.0
-1453989120.0
1998831232.0
1597185152.0
-1520411264.0
1546324608.0
-797315840.0
2015304448.0
-1444995200.0
255370448.0
1640971136.0
-1313296512.0
1390035712.0
1985320064.0
1654363520.0
-1794790400.0
1948878592.0
2096825856.0
1479706368.0
22506832.0
1633635968.0
1331037568.0
952489664.0
408160416.0
-1481651072.0
-1417031296.0
1226404608.0
-1714089984.0
-378327744.0
631558720.0
-1487671296.0
1743466752.0
472864064.0
-1470940544.0
-1355511552.0
-1529950592.0
-1766684032.0
624909184.0
459803904.0
1258425088.0
-397501088.0
286681472.0
-1208988416.0
-74538864.0
-1638480640.0
1197615744.0
391409088.0
512838944.0
-1266852608.0
-839978816.0
-65194112.0
-793586304.0
2140828544.0
1820986496.0
-70676440.0
-1097686912.0
742992000.0
1561353472.0
-478921696.0
231564144.0
825883904.0
1305109760.0
-1037033408.0
1349768704.0
-720612672.0
1352508544.0
1878888832.0
-901182976.0
1026331712.0
2098490624.0
570077696.0
1154142080.0
-2095916160.0
198599040.0
1083316608.0
1764592000.0
-901109440.0
-1288469760.0
930379712.0
1666012032.0
-1371492864.0
1234857216.0
960675072.0
1079051776.0
816335040.0
-1567347328.0
-1624846720.0
-2047620992.0
-82777560.0
-1751991808.0
188081936.0
-422646016.0
-443014304.0
-596892288.0
-1948991488.0
1163836544.0
1809893632.0
148298272.0
1415842944.0
-1505521152.0
1524958848.0
1472822272.0
-1755884800.0
-1083069056.0
-1605932032.0
-45886548.0
-773657600.0
1476775680.0
-1032457280.0
-1988489600.0
-1330345600.0
868527168.0
-800435200.0
1716823680.0
1002328384.0
-727754368.0
-1053249728.0
1436162304.0
-1636241152.0
-28366658.0
-900933632.0
1542886784.0
1630638976.0
-1353841152.0
74714392.0
1265666304.0
1221254656.0
-111596984.0
947820800.0
1102216320.0
-1535263104.0
-652739264.0
-722228992.0
-130056576.0
-1297746816.0
850113088.0
1683956864.0
-168614880.0
1312770176.0
-2011857792.0
974294016.0
1067945216.0
-1997651584.0
-545997824.0
-698428288.0
3838912.25
-634712832.0
-186246336.0
-67537256.0
746068352.0
-468414432.0
-973314048.0
-280482784.0
-1057995136.0
-981692288.0
2008562432.0
1889808512.0
101710520.0
-1648866176.0
-991383680.0
-1556797568.0
-34809224.0
-1743997696.0
1381708416.0
1020122752.0
1280567424.0
156970608.0
-957785792.0
844338688.0
319226816.0
429481856.0
-2013092736.0
1518609920.0
-1238557312.0
-752268096.0
1063887552.0
1299034752.0
-1805428608.0
-1141454464.0
2003322496.0
-474784096.0
1680519808.0
-17221142.0
234149824.0
-1197082496.0
-892617280.0
-1914114304.0
979690560.0
591794880.0
315235072.0
-1237541760.0
-2078386816.0
-845264384.0
692092928.0
-789204736.0
1689866880.0
-1339593984.0
-588450816.0
1344864768.0
1065053056.0
1540316032.0
-882501440.0
785180608.0
1910249088.0
197227632.0
1098578176.0
114097160.0
-529675680.0
1695629568.0
1034505664.0
1329705216.0
1980355456.0
-658612288.0
83700000.0
1456580224.0
273330368.0
-742658944.0
871185152.0
-1996530304.0
-1632169856.0
-115608304.0
1303046656.0
642416704.0
-39284252.0
147737696.0
78293344.0
2088315008.0
-255926848.0
-179147552.0
1592749696.0
-1358535680.0
-1957099904.0
-532087680.0
392772000.0
1984734464.0
-1744045568.0
-1815989888.0
-999449856.0
1262974208.0
-570150720.0
1927551488.0
-1826800256.0
1505580416.0
-498208928.0
1741727616.0
-1923860224.0
-1726916864.0
819581760.0
2013994752.0
-2073776768.0
-1749806080.0
-284322784.0
-875866496.0
60107172.0
-701269376.0
-1701091712.0
704248256.0
-859577856.0
-1420362880.0
626211968.0
1799647488.0
-508594496.0
588776320.0
1883355264.0
1706189312.0
1531992704.0
1075549824.0
259636032.0
-409112608.0
-714153216.0
-299791744.0
972659392.0
-2129469568.0
-1093501184.0
-214630336.0
1997796992.0
527716512.0
-1156771328.0
-1699080576.0
-434753120.0
153798448.0
-978726592.0
2038679680.0
1892065408.0
254877728.0
814139904.0
1539471232.0
-1443469312.0
-542409472.0
2069667840.0
-1565587200.0
1596365440.0
1790879872.0
347815680.0
2038837632.0
-1193961600.0
144967776.0
-1802594048.0
1917966592.0
888289600.0
-817885248.0
-1919161600.0
693868544.0
-1754623360.0
1205271424.0
-13758531.0
-1959939584.0
1051072000.0
1837663360.0
-1106104576.0
336045440.0
1868685696.0
1708590208.0
-518346720.0
846384704.0
-1458630016.0
1552815744.0
-1110910848.0
2072923392.0
1407625984.0
2100099840.0
-467000192.0
1682122624.0
-404017984.0
-1187762048.0
-411204320.0
-510415296.0
1159792384.0
-1745736704.0
-1913904128.0
-1526156544.0
1041176512.0
-62945032.0
1456155776.0
719259264.0
-2024835328.0
-1449055232.0
1769991040.0
-224367552.0
-22890344.0
789186368.0
-257348528.0
1748320128.0
647281216.0
187986704.0
-1743657984.0
549744768.0
-1639872512.0
980750656.0
-1773461888.0
455752704.0
-1152849408.0
394301952.0
-142462624.0
-991440576.0
-1701972096.0
-114408344.0
-408016768.0
-980217600.0
1120346240.0
-528296672.0
1004350848.0
-1045056448.0
2078166784.0
-1616105216.0
-1636439808.0
2127338240.0
-892615040.0
-1094258176.0
1219337728.0
-1678714624.0
1416760832.0
-585111168.0
188296560.0
-1435830016.0
1137354496.0
1558302720.0
-1499879680.0
-23353336.0
-280939776.0
605575424.0
-1742202496.0
-741633536.0
-1570932224.0
-54085924.0
-1045591360.0
-1003957312.0
131982320.0
898085888.0
243549264.0
1229860224.0
488780672.0
-1159657728.0
1168079104.0
-609423040.0
1260585984.0
-328243968.0
289255072.0
757134400.0
1897105664.0
1531672704.0
1380311296.0
-1126072064.0
1620335488.0
-1360903424.0
-1551529344.0
-414719360.0
-1556732800.0
-1900364800.0
-4220601.0
465177952.0
483233824.0
-752274048.0
1565212672.0
378368896.0
-276230784.0
-616414656.0
-1869862016.0
-1669031040.0
2120740992.0
681882432.0
140206912.0
1577273984.0
-2047111040.0
948852480.0
-1644412800.0
-879784064.0
-940317120.0
17555896.0
-837777088.0
2043693440.0
398747520.0
401082272.0
480067456.0
80521928.0
-987519744.0
-1326098048.0
-1121138688.0
1442203136.0
-564003520.0
1620176000.0
692338176.0
-257955792.0
1738686208.0
-1899244032.0
487660256.0
-223200224.0
-359173440.0
1489251072.0
-1039736320.0
-533249088.0
-1614526208.0
1582948352.0
-2012770688.0
972989760.0
-583097216.0
1916758144.0
805546368.0
-1310443520.0
808255552.0
193903152.0
54785804.0
629599680.0
1919599232.0
-647175872.0
-1169838720.0
1034880896.0
516074080.0
1201222144.0
-1664645248.0
1460847616.0
299045504.0
-346171904.0
-1704947200.0
2016830976.0
1472669184.0
2027511296.0
1984029440.0
360282880.0
-212657712.0
439302880.0
1976755840.0
-1621654528.0
1748762880.0
-913053312.0
724493696.0
-1768660992.0
882721920.0
-1299677440.0
10284406.0
1820275456.0
-2039948032.0
-29981658.0
-1601526784.0
860955136.0
-2144366464.0
-1564965120.0
-518585216.0
-1630237952.0
-758383488.0
1250265088.0
305976640.0
895707712.0
-162338352.0
-2376427.5
1697587712.0
855323904.0
-1132047360.0
-931466112.0
1360549888.0
-580642880.0
-518286784.0
-276185792.0
-1689729920.0
-2942373.5
-564405632.0
383228992.0
1551680128.0
1356246656.0
1390635264.0
-354416832.0
281281312.0
-2003265024.0
-879265216.0
-2031358720.0
1569565056.0
504794432.0
932881088.0
-1358692608.0
-1136852096.0
-306241472.0
-1125392640.0
384979200.0
-224588656.0
-1402761472.0
1527937920.0
-1687723520.0
2070950400.0
-571950080.0
323030656.0
1270280704.0
1881289344.0
1633807744.0
1148073984.0
-2072161408.0
135323552.0
224650800.0
-1580981376.0
1406765824.0
-505272960.0
-2125134208.0
-1632727040.0
1501929984.0
470668992.0
1159493248.0
-1632413440.0
2143273984.0
-1673760768.0
-1632844032.0
-757573184.0
1902195968.0
916916928.0
1550529024.0
-2050306304.0
982974720.0
-289395200.0
1686110592.0
-1296579968.0
2072695552.0
1777583232.0
1171273344.0
-184785584.0
-753408896.0
1189500288.0
2037117824.0
-1718295168.0
1001558400.0
-288887840.0
747491456.0
1563014272.0
-519772096.0
1442090496.0
1313586432.0
2070103808.0
-1154907776.0
-643531968.0
731199744.0
-659620672.0
725811200.0
1871591808.0
-100468176.0
454810784.0
12280082.0
986645056.0
-813090368.0
-279896416.0
1120213120.0
-1511041280.0
388416800.0
1837547392.0
-1615309184.0
-1657155072.0
-1600704000.0
-294431744.0
-984775168.0
328678176.0
-1127760128.0
1018408384.0
990074944.0
-450985024.0
-509975808.0
1268275584.0
805684288.0
-1471847040.0
2122312832.0
-256181552.0
472604960.0
-1009672192.0
64366152.0
180172976.0
-1730112000.0
1760525696.0
-84606680.0
1837208576.0
-212912016.0
2110839552.0
1438011648.0
142554160.0
707968512.0
-1478843520.0
344659616.0
1361377024.0
-951735872.0
-5790389.0
1870310400.0
1082365184.0
-852623936.0
1558883584.0
1048657088.0
-661940736.0
1362028928.0
543186496.0
1804282752.0
9073614.0
-1709362432.0
1762856832.0
2143347072.0
-650434624.0
1237715456.0
-83103344.0
1192962304.0
-1189480320.0
-979471552.0
1549765120.0
1303726208.0
-1717627520.0
1340827136.0
-385020160.0
-821648448.0
1058234816.0
1379251072.0
-1802628864.0
-213532768.0
-2037467648.0
1806383616.0
-1927353344.0
-1511696512.0
1983385472.0
1070297856.0
-1516832256.0
80244784.0
-1783751040.0
521330848.0
-2027080832.0
-923561024.0
1948348672.0
-1207242624.0
1173135232.0
1122897024.0
-611527488.0
614425920.0
1662903040.0
-492815680.0
-2080251648.0
1583348864.0
-300238880.0
1029010560.0
1192911360.0
966745280.0
1423039104.0
494066752.0
-1760911872.0
-968743872.0
1141712896.0
-501862336.0
1074962176.0
-716028160.0
-1302747520.0
1024581824.0
-1933966592.0
1638242176.0
25164732.0
-1626403584.0
-1973202688.0
974700160.0
217978656.0
869312704.0
288075392.0
-1289533568.0
587356160.0
-1378560384.0
2006249088.0
307515808.0
609741248.0
-150420400.0
1714557440.0
-855488512.0
152132096.0
1904312960.0
705003840.0
-209172816.0
1402776960.0
1408554752.0
930478592.0
-1381589248.0
36384288.0
-501775424.0
-906710976.0
-574993152.0
1376705536.0
-941943552.0
1605624192.0
-1526674688.0
-2001011968.0
336316384.0
852299392.0
416706528.0
581755392.0
2080600704.0
-495253856.0
1715430528.0
1378323712.0
-499525920.0
721549312.0
-1780278784.0
1855687680.0
1210414848.0
1077142912.0
13037835.0
1931927296.0
524966528.0
1200632704.0
-1461317248.0
-1896953344.0
-58524512.0
-879812736.0
-1991453696.0
205651408.0
-1120371968.0
708136896.0
2123394688.0
1449025536.0
446508704.0
-357460192.0
-620452416.0
-1469816576.0
2107240576.0
-184307776.0
1048220864.0
-1974219904.0
-1520890368.0
-1615013376.0
-153633840.0
-314723360.0
-2142691328.0
579753920.0
-576951424.0
982339776.0
1743217536.0
-829355904.0
1646160000.0
1980841216.0
-1413716992.0
11801802.0
-439036992.0
-1680874368.0
1844393088.0
366118112.0
-1737146240.0
1845553664.0
562984640.0
1539914112.0
-87514176.0
1083035648.0
79021656.0
1319505152.0
1589860352.0
717632768.0
1212022656.0
-443331936.0
-1984600704.0
-1281088384.0
1653655808.0
1858690048.0
1585178112.0
-1752685952.0
-1015406144.0
1425979008.0
-561380352.0
-2045353472.0
-2069247872.0
539672256.0
-1090012800.0
-18662060.0
-2069942016.0
1112697600.0
-1502941184.0
1425046016.0
-1767937664.0
642088448.0
-802039104.0
-1725633152.0
-1568875008.0
-941214400.0
93253872.0
-808921472.0
1187161088.0
-693942720.0
547461120.0
187408944.0
276615840.0
1024208960.0
-1543188608.0
1612130048.0
-1246630656.0
1197331712.0
1706782592.0
-799144448.0
1688516608.0
-1337520384.0
-1534444928.0
-633664576.0
1947442176.0
1642530688.0
-670173312.0
240195232.0
-2112655744.0
-1207463680.0
-1306706304.0
2048976896.0
-266122672.0
-491735776.0
1174690432.0
-1709924096.0
-1756740224.0
709500672.0
888591616.0
1498407936.0
2087816448.0
1910867200.0
-1899036160.0
-1879994368.0
-431067328.0
2029656960.0
-1798070784.0
-799173824.0
525766560.0
-1951587456.0
-1382978688.0
-9567696.0
-228923280.0
1317985024.0
2026955008.0
-1229044736.0
1956340480.0
-247809856.0
1203341440.0
1928737280.0
-92881368.0
1663400832.0
-236826272.0
-924496000.0
-403483456.0
-40353584.0
-841982848.0
1668028160.0
546867584.0
249111808.0
-450261600.0
-777379904.0
856647488.0
1709909248.0
-1717678592.0
-1763940352.0
-1632265856.0
-351667040.0
489720384.0
1389738624.0
58543064.0
107526704.0
1733853440.0
-1484727552.0
-1325720448.0
83456920.0
-1350581632.0
1032074496.0
1022663744.0
-593313472.0
252876864.0
1421942656.0
274236800.0
-789832128.0
-515994816.0
998793600.0
-1552423168.0
-1154970368.0
-442827424.0
-593414016.0
732550720.0
1335689856.0
2104875264.0
1636184576.0
921503104.0
1421471232.0
-1400550272.0
1321665536.0
-1301764352.0
-701558272.0
1511649664.0
1059544128.0
-302577824.0
1030457728.0
1759855872.0
-1962001408.0
324377504.0
153877824.0
920512960.0
-1755783040.0
-405913088.0
318412608.0
-76336560.0
2112486016.0
580697344.0
-1557531008.0
-1098795008.0
-1998570624.0
88476536.0
1768792832.0
-1646288128.0
217214640.0
620684672.0
1453091712.0
807973248.0
-1020516992.0
1038421504.0
-311760896.0
2083651968.0
688992768.0
-639691904.0
434600256.0
-187070368.0
345211456.0
-1114978944.0
-1047083008.0
270085600.0
-1652780928.0
259624016.0
-1105076480.0
488075712.0
-1080896384.0
-859558464.0
-1210805760.0
14915608.0
1075652352.0
-1195380736.0
-498421216.0
-157584016.0
35630588.0
2020442880.0
1464836608.0
-1636220800.0
1503707648.0
1781295104.0
-1705937408.0
1688921856.0
361002304.0
-762006464.0
-1532307840.0
-1160879360.0
-2021888768.0
1850855040.0
543522048.0
1038606656.0
1337302528.0
2108771712.0
1376055936.0
691498688.0
-1874153216.0
1028653248.0
1673376512.0
-286893920.0
-538341760.0
-23043052.0
-1427461632.0
1465860864.0
-1318110720.0
-2082909952.0
-1942592896.0
1867062784.0
572993600.0
282767104.0
488345888.0
897502464.0
357840896.0
1641073280.0
-1313333632.0
-1823207168.0
1876565376.0
508373568.0
-1936295424.0
23341690.0
1365977216.0
-1389264384.0
-145723792.0
1737804160.0
1989398528.0
-1103274368.0
-1905854976.0
-516094944.0
-1989148544.0
-866256832.0
1054773824.0
-2028239616.0
-297092416.0
276300832.0
-1989749248.0
1340245760.0
1739272320.0
-732100416.0
-1943373184.0
-311778048.0
2106304000.0
57640404.0
1506520192.0
1841708032.0
-1910440064.0
-1265883136.0
-1562378112.0
1311088128.0
-505927616.0
450325216.0
-1754961792.0
1502511616.0
-68268688.0
1553146752.0
-1676198528.0
-91848528.0
-1679341568.0
-1689722240.0
1411066752.0
756355648.0
-310333280.0
2146056192.0
-1764770432.0
1217851520.0
-605067072.0
-907441856.0
1779728000.0
-947397760.0
-1994758656.0
1402232192.0
-603904640.0
-1143858048.0
-450397568.0
-309739008.0
-582875904.0
1925139072.0
1077118080.0
1390000128.0
-2081331072.0
1464889600.0
451654400.0
1574160000.0
616119168.0
578078336.0
1666641792.0
-424048160.0
285120640.0
1945456000.0
178770128.0
-1264296832.0
-1256515328.0
-1831493376.0
-1012528512.0
-1336132864.0
445020960.0
-1323977344.0
-1428444800.0
62412104.0
-1496032512.0
2063261056.0
-1628942848.0
-912721280.0
1099992832.0
1874843648.0
-460630304.0
1283764352.0
-408049760.0
-2090207872.0
-393357600.0
1096645376.0
821771328.0
187705888.0
-1967491200.0
465145728.0
-1262622976.0
1087605504.0
-562034368.0
37998172.0
-1931460736.0
-770704000.0
-490717408.0
-303134048.0
-1619370240.0
125715776.0
687211904.0
-2057322752.0
-1599187968.0
1920330112.0
510945376.0
-831368000.0
-777064000.0
-765522688.0
-1967541248.0
-163534784.0
2030137216.0
-1545156608.0
-754370496.0
933233024.0
923898880.0
1974835712.0
-1338286464.0
1971250304.0
1080401152.0
-1952009472.0
-371157920.0
1014991680.0
79887856.0
1058259264.0
1366024832.0
-820743872.0
-403948768.0
2045877888.0
-1783009920.0
-795836736.0
-1417880576.0
-1788218368.0
-1675350272.0
-1207306112.0
-1391943168.0
-378361056.0
74872128.0
-98335336.0
-1782618496.0
-733928064.0
999031680.0
432871872.0
1417923584.0
-876593984.0
-383310272.0
2020171008.0
-30751288.0
-1555419008.0
-414995584.0
-1229557504.0
1383036416.0
-1007869632.0
-1311013504.0
-936784576.0
-1990090496.0
1209634304.0
1789913472.0
1214646912.0
-559143040.0
1689545600.0
-319057344.0
-155933328.0
1424681600.0
-246570368.0
-346648416.0
-955730432.0
-2007521792.0
-1002439808.0
-1434718080.0
-572909248.0
1276843776.0
-1611250048.0
467265856.0
1899254784.0
-578692480.0
-1449593600.0
1905997568.0
44377180.0
1586668416.0
1210141312.0
1072081216.0
1554048384.0
-828201984.0
-293180256.0
824456320.0
1082843392.0
1733857408.0
-570171648.0
-356692000.0
1965754240.0
593484416.0
-63194172.0
371283104.0
-2055285248.0
1673308672.0
1556552064.0
1627564416.0
1153193472.0
1988305152.0
897707008.0
-1184177536.0
-804634240.0
-738217408.0
-1901309056.0
-577693376.0
-874738944.0
-236849440.0
1392436608.0
1016619968.0
-901890880.0
1995071872.0
2111897344.0
-1156062080.0
1952447872.0
1816551040.0
-634508544.0
-1294703360.0
-544764160.0
967171968.0
347574432.0
-1021257280.0
1637695232.0
1194770048.0
442977856.0
2007969536.0
2129136256.0
-377961856.0
-790114304.0
-392638368.0
1115649408.0
389290272.0
2054001664.0
-934388096.0
-2027614336.0
1288623232.0
-734310208.0
-1051860544.0
54005168.0
308094016.0
-123102104.0
716387136.0
-1577867520.0
1475693312.0
796799168.0
-2082814976.0
-888647360.0
-950419328.0
-344831328.0
1800753152.0
-512007328.0
1829522816.0
2020178304.0
1333567616.0
26074300.0
1412857984.0
798601408.0
1141006080.0
1890621184.0
612306688.0
-736164736.0
348782592.0
1321865088.0
-2003880960.0
-1476197632.0
1728543872.0
-871946944.0
-1358477568.0
-629194432.0
2059615360.0
648671616.0
1712020224.0
1301791616.0
-330752832.0
-25270128.0
1288379392.0
-947122432.0
-2059430144.0
838687488.0
331418752.0
136113392.0
-1696819840.0
1823172096.0
1782779008.0
839010368.0
544233408.0
1791115264.0
-1756418944.0
-871405952.0
-1364967680.0
-123281848.0
2010251776.0
-1954156800.0
-1742157312.0
-994467456.0
1210636288.0
-1949423744.0
-1409662080.0
1421672192.0
-646740800.0
226127008.0
-1756175232.0
-334723808.0
260800016.0
1655809024.0
1968470528.0
-1714978176.0
-1091718528.0
-603791616.0
1896565120.0
-1065821568.0
419075360.0
-1407223424.0
-827147584.0
-1765598208.0
361751104.0
-922899072.0
-1367337344.0
-694102656.0
-371626784.0
-347147136.0
-427032000.0
8437463.0
485075168.0
1310183040.0
-1303994240.0
130601128.0
-2085214080.0
425078784.0
-1140824832.0
2044546816.0
1368268160.0
167157008.0
-849413952.0
-1579254400.0
-161917008.0
160313312.0
1658734976.0
1441675136.0
1154989696.0
1746580992.0
640793024.0
1490746752.0
-2032257408.0
221797616.0
-1444522112.0
-1636590080.0
-1753612160.0
-1722060672.0
-405921120.0
1951198976.0
339449568.0
-63656408.0
-204385904.0
-1432748928.0
-2090396544.0
-642857344.0
-1092683776.0
-2012953856.0
76896832.0
-1536017664.0
-1452923904.0
2003755648.0
1519511808.0
-223769856.0
-1241094272.0
-1896644224.0
-1317727488.0
-1535420032.0
-1787922944.0
-812068352.0
1547430272.0
-927671104.0
-1254245248.0
-1997089792.0
186539680.0
-1011617664.0
1589239424.0
1029291584.0
1713116160.0
519616032.0
-465271552.0
-1448089472.0
1812838912.0
455384064.0
-401295552.0
-1760357888.0
2137535104.0
954991872.0
638011392.0
-404725920.0
-1289790336.0
2105302656.0
1342435328.0
105698056.0
-370481600.0
-1169915904.0
-330210016.0
-1096106880.0
1443261952.0
-274014336.0
-1755213568.0
1600086272.0
-431438144.0
-726347904.0
-1234843520.0
-1874300160.0
314137120.0
1598521344.0
-1227768832.0
-615048768.0
-1713617920.0
1055047616.0
-213778192.0
1716932864.0
289587680.0
-704019264.0
1665565440.0
1726389760.0
-1943004672.0
1728259200.0
-1189807360.0
1024057664.0
-614399936.0
1657051136.0
-1154557184.0
338279136.0
-432260480.0
-1180152064.0
-669259136.0
937788224.0
-1775753216.0
-1393881856.0
128980488.0
-1921458304.0
1027320384.0
-1024605888.0
-1714535296.0
1739843584.0
59417552.0
-2077924736.0
812207040.0
300797248.0
-1918614144.0
-191025488.0
-823801920.0
-1802942976.0
-1295158144.0
476725952.0
-1568418304.0
566957376.0
859604544.0
572674112.0
-688540800.0
-266614928.0
1774408704.0
466869184.0
1137072256.0
1786014336.0
-2112767232.0
1165526784.0
1516627072.0
-1803260928.0
-1820809472.0
77840344.0
608009024.0
-133493184.0
-1149369856.0
-1102739584.0
-171818384.0
266530832.0
-1435540480.0
1720296064.0
-2094284160.0
2079509248.0
-1765593088.0
-1053644800.0
-1819387264.0
-910561856.0
-1234432768.0
-968359168.0
-2008391680.0
-997562048.0
-1066839040.0
-1386009216.0
1122792448.0
1949882752.0
281938592.0
-1375975296.0
1164709888.0
-249041856.0
-576418176.0
494139776.0
-1823342464.0
86938936.0
1003852608.0
158030032.0
410510560.0
-2023373696.0
1704176000.0
373430304.0
-398053120.0
-518900064.0
1007425024.0
-1087027968.0
-999748992.0
-1161885952.0
-1521569408.0
-627487424.0
-603670784.0
-1677639936.0
-1398764928.0
961694976.0
1632011520.0
231320144.0
-758627840.0
1315062656.0
1628293248.0
1346212864.0
158693632.0
1359887104.0
-1025311424.0
-1841587584.0
32183814.0
-425307808.0
608244096.0
-1769963008.0
-1137593856.0
1710169856.0
-1917386112.0
-1369525376.0
-773649152.0
632614912.0
-1473696128.0
409808160.0
7263835.0
-1093461248.0
1161915648.0
198698976.0
288988704.0
-1747318400.0
-1174264320.0
1939835136.0
-127526608.0
2078761472.0
-615021376.0
-526393696.0
-1140253440.0
61682060.0
-260708688.0
1753412864.0
1504000896.0
-625625280.0
2039203200.0
-1466841984.0
-526860096.0
1241384064.0
-909050944.0
-462573472.0
1364408576.0
997240448.0
-949185088.0
2089763328.0
844275776.0
1666757632.0
1798948224.0
-826904000.0
2146579200.0
1681985792.0
629465152.0
-1082389632.0
-1628421760.0
-1912028800.0
186652928.0
980943488.0
1600586240.0
444248320.0
-1616545792.0
605513152.0
915145472.0
971998976.0
-57820048.0
-446511968.0
-1141004544.0
169645088.0
1212716928.0
-1122286976.0
-1771883136.0
1907941248.0
-1647695104.0
-691009792.0
-1265143040.0
1699591296.0
2014064128.0
-1493257984.0
-509017344.0
658956352.0
-225243984.0
528947520.0
622426816.0
1941074048.0
-1616492032.0
1085810304.0
-1402292608.0
-1081972352.0
1557521536.0
544820288.0
-1882351744.0
-563652352.0
-1419685248.0
578753152.0
1771857280.0
-374233792.0
-673011648.0
-1295429120.0
-1822969600.0
-591134848.0
-899769600.0
-868153024.0
1963083776.0
-745563840.0
-1262611584.0
-1014123712.0
1172552704.0
1343438848.0
-837177408.0
1251187712.0
-1247537408.0
-856239616.0
115610784.0
1683054208.0
-195153920.0
-455231936.0
-74341656.0
-1917924608.0
1994085632.0
-105152744.0
-1665869952.0
896460288.0
1012140608.0
1539595008.0
780495424.0
-58862708.0
-455243040.0
1126890112.0
-671833856.0
952366784.0
1519750400.0
-85072584.0
2125163904.0
-1013250304.0
263665664.0
985135552.0
1971650432.0
239897808.0
2111130880.0
1395596288.0
-392505504.0
-1932089856.0
-1970027136.0
532114624.0
713405568.0
1033494464.0
-843137536.0
1777036160.0
-154127568.0
-1049505792.0
-575289792.0
1837096704.0
951061056.0
-563755776.0
1405128064.0
-1329279104.0
-505633920.0
923042880.0
-2120012160.0
-327669184.0
802713344.0
2068071168.0
217452848.0
1508816512.0
1974737792.0
-452172544.0
-559882368.0
-1358570752.0
825874880.0
1444638080.0
983418752.0
-125818480.0
-901349568.0
-974162688.0
175904064.0
1045081664.0
1771417728.0
723467840.0
-785536768.0
-1833360384.0
563723776.0
142154576.0
1714799488.0
646475072.0
-710191360.0
278935648.0
640004160.0
-1125181952.0
1502750464.0
1311448960.0
37850732.0
-1640984704.0
336026336.0
2002068992.0
-2141733376.0
783545472.0
553516864.0
658111616.0
-3052729.0
1974146048.0
1595763072.0
-1429250944.0
610324160.0
-1950427520.0
-260630464.0
-1080170752.0
1804354176.0
-189000448.0
1122948864.0
429242528.0
1932671616.0
2030559104.0
-865604352.0
1317693056.0
-1627978496.0
879493888.0
-495212672.0
-892650176.0
1380992768.0
1693700608.0
1594968448.0
1443060096.0
195720096.0
127750416.0
-213485216.0
1834715264.0
-1945887232.0
-677568896.0
1147806720.0
205428592.0
519014144.0
814637120.0
-1905539584.0
1930597504.0
-1104548224.0
-839828160.0
-2099000832.0
1153186176.0
1965325440.0
-787705536.0
2034688256.0
-2119123712.0
897599360.0
-1026426048.0
1174652032.0
1544769536.0
896442752.0
-336734752.0
-1211790720.0
-180960624.0
422404480.0
-1172413312.0
931204288.0
165518960.0
691072192.0
-1092275840.0
150645968.0
922122880.0
-1237167488.0
-416900352.0
-1150784256.0
763577280.0
636135488.0
1709286144.0
1690545408.0
-732852608.0
-66819892.0
-370289664.0
-939359744.0
1954045568.0
-2066499200.0
114957448.0
-67007764.0
1749224320.0
85347568.0
1596452608.0
-594451712.0
-344766976.0
-311034944.0
1867992320.0
1065991488.0
-1574390912.0
-1815561472.0
-1352816768.0
1190091904.0
-664090176.0
745782144.0
1881865088.0
1774472832.0
-21525598.0
2021154560.0
-1550861312.0
-1077955840.0
872407040.0
-578942080.0
1955550208.0
508340544.0
-846570048.0
1887892992.0
-934779968.0
2068467200.0
-84730816.0
874751488.0
-933347392.0
1394114560.0
-1655907968.0
1678904704.0
1468549248.0
-163809952.0
1759678336.0
1841733888.0
31449694.0
1096571776.0
183808224.0
-2093506688.0
393425120.0
1328302976.0
-1199826688.0
-383949568.0
-695650944.0
-1091073024.0
1554507264.0
1195704704.0
2041141504.0
-1989025024.0
1222336640.0
-1507895680.0
-1054049024.0
-380481984.0
-1418637184.0
1339484416.0
923231040.0
-1949517056.0
1284035456.0
-692870208.0
759343680.0
1638783616.0
1103997824.0
531582336.0
-490540288.0
1523129856.0
-211875792.0
167796656.0
1788492032.0
514359168.0
-1425641984.0
-1655830016.0
1136420992.0
-2055752192.0
978704192.0
344572576.0
767574400.0
-1817984128.0
400425824.0
744579648.0
-672645760.0
-1045947968.0
703370688.0
-259166320.0
-1311379712.0
-713756416.0
-1711871232.0
1655788544.0
1609802240.0
-1635954816.0
-1146292480.0
904906048.0
1240682624.0
-571462656.0
1549106304.0
-1569255552.0
-1720187776.0
-1244987392.0
172007216.0
1835286400.0
-48581784.0
-1915686656.0
-850831104.0
-1266185088.0
151751504.0
-1697461248.0
-1302320256.0
1056040320.0
-868187904.0
1759958144.0
471521472.0
-1946577024.0
-1778129280.0
1097685248.0
-1381811584.0
650739264.0
-1409553664.0
1285980288.0
720366528.0
-1227762304.0
1162577792.0
-675187776.0
551537984.0
-643478016.0
13788878.0
88122960.0
-1921692672.0
-102150888.0
1687233152.0
-1166596864.0
1876572032.0
592911040.0
-1421099264.0
1007500928.0
1304616704.0
-1892700160.0
1336058752.0
463306848.0
-131943864.0
-51577884.0
642904832.0
-316520512.0
1619046272.0
1275277568.0
-184481328.0
385759232.0
-1356328832.0
34525556.0
-1802789888.0
768071808.0
324046016.0
-1004581824.0
-810987392.0
946194944.0
-1823620992.0
-310974720.0
-229834928.0
1551855104.0
1906153216.0
34627968.0
-316643680.0
-1223326720.0
802111232.0
1622437120.0
-959135168.0
-1511695616.0
907160512.0
1636686464.0
-1130596992.0
1373001472.0
-666870656.0
-1988261504.0
2062364800.0
1621879424.0
-566032768.0
1002723904.0
-1123795584.0
1750576768.0
-1776827648.0
-690022336.0
338902496.0
1904174336.0
-364619648.0
-379405536.0
2044357248.0
1453652864.0
-1211045120.0
-2062840320.0
1133921920.0
-2030198656.0
2009702656.0
786916160.0
633465152.0
-792486016.0
1561932672.0
1050419392.0
-575703744.0
813905472.0
-1478681856.0
72284952.0
-848066880.0
1094387200.0
1573110784.0
502344128.0
1186083200.0
-421241248.0
-1387017728.0
-1744956288.0
2011448832.0
857939584.0
1844213504.0
-1214076800.0
1724218880.0
-788328128.0
-1538235136.0
2108819200.0
1571506688.0
703569984.0
537268736.0
-1378526208.0
1103651328.0
-498909888.0
1909317248.0
1324733696.0
423696736.0
969565120.0
-847260224.0
225935088.0
-1820362240.0
-2021743232.0
-468832672.0
2026217984.0
226804608.0
-1339099776.0
425802208.0
1663825024.0
-409231968.0
1533033216.0
-862531200.0
192262064.0
-1432907008.0
-1395634048.0
-449875232.0
-1579661952.0
-886167232.0
-1209643904.0
652411520.0
558490880.0
-2085969152.0
613044096.0
1663318272.0
1755270784.0
836775616.0
-1637124096.0
-1561468928.0
-1410475776.0
-706620160.0
-1427210240.0
1118391808.0
-1479495552.0
377220000.0
1636433536.0
766337728.0
-1277045632.0
-830458432.0
1990564608.0
-173624320.0
842389312.0
580147200.0
-1007439808.0
406512320.0
1870240768.0
-2015508608.0
-1152618240.0
-1567627776.0
-1374592768.0
-1927554688.0
772947584.0
1923310720.0
167467216.0
831903424.0
-359838528.0
-1008749504.0
-871639936.0
-1966585984.0
1747984640.0
-281943712.0
-1873010432.0
-462423552.0
1186066688.0
840351488.0
257157376.0
1207564672.0
-1439988224.0
1394044800.0
1480252800.0
829093952.0
-1409844096.0
-1392588928.0
500817440.0
-881023040.0
-1834924416.0
2141880576.0
-325923040.0
-1031117632.0
592112256.0
-737047424.0
1393550592.0
-1728888064.0
-464364992.0
-2112576128.0
-2114781824.0
538614400.0
-1197638272.0
1583781120.0
-1958688256.0
-1557409024.0
-2113188608.0
2069629056.0
630210624.0
-1309695104.0
352162688.0
1842250240.0
-1822212608.0
-386799840.0
1173663104.0
249192112.0
-513196384.0
-403878080.0
2053327104.0
-717423424.0
-409046976.0
-522657824.0
1077615744.0
1088419456.0
-242443104.0
97882360.0
-470093024.0
1913692160.0
1866059264.0
573352448.0
166087536.0
-497633280.0
-1487902336.0
-997567296.0
-356339744.0
1210690304.0
1697029632.0
1994046464.0
979876480.0
-952233920.0
1156887552.0
-537041344.0
1004406336.0
-1100085760.0
562182400.0
1943885952.0
-845584064.0
1898196736.0
-1366165760.0
-273997920.0
-775580480.0
355900224.0
748358144.0
884195456.0
-1126058752.0
982235712.0
-1139630464.0
871428224.0
-479631200.0
1620793344.0
341944288.0
1326918656.0
1972212224.0
87544648.0
31227612.0
1104363264.0
-1065350464.0
758775616.0
284667264.0
-770896384.0
584124544.0
-927784320.0
546303552.0
1641875712.0
-1490346880.0
-898010624.0
-2064503936.0
164578128.0
-446240384.0
-349270432.0
-936219584.0
-1988971776.0
737361792.0
-1510750976.0
-1467463936.0
-1210049536.0
1589900288.0
2064064896.0
-1256126976.0
-2112442624.0
-2052285184.0
-353943840.0
470396960.0
1357423488.0
-1064564224.0
1285648512.0
-1423787648.0
1146249984.0
160820096.0
1686653568.0
338922752.0
490864736.0
-1857496192.0
-79417600.0
98054128.0
-195914672.0
-2037084672.0
-1007678336.0
1899497600.0
-224229488.0
-597933440.0
-557428416.0
1771282688.0
1860221952.0
-217502096.0
600881792.0
538627776.0
-1416273280.0
-2103526016.0
829432064.0
1580804608.0
1253173376.0
-1352935680.0
-485854880.0
1605228800.0
-456324384.0
-355463712.0
-2039933568.0
724773248.0
-1156987520.0
-257676544.0
370869632.0
-183529776.0
761924672.0
-2091763200.0
-374098592.0
-1611451264.0
1809153920.0
-1975834880.0
-607619392.0
-1366714240.0
1711663872.0
7296232.5
-1046006720.0
1739919488.0
498049888.0
2058614784.0
446263392.0
-1123383808.0
-422862080.0
-532442144.0
95616160.0
1628228864.0
-2018548992.0
1923225472.0
2057878912.0
-1215228416.0
-1703756160.0
-2120836608.0
300769984.0
1570953216.0
779073536.0
-1865315712.0
1779190528.0
2085691392.0
-1914911616.0
-1916490368.0
-455048576.0
-2123189888.0
1551769344.0
-1635811072.0
43299996.0
1461360128.0
908882624.0
162688992.0
1599211648.0
-770127424.0
-136790976.0
939000320.0
-1891814528.0
351897248.0
-415412352.0
291482592.0
732324416.0
-642203840.0
1936611456.0
1868141440.0
1796664448.0
-623629888.0
574883264.0
560738752.0
1365639168.0
590614400.0
-1820659584.0
922354944.0
-1122802048.0
-259673312.0
194946176.0
1876858240.0
-721740544.0
1951564032.0
1497870720.0
1863130112.0
-41073616.0
1444520320.0
504682272.0
-142701344.0
1540218752.0
-1855946752.0
-1221437568.0
495004608.0
855792960.0
99883768.0
563736896.0
381051040.0
1466625920.0
-1851770496.0
1727367808.0
415996128.0
1866745984.0
397754880.0
1146023424.0
504116288.0
-1294632192.0
-32596454.0
1744856320.0
-1328203520.0
1784767360.0
952859776.0
2134810624.0
881382016.0
-1888718592.0
981631616.0
-353536096.0
-1311601280.0
-228416224.0
1981238656.0
-2012372480.0
906953600.0
1689400960.0
-527593152.0
-1378139648.0
-352313888.0
-1970980736.0
1768305664.0
-1552474624.0
-1018146048.0
-1557385984.0
756941760.0
277913728.0
679652992.0
-1636070784.0
-1018665984.0
-1418372480.0
992088384.0
-1370427520.0
-612091904.0
-1127696256.0
-1592197248.0
-2141849856.0
1578626048.0
1503417600.0
-943691648.0
-758155712.0
228958528.0
378550240.0
924785280.0
1564940288.0
125197296.0
-58826884.0
639672192.0
1669253632.0
1585600640.0
-1790651136.0
543323456.0
1575489024.0
83790744.0
1596119040.0
-1666285184.0
1506022400.0
-1933197056.0
1216360064.0
-664433792.0
-768169600.0
-1268614784.0
322121632.0
1820113792.0
723313152.0
-41301616.0
-405376896.0
1235644032.0
-1269833472.0
2080007424.0
-2134269696.0
-717945856.0
-1610934784.0
1254118144.0
1678066048.0
-1695666432.0
709778368.0
192772688.0
1941049216.0
-242892544.0
-1557600384.0
-2113779456.0
-2083664896.0
1828286336.0
-720385792.0
-425646496.0
-963040256.0
2015015296.0
-1841967104.0
2115802496.0
-1144285312.0
1105261952.0
-429998752.0
-1132695040.0
423891168.0
65351844.0
-1260737408.0
-1402442624.0
251475568.0
-973460864.0
-558376704.0
243045888.0
62534880.0
663792320.0
1299792000.0
-1099672832.0
-1352419968.0
-1878588416.0
1560903168.0
323107424.0
-1243668352.0
-696887616.0
-931754112.0
-828882752.0
533263776.0
1468395648.0
524798176.0
1846097536.0
494166080.0
1742523008.0
-1578373248.0
-536921600.0
-261873632.0
1696746752.0
-1336840320.0
1141703552.0
215367168.0
-1264462208.0
2024437248.0
468887712.0
877192832.0
-1814604288.0
-1683193344.0
-449309568.0
-1252162944.0
-1747630848.0
1454308992.0
-1957124608.0
-793126912.0
914446784.0
1760452480.0
1874814208.0
522687840.0
69435888.0
-1671352960.0
-1719022848.0
932129920.0
-1707457920.0
-821962624.0
1103954560.0
-730648192.0
2048710272.0
1138680576.0
-711359552.0
1157889792.0
-611315904.0
312986784.0
-1358206592.0
466893.1875
-456490304.0
1467005440.0
1563673472.0
383634208.0
-1571700736.0
-1003384640.0
-585707072.0
-682515200.0
-969376000.0
-360606528.0
1218356992.0
292818976.0
32555702.0
1878399616.0
178416304.0
739415744.0
-998673664.0
1771297152.0
1898648448.0
-2069150080.0
258029520.0
-1748245504.0
-2133266688.0
1288243072.0
1039669952.0
-1244962432.0
-646982656.0
124617872.0
1210912384.0
1801884160.0
-535717376.0
-1128526208.0
-1772008320.0
481242656.0
-636369536.0
-1497109376.0
-622388416.0
583246912.0
129607360.0
-1813342080.0
238854640.0
554269184.0
-1716423040.0
2088207744.0
989180160.0
-2021071744.0
1193673344.0
-1758035584.0
-1967166848.0
-1728413696.0
325237184.0
-1600516864.0
1992450560.0
1270347904.0
-2051730816.0
342903136.0
898455552.0
674466816.0
-1773714688.0
283721344.0
1697787520.0
-676266880.0
924935680.0
-1717901184.0
-911982400.0
1683060224.0
-2064733056.0
-1379539072.0
-107036384.0
1033080.6875
-400884480.0
1129026560.0
-1655458816.0
-785247424.0
-274504704.0
327654688.0
46334240.0
926154688.0
121367136.0
2022919808.0
-1443800064.0
-1345553920.0
-1381651456.0
2057681920.0
1658360704.0
1733968640.0
178848848.0
-1478894720.0
-572717824.0
10102905.0
-1677770240.0
1737152000.0
2039317888.0
1423853056.0
-747143744.0
-617311424.0
1338847744.0
1627011840.0
-18200130.0
1009488768.0
1896171776.0
673409216.0
452184640.0
351222880.0
1903444864.0
-445129504.0
-1607046528.0
1656727296.0
701718976.0
-520170048.0
2107845376.0
200839024.0
663001600.0
-792083072.0
1344020864.0
-1619961216.0
-769453248.0
1149154176.0
1213902976.0
2060782080.0
552384320.0
510958880.0
-462663040.0
1038307392.0
1586026880.0
997794432.0
-1268998528.0
-8645970.0
-837763648.0
-315451072.0
2024015232.0
-1031420544.0
-2142441984.0
936652480.0
227250224.0
-196769472.0
-787363776.0
570800960.0
-521116160.0
-1120219776.0
-2036476672.0
1458022272.0
1679102720.0
-984516864.0
-1967358080.0
2131522304.0
2062000128.0
-2013222272.0
-1792004096.0
1479113728.0
-800931136.0
-511883360.0
-26970862.0
1859649152.0
-51612532.0
-214475984.0
379011968.0
1316410624.0
2089722624.0
-908267328.0
824414528.0
316637056.0
-1455207552.0
1558959744.0
-1646006656.0
1147469184.0
-1785042560.0
-1200653824.0
-173510848.0
-1022517440.0
-1975766400.0
665167808.0
-1391888000.0
174160144.0
-622466752.0
-110815536.0
873035136.0
-1216480768.0
-1897655936.0
249264752.0
1433561856.0
-1367128704.0
-963848064.0
974938176.0
-820424192.0
1882047488.0
-953636544.0
-2136722432.0
1284854144.0
916431488.0
1879729408.0
-806780096.0
912383680.0
89745128.0
-194600976.0
497913120.0
1310022784.0
-60510788.0
-1000779584.0
-1079576192.0
1565494784.0
1586644736.0
1092442496.0
-1390982016.0
-1248253312.0
-1473315968.0
922228928.0
-1036049472.0
-1166562944.0
-2065639680.0
1138780544.0
1242291968.0
-1417391488.0
-1008898112.0
-2092235648.0
-813020288.0
-718669824.0
-2034091904.0
1634493440.0
1653223296.0
-966301504.0
-455236192.0
-327996896.0
709052160.0
-811801664.0
2120393984.0
-1962058112.0
772094336.0
-553798784.0
606091904.0
713404864.0
-71058680.0
346070336.0
-2047774336.0
1277217152.0
-1758619392.0
-1559022208.0
334123648.0
-2120892928.0
601915648.0
617358016.0
-1269144960.0
510537472.0
1395131520.0
798221184.0
1037877056.0
-1172034688.0
840544576.0
-1950128000.0
-1800962048.0
2081699968.0
398681696.0
1983014912.0
-1543976576.0
110966968.0
-694235648.0
-1114655616.0
-949924800.0
-1852143488.0
-1537598336.0
1019988480.0
-1392098560.0
1766370688.0
-97823528.0
-1722550272.0
-225543712.0
1156143104.0
1051165504.0
-1077694592.0
-191065712.0
1952425472.0
773219072.0
-677491456.0
1106647552.0
1368485632.0
1307112704.0
-342778240.0
-320537984.0
190220192.0
992035392.0
-29435854.0
875809472.0
-1072291008.0
-924570048.0
-1462894592.0
96382168.0
626926912.0
1632856576.0
1651283584.0
1782959360.0
1210880128.0
1564892544.0
-1931203328.0
379229952.0
-1584754560.0
488898976.0
2030841728.0
-1092117888.0
1936964992.0
-1993544704.0
1158325120.0
-620213632.0
1018332608.0
1801515392.0
1100701056.0
1802447744.0
1499040640.0
-1704999168.0
-2007545472.0
-1457388544.0
43558272.0
1568313216.0
-481006080.0
1120599552.0
1823669888.0
-853450816.0
1764258048.0
-933536448.0
1215874688.0
1669654912.0
-923645760.0
-2025933056.0
-1848811264.0
-236581488.0
-556145600.0
862906240.0
-365120224.0
296218240.0
1040055424.0
1683193984.0
1496650496.0
1219193728.0
105363408.0
47971636.0
-1371379456.0
1344594688.0
1302635392.0
553714816.0
696240640.0
1815735808.0
1379858304.0
-455724704.0
1529998592.0
-509270272.0
1982771968.0
-1578968064.0
692922240.0
1084480512.0
246616976.0
-514584256.0
1950367616.0
-1231704576.0
-1124447488.0
2144394624.0
-288556384.0
32920812.0
874241280.0
787540288.0
-626523776.0
-1099049472.0
-2129897216.0
60496528.0
-217077488.0
-775881344.0
661775232.0
-125333664.0
1059415616.0
-1934614784.0
-437894464.0
811736640.0
1480191488.0
922344768.0
-892462592.0
1357047808.0
-1164757760.0
-920109824.0
-1957235328.0
-1272867840.0
-51082644.0
-647519552.0
-1601532416.0
792526208.0
1297307520.0
1286511744.0
255315584.0
477243136.0
265364048.0
1034877376.0
1334492800.0
-1625921920.0
-1118404608.0
1062807744.0
-1636073856.0
-1925803264.0
68244624.0
-22368162.0
-1210321280.0
-381407808.0
1709296640.0
-1267233024.0
1002700288.0
561919872.0
1910742144.0
1230003968.0
-1936428800.0
718758976.0
1707083008.0
147784320.0
827003328.0
-1147345920.0
1111946880.0
-627806976.0
1915337088.0
2138257408.0
2030198144.0
-82233184.0
-2058351616.0
-119849936.0
27564978.0
-1732107008.0
-615689216.0
-1114263552.0
-735516800.0
1988502528.0
279857472.0
-1085509120.0
-410374528.0
1261647616.0
-1453080320.0
-948143168.0
2017650816.0
-742278912.0
1011266880.0
2132252032.0
1893018496.0
-2122336896.0
1976920320.0
1348309504.0
-1344223744.0
-2001378176.0
918429056.0
-476889760.0
-1977191040.0
-746718016.0
-1197464576.0
-492521440.0
1092982528.0
-341538272.0
-876458240.0
-1910923776.0
1234192512.0
240666016.0
-782001152.0
1400350976.0
-809672512.0
-1663195008.0
4874027.0
788888768.0
-107541072.0
1306372992.0
-1108120064.0
-999266880.0
-265602192.0
1495878912.0
1067995520.0
-1276308992.0
-176627168.0
1481571328.0
-1376011008.0
30090910.0
-986685760.0
1711063424.0
570801664.0
-363052768.0
-1518103424.0
-1247584640.0
-1981314048.0
-426419744.0
1479657344.0
1927853696.0
-268155264.0
-1418677632.0
-1813917952.0
-205210048.0
-574651328.0
-967992000.0
-146747840.0
1043044928.0
1024784064.0
-862072896.0
1491518848.0
-231390768.0
-333608128.0
-1348669056.0
80022704.0
-1823939072.0
-1105564544.0
-567491008.0
252367648.0
1722288896.0
-239788960.0
-764054336.0
-14414440.0
-1917200384.0
-1398770688.0
-1836821504.0
910068096.0
624583232.0
-418105824.0
-794939456.0
1717863040.0
1482665088.0
253561632.0
-327083904.0
-1165892608.0
-677499072.0
1330175872.0
1800172032.0
-2041001856.0
1351822848.0
-655888960.0
1354991616.0
-2059817728.0
-1258342912.0
-607503552.0
525836384.0
-8312165.0
-1280167808.0
-1359987200.0
199540208.0
251569904.0
-1573719680.0
-1628015104.0
405638752.0
1597703296.0
-864924800.0
-1268836096.0
1415080064.0
538578496.0
-1034575168.0
253863760.0
-1942353536.0
-1150136320.0
31802528.0
-1844200320.0
-1953254784.0
-1672449280.0
-1589655936.0
70956272.0
-1174132352.0
1439480960.0
476783136.0
768710080.0
-51590032.0
597493184.0
360816320.0
1337883264.0
-1278205824.0
-274412032.0
-1001925056.0
712380928.0
-802493312.0
-1437560960.0
1980775296.0
1173335168.0
780103872.0
-1696885120.0
-334290400.0
615794304.0
-1225064064.0
-984181248.0
1930408320.0
-528282976.0
-1758231808.0
414157120.0
-1164445312.0
-1007178752.0
86110008.0
-403302304.0
597725440.0
878718336.0
-673039616.0
-1712867072.0
-71562720.0
1641059584.0
1910240640.0
256093504.0
-1009663488.0
887460992.0
1902678912.0
571446144.0
-1705444608.0
-1879303296.0
-313547776.0
-1385366144.0
-864744896.0
-1000190272.0
-1388181632.0
-1661659648.0
91863448.0
-589452032.0
-916992064.0
1626632960.0
324504928.0
-64222436.0
1200848768.0
-942666752.0
-1545424512.0
165559632.0
-1674272896.0
-1511850368.0
1555783168.0
336501088.0
-2111744128.0
1797898240.0
1957102848.0
1580758528.0
-594450304.0
-2090668160.0
-970887168.0
-762564288.0
827231680.0
595528640.0
1615540480.0
1636525.5
1293875200.0
305683968.0
1561528960.0
-507678656.0
1650703488.0
-1973970176.0
-917164480.0
1907608576.0
-97384128.0
-1504058112.0
-223847792.0
-2085078912.0
279933152.0
-2049091072.0
1811329664.0
318161248.0
-1189484928.0
-636274432.0
254372000.0
290439168.0
1636267520.0
-607356672.0
204990176.0
-980125888.0
546095040.0
519441792.0
-1028756672.0
-1290807424.0
-1393762816.0
582036992.0
-1416831872.0
-542690944.0
1932890112.0
-499429920.0
1858403200.0
-220571840.0
-2020184192.0
-1541940992.0
2137032064.0
-10487748.0
-456080256.0
1820406016.0
-1904308864.0
77473968.0
490768672.0
1229660672.0
-1814200960.0
-492181920.0
925212864.0
2138307328.0
-1759259136.0
-1613370624.0
1657347968.0
-1051890304.0
1662794624.0
-313056384.0
924847360.0
1236533376.0
-355992960.0
938921856.0
1858336512.0
-458704768.0
-927421504.0
2039485952.0
-1834704896.0
-1078014592.0
205094192.0
-1754701056.0
-1441758208.0
1517279488.0
-983037696.0
-2081830912.0
1405822720.0
-480585184.0
2033611776.0
1319947008.0
-1339380096.0
-1349662336.0
2062658304.0
-1853390720.0
-1186463104.0
568252416.0
-440555936.0
-1975326464.0
864723968.0
-1358803968.0
-184086400.0
173564304.0
-1650912768.0
-1140948736.0
153141536.0
-1773599104.0
-761682496.0
1244124800.0
532297696.0
-546441088.0
-430474624.0
1059189888.0
358061088.0
404399904.0
-706753792.0
1898808832.0
1517826944.0
-929228352.0
-641983040.0
909352064.0
635787392.0
942363904.0
594173312.0
1315210496.0
714322048.0
-1182787072.0
1686914688.0
161279808.0
966759232.0
-1007375808.0
1596892928.0
-1189104512.0
-437445024.0
1643942272.0
1247343232.0
697704960.0
430959264.0
1436520576.0
-820586176.0
-363120768.0
70331112.0
1235885056.0
-515595584.0
305215040.0
1804793344.0
-400843712.0
-1197939328.0
496529120.0
1509402880.0
-1485860352.0
511804928.0
-958711872.0
34986716.0
-1467616768.0
1076546304.0
-449582304.0
-345358304.0
-2080489472.0
1664228608.0
-980676096.0
-2116358656.0
645923904.0
1715514496.0
300820512.0
76440016.0
-1638364416.0
1977104384.0
1686560896.0
10587014.0
1666801536.0
408351936.0
1685059840.0
-1139923072.0
-1868831616.0
1035086080.0
120528512.0
-353086208.0
-2038348672.0
1020816384.0
215791904.0
135193280.0
-1442880384.0
-2136878976.0
-1586214400.0
-2092469760.0
-1581264512.0
-1552699008.0
-1454662400.0
-2143729792.0
1168789888.0
-812910272.0
537544256.0
2106378240.0
-91694400.0
-2091095808.0
1126073216.0
69430064.0
-1602234752.0
1954180480.0
357312992.0
553501760.0
-1946899456.0
1099955584.0
-886887552.0
-1976725120.0
970055168.0
-295298048.0
-2023581056.0
738142784.0
46920264.0
787188992.0
-943952640.0
1526301696.0
-1109261312.0
-615332032.0
498724224.0
1047289472.0
1125517440.0
2090415616.0
-1968527232.0
-55090492.0
368118016.0
-459881920.0
431908224.0
867902720.0
1505296000.0
1447875840.0
395040800.0
1720710144.0
-185724176.0
-1041737984.0
-335446272.0
-1925740032.0
469819616.0
484905280.0
-998511424.0
-1137377152.0
-1639939712.0
1822889216.0
255948656.0
62856436.0
-284550176.0
146679712.0
-842298752.0
443100192.0
714767552.0
-1709377536.0
218096032.0
883540608.0
-65077164.0
662289536.0
-825874688.0
-810390720.0
-347237152.0
-1028222272.0
-399226848.0
1944201728.0
-1744808960.0
-1815057280.0
209046592.0
1018585472.0
1010066688.0
2073398016.0
-217408336.0
-27807874.0
164319936.0
492194560.0
1792745472.0
-1106643072.0
1764603904.0
2078332672.0
-1350725760.0
-380057952.0
967840704.0
652776896.0
1355742848.0
782311360.0
-984665344.0
597110720.0
-34042644.0
1903585664.0
-1746076800.0
-619676864.0
311835136.0
1351951616.0
247923840.0
-2126589568.0
-757247552.0
18083886.0
1846149888.0
-224073024.0
178841120.0
1877468160.0
-1059632064.0
40260480.0
-335131488.0
-212598688.0
1815918720.0
-1315294720.0
117840856.0
1520248192.0
-1297356544.0
947450496.0
311172192.0
-1189224192.0
-2121928960.0
-569479104.0
-1663197696.0
-971070272.0
1896925312.0
1388689152.0
-1221693440.0
779487552.0
1047684416.0
1499419008.0
352031264.0
729931392.0
-637392768.0
-988435968.0
1035846784.0
-623258048.0
-1953360768.0
387331296.0
-867853568.0
255597216.0
1014990272.0
1316657920.0
1790289280.0
-1527195136.0
-294186944.0
-1164433792.0
469312960.0
1470620544.0
1217097088.0
-2015379584.0
-1652220288.0
-1071720704.0
-733476672.0
-874945856.0
785317632.0
377439744.0
340722080.0
-1938118528.0
1086726784.0
-257330912.0
835061184.0
1703776384.0
-804400320.0
-1722905344.0
-1667057920.0
-415019648.0
1840208256.0
898925952.0
1024300672.0
1327488128.0
668946240.0
1076683904.0
1627703808.0
-597073664.0
1936444800.0
199577712.0
1304652800.0
1670686080.0
-764907456.0
623697600.0
-1079607296.0
702834240.0
-222571840.0
1906376704.0
-740929216.0
-1990027648.0
-1148866944.0
536623456.0
259906864.0
-765614528.0
781320384.0
409540512.0
285472896.0
1887718144.0
851169984.0
1779482880.0
-444977856.0
600940800.0
2117274624.0
70563872.0
2097456128.0
-1581890304.0
-1580090880.0
-500840192.0
-884350656.0
272157760.0
951539648.0
-1898975360.0
-1173247488.0
-1726914816.0
-1649060992.0
-1315731968.0
-1424192512.0
1054194048.0
1636329984.0
-402616416.0
-442442336.0
50095336.0
555150208.0
-1078391680.0
-135434064.0
166750352.0
-192471008.0
1602692352.0
-282911648.0
995886976.0
803466944.0
1809223424.0
803111168.0
1507215872.0
328822592.0
1384482304.0
-1828602368.0
1055037888.0
-1885231744.0
-1107735680.0
-591735808.0
1128196608.0
987180672.0
1956725248.0
963903040.0
-1840215296.0
-947379392.0
-891704192.0
-439002080.0
932766336.0
74676744.0
396745760.0
760877184.0
-65620620.0
2142157312.0
1669559168.0
-802949184.0
-1765724800.0
-723326400.0
-1062223936.0
-1511253632.0
1392445696.0
127623216.0
-1424964992.0
-2037371776.0
363712928.0
-7154519.5
-1369591168.0
-869782016.0
1148685568.0
-834430784.0
-1864723072.0
-2076841472.0
-1237147136.0
-215500032.0
749681600.0
-903662976.0
1107132160.0
453069504.0
-141224256.0
-1882202496.0
1833327232.0
-798850816.0
679871168.0
-31205586.0
89860024.0
385067936.0
202224512.0
-1383311488.0
-658585344.0
661751104.0
1745560448.0
1844662272.0
1053632832.0
-1351114752.0
362555424.0
1540832512.0
669349568.0
-73475776.0
805772224.0
-844708096.0
-65337196.0
1749406720.0
350850112.0
2138571136.0
-1336015232.0
-1802183296.0
-211405152.0
282263840.0
-1891719680.0
1864706688.0
1429113728.0
767797568.0
571342976.0
-416593248.0
1225660160.0
453144128.0
1237439616.0
815712704.0
-2093660672.0
-4582201.0
310448896.0
-2067596672.0
1941924864.0
-1189791616.0
-1734598912.0
1628785920.0
-1034750272.0
2123492224.0
-747308032.0
-1763567872.0
1088999168.0
555643968.0
1980688896.0
1987777920.0
972212672.0
-283772000.0
-1024677312.0
-1969480704.0
587818752.0
1715652864.0
-951360512.0
449382016.0
2134752000.0
1561954176.0
-518120992.0
1374300160.0
500801856.0
60601664.0
-1494346624.0
-51126124.0
1139368320.0
-2015720832.0
-1961515008.0
1544982016.0
1497914496.0
-229884688.0
-1755841024.0
-896816256.0
-305344224.0
-1183169792.0
1453174144.0
-231849776.0
481153856.0
-1933533440.0
1792152064.0
-46938812.0
338849344.0
964719296.0
-65565904.0
635675968.0
1496346880.0
-242812192.0
1590360576.0
-1352362624.0
-1193399296.0
163145792.0
-1222324096.0
-535396800.0
1133597696.0
-1116145664.0
1656311424.0
628925248.0
488983744.0
-1749528832.0
1580891136.0
-1273850368.0
32231254.0
-1444158080.0
-2142164864.0
-215886528.0
-1066126080.0
-213393856.0
734233408.0
1874356992.0
-882177792.0
-842807360.0
1002579136.0
-2096205312.0
857969984.0
337365152.0
-45497632.0
-1121109120.0
1085661184.0
1670459264.0
-1529966464.0
2122083072.0
-1483446400.0
770397184.0
1465277952.0
-195125664.0
-460397376.0
-201976400.0
1856081536.0
1250747264.0
1863876736.0
1494434944.0
692236992.0
156275104.0
462189920.0
1179283712.0
-1117387392.0
451083328.0
-1926227328.0
-117238816.0
528183648.0
63659476.0
1004831680.0
-165324288.0
905992320.0
-1290456064.0
1651940992.0
-1974732800.0
1251953024.0
-6837671.0
-802653376.0
1233503360.0
1929692160.0
-1393048320.0
1456117760.0
1058244416.0
-91931968.0
-1673324800.0
2132071424.0
-2025226240.0
-87610000.0
46528000.0
-708633664.0
-1579710592.0
399855744.0
1310470016.0
352455872.0
518212288.0
2044839168.0
1657582208.0
-1781421056.0
1963501952.0
1046897216.0
-785637248.0
-559781632.0
706896448.0
385274528.0
-1355532672.0
238022960.0
606918464.0
804763840.0
1250439296.0
-175849280.0
2054108032.0
-925399296.0
-524902944.0
236261456.0
1847302144.0
1813499392.0
-58972140.0
1163580416.0
-1110024448.0
-1317780864.0
-448422080.0
1784660224.0
761364288.0
-1015151552.0
-1043705792.0
-1886529152.0
973939904.0
-546770368.0
-1009137280.0
-901952576.0
-356597600.0
150924416.0
-252369744.0
492427904.0
-716493696.0
-1548257152.0
-1687970560.0
-1849353600.0
-1257715072.0
513390848.0
-1516406144.0
1952438272.0
-1990392192.0
894277184.0
1121353472.0
-1101166592.0
-852411072.0
1382050048.0
-1205525120.0
748968128.0
-1261552128.0
1737063680.0
-1029391872.0
1417864448.0
-89023032.0
-457681376.0
-1082835584.0
2107118976.0
2145667968.0
972062208.0
508298304.0
-2110264960.0
244089536.0
833632448.0
-1895131264.0
1485894016.0
-1313653376.0
-342021568.0
-822479488.0
-1373462400.0
168846576.0
654898048.0
1294633856.0
968027264.0
-1292918016.0
-1773670528.0
-1615933184.0
772668096.0
852624576.0
839800704.0
1072423936.0
852989824.0
-7612918.0
-305183808.0
-2060796544.0
2080745856.0
826184960.0
196342736.0
-1002719424.0
-2108910976.0
-710259584.0
727299008.0
-474310944.0
-414968032.0
-1229449344.0
-1713597568.0
-1814111360.0
1591548416.0
1791473408.0
658462656.0
695897600.0
-2104110976.0
1312308992.0
-1202040704.0
346005216.0
-263036800.0
-440438656.0
-1437257344.0
814797568.0
50053228.0
565595328.0
-830406656.0
-1491508352.0
1321021184.0
-349248064.0
-2070908416.0
-320709504.0
1823481600.0
-1780350976.0
-1671021696.0
-394740864.0
-400508416.0
-2020910208.0
1423918976.0
1560758528.0
384697152.0
-2129706368.0
-2049825024.0
-1644265728.0
781128128.0
2021232768.0
-2117549312.0
-222323856.0
2138081408.0
-1458386560.0
150840784.0
651729984.0
1314376448.0
-830671744.0
707691264.0
1013623168.0
-2088096128.0
-1648524416.0
511746336.0
-1963473408.0
1388028160.0
-1356355328.0
-1723434880.0
1691502464.0
1748905856.0
-1372165248.0
209510240.0
1088008704.0
737389952.0
283135552.0
727436352.0
-1129333120.0
1727523968.0
1116641280.0
-51163876.0
404736000.0
-315187264.0
-1220349952.0
-1717901440.0
-709378112.0
-365814944.0
-1945409024.0
1608686336.0
-1940311808.0
1801435904.0
1475239936.0
-1206040320.0
94195944.0
-2083318656.0
-84121768.0
-746759680.0
1935712512.0
767176320.0
-125800960.0
1960435456.0
1080974336.0
1703315328.0
-1946945664.0
-794898304.0
-840217856.0
-1688564736.0
462225888.0
1242860544.0
1903678208.0
-1733446144.0
-1422490624.0
-147605456.0
179121424.0
1205034112.0
1770243840.0
238931024.0
339522240.0
-1352099072.0
470903296.0
-1825271168.0
1973886720.0
-582455488.0
-739054208.0
283998240.0
-1000692928.0
-830195904.0
-1554065536.0
-531931616.0
-1837373056.0
1187246464.0
-2062104192.0
-982253888.0
-1573271296.0
506412128.0
-1668697728.0
-1157589120.0
885899776.0
808896384.0
-1995966080.0
490692096.0
1625150336.0
-1706326656.0
255592864.0
1519740928.0
-121589976.0
1431385600.0
330361728.0
327742848.0
1180654080.0
-325938624.0
-1941103616.0
-885826304.0
566613120.0
-675579648.0
-453235072.0
-1764490240.0
1028912896.0
410685600.0
1105286016.0
1505355008.0
-2028556928.0
352438176.0
623760128.0
-1798745344.0
250808256.0
1402238976.0
-1299210240.0
1987089664.0
-1672782336.0
1070530432.0
-280703072.0
-1235493504.0
-493932384.0
-1948539136.0
-363426880.0
568952704.0
-1023705088.0
-284273568.0
-915428672.0
-2076929024.0
1188790656.0
-1955447680.0
-1224595200.0
-746540736.0
2002513536.0
1847316352.0
-1826602240.0
-1077615744.0
1720909824.0
-2024990976.0
1845223808.0
-43973748.0
-936009344.0
1535511808.0
793118976.0
928445632.0
-111620544.0
-1584645632.0
-680751616.0
550852288.0
878063552.0
356207200.0
-463153856.0
-1050002624.0
-1541200640.0
735536640.0
303697568.0
51877776.0
1938173312.0
633251264.0
-1527363456.0
-1985927424.0
1437092352.0
369668992.0
-355233760.0
1544439552.0
1023253056.0
-1721229824.0
-1653143168.0
1220670080.0
-907708352.0
1773754496.0
-2042115328.0
-972735296.0
-2046824576.0
1421069696.0
-30263404.0
1229111552.0
944755776.0
-498588896.0
-201613104.0
1448720640.0
-678760576.0
412255360.0
617997696.0
-2010891264.0
-563057984.0
-712912960.0
-1460181760.0
-328365152.0
2003537664.0
1829565312.0
-805117952.0
-588202880.0
1921212032.0
341126944.0
1895638144.0
558467264.0
608956160.0
1188638592.0
1487208704.0
1698032000.0
2062131712.0
-1662300288.0
-978195712.0
-230245920.0
936244032.0
-1676328576.0
-1744947840.0
2014956800.0
-1503403776.0
-1105523072.0
-1001049344.0
-489738272.0
1680676352.0
1228343680.0
1308507648.0
-585550528.0
371700800.0
-1727489024.0
-425494336.0
1108295296.0
-324626144.0
-1281325440.0
1518499328.0
451081664.0
-1144902656.0
390635936.0
-1139036544.0
1168599296.0
750588672.0
-190436672.0
1976614016.0
-1845372160.0
-2021794560.0
66690968.0
1458383744.0
-480049216.0
-1530226432.0
-1061968000.0
-1376068352.0
746953024.0
-2080099072.0
1716922624.0
901260608.0
-635487488.0
356730816.0
-525034368.0
-1638024832.0
-1244259712.0
-1087553664.0
-2135815424.0
280537760.0
672536512.0
899761664.0
-1405021184.0
-1022979648.0
2143403008.0
1214901888.0
-1677249792.0
1938801152.0
2005487104.0
490142368.0
830804224.0
285366080.0
-74496952.0
1657935872.0
-430653312.0
142156608.0
276074816.0
656066560.0
1082567424.0
-1879839488.0
1023302528.0
901430080.0
-1683172480.0
1577313024.0
2102135168.0
1571525760.0
-73169216.0
1406142848.0
2066195840.0
1120374784.0
870354112.0
-343686176.0
187586736.0
997027136.0
1980988032.0
1595401088.0
2005737344.0
-1817232768.0
-294989664.0
-152143264.0
-2034336000.0
639504768.0
-996162880.0
-85538776.0
-1680198144.0
850127232.0
-1325465856.0
-1503313920.0
395145600.0
-123763800.0
-1188100736.0
1940835712.0
-936550848.0
1272660224.0
-1043206976.0
-1238530688.0
810111296.0
-1470198272.0
123536496.0
1612327296.0
-1470304128.0
171921872.0
-2051548288.0
1683541888.0
1110748160.0
-1836285696.0
1759755136.0
1564010112.0
863348608.0
-133942032.0
-19655862.0
-1468816896.0
-661369216.0
-708897408.0
-1060712128.0
-1954364672.0
-1831172352.0
1262670848.0
1425528960.0
-383876704.0
2083097728.0
909886144.0
811937536.0
1497512448.0
-1724872320.0
-1452130048.0
-1806177792.0
-1812395136.0
-768980928.0
-656963840.0
-1126747392.0
1694349184.0
-1815160448.0
335036416.0
376364288.0
-976658944.0
-1323604736.0
809960000.0
2079699456.0
1153558528.0
1255450880.0
102508600.0
266262032.0
-1956148480.0
-907800064.0
-1828898688.0
-1102611200.0
1274827008.0
-1506932736.0
-1605499776.0
-1854594560.0
32732878.0
-1871218944.0
-929352704.0
-647328192.0
162566320.0
-697092416.0
-2104573824.0
1130539264.0
110235016.0
-1568487296.0
2012924288.0
-1060079168.0
-28743114.0
1115235072.0
-1278702336.0
616647168.0
-1194954112.0
1392789888.0
1655245824.0
686652608.0
-300488064.0
-555501120.0
-1368892160.0
-914293312.0
809220160.0
1541157248.0
-558721088.0
-561032192.0
1550167936.0
369131232.0
-1881822720.0
729938752.0
1843925376.0
-1886227968.0
-731439168.0
1454231168.0
1745602688.0
390179552.0
-133881072.0
1776574336.0
1528278784.0
-2034118656.0
-1653048448.0
-1490561920.0
-1761841920.0
1985639424.0
271751136.0
-287274784.0
438122656.0
1604469888.0
414774016.0
1831104896.0
572548224.0
1000614400.0
-330556096.0
1458435968.0
1436947456.0
-1733803776.0
224563344.0
-298508096.0
-1879185408.0
-719739968.0
673578112.0
1424304768.0
-629950784.0
-1199729792.0
449556544.0
1985391104.0
508349632.0
-2104895360.0
1480679168.0
1546452480.0
110847800.0
1620156032.0
1784499712.0
-1288951296.0
-2137569408.0
666289216.0
1694356736.0
1762305920.0
1743592064.0
1687915392.0
-1200327424.0
1366889856.0
1167395584.0
-1485341312.0
2089602816.0
-276128736.0
1543214592.0
-973583104.0
1139125760.0
916935552.0
-1655778560.0
-1869619200.0
308845440.0
-937670720.0
1303620864.0
1911861888.0
1786755328.0
-1225064064.0
-1235349760.0
1075608192.0
1120220800.0
-2027541760.0
-49305492.0
-1600157056.0
649634816.0
1575606016.0
-1495989248.0
-875899712.0
479037472.0
-1265494400.0
1586670208.0
-757961664.0
873111296.0
800051328.0
-1288274176.0
-1213358208.0
-684670208.0
2106148224.0
-129343840.0
-657615296.0
1533320448.0
498975232.0
-831682048.0
2120994432.0
-1894133760.0
-2030052608.0
-450555232.0
-400116512.0
-1822535936.0
361773568.0
720347264.0
1591640320.0
-1166073088.0
386936736.0
1210939776.0
-770523072.0
537626240.0
1244948992.0
-1983770496.0
-23820776.0
1013886912.0
-633487360.0
2069371392.0
2026003712.0
1788096384.0
-597995776.0
-1387103360.0
-1164349952.0
1430657792.0
-1186606080.0
-545325824.0
1582324224.0
-985797184.0
-1565187712.0
-1977349376.0
-1985507584.0
-1510730240.0
-1565560704.0
221721920.0
-1744513792.0
-1250541568.0
1268470272.0
1165893632.0
-999528512.0
-932766656.0
-2131227136.0
612204928.0
-1065893888.0
1388507520.0
9043093.0
256599040.0
1076095872.0
353056320.0
-801518336.0
-1322746880.0
1847826048.0
-1505683584.0
-445662464.0
-1187393152.0
-373998816.0
1598574208.0
-795810048.0
-319569280.0
179770048.0
-1075345024.0
1194843136.0
-1356379904.0
-2022125056.0
591712704.0
1197067776.0
-619372864.0
-959413760.0
784415424.0
-1868964608.0
1509739264.0
-479195328.0
400428032.0
645003968.0
988742528.0
-1014731072.0
-126156192.0
1220166016.0
955271168.0
-213769808.0
1284467712.0
747764288.0
1244148480.0
1236958848.0
848998208.0
-1131676288.0
1629817216.0
-437403456.0
-1563396736.0
272516640.0
-19584854.0
2079017856.0
1927345920.0
-1098151680.0
1836818048.0
-1235067008.0
-1130632832.0
1197458176.0
-856104256.0
-1143539840.0
1092001152.0
-1312117504.0
1076532224.0
952721728.0
609766400.0
796888192.0
841013312.0
1030963392.0
668099520.0
-1545147648.0
-402521952.0
274920928.0
-1712596608.0
-399362368.0
2080565888.0
2104190464.0
-331504448.0
2111124096.0
-1929927808.0
1573882880.0
-1052094784.0
338142464.0
1858426240.0
204738992.0
-549744192.0
-1585591296.0
705979392.0
1220179584.0
1783556992.0
184958080.0
182036336.0
-1405867648.0
897626496.0
-537289920.0
708700352.0
-1227856128.0
-2097361792.0
225567536.0
-1016807872.0
130412952.0
-753772160.0
-101128152.0
-940033216.0
650097984.0
1392714496.0
1749843200.0
420189888.0
-1305329152.0
-489610688.0
-1235356288.0
2014169344.0
-159625728.0
2071821312.0
1953644160.0
-1546343680.0
-1400555392.0
-1795233152.0
-925652032.0
1143904128.0
913304512.0
-68264608.0
-1357492224.0
-777606016.0
-2103937024.0
715948672.0
-358121408.0
1065344128.0
445320384.0
-1223868160.0
-393730016.0
-1980634624.0
-1357962240.0
1027497792.0
1794008448.0
-103126272.0
-621204736.0
150732848.0
-433074944.0
869342848.0
479980704.0
-1041787392.0
-328302976.0
1925674112.0
2053018368.0
-1005904000.0
-174816592.0
638728832.0
-1992019712.0
2036797056.0
-107367008.0
2006532992.0
-1237686912.0
-288340960.0
238895840.0
-62571540.0
1549372160.0
-1936260608.0
-48106696.0
-1740183040.0
-1045729536.0
-1786630912.0
-1715436800.0
-848383424.0
-145634320.0
-128093432.0
-1998174976.0
1502470656.0
-227300048.0
1999785600.0
333581888.0
-612532160.0
-2053291392.0
1467765760.0
851580352.0
2139482368.0
-1212771200.0
886573184.0
-182576848.0
946389312.0
1532494080.0
215690336.0
436607200.0
1371007616.0
-965996800.0
689119680.0
838461696.0
-1442222592.0
1747026304.0
1814225536.0
1158612480.0
-1123873024.0
743384064.0
1124112768.0
1362917504.0
-1297174272.0
-2141249792.0
1561257216.0
-441726304.0
-364586752.0
1862463232.0
-9131247.0
1329952128.0
-21990702.0
-1023526592.0
-479482112.0
1588032896.0
1163347712.0
1380248192.0
-858057344.0
-738803072.0
1246260608.0
-255135408.0
1464271232.0
-586509696.0
-1520760832.0
1226742784.0
-719496704.0
-1528747648.0
1021217344.0
-1098872832.0
529291712.0
-1894515712.0
-488870880.0
-1660737408.0
665181824.0
-54649100.0
392523040.0
2132024704.0
-1237128448.0
411426688.0
-2044014720.0
-629107840.0
433847840.0
469339488.0
1077732352.0
-371858272.0
-364342176.0
-1165891456.0
-213118416.0
1508659968.0
497389696.0
-1906543104.0
1212564096.0
-361369888.0
501940768.0
-1469652096.0
1022400640.0
-160970688.0
-1626316288.0
-1823277056.0
-1042335808.0
-1918159872.0
-521648672.0
-905535808.0
2063952256.0
542994880.0
605788096.0
1082109440.0
1989567232.0
115565880.0
1470066176.0
-859215040.0
-429696640.0
744054912.0
1304691584.0
173585936.0
-217339440.0
1956057088.0
323029760.0
-304931488.0
148800624.0
28237574.0
-875175744.0
1918466176.0
-1574032512.0
2006591104.0
-788543872.0
1110456832.0
-653740992.0
539210560.0
-1571177600.0
673402816.0
1491360512.0
-709468608.0
1617387776.0
365028384.0
379793408.0
147854704.0
-1528791168.0
599641664.0
-9424989.0
-212935792.0
-1699171584.0
-1043584384.0
-1707025024.0
2138932736.0
-253629376.0
-609834432.0
-2131500672.0
-356898976.0
-767344640.0
-250033792.0
100880920.0
-894560000.0
-1518641152.0
-1318096512.0
770956096.0
-1964785024.0
2096296192.0
-747331136.0
-1033591488.0
-691130816.0
-241357376.0
-1759572992.0
264219312.0
-1242891008.0
-639637760.0
2142436736.0
-1929510528.0
698463104.0
-653052864.0
343923008.0
738296064.0
1105487360.0
1546402432.0
1837231872.0
1915099520.0
533500640.0
-1480191616.0
-813063040.0
-1574169600.0
-1254887040.0
299336160.0
1043851008.0
-959693504.0
1733365504.0
1934579072.0
-105775152.0
129687912.0
461219712.0
-1129160192.0
2072455296.0
-365840864.0
1613042688.0
-395086848.0
1430513152.0
-1192883328.0
386563968.0
-1104165376.0
-978431744.0
340410016.0
-1841408256.0
-877899520.0
-1308781312.0
-1349212800.0
-1047894912.0
-102997656.0
-111794120.0
-1769116288.0
1793950592.0
133153848.0
-504990528.0
717125120.0
-1349562240.0
-1135103744.0
-1419607680.0
1385311616.0
-1417172224.0
-91941024.0
-132515792.0
1512528128.0
-105878144.0
-337731040.0
1871655424.0
933765184.0
1932603776.0
-961116864.0
-1111652736.0
-1785010176.0
-1411118336.0
-1288640256.0
-1418916224.0
815176512.0
1346599552.0
-1270626560.0
-1072814336.0
484182848.0
1751781376.0
1476249216.0
-219688016.0
-594738496.0
398159872.0
515087808.0
-586115456.0
187680608.0
-1821980416.0
-566152896.0
-1689946880.0
-920463552.0
-611420800.0
32374208.0
798278656.0
57288452.0
527494624.0
1028306176.0
923157696.0
-776138624.0
1486070912.0
946355520.0
1047940608.0
-169853232.0
300717824.0
1698957568.0
1407073536.0
1244687104.0
1143895680.0
-1982878208.0
-1236375424.0
-1523198592.0
141677168.0
-1039031424.0
-1830347264.0
-702747776.0
-1207702912.0
793772096.0
94573392.0
-1268093696.0
1253042688.0
80326664.0
1094862080.0
-1575206016.0
-705190528.0
-923799488.0
-1350555776.0
718644160.0
82183152.0
960225408.0
1722223488.0
921172736.0
1689065088.0
195039184.0
-12297261.0
1791677440.0
-1787838080.0
-2023813888.0
794064000.0
-2078526464.0
-1695846400.0
-1623517056.0
-1114701056.0
-1954042624.0
1135238400.0
1262614016.0
-1478174208.0
903151808.0
28429164.0
-1309395968.0
-1904456576.0
1015394176.0
-665811776.0
1245128832.0
210197840.0
-1495210112.0
1948028800.0
290597696.0
-993063616.0
348467872.0
-2025076480.0
-429130784.0
502695904.0
-809915264.0
1048526080.0
847366848.0
358160960.0
-1765470336.0
-1614746368.0
-302820640.0
-1729012608.0
335527104.0
-923954048.0
1609453184.0
-1593367808.0
-420066176.0
806398080.0
514617696.0
1433783552.0
-162787872.0
1552828928.0
-987378880.0
2013231872.0
1632431744.0
-945935296.0
-348819040.0
288746944.0
-1207640832.0
2087257472.0
-671837312.0
-803025408.0
911191296.0
-2083770368.0
-2125830528.0
-915281408.0
-412399968.0
-1059505408.0
558489344.0
-1566956928.0
-635565120.0
-1450796160.0
1834582400.0
-775278272.0
-86487424.0
-1307144704.0
515742432.0
1177530496.0
1840270336.0
420850080.0
-1857838080.0
-241133232.0
425482080.0
-551544640.0
-1012647040.0
1763827456.0
1169619584.0
1308389760.0
1615683840.0
1330227328.0
1953456768.0
1667810944.0
1153374720.0
-1490376832.0
1183227904.0
-2063346944.0
768253888.0
-1952554112.0
2014830208.0
913818624.0
-1598023424.0
-85772240.0
752887808.0
541384128.0
-1032595072.0
1218128896.0
1398217600.0
2053876608.0
1015502016.0
-463279552.0
-1680944256.0
339884768.0
1301744000.0
-1284077056.0
-412502560.0
1421151872.0
557705280.0
-1093251456.0
234763728.0
-1664945792.0
-1366070656.0
-349401632.0
-959437312.0
-1666237952.0
748398208.0
-1502476672.0
1608234240.0
-953086592.0
-460483424.0
-1349302400.0
1103708288.0
1976200192.0
-1181213696.0
1786589824.0
488079936.0
-1346058752.0
-499207168.0
137752448.0
1457474432.0
-1264637184.0
-715995904.0
-1427170816.0
1226900480.0
419483520.0
653565120.0
-511587744.0
1699899264.0
1401075328.0
-67369520.0
-396165504.0
1394651648.0
683204224.0
433842.28125
-977589184.0
2086798336.0
510009280.0
218542224.0
-1783605888.0
1639625856.0
-1422300288.0
65635948.0
-740644672.0
134046664.0
-1271640832.0
-947982784.0
-172553024.0
496907104.0
536245536.0
-987507648.0
-196891312.0
1646574208.0
-1364253440.0
38339824.0
882336704.0
1274721152.0
-450004512.0
1480787456.0
-1567638016.0
-419573344.0
1900548864.0
649607552.0
649752576.0
713343552.0
-1239747712.0
-198631920.0
503616000.0
-1741061632.0
542184704.0
1199099136.0
321310848.0
-221248928.0
-623102720.0
1010710848.0
1420059392.0
241157296.0
-686154496.0
-955546880.0
2140500608.0
723831488.0
2102668032.0
54209108.0
1493990144.0
-1823151488.0
1418303360.0
-245405296.0
954207872.0
-901870528.0
1875981568.0
-1995350528.0
1729066624.0
-1361621760.0
-951925056.0
631574272.0
-497419136.0
-1024257472.0
-1458700416.0
-756888768.0
638122816.0
97434880.0
640657728.0
1200796544.0
135740064.0
-1336729216.0
-1738939904.0
-324492256.0
-2043344384.0
1092444160.0
367588064.0
-33137978.0
-481748896.0
-330209664.0
2033988480.0
1422331008.0
-1557204736.0
1485473152.0
-2069853824.0
841950272.0
-1874549248.0
-695814912.0
375247392.0
-524001088.0
1982603776.0
60359488.0
-1869829120.0
-109875048.0
-1325579264.0
-356607840.0
1440642560.0
647565120.0
1079902336.0
-1580070912.0
-567311424.0
-454994848.0
856712448.0
-1982141696.0
1561502848.0
-2070184576.0
-2109896320.0
583061184.0
490400032.0
1281809280.0
469953600.0
-434990272.0
1207788032.0
-557924672.0
-2052428288.0
-679501952.0
-425029152.0
375509408.0
-1741601408.0
-1044637120.0
-555116608.0
1440480128.0
-2021548672.0
-1952120576.0
-1523879936.0
-933037184.0
583401600.0
1717846656.0
-746690944.0
944653952.0
-415962560.0
-1707348992.0
1050517888.0
-1935269248.0
1132398336.0
-1787196672.0
-2036989184.0
461870560.0
1854963712.0
466221504.0
851974592.0
-1307558272.0
1112102272.0
-1185619584.0
-782550720.0
356575424.0
1664339584.0
-1518052608.0
1442471680.0
917686400.0
-622173440.0
818690240.0
-1302291072.0
-661296064.0
978598656.0
-154096032.0
-732449536.0
1153251840.0
2142500224.0
-626423680.0
1400535296.0
2050670464.0
-509318080.0
-457138208.0
106314904.0
464577696.0
-565025152.0
1400606464.0
1757187840.0
299762944.0
1931414784.0
-691888320.0
-1435753984.0
713434880.0
-1370823040.0
172407824.0
-117442736.0
-491902752.0
621587520.0
1204953216.0
-986261888.0
1260442624.0
1777800192.0
-486812480.0
-1108169088.0
1641554560.0
-416457568.0
-630847104.0
-1789613440.0
-1556998784.0
-940082560.0
-94151368.0
-1091599488.0
-795380224.0
319279552.0
1820707712.0
951470592.0
812947520.0
-1177695360.0
-1580935552.0
-1455284352.0
-1425472768.0
-348948128.0
1651252992.0
262566832.0
1087371392.0
-987740928.0
-222182176.0
-1728265856.0
1419394560.0
-1831547392.0
1192120320.0
386403776.0
-1747594880.0
-1891954304.0
922012544.0
1664597248.0
-2008201472.0
-760180352.0
1300406272.0
1378796032.0
199481376.0
661466880.0
-1637423744.0
-1607402112.0
-899173248.0
-430028576.0
2028242944.0
-1566341120.0
-909135360.0
-1883891584.0
1088362240.0
-1349750912.0
1908808320.0
-28237494.0
-1864691712.0
785070272.0
-1541931776.0
977188800.0
-1485324160.0
1513203712.0
-1539531776.0
488120416.0
704240256.0
1634303744.0
-492004032.0
1403874944.0
1316988544.0
1830657664.0
58068600.0
435053984.0
608647680.0
1053216576.0
-216341680.0
-762958336.0
2030659200.0
1263184128.0
863571328.0
2073314816.0
-1219269504.0
-33081832.0
1272841728.0
-2086429824.0
-1494863232.0
623246208.0
-541650496.0
2083085824.0
594453568.0
1796691200.0
2127599104.0
-1414164864.0
1318569984.0
-1924582656.0
-407182976.0
1399428736.0
1141355008.0
-108660168.0
1776527744.0
320307904.0
772045120.0
2129428992.0
-1217589760.0
-563468608.0
-924342976.0
678851840.0
-606874368.0
1029683968.0
435906496.0
-2026642304.0
-458029088.0
-1170813568.0
-148641920.0
-1681431936.0
1353292160.0
-1723857920.0
-1443524736.0
1129999360.0
-651109056.0
-1380845824.0
1467895424.0
-244046864.0
1225036416.0
-1485912192.0
-147175936.0
-848786752.0
-950693184.0
2061100544.0
1817203456.0
-1778068224.0
954604736.0
1695013376.0
506161984.0
-699915264.0
-286153984.0
-714635712.0
-1521856896.0
1654500864.0
-1635283456.0
-1041110848.0
42752116.0
1594448768.0
1818794368.0
225085.859375
-118601568.0
-1209420160.0
1509257216.0
-1316418304.0
1365581568.0
86629064.0
-632402944.0
-1889549184.0
513841024.0
361178912.0
-1649837440.0
-1557282432.0
-1208510336.0
-524453312.0
-581671232.0
-526641120.0
-1616373248.0
734265856.0
-639080896.0
934189184.0
1143245184.0
1163426560.0
1726221952.0
-771970048.0
-351990304.0
1202238336.0
1530920832.0
1040437184.0
-68774616.0
-463926240.0
763740096.0
-1072988672.0
2144616064.0
145556432.0
-1188652672.0
-1618931072.0
-1218062976.0
1729305344.0
-1730355712.0
268331136.0
-1196770560.0
1503432192.0
446497152.0
1741486208.0
206222208.0
1165699072.0
2010198784.0
-480040000.0
1808892416.0
-1893115648.0
501120256.0
-820467072.0
-1856792704.0
2102711424.0
967974080.0
-774229760.0
1955984000.0
1749386112.0
1035977344.0
589468864.0
-295181376.0
490195584.0
94565504.0
1901703424.0
-142947936.0
-2050126976.0
-1802086272.0
324830240.0
1793178496.0
1433894272.0
1947833856.0
193550608.0
-47428716.0
1154789376.0
-1589514496.0
478393984.0
-21172858.0
1739457408.0
1521692160.0
-66976028.0
-347727392.0
1319619840.0
-2000214912.0
307804224.0
-1029071616.0
150348464.0
-1140594304.0
-1024910144.0
-451053984.0
-1102370432.0
-370232352.0
1379632768.0
-1526303872.0
2122290688.0
760922624.0
-1613502720.0
1789426688.0
957955136.0
727454272.0
723518464.0
-833952256.0
-909799808.0
-1195738368.0
1615212544.0
6189578.5
-1968816640.0
-1829888128.0
1813019904.0
1360134912.0
-323433152.0
-1411431424.0
1610320000.0
725350208.0
2145949184.0
2031376512.0
1209074560.0
-1948820992.0
-1155716224.0
-1753344256.0
832426112.0
-2137886720.0
1614918784.0
-153074896.0
-1374422400.0
794552960.0
1655609344.0
-230273264.0
1947501952.0
688639488.0
-1083337600.0
2075522816.0
274965632.0
-2069532672.0
-868005376.0
2090726784.0
-180418496.0
-44311872.0
1992066304.0
1330741632.0
355004864.0
-1933558144.0
432549600.0
-1361340672.0
642278784.0
1626179200.0
-2145820672.0
-1112730368.0
1033905664.0
1415586560.0
1307265664.0
-1049489408.0
1554170368.0
655427712.0
994723712.0
-268662272.0
-611932608.0
1800172544.0
1955879040.0
1356847104.0
-1343513216.0
-1102970752.0
-1957822848.0
-1635226624.0
730723520.0
-1017421504.0
213083600.0
-62102288.0
1304724480.0
-1980537344.0
-1793141760.0
1814319360.0
1749258112.0
1871720832.0
2015140992.0
-943094400.0
-940220608.0
-1116677120.0
-2030078592.0
1095047808.0
-1086956160.0
919959424.0
-760302720.0
-842312768.0
1979552768.0
1794425088.0
-542511552.0
-522929120.0
647680704.0
-1938542464.0
-2045277952.0
-161476304.0
-689524480.0
1897046400.0
-1087664256.0
-592606336.0
1237714560.0
-515089344.0
-891344512.0
-1343886592.0
106704360.0
-251969344.0
572561600.0
952569472.0
1232808192.0
-293326176.0
-26006568.0
-157059376.0
-53153588.0
386101472.0
725714688.0
-1673544576.0
1989501568.0
-1072979968.0
-580780288.0
1761322880.0
-621277248.0
1265862272.0
-751514880.0
287156416.0
30308802.0
502304128.0
386472416.0
-1500170240.0
-133628048.0
1746892032.0
-62402108.0
-828855680.0
-1645161472.0
-989198976.0
-572546816.0
2028553216.0
1387105536.0
496142656.0
-1133947904.0
-315644480.0
-180527504.0
-899822336.0
637963328.0
-1972160384.0
558261376.0
323139264.0
259267264.0
-197053312.0
888886272.0
-1493644160.0
1980440960.0
-537855168.0
-1235510912.0
-1382386432.0
-108633464.0
562795200.0
-1948952448.0
774033024.0
-1230757632.0
1606898432.0
1891106560.0
-452575648.0
-1785773824.0
1326313344.0
21468342.0
2102253696.0
-2024122368.0
-1586600576.0
-166613216.0
1497727104.0
-1648106752.0
301000736.0
-160160848.0
1611084416.0
-83527560.0
403298656.0
126887304.0
-1053470464.0
-644582272.0
1506542848.0
1659642496.0
-1787346048.0
-1719229056.0
529485696.0
647639360.0
1764024064.0
1045270144.0
-739400000.0
174279392.0
1424353664.0
-980018368.0
-1478162560.0
-393402784.0
505862816.0
-1371968640.0
-843919744.0
-662448960.0
-1570669568.0
1492519040.0
1312226304.0
-1857615360.0
-856694592.0
-1690655104.0
-1687009152.0
161926688.0
-1921794944.0
1030864768.0
-732101184.0
1489701120.0
-862765120.0
1902205696.0
1958291328.0
-293900832.0
-1921420288.0
1379645184.0
922733056.0
-1559307904.0
-2095937408.0
1345780224.0
-899197888.0
1248120064.0
-1789428864.0
2038758784.0
158593504.0
1067563072.0
-1414551808.0
-1056232704.0
1218517120.0
-191400112.0
1238180480.0
-816010624.0
1788682752.0
-949020352.0
729526592.0
-954703616.0
-1086238336.0
36145576.0
287515840.0
1577563776.0
53365388.0
-1086188544.0
121037416.0
-912693376.0
44949984.0
-83275384.0
-1829454592.0
-1332711808.0
-1929665280.0
-954160384.0
-1684113408.0
78961344.0
625729024.0
526217728.0
1383377920.0
-1009902720.0
-1954713728.0
-196451280.0
203369088.0
1196648832.0
-781274560.0
510044928.0
-1215508736.0
1736998912.0
-2101541504.0
1485786240.0
-1806372096.0
483311552.0
1308300032.0
444397952.0
-1655400064.0
-1430776576.0
1057030464.0
2103573888.0
220172304.0
490707840.0
-875494656.0
89856720.0
-1733681664.0
-1773278976.0
1564504192.0
-454754208.0
-653901632.0
-1312584960.0
980686272.0
-727324864.0
2127679360.0
1101979776.0
2031936640.0
-71061896.0
895283968.0
-802474560.0
-1818991616.0
-1612236416.0
-1926932224.0
760944512.0
-1318616192.0
1765989248.0
1392676736.0
11010400.0
-1593442432.0
1962353408.0
1465380736.0
-975018112.0
-751012224.0
1051552128.0
-604286592.0
1290412160.0
-927642176.0
494868416.0
1980919424.0
-393135552.0
182083056.0
-849887296.0
55372920.0
-819285056.0
-915994816.0
153565856.0
-1327498880.0
1618521472.0
-572163584.0
-173358816.0
-539466368.0
1331643264.0
-798526144.0
399745664.0
-994184768.0
-799967808.0
-1586380672.0
-858570368.0
928106880.0
1371420416.0
-1157871360.0
-1310173440.0
200497200.0
1074290688.0
1539871360.0
-846803392.0
-1914584832.0
1341785216.0
1502747264.0
1342163840.0
-1964475776.0
-1245705088.0
-24114286.0
-1595120512.0
1505694592.0
-1564600192.0
308438176.0
-1349728768.0
653536128.0
-789337472.0
1034935808.0
465686240.0
1128700416.0
-1784145280.0
909742272.0
-364372704.0
1337577216.0
288034144.0
-463614688.0
-1960500992.0
-691350976.0
-1242433536.0
-1785101568.0
-1478092672.0
-101973960.0
-895804864.0
-56917500.0
-1745569024.0
1007916864.0
-706277184.0
1843032320.0
-646042688.0
1671214208.0
-1134812416.0
1314686592.0
1995472896.0
466173888.0
1598704768.0
1204310784.0
-1070807488.0
1033252864.0
-1231194752.0
-2112412800.0
776930432.0
-1394928256.0
-1831725440.0
394394368.0
1758279808.0
136877824.0
-1515367808.0
1294175232.0
1453149824.0
443158304.0
1461329536.0
1594790656.0
-207395872.0
-225961280.0
-1964536448.0
-1234120704.0
-686791808.0
1018939328.0
-175957904.0
471517408.0
465067328.0
1562576256.0
-154994704.0
-418381792.0
-36695976.0
-186751344.0
898868160.0
-353888896.0
597913152.0
1110866304.0
-1623875456.0
-797421760.0
92977800.0
2135681536.0
8717223.0
-844322176.0
1350677120.0
1552215936.0
146241760.0
-980408960.0
1134666752.0
-719203200.0
-1449451392.0
-2021844608.0
550727040.0
57864356.0
1418318080.0
1892585856.0
-1034692032.0
582848064.0
-159996464.0
1368657280.0
870353792.0
1347772160.0
-404716192.0
1835257344.0
1924041216.0
-887750400.0
-160478816.0
-1955629824.0
-1516230528.0
-1100631936.0
-469452544.0
1577093632.0
196390000.0
-1539079808.0
-391632160.0
318678752.0
-749468032.0
-169915280.0
-1366379904.0
-1208865664.0
-987511104.0
2072752128.0
1731987712.0
-788003008.0
1370595712.0
339653088.0
1164492672.0
-2053916416.0
1889233152.0
2029596288.0
-1008505280.0
971720448.0
-1250961536.0
1864461568.0
940892544.0
-1468817920.0
-1862119296.0
285925344.0
-1002807680.0
-2019605504.0
-169861136.0
291456736.0
-1933261824.0
-509234880.0
-593166400.0
2024347520.0
-2057451520.0
-111263624.0
811427520.0
1932002688.0
-890914560.0
-1352186240.0
-2086045056.0
-172310176.0
2018090880.0
1313979392.0
-1860519424.0
-702761408.0
1952044928.0
840434368.0
1656425600.0
-1258188288.0
-1626465408.0
301771616.0
886154688.0
225641776.0
-442060832.0
-1413899904.0
1843507456.0
-941818368.0
506008480.0
1347519744.0
118415872.0
-954092608.0
-2145249152.0
677801600.0
-2002190592.0
-978800704.0
969847936.0
610907328.0
1148594432.0
1788068224.0
1825603328.0
114614816.0
1507622656.0
580315904.0
-932042240.0
-2120463616.0
-1415645568.0
1074224128.0
890332224.0
1510422528.0
-1661482240.0
358203264.0
-1594577792.0
781562944.0
-1391408512.0
-989987264.0
-1189883776.0
-2084041216.0
1508149632.0
2017444864.0
-1282563712.0
-1702293888.0
1425349888.0
-1595902976.0
-162529088.0
131069960.0
1645793664.0
99021184.0
-1827507072.0
451166944.0
-1164930560.0
186177168.0
94147696.0
1797807616.0
-293667104.0
315976192.0
-1966098560.0
157654192.0
-2014344704.0
1283023232.0
-2112705152.0
2084486656.0
140791024.0
197002848.0
1409740416.0
778744832.0
257916976.0
-998854976.0
-748486080.0
-1026923776.0
-1948739328.0
1016218304.0
1680601216.0
-30829114.0
-1327408768.0
-699232960.0
2041413120.0
835681152.0
-1743126912.0
-1186534528.0
-1660913152.0
-1195014912.0
2930207.75
1170001792.0
-1486494720.0
1425138432.0
1832925056.0
-662118400.0
-837192832.0
-1455861248.0
-1250233088.0
-1336780032.0
-1753712256.0
1958432000.0
-513383040.0
-591695168.0
-1213751680.0
-1144597376.0
-618607104.0
-2019209728.0
-168564080.0
382715072.0
1788065664.0
745777344.0
-1839590912.0
-1157004672.0
1134925312.0
-1388861184.0
-205234144.0
1027844928.0
2070487424.0
-1816358912.0
55991344.0
-411066464.0
-639670080.0
-412071744.0
-628933184.0
-2063787904.0
-63789128.0
-133310232.0
44578456.0
1854709888.0
-633986112.0
-1384423936.0
2043836288.0
1453896576.0
-707143616.0
1180836352.0
1515414016.0
1900544128.0
137437440.0
1723947392.0
1441996032.0
-684575936.0
-916184960.0
-344952576.0
-877767680.0
985834560.0
1223577600.0
1306481664.0
1790935040.0
1782090368.0
-955976384.0
-686436480.0
-508683808.0
1095575296.0
-1332012416.0
129303992.0
-1779011712.0
-1148766848.0
381272000.0
1222808064.0
-1928250368.0
-1332729856.0
-597366848.0
-1618160768.0
-806205824.0
1806944384.0
-2027264768.0
1828973568.0
1470053888.0
2065897088.0
-1738427776.0
2038958208.0
-981198656.0
-965564672.0
208790160.0
1402587264.0
1050901440.0
-1257520512.0
447919808.0
-627862016.0
1010789184.0
-306007200.0
-1886254720.0
-1039880000.0
-1536890368.0
-946484352.0
1707387904.0
-461850368.0
-1287710208.0
1983514368.0
-1185873536.0
1711773568.0
-554118272.0
-27941012.0
-961766848.0
-473399808.0
388320800.0
-1447891584.0
588168960.0
1765230592.0
1405064320.0
-452235872.0
536406048.0
-1091231616.0
843586112.0
1736822016.0
320729824.0
974851712.0
349585216.0
-1195286272.0
127522672.0
-92590632.0
134812016.0
-334329952.0
-1846619904.0
511852160.0
-596185472.0
-970064960.0
59131656.0
-370498784.0
-993179008.0
929680704.0
-415824128.0
1173585024.0
-579065280.0
639033408.0
1747382784.0
540468608.0
867843648.0
-514697664.0
-613350336.0
1198013056.0
-142862000.0
-385638336.0
-503722688.0
1374712448.0
-581175744.0
1098069504.0
1478627584.0
-114653984.0
807005504.0
-1025848768.0
1722782592.0
-1973618560.0
1925339392.0
-1271515008.0
392991104.0
-1996462464.0
-1696072832.0
-519428320.0
-489846144.0
-372263648.0
-204115664.0
-1567401344.0
-1972251520.0
1253660672.0
1175920000.0
-1122823808.0
-1490001920.0
-1295159808.0
623043520.0
-1852139136.0
324603264.0
1532204928.0
-1620987904.0
-14931031.0
-1533356032.0
-1558688384.0
204470944.0
-2818616.75
3522078.25
-1364485248.0
-540264128.0
-1308296320.0
-1272670080.0
1922146432.0
-1635313408.0
-735678784.0
646707840.0
-731952896.0
-791129152.0
606985344.0
563840896.0
-1894764928.0
-1875782400.0
-314164448.0
-1827441408.0
1728662272.0
1424156672.0
-1041697280.0
-602162368.0
-1120535424.0
-353993376.0
148931296.0
986145472.0
1975030912.0
1940279552.0
127448424.0
954938240.0
1513710208.0
-69787960.0
1839953408.0
-172359184.0
-650953728.0
207026848.0
-134214736.0
-401773152.0
-1943822464.0
1712587136.0
-602434304.0
1452700160.0
476538560.0
-2010001920.0
-1345848704.0
-28626392.0
-821852544.0
-639055360.0
-1818635008.0
-961866624.0
-986623936.0
-1225661824.0
-1025680000.0
-1290705024.0
-1470942336.0
1744024704.0
-26039516.0
-1768638464.0
-761091776.0
39299432.0
1058323392.0
219087344.0
521714368.0
1735840384.0
-744927936.0
90671976.0
1823254528.0
1694899584.0
-855644736.0
1056953600.0
-1321062272.0
-1920102144.0
-73893320.0
-622988480.0
-697177472.0
-527986784.0
-168963888.0
311964544.0
-514630400.0
1655081600.0
1425276160.0
-1244289152.0
-1727783424.0
-746846464.0
203384992.0
-317993024.0
751506432.0
-1846385664.0
1987159040.0
-425771008.0
-1189214080.0
584051136.0
-1687106688.0
-2057202432.0
667142848.0
1326406784.0
-1572806912.0
1319857536.0
-1381715456.0
-120508632.0
-859025344.0
1128700672.0
1480706432.0
-1044574528.0
-1378714880.0
-1671816448.0
-8889074.0
1091315584.0
401694464.0
1011368320.0
2064606976.0
-1849155072.0
-665948992.0
-1502448768.0
-809214784.0
1564223104.0
1733340928.0
-159743104.0
251500128.0
1696236544.0
-949407040.0
291366208.0
1667446016.0
-585400256.0
1777509888.0
-1967462272.0
-636233984.0
-178932320.0
-1696273024.0
66842704.0
-475892416.0
-391697504.0
1456297856.0
-1499508096.0
655112192.0
-1833697280.0
-293163680.0
-2117846144.0
-748424640.0
1579963392.0
1672164352.0
-281728128.0
329558784.0
-1165113216.0
818980544.0
-1062047488.0
596024576.0
-1115868032.0
1827754112.0
612283840.0
1346408832.0
-975910784.0
-1176130944.0
867888000.0
1153833984.0
253428768.0
238532272.0
1399414144.0
507187264.0
1821306624.0
1514641024.0
575596864.0
223923200.0
-1180005632.0
298350272.0
-46233564.0
-603764224.0
-944276160.0
-1126356736.0
-344005984.0
1072464064.0
-1851421696.0
285277728.0
357347680.0
-274350624.0
1782173312.0
-640625408.0
-421536416.0
-51354880.0
964299712.0
220963728.0
1300090752.0
1188506240.0
-2112037504.0
-288328768.0
-1577926528.0
-409152384.0
1822881792.0
1390610944.0
1023303104.0
1899143296.0
841885312.0
1169388160.0
275535456.0
-691179776.0
811933952.0
606847360.0
-1408870912.0
-474131168.0
1502191360.0
-26077870.0
-1574300672.0
1247189248.0
2028607616.0
1374201984.0
630578688.0
-2126466688.0
312251264.0
766358784.0
587110592.0
1919206144.0
-816983040.0
1153290112.0
2095681536.0
-830110336.0
419974048.0
1300740480.0
1960846208.0
1403170560.0
-442342048.0
955991168.0
-49211804.0
1330255744.0
-1672618112.0
470138048.0
55678800.0
103068.4140625
506540352.0
-539213824.0
701890304.0
-688102528.0
1100246144.0
1468927744.0
-815843072.0
874216576.0
852544320.0
-1134682368.0
-2016680704.0
271577664.0
-575498560.0
365408928.0
-2118045056.0
-1749134848.0
227016784.0
1751543808.0
1347655040.0
-278882112.0
-688997376.0
-473979200.0
70292848.0
1960009600.0
2016277248.0
1494333952.0
-233596096.0
-985717440.0
-1801634176.0
1860330240.0
-1293394048.0
1568210816.0
1744510592.0
156852512.0
808983296.0
73485840.0
288214496.0
1927222400.0
1378763776.0
-94995416.0
-719016768.0
-1602248960.0
-905896512.0
1720981888.0
845205248.0
1369691776.0
-238136304.0
-1638391680.0
-219168320.0
-385678976.0
588659392.0
986149440.0
915962688.0
-1956375424.0
-793407936.0
341276448.0
173078496.0
-891283264.0
-1593212160.0
1683960320.0
300137984.0
1334403072.0
-484282784.0
-763039936.0
776059328.0
1317424128.0
-761436992.0
1925262720.0
1844028672.0
-665542720.0
-739157952.0
291739520.0
374315104.0
1795273984.0
-948231488.0
2028703104.0
2014069376.0
-2088738688.0
-303260928.0
690553088.0
-1624979328.0
-1341345920.0
-2128364928.0
-1174750336.0
868274688.0
-11787260.0
-1733240576.0
1232982656.0
1668352128.0
1367084416.0
195359600.0
-728204992.0
1121122304.0
-2021363968.0
1349791616.0
-980752000.0
-1553049472.0
-1465800576.0
-1754261120.0
-1435167104.0
-1784824704.0
576067712.0
-1312377856.0
2144072192.0
-705598784.0
303874112.0
1444788096.0
-157812960.0
1578676864.0
1810059264.0
1392464256.0
980818432.0
1423509760.0
285264544.0
842460224.0
1111869824.0
-341852544.0
675974208.0
-2095978496.0
-814840000.0
163600912.0
1001667584.0
-1887174272.0
-454708512.0
324808768.0
-1466781184.0
449388384.0
-133052168.0
-231403856.0
697210304.0
-50822512.0
964389312.0
-1195301248.0
-906568128.0
-1943314048.0
250460000.0
888578496.0
-774661120.0
-1084267904.0
-338668096.0
400034624.0
-2035087872.0
866637440.0
-495221312.0
1269190528.0
1997764992.0
-1488138368.0
-200868912.0
1250070784.0
182508032.0
689158464.0
-188568272.0
899820800.0
358311776.0
2068832896.0
-1239467264.0
1124292992.0
1426441216.0
274195008.0
-1245983616.0
1692291968.0
1341017856.0
1032930368.0
-46735572.0
1276606336.0
-1809145472.0
1848148480.0
2056433024.0
331231328.0
827781696.0
-817541120.0
-1613878144.0
-1525938048.0
-1680131072.0
1499265920.0
-1165143808.0
1734861184.0
1897540096.0
-1970836480.0
-2135068800.0
-1564478592.0
-1306851072.0
1865242112.0
1710285696.0
1369474560.0
-1593104512.0
1392221952.0
-449516160.0
-1620756992.0
227338640.0
1202765440.0
139641968.0
136446208.0
-515520032.0
-1020477888.0
1594987136.0
-1529259264.0
-819573376.0
-2068231296.0
-149943088.0
-930880192.0
1014139904.0
-2035838336.0
-1405048576.0
-477131520.0
2006573184.0
-12377123.0
-1568174336.0
-2105295744.0
-472973344.0
-1892118784.0
499119776.0
-379997696.0
522430368.0
-1166592896.0
797098880.0
-404019040.0
-608601280.0
332011296.0
-884571648.0
-1486858496.0
1851811968.0
1070525632.0
1068481344.0
1318171392.0
-1921906560.0
1259313152.0
1312107904.0
-833647296.0
-153757664.0
-793627456.0
-1436958976.0
-1804596352.0
-2083778176.0
-1537996672.0
-1647311616.0
-1619592448.0
132104024.0
2026115584.0
602371200.0
-1476707328.0
1734504448.0
-1902117632.0
-1699009024.0
-1145225984.0
-549852288.0
1717278464.0
275649888.0
1168733184.0
1697648768.0
-1932248192.0
1787608192.0
-1525723392.0
-1399114240.0
-2098618496.0
85263472.0
-1054019648.0
1836165760.0
270186880.0
-921310208.0
642680832.0
-2143745536.0
-1003954112.0
-82168032.0
972179200.0
2016975488.0
2056046080.0
-2117583616.0
463714400.0
1190264576.0
1470158208.0
494030720.0
-512584256.0
-565174912.0
-2136559232.0
176500640.0
-1228461056.0
-1858969088.0
1485440640.0
2018966912.0
444610208.0
1872084992.0
-1655895808.0
-1782492544.0
-152627760.0
1124704256.0
436722784.0
1565597696.0
1803056512.0
1170530560.0
897874752.0
1049488128.0
-1844920192.0
-4179996.75
2001882240.0
1340370304.0
-360071040.0
-1941692032.0
-1297045504.0
1270142336.0
705299968.0
1179855744.0
-250323072.0
492788576.0
-182969968.0
1768065024.0
766064832.0
-306295968.0
-409450336.0
1268686080.0
-1505682688.0
270333056.0
320732896.0
-1712980992.0
-721680256.0
-591781824.0
2126483840.0
1070703744.0
2023449344.0
-516098656.0
-1972845952.0
580132480.0
1455391616.0
-452600384.0
2107457536.0
-722781568.0
-1349627264.0
-1645274368.0
-1230560384.0
1530622720.0
-1056859712.0
-1562186240.0
1078601472.0
-1083478272.0
937430080.0
-991735424.0
779194944.0
-1556511488.0
1636961408.0
-1479460096.0
-1883071104.0
1311589888.0
1044242048.0
369796992.0
682128576.0
895027456.0
2009369600.0
262167296.0
-2028820224.0
-1636380800.0
98751576.0
-2128702336.0
-1905783808.0
252739408.0
1527498880.0
76543880.0
-554442688.0
315336928.0
1659531392.0
487905920.0
668289920.0
-1961240832.0
-1404301440.0
-328766304.0
-1955852800.0
-1661837184.0
-1402144640.0
1550922624.0
717557504.0
578254912.0
16586682.0
872865600.0
99347312.0
-537434176.0
-1093013120.0
-1669217536.0
-412977216.0
241687232.0
-402043552.0
1254714240.0
1864166528.0
1367214336.0
628575232.0
-735938944.0
-963515392.0
54748232.0
-171227664.0
-789719040.0
830011072.0
-1898765952.0
-1160615680.0
-1337413120.0
144918864.0
1285471744.0
2053924992.0
659899776.0
2115376640.0
-582014208.0
2027499648.0
-1672363776.0
316619104.0
-705495296.0
-96818256.0
587790720.0
647212416.0
528481696.0
1205587968.0
1242043648.0
-1065238592.0
-1734622976.0
-474331200.0
731180224.0
383468352.0
-271926528.0
1426660864.0
307772352.0
-688494144.0
-1108482944.0
1937091584.0
-672535296.0
-53319624.0
-1978846720.0
-132118312.0
323314272.0
-635362880.0
404471424.0
2013394048.0
210834688.0
-430347296.0
-515943296.0
1686046848.0
-1183778176.0
1876930176.0
123768208.0
-111204848.0
1015324224.0
-957639104.0
-139898976.0
1420042496.0
486276928.0
-447895968.0
-1972378496.0
-1250649216.0
1486238336.0
425158176.0
1432670592.0
918512064.0
-2033078016.0
1556232064.0
-152925552.0
-1124563968.0
-973098432.0
-553435200.0
-859552960.0
-1566410496.0
-377265024.0
1322979328.0
-1098799616.0
800897344.0
1784401152.0
2033678720.0
-1733464320.0
-780408960.0
1809862144.0
-1231540608.0
-1818016896.0
297329472.0
1700639488.0
-946839872.0
-894200384.0
-306508064.0
456075264.0
937337344.0
1596494848.0
-1976796416.0
-1114937472.0
1476786688.0
1485238912.0
-184754704.0
972880064.0
353257600.0
-22332898.0
-1732396672.0
-1635845120.0
880744192.0
-2553082.25
-151426304.0
1283711104.0
1383301504.0
6993475.0
772661824.0
543428416.0
-930178560.0
-1491635584.0
-654062848.0
356704992.0
-428256928.0
2069015808.0
1648964736.0
172765968.0
389818976.0
1339937152.0
-386217696.0
-2126304640.0
-501548224.0
1845435904.0
-1725889408.0
1510207232.0
-2105455488.0
1601797632.0
-1365897600.0
1701411328.0
383597408.0
-2098294144.0
1460339072.0
-1260720896.0
704604224.0
443701760.0
-1314792064.0
1200312832.0
878998848.0
-684285952.0
1367267200.0
1578682624.0
-1147089536.0
1780792960.0
79071816.0
1126548864.0
275884288.0
-1840805504.0
1386004864.0
-195799472.0
-464757664.0
-679698944.0
1392642304.0
1839608320.0
-764151168.0
515957472.0
-1995869440.0
-1493092608.0
1470248192.0
-544567232.0
-846932992.0
-795739264.0
-1902095616.0
-1499778688.0
472168576.0
89280048.0
906913728.0
-388578016.0
639970240.0
-450376768.0
1253257216.0
1652252800.0
-2058155264.0
918092224.0
1026759616.0
-1231651840.0
-1451966336.0
-1592481664.0
-791660800.0
170819120.0
-947069184.0
-1162380800.0
-1748690304.0
2121595392.0
-1327051264.0
-828197696.0
-1520794112.0
-114237904.0
-151963312.0
-1758549504.0
1038541568.0
-1759800192.0
-1990579328.0
2054348032.0
566559104.0
-442316640.0
-1156610304.0
-166512704.0
-1962664320.0
-800930944.0
-663913408.0
324564288.0
-1758568960.0
1586340352.0
-18423936.0
792187456.0
1906342528.0
-32943302.0
-1265523072.0
977182976.0
-1087627520.0
279566208.0
1964031232.0
-1843673600.0
-998109952.0
-1526144512.0
619196864.0
-955116672.0
1127169920.0
-2049942656.0
1970984448.0
46378124.0
-2019273856.0
-1361663744.0
-306828768.0
1170984192.0
-731997312.0
-1052012224.0
-1351316480.0
-1200887296.0
-239011504.0
-197410032.0
-2059000320.0
-1191308416.0
-567674944.0
1279787392.0
-196739728.0
1102160000.0
-1648746240.0
1482918912.0
16431017.0
-1829967488.0
1941232384.0
-206524080.0
-317600640.0
1651517184.0
-407276992.0
-1320475008.0
640705024.0
-2084377984.0
-1697660928.0
503686912.0
-1165359744.0
377879584.0
-1226409728.0
559806272.0
-1050568704.0
-728680192.0
1109511552.0
-1953496832.0
-2136572544.0
789101632.0
-1018753664.0
614206400.0
-877681408.0
-1526802048.0
856751680.0
1974377472.0
1066920704.0
578510528.0
809200832.0
196948768.0
1218245632.0
-1874418304.0
499262336.0
663146432.0
-7291315.0
-585224768.0
1588234112.0
-552245568.0
-554110336.0
1597425408.0
-234951728.0
-1464678016.0
2064264832.0
1764506752.0
1463527808.0
-275576256.0
1629517312.0
-2093063552.0
1989199232.0
494562752.0
1715686272.0
-1341254016.0
1846633600.0
899715392.0
794920576.0
-1924508928.0
-2044884352.0
1225684480.0
-1793017856.0
1724824704.0
-511727872.0
-26701102.0
660666944.0
-168349296.0
87136824.0
-1475875968.0
78339304.0
-424735936.0
1033477888.0
214841728.0
-2056028160.0
-1108401792.0
1089719424.0
-2096905600.0
1409897728.0
1815950080.0
-252563568.0
1574727680.0
1583156992.0
-1408960128.0
1479973760.0
1745130880.0
1237323776.0
17871650.0
-266212160.0
140341904.0
562592640.0
493887456.0
-729721792.0
-318766496.0
239432176.0
1044856128.0
-1499444224.0
626867584.0
-1728526848.0
1080538624.0
-615165568.0
-1144596864.0
368879072.0
831785920.0
-187318064.0
655691968.0
-98651448.0
1000370176.0
274769024.0
236917280.0
1304540544.0
1098901376.0
16274756.0
1246358016.0
775159552.0
-1844588544.0
598153344.0
-1645942656.0
1864255872.0
-181623504.0
288709664.0
-1236546176.0
-224486592.0
-1391099264.0
-1327685504.0
945318848.0
-1349575936.0
-166848464.0
507222112.0
930404416.0
1040498048.0
-19869706.0
-1184956800.0
1388705536.0
-1704615936.0
-179940288.0
-1787958016.0
-2015698688.0
916308416.0
704943936.0
838623040.0
1498007424.0
-1199876736.0
5457533.5
-734375040.0
-635695104.0
252178224.0
-444211232.0
-2136254592.0
1906972544.0
175749824.0
-977703936.0
1650092544.0
-1424834816.0
-790030720.0
-233778016.0
598386496.0
-1596900096.0
476968064.0
809805504.0
1960660992.0
1171507200.0
1599538816.0
759632768.0
-1325717888.0
455702944.0
152121424.0
161730624.0
1627331328.0
290938624.0
-989965312.0
1838627328.0
-330796864.0
-748222976.0
-745015872.0
-33664836.0
680869632.0
1664382336.0
1421137152.0
-1337969024.0
-1223848576.0
-1921909376.0
-2021265664.0
-1606858368.0
-1980774528.0
-6306822.0
-1468640000.0
-1695976064.0
992034112.0
-1724968448.0
-248960160.0
1642802688.0
-1955974272.0
2108464512.0
-750432960.0
-86979592.0
-1562285952.0
-1729585664.0
-277742112.0
-1942354304.0
-1803243648.0
1186790272.0
1711583744.0
-1139285120.0
-1577383680.0
356866400.0
693164992.0
1723238528.0
1892441344.0
669996672.0
-223006640.0
-1187010688.0
1437868160.0
-1372123776.0
-572635968.0
-1264260992.0
-1226478464.0
1121123328.0
862267904.0
2054079360.0
307590336.0
-1080496128.0
-1709627904.0
-1942379648.0
1010654720.0
-131383288.0
1495059456.0
-61302516.0
-399967968.0
918196864.0
346128864.0
1888992640.0
-425178656.0
-473817344.0
-271306016.0
-1444880256.0
257890304.0
-1428924928.0
-1482491776.0
-1939624832.0
1114790144.0
485943072.0
1721251328.0
-1108873344.0
1846944896.0
1424202624.0
801440704.0
-2086784256.0
-1249362176.0
-1766846208.0
-216162560.0
-849539008.0
1741375616.0
1152845184.0
456199424.0
-1045920704.0
-1063278848.0
-1659475968.0
-1273075200.0
-1941488512.0
-1089675136.0
-1361366272.0
-1750117248.0
-675025472.0
31655164.0
1316450176.0
-643586432.0
-581031424.0
688760320.0
861675904.0
-1921832576.0
-613726528.0
2046198400.0
108726520.0
331116352.0
-313203616.0
202417248.0
1120428032.0
1098746240.0
-2050048640.0
945171328.0
-154358000.0
-1828963456.0
-589572608.0
160195984.0
-2120831616.0
-550730240.0
1202708736.0
1110970752.0
-279636288.0
-279881184.0
-1382095360.0
580293312.0
1681339008.0
358938496.0
-1495806848.0
1862062848.0
258825136.0
-2134227456.0
1133754112.0
282304608.0
2083923456.0
-57863480.0
1582481408.0
1948891136.0
-2063735680.0
-437758144.0
-657167616.0
-411242720.0
-1024312448.0
-1536447104.0
-1015961600.0
1504473216.0
1064755008.0
138908464.0
-1650469120.0
2081523072.0
-376268672.0
2004960768.0
393298560.0
1857491968.0
756294080.0
-1986104960.0
-1417908480.0
2050991360.0
-179880304.0
1172112512.0
75000616.0
-1543530112.0
-1405875840.0
920409216.0
1684665472.0
-744774336.0
-1016232640.0
-1883429504.0
1734620160.0
1070566336.0
-1164159616.0
1302869888.0
1382545920.0
1799312896.0
1157165184.0
-1818638208.0
-1696873216.0
-322165280.0
-1017324032.0
870359616.0
-657379712.0
284585472.0
-1134597376.0
-1222157824.0
172140256.0
82201896.0
1772820864.0
1710097152.0
1415924736.0
-2141934080.0
1019583424.0
-919536896.0
-1030828032.0
93312664.0
-146675120.0
421137280.0
1864615936.0
898985408.0
-1312415488.0
1170870272.0
1808124672.0
-664426560.0
-1004920640.0
-1207586176.0
584040128.0
-1785113600.0
-335248960.0
-489228608.0
1300043648.0
1676204160.0
593352640.0
-1013104448.0
330118176.0
557932864.0
-1581971072.0
-453163136.0
1753404672.0
-1987596800.0
-684800192.0
726676800.0
-1622912128.0
1533396224.0
-1837712896.0
-391130624.0
1953330304.0
1494003456.0
620476672.0
-126795600.0
-1732072832.0
1345828352.0
528037184.0
-1850062208.0
1414485888.0
-1364017024.0
1541149824.0
1073405440.0
-1426138624.0
-1067893120.0
-1384636928.0
249575888.0
472571488.0
1866219008.0
1693380480.0
692874496.0
-1600904192.0
2011498880.0
-852980416.0
-325333984.0
-1376812288.0
-67673320.0
-781702272.0
1682095872.0
986354816.0
-1667724416.0
1069696960.0
1211453312.0
-1212174336.0
1273013504.0
1193140224.0
704472448.0
-1304400896.0
-1812106496.0
-1047072640.0
-1375833472.0
1284651648.0
1547900800.0
-243306960.0
-1625747200.0
664330560.0
-452804032.0
1720572800.0
491318720.0
-811341504.0
-484797792.0
-1536424064.0
423294144.0
403236416.0
282512928.0
-1917886208.0
2057443968.0
-18374984.0
88617184.0
-447550496.0
146104656.0
991633408.0
-1558141312.0
-1866802048.0
-1388891648.0
540184448.0
-482590784.0
-720259520.0
-698117184.0
-841277824.0
-2010794368.0
786999040.0
-289432768.0
1358893184.0
1967209216.0
270887488.0
-6965632.5
-764812416.0
186017152.0
264539120.0
-130938560.0
1016308032.0
873407168.0
550324416.0
160025296.0
-1998223360.0
-813473024.0
1983805056.0
-1102129408.0
-2039689856.0
-911288192.0
-1150657664.0
748900608.0
-1882627584.0
-889115136.0
-921828672.0
-900954752.0
1206486912.0
-1656000896.0
-1020163456.0
-1668214272.0
922992128.0
157275280.0
995325824.0
751699264.0
518130368.0
-936044160.0
1078485760.0
-1094013056.0
125277216.0
-441607296.0
1957608192.0
-1626053504.0
2011494784.0
-1817965568.0
-24060896.0
1140891008.0
1950029056.0
-618220288.0
-1121883648.0
1623277696.0
1873585024.0
-1717274112.0
1097659520.0
1683778688.0
1311228544.0
1969602944.0
-158922576.0
-223293328.0
1992677248.0
1593961984.0
-1827637504.0
652097344.0
-790731520.0
930242624.0
1595806720.0
1867382912.0
2033927552.0
549438528.0
884180416.0
1433071872.0
2023558528.0
-1831710976.0
1432588928.0
5341548.5
-45011276.0
1776546432.0
-673009280.0
-628065920.0
-1585874816.0
-976450752.0
-123722176.0
-1480605312.0
-325639360.0
-423117952.0
1384264448.0
-1899394944.0
-386473248.0
-1933110272.0
272989312.0
-1894536576.0
1381115520.0
-730637632.0
1220527744.0
-1088559872.0
-930245760.0
-1540058880.0
-538484352.0
-1962787968.0
754271168.0
1193127680.0
-531578208.0
-965401152.0
1577372672.0
365816416.0
-1311279104.0
-1108735616.0
-2107493504.0
957685376.0
1887458944.0
-972166080.0
304358304.0
-891736960.0
-421703008.0
-390589568.0
-856398464.0
-450309024.0
-1871800832.0
-1935740416.0
1516854400.0
-677161984.0
-1626988672.0
1261018752.0
-39437836.0
846756032.0
211748800.0
-271498848.0
1699322496.0
-566916864.0
1433960448.0
785629184.0
1574010880.0
1011473664.0
522776416.0
-383787936.0
1658853120.0
1498325120.0
234369904.0
-1009878912.0
677618496.0
-460692544.0
-997607744.0
-1236618752.0
1244697600.0
-1417204224.0
1363215360.0
-1538361984.0
-1314122880.0
2003720960.0
-2046583552.0
-1349922944.0
899249344.0
-169657680.0
1546165376.0
270832224.0
-1642490112.0
-1480583808.0
1340243072.0
343878656.0
986076736.0
378757856.0
-1647369984.0
1480715008.0
-71154736.0
259707472.0
1560662272.0
515584768.0
1768000128.0
1117711872.0
-1652404992.0
-975534400.0
1451383552.0
1519173120.0
1095197184.0
-46080096.0
-1399380096.0
-583289536.0
1737342336.0
-2099833728.0
1465779968.0
826935424.0
-71909968.0
1348434944.0
-186267408.0
629298752.0
-1756755200.0
-49112696.0
-1716054144.0
1236652288.0
1557459968.0
882949440.0
-1670109568.0
-1956870528.0
-1311264256.0
-172300928.0
-828546560.0
-227447152.0
1570766592.0
2115817984.0
-895324160.0
59555136.0
-68846704.0
-1592141440.0
217088112.0
-2027018624.0
1246172288.0
93565144.0
-915276800.0
956861184.0
-409200960.0
1977627136.0
-1462990464.0
-2014910336.0
-2064925952.0
-1175890688.0
-1833833728.0
-445422944.0
2111879296.0
-524771040.0
879788288.0
109297848.0
-888284672.0
-1926972160.0
504082048.0
960890944.0
722704832.0
-2006567040.0
1138798848.0
1195723392.0
2095859200.0
-2115290240.0
-1778373376.0
-463854944.0
-217321232.0
-846795392.0
1607288576.0
571853440.0
-1678633216.0
596848000.0
-1414438784.0
644820416.0
-1179927296.0
-856435072.0
-253363200.0
305980000.0
1974910592.0
1241763200.0
884529024.0
1002396672.0
1496074880.0
-1277213568.0
798241792.0
371191520.0
435530560.0
-118312216.0
-216962320.0
-845460416.0
-2008003584.0
-2041472640.0
-886529088.0
-293237920.0
-660287104.0
1347990656.0
-135343824.0
654232960.0
-584542592.0
1074436096.0
339369184.0
-822066624.0
1282110720.0
1512385024.0
-296112544.0
-1185163776.0
543304320.0
415627072.0
1785238144.0
-1577691520.0
1966583808.0
157647488.0
-704173504.0
-2131776896.0
1496983424.0
-1738975616.0
-385943936.0
-1203149696.0
-1782418816.0
28517716.0
839347136.0
-708232512.0
-1999601024.0
-251415536.0
973247552.0
235828816.0
42036200.0
938814784.0
1644553344.0
187446560.0
-644485184.0
-1029751232.0
-898899456.0
1403236352.0
-1355003520.0
-1589771392.0
1978580480.0
-78149040.0
-1907426432.0
-711972544.0
-1610819712.0
950749440.0
-1127418496.0
2110011136.0
-1418264832.0
-2024534400.0
-1756187648.0
1037141184.0
383940928.0
-216727824.0
475633760.0
-113728384.0
510746336.0
366184960.0
968075968.0
-1779597952.0
-879046976.0
-330659840.0
1009014400.0
-1890802560.0
342256512.0
-855504512.0
35328092.0
1545611776.0
70379536.0
-728372736.0
589096256.0
1545966080.0
157703936.0
953434432.0
-509337632.0
-882768384.0
2106067840.0
1405231616.0
614701056.0
-1814711424.0
-181130608.0
1234738432.0
972809600.0
-1931976320.0
1082425984.0
1198081152.0
1008147392.0
1150802944.0
-1054129216.0
-1462190336.0
411805696.0
-2057885952.0
-158344432.0
-1206781824.0
-873313728.0
-2109787392.0
-1301402624.0
1271712000.0
-1981022208.0
-452369664.0
1848431488.0
-2056590208.0
-727758272.0
1715953152.0
-1604868224.0
-929861376.0
-2135468672.0
-459436096.0
-1101401088.0
1138299136.0
-470125504.0
-582125056.0
1472469248.0
-1358328320.0
2049799936.0
-1002327808.0
1368492288.0
1749872384.0
1523141632.0
-331321888.0
1447162496.0
1588987648.0
1013461312.0
1570911104.0
800745792.0
118212896.0
-1651726336.0
1058525248.0
-721828160.0
356907616.0
-1988728192.0
-1676115456.0
1890263552.0
-1060152960.0
827225024.0
-771816512.0
172156192.0
-1085874944.0
1386612096.0
342699072.0
646613504.0
253332832.0
-348520352.0
-2103408896.0
-1810383360.0
-491925408.0
-418505440.0
21542602.0
18731208.0
263350256.0
699242624.0
291583584.0
1672513664.0
1689108352.0
-360903264.0
1384899968.0
1407977472.0
-2137784448.0
-396429472.0
-1891847936.0
-1202666240.0
-1626728448.0
689479424.0
1294039936.0
699593600.0
349864480.0
-1704484736.0
-1625604480.0
-969663936.0
-1133188224.0
2010671488.0
-1765065216.0
687072128.0
-956934080.0
-448132768.0
488211456.0
53162632.0
-503270176.0
-817578048.0
524592736.0
-655264128.0
-999840896.0
-792774720.0
-2070067328.0
927681088.0
356326592.0
838017216.0
-592910912.0
-2137234944.0
-1273960320.0
-1101847552.0
-987929216.0
-1281420160.0
1049791616.0
1198483968.0
-936638208.0
-2128504448.0
-1122883712.0
1334464768.0
-1289893888.0
-1278158720.0
-1916632192.0
-814071168.0
1540661888.0
1685162624.0
-721906816.0
142652928.0
-1218436608.0
-1485936640.0
1351627648.0
-759015296.0
-144864368.0
1374179072.0
-1684321920.0
-1487554432.0
1268243712.0
1058837504.0
462118784.0
846975296.0
-1941672448.0
-1731950080.0
1237712896.0
1011269504.0
-1265898880.0
-2038124800.0
-1331216000.0
-576581696.0
1652681600.0
419331648.0
2036163840.0
-1715295360.0
843147648.0
-627016384.0
-1487051776.0
1197177856.0
540037632.0
2116523520.0
305227072.0
-1376792704.0
1925080832.0
-1409481856.0
-2135267200.0
1415555200.0
469234272.0
-1795985536.0
-964366016.0
-886573440.0
-205311696.0
114688336.0
-702648704.0
-202669488.0
-1376012544.0
-1466833152.0
1148710144.0
356204960.0
-364239776.0
1427245312.0
859670080.0
2027965312.0
1630356480.0
-764205184.0
1587855232.0
1604489216.0
-418899232.0
-1542241024.0
-1362405248.0
428080928.0
-1689568768.0
1471119744.0
2063910912.0
-1718298368.0
-1622414336.0
1176295424.0
2126264448.0
-173721056.0
1220281216.0
2142636160.0
-1807134720.0
-2142967424.0
-1876834048.0
-1496794368.0
79366984.0
2127366656.0
1977427200.0
-1772469504.0
1894092160.0
-233245200.0
-554282432.0
-1512197888.0
254506528.0
-1457633536.0
-474934880.0
1062095424.0
-6889905.0
6926467.5
-1325931904.0
-879965056.0
2036408320.0
-1477188224.0
-270356096.0
-2116133760.0
-2119903360.0
756927872.0
374027200.0
-311294176.0
938934976.0
1465666432.0
2000367488.0
-362186240.0
847208000.0
-1552768512.0
-1075678080.0
-407886976.0
-1090582912.0
-325986304.0
2097479936.0
1964952832.0
-413705888.0
2046704384.0
-1558548608.0
-1674522496.0
-598878784.0
586974400.0
2122375680.0
907306432.0
1442233856.0
1985600384.0
-531907456.0
1568312064.0
-1742392192.0
292639680.0
901601344.0
-1152189184.0
693499136.0
-869973376.0
-957167168.0
512911488.0
-381724608.0
-272120000.0
167701280.0
991665408.0
-1686909696.0
-428883616.0
125187512.0
-1190875520.0
-191863648.0
-1786743552.0
832066112.0
1441435136.0
-702401280.0
-2022286976.0
-227389424.0
1208854016.0
-1620438912.0
1040385920.0
689751872.0
557018112.0
-1051975680.0
-1432460672.0
-2138252160.0
2136424832.0
-1632912512.0
-67502488.0
-1275835136.0
-1341500672.0
1462324608.0
-730141568.0
684958016.0
-334239008.0
-1517487104.0
-1856270208.0
1564128768.0
-1816817664.0
2072797952.0
-1883719808.0
2006578432.0
-548224960.0
-1739214208.0
-1922242176.0
1630825856.0
-1048202560.0
-1312877056.0
1768893696.0
-710071488.0
-1581928576.0
164928592.0
-1321198976.0
-1241170560.0
-389672576.0
175420000.0
-848591552.0
1893449728.0
1098656256.0
1369723520.0
-1995871360.0
1294889728.0
1490258048.0
-580674624.0
659682304.0
1242860928.0
-2127905792.0
1200770816.0
-550109952.0
-2127336064.0
111695856.0
-1359311232.0
1622859264.0
2036717696.0
25848988.0
1272386048.0
-1043674624.0
-1774415488.0
421875072.0
-101784592.0
304257440.0
-1647989.125
-481685696.0
-1571324800.0
-390296736.0
-362809184.0
1644814976.0
-1536635264.0
396779872.0
644511616.0
1032526656.0
2135758336.0
573503488.0
2115417600.0
648022400.0
-843042240.0
144184288.0
-113362432.0
-813415360.0
1266998144.0
-423374720.0
873759424.0
-1567621632.0
1424557952.0
1725494784.0
635050944.0
-1720649728.0
-934087104.0
1749804544.0
681645248.0
964587776.0
840176064.0
98296032.0
1541163904.0
1706082176.0
-1273081216.0
945349056.0
-65489616.0
-145777792.0
746935616.0
1998146944.0
-1751013888.0
1481350912.0
-379083392.0
369730144.0
1194131840.0
-1910455040.0
1403994880.0
-1081394432.0
1514206592.0
-1330630528.0
-1695408768.0
1613363456.0
-614657216.0
-162992992.0
-1571929344.0
34280076.0
-556930688.0
-1846893056.0
65640720.0
-1976846336.0
952622336.0
184183104.0
-1982452480.0
-1562108672.0
-1700812288.0
1207677440.0
1933499648.0
-2066232064.0
-912365248.0
-723162880.0
1148472960.0
461505664.0
830651392.0
932676480.0
-1448264448.0
-39405840.0
542389248.0
-558811200.0
1723550208.0
398848064.0
1227636736.0
1015165120.0
614740864.0
399706688.0
11186990.0
-546924992.0
1574697984.0
-574435072.0
246638224.0
-1535434880.0
-2017203456.0
1858922240.0
1112999168.0
1711949312.0
426565792.0
-1636174080.0
831284608.0
-688020864.0
-2141906816.0
-1257870464.0
78799880.0
618853952.0
623130816.0
1046620672.0
-1172735104.0
1494547968.0
-1018295872.0
264692208.0
648343296.0
-2101612800.0
-1714927616.0
-1288019584.0
-808011008.0
-2138491136.0
1663588352.0
-1946518016.0
956246464.0
1875180160.0
-694649728.0
667845952.0
741561600.0
-917693376.0
534737952.0
842482752.0
1360894336.0
22949418.0
-2067959296.0
-620659840.0
-2029974912.0
1879047808.0
1545169408.0
-1734781568.0
1789961472.0
1708982272.0
-915799040.0
1474432896.0
-1334093184.0
1760317568.0
-687779072.0
395945856.0
-2065319680.0
265670432.0
1102608128.0
2075852288.0
-1370132864.0
1274906240.0
1613593728.0
-1403961472.0
-964414336.0
1646608256.0
1652194176.0
-1984798464.0
839663360.0
-873546496.0
-1116973696.0
-1994925440.0
-471842592.0
313616896.0
-594081344.0
1957501568.0
1359061888.0
405641792.0
-523519616.0
1742900352.0
450058944.0
-1791007744.0
-1763849216.0
-606103744.0
-1021367360.0
-430580352.0
-2022154752.0
1601463552.0
-551925696.0
30412498.0
-1789347712.0
-743095296.0
1673886080.0
-1737692800.0
-577120320.0
767118208.0
-144592544.0
1046685568.0
1234025344.0
1156726400.0
-712652672.0
-1166568832.0
-1473441280.0
-1996327808.0
-859409472.0
-57618848.0
-955285440.0
-332601696.0
-1810147968.0
-985133696.0
-618193216.0
-719752064.0
-1650694784.0
1272577280.0
-1213747712.0
780740736.0
396963904.0
1097710336.0
-97858256.0
-811513600.0
231604960.0
-476692256.0
-704954048.0
-787023744.0
1525214336.0
-1993229952.0
1562495232.0
-741402624.0
-2050821120.0
909791936.0
-2067236224.0
1537426944.0
1533996544.0
1739835392.0
-993497472.0
2110748800.0
-879856384.0
1338723072.0
-1637521792.0
-557695424.0
825232256.0
1744337536.0
1632507776.0
-163637728.0
1825429888.0
-769102208.0
1813065088.0
-1278697216.0
-85980080.0
1339353856.0
979077376.0
293281536.0
-1410103168.0
-2123137024.0
1199963776.0
-505556544.0
-36741168.0
769678016.0
-1680816384.0
-1748175872.0
-1248385152.0
1816405504.0
1562780544.0
1544869760.0
1000897408.0
-2099969408.0
295392448.0
-1712378368.0
1790541184.0
-2049086464.0
2084539392.0
1302282752.0
209935232.0
79338944.0
-1170005376.0
-1129608192.0
-1903425536.0
1617859456.0
1868107648.0
2041470976.0
-1971617152.0
1989456896.0
1462631808.0
2044414976.0
-938502912.0
1078820736.0
-374832384.0
1696725760.0
-2103603328.0
-1090737536.0
-1250691712.0
561247680.0
753496960.0
1154092800.0
-47275404.0
207245248.0
-285738688.0
1718776320.0
226969600.0
-861474560.0
1831672192.0
638556096.0
1369914368.0
785345600.0
-1227809408.0
909043328.0
1165236352.0
40244348.0
984504768.0
-1471727104.0
-23162562.0
1274196224.0
-126421480.0
-810199424.0
1146333440.0
-84033392.0
105528944.0
893445824.0
640784768.0
1021684736.0
-262397488.0
628303360.0
-621352448.0
1861409792.0
-1209552768.0
1986843392.0
-2139981568.0
-1801679872.0
242360208.0
-908468224.0
1584064384.0
1127449856.0
1249498496.0
304678944.0
504835168.0
333340544.0
-993742720.0
-1155665024.0
-508485376.0
1170789120.0
-861353152.0
906795392.0
386030784.0
-21232336.0
789743808.0
-1884059648.0
2102470528.0
1847410688.0
1238151808.0
-14916022.0
1639829632.0
-584270912.0
985916288.0
1345656192.0
-684662208.0
-748321152.0
789419328.0
-456166624.0
1395721472.0
-340262080.0
-331304864.0
1365993856.0
760946560.0
-811818176.0
1118788608.0
1199641472.0
-431804640.0
-295649088.0
1573486720.0
820702272.0
-1344658048.0
1841174784.0
-1249463040.0
1912897024.0
1303118592.0
2042424064.0
449882432.0
-812356288.0
-690327296.0
-901077504.0
-1446662912.0
1283246080.0
-1567643008.0
1501438720.0
909715776.0
1725785088.0
-2005966592.0
719016896.0
-1461002624.0
612944576.0
1157833472.0
-1752895616.0
-1224041088.0
-2067335808.0
1140530560.0
-261992704.0
-623802112.0
-1778852992.0
-1019624640.0
1593352064.0
-688634688.0
1968884352.0
510863808.0
332056640.0
1903368704.0
741680384.0
-2090176256.0
-768919680.0
-1817368064.0
738371648.0
1106782976.0
1646129792.0
-1225564800.0
-685359936.0
-1021537728.0
1213819136.0
-384637312.0
-1707352064.0
-1882963456.0
1202551680.0
1560929664.0
1198994944.0
-589514240.0
-1524771328.0
579715520.0
-1744788608.0
-1165131264.0
-1707415296.0
-398200352.0
1843924352.0
-1877288832.0
1883344128.0
-129313032.0
835337536.0
1747504256.0
-762774976.0
-1582413056.0
1747136256.0
-544024512.0
1929785856.0
766133504.0
-418597888.0
2056640384.0
1909189120.0
-813833344.0
-1558921600.0
-179455824.0
-54622348.0
1375146112.0
-189808176.0
545084992.0
985356352.0
1367529600.0
-1172704768.0
-1603537536.0
882461248.0
1235817856.0
456024000.0
-603001216.0
1464673536.0
856646144.0
519655520.0
1070635776.0
968427456.0
-344202880.0
-1999947520.0
1169729152.0
776255488.0
-350088128.0
109411096.0
-1664600704.0
1848772352.0
2063287296.0
-1196175104.0
774224384.0
1714183936.0
214241008.0
1748054272.0
-994656256.0
1429239936.0
1776885120.0
260213328.0
1821899136.0
480082784.0
-1315209728.0
1688803840.0
-1572551936.0
-575619456.0
1743009024.0
456735936.0
-1881239552.0
-2044768896.0
-1448761088.0
283295136.0
-1884827008.0
-775198272.0
-1635594368.0
397673600.0
797580544.0
368233152.0
-1896192512.0
1616283904.0
-2024099840.0
394170816.0
1442378496.0
-1189694848.0
-1561427072.0
869836352.0
1819043456.0
1935300864.0
1115191936.0
131785696.0
-30851910.0
1469915904.0
-1069596032.0
-2098653056.0
1040647616.0
1357151360.0
1869418496.0
-487769184.0
28295016.0
294423456.0
-728525632.0
-707322752.0
-252077120.0
-293462880.0
-1853678080.0
-1144684800.0
1406913664.0
867889792.0
1205222656.0
310574752.0
-182610800.0
-340658560.0
70788992.0
-277502400.0
-1429016576.0
-151039376.0
-1032717632.0
953147072.0
-2036716288.0
-629318208.0
-1916106240.0
-364818368.0
-706631616.0
98525400.0
981194880.0
-902652928.0
-279421824.0
-1376121856.0
740714816.0
-83604592.0
519464160.0
-2045398016.0
2044863744.0
-447104992.0
-990895296.0
-1486064256.0
996333888.0
-1250966400.0
-1841192704.0
-1032434752.0
-1756602624.0
-1024684480.0
1032712960.0
1085520000.0
1385278848.0
1741749248.0
328773472.0
-1079187840.0
897728448.0
-1851891712.0
-1699448192.0
6564076.0
1984612224.0
2000809472.0
-593604224.0
-143152128.0
1597819904.0
-1925438848.0
-48291512.0
-672007808.0
578599488.0
664598784.0
2083195008.0
2022340864.0
-1764147456.0
-1089278336.0
853389632.0
-1657311616.0
-1653470464.0
-402274592.0
-690369664.0
-1124022016.0
-652037248.0
-153909344.0
1715739520.0
-576227712.0
761144832.0
68265792.0
1488344320.0
-409497344.0
-1892192512.0
888371200.0
225507840.0
820154112.0
906038080.0
-370202432.0
-2051646208.0
-818143808.0
-2112299008.0
-1632103168.0
-358918560.0
1016000960.0
1705846144.0
1629668480.0
475745824.0
141716016.0
76370944.0
-38396744.0
271198144.0
-1148791040.0
-1618379904.0
-958340864.0
-1614283904.0
-1856793856.0
-1325132800.0
1404283136.0
-1631313792.0
817714496.0
-1770059776.0
541073792.0
-173548896.0
566822208.0
-238952768.0
1212037632.0
508345952.0
-1363513984.0
-1183990656.0
-1314050816.0
-1687588096.0
-1005661184.0
516394368.0
-1296736640.0
1089639040.0
-435309888.0
-469756352.0
-1790639360.0
1665498752.0
376985920.0
-1768988288.0
-1749250048.0
1773443072.0
464252832.0
1763465216.0
298796448.0
865342784.0
2122979712.0
-260989520.0
-13206322.0
938529984.0
-931024320.0
-1666793216.0
1626929792.0
241999184.0
860052288.0
-1317931392.0
437656960.0
-717953664.0
1174017280.0
2113522944.0
2060667520.0
2031776384.0
-243959792.0
262752240.0
-1548857088.0
-497912960.0
-444451840.0
740792896.0
-845722304.0
650883200.0
-1541466624.0
-415509888.0
1244009728.0
-33055862.0
-436748512.0
976141824.0
1162384512.0
1277416192.0
379850080.0
-38854812.0
822811392.0
1549101696.0
-86256216.0
1322039936.0
-1791019136.0
-860787584.0
760081472.0
1375971328.0
801940864.0
941407168.0
1156720512.0
707283328.0
492921728.0
689327616.0
1931571584.0
-1584007168.0
2083128576.0
-2070513024.0
-1128709120.0
477603744.0
-1621981440.0
1889155584.0
-1469903744.0
-2116268928.0
613726464.0
1149628032.0
-942190656.0
-319884224.0
436290464.0
1821240064.0
1162260736.0
-374080736.0
-895309952.0
-1081583232.0
1521331072.0
-1252932480.0
731749568.0
1500911232.0
509620800.0
1894170368.0
136576640.0
-100653040.0
-296178336.0
-1660633472.0
1773893248.0
-2014208384.0
1400289152.0
655290752.0
-67029344.0
588188416.0
367733600.0
-466500992.0
-115949968.0
849386304.0
1508706688.0
749953664.0
1499470464.0
-296397760.0
-1888496896.0
1482435584.0
-952686528.0
-1327740032.0
661830720.0
926554688.0
-1525941120.0
-1883309440.0
407712096.0
-93409888.0
602925504.0
-1952843392.0
-1632691584.0
-1408339968.0
902586752.0
-1504704128.0
1091962496.0
-1940996864.0
1820591104.0
-688196544.0
-1333881856.0
1968958592.0
292748928.0
1775467008.0
-1486490624.0
-498557856.0
1935451008.0
-1723232512.0
-343384800.0
1573011584.0
272752256.0
-1186196096.0
-1283727616.0
-367377088.0
1674502016.0
28042594.0
353081344.0
1656156160.0
-1314722560.0
-1413770624.0
-1242544256.0
976875584.0
-1260056832.0
-526733760.0
-1434956928.0
-1227725440.0
-1230089472.0
-1207453952.0
-1115832064.0
680599104.0
-1859695872.0
167103296.0
-561816128.0
1581271040.0
-86355288.0
-1512096256.0
-256978016.0
-1238875520.0
1625802624.0
-802418560.0
-892747392.0
757457280.0
-197941328.0
-1308764288.0
2110304896.0
-390386592.0
-109787672.0
1210054272.0
2115030912.0
1197947008.0
-542006464.0
545480704.0
-71051168.0
-2114666368.0
663430336.0
1628405376.0
537933312.0
836395264.0
-1147325440.0
1804961152.0
1841063040.0
2103086976.0
-113467528.0
-2050278272.0
-2140527104.0
-37143940.0
1658316800.0
-279042208.0
354852544.0
2093608832.0
-960216384.0
1676940032.0
332582400.0
-917491776.0
545644096.0
-470508224.0
874775680.0
-1095584384.0
-124272864.0
89129672.0
-88045184.0
-1649073280.0
1019329216.0
-271398560.0
-1900097920.0
1706320256.0
-30876990.0
691086080.0
709635328.0
1155147776.0
1886270592.0
-2079932544.0
-479274560.0
1090846080.0
1912758528.0
-1742015744.0
1551832320.0
1745212928.0
-1923214336.0
412990848.0
-1646713472.0
-805738112.0
1314837888.0
-1900346112.0
-1290551936.0
-731901440.0
-596869184.0
-1691618304.0
11427942.0
1659654016.0
647040448.0
-1904344064.0
-1073490112.0
431700224.0
-138233632.0
1064764160.0
414004672.0
-2003643008.0
-1116331264.0
1146521088.0
-66353044.0
-476933536.0
-1698811776.0
1608011136.0
1898737792.0
-1879956096.0
647929728.0
-284519840.0
-100391872.0
-446933600.0
727383552.0
-2060462592.0
1636042240.0
-855138880.0
1081192064.0
1583921536.0
1457463552.0
-1390374656.0
-1807090688.0
387186560.0
-888083456.0
-69381968.0
1152620288.0
-339901824.0
1685048448.0
-197197616.0
208700256.0
-418748864.0
-116103568.0
-342253536.0
1070521920.0
391145632.0
-369074720.0
-1157603328.0
-1841436288.0
837519040.0
735096704.0
89105688.0
1891263104.0
-1513935872.0
-1922944000.0
121322896.0
1489066496.0
1350364800.0
-807760256.0
1057825344.0
-2079653504.0
1813308288.0
1276675072.0
-795822912.0
-992835008.0
-27493010.0
-631607488.0
-245194288.0
-1953527296.0
1435249408.0
55731860.0
-1863774336.0
1008159360.0
-266895488.0
672875072.0
1176184960.0
1469853568.0
2053867776.0
-1045175552.0
-1869980544.0
-1224648576.0
1812230272.0
843211456.0
-170700624.0
1929296000.0
2099476608.0
-500486688.0
-1453955968.0
-347249664.0
-1566218752.0
-1913170944.0
-2020875392.0
-1417569792.0
-1461868544.0
-255622576.0
-2032358656.0
623780928.0
427531296.0
333401184.0
-394030784.0
-113166320.0
857012224.0
956192832.0
-892727936.0
-2082232064.0
2112956288.0
-2143690496.0
280644768.0
1651697536.0
900822976.0
1399198464.0
-510975488.0
-1705165568.0
1377417984.0
-261491088.0
-127668072.0
457328256.0
-466985504.0
-1367431040.0
-84674376.0
1482422144.0
-972780672.0
-1407057280.0
1162419840.0
-494719936.0
-1853263744.0
1175190400.0
1297078784.0
1992908672.0
-381456928.0
-1204712832.0
1133052288.0
-1153722624.0
1978137600.0
1357687808.0
1672478720.0
108661624.0
-1519298304.0
-1779409536.0
-1563474432.0
1618546944.0
1442666880.0
1688237440.0
-762097728.0
37436644.0
443899808.0
-1453273728.0
490331776.0
-1660453248.0
-941743936.0
-1525930112.0
-1802964352.0
507790464.0
-1984323584.0
-241782752.0
-1162767744.0
1662112640.0
-1082072960.0
675013440.0
-1313042688.0
795081344.0
881867520.0
-1025580608.0
-118656176.0
-788272960.0
419782144.0
-396973376.0
-643922752.0
-130287432.0
-1087181952.0
338236256.0
-759981376.0
-950309888.0
-873912000.0
-599874944.0
-910841856.0
20484362.0
249243968.0
-66964480.0
1814608512.0
444612032.0
-926395712.0
-766321664.0
-527441728.0
307306208.0
-170544304.0
199719568.0
-812459264.0
1244512768.0
-1740402816.0
1724260352.0
-269565952.0
242084928.0
30041584.0
-178549824.0
2110600832.0
-9796000.0
-32600500.0
-664065088.0
860997120.0
-1257042944.0
-1921702656.0
-110115584.0
-1825945216.0
-367702176.0
-656440192.0
1150993152.0
-1465803392.0
1246013440.0
-792978944.0
752454208.0
-365964032.0
-1903306880.0
-342173280.0
-46335964.0
468455936.0
-1883687296.0
1101513984.0
-1540260864.0
-2078621184.0
-139375024.0
-1201340032.0
-742974080.0
1570872320.0
927757696.0
463443104.0
785581056.0
1448840320.0
-2059141760.0
-1701661056.0
1407019648.0
1820433920.0
-1935063040.0
1130214144.0
-891014784.0
554201152.0
1930564096.0
1715364224.0
1092896000.0
-543888704.0
-1642610048.0
-842063552.0
-102063224.0
-1248906624.0
1501117440.0
-1764812544.0
973899904.0
1328345728.0
1457405056.0
390937728.0
-555488960.0
342624192.0
-942871168.0
1248718208.0
265657312.0
1320195712.0
810203008.0
1002236928.0
-214772448.0
-97332192.0
1195570432.0
-1500792576.0
-614760320.0
-811391680.0
457433696.0
27549180.0
-1741088640.0
-589175168.0
-152762720.0
-458256352.0
-1536667008.0
983566592.0
2110982912.0
-1271983744.0
-174579824.0
-1659669248.0
-273183168.0
389497792.0
-608990656.0
801133696.0
-1770202496.0
-594213056.0
1622828288.0
627946496.0
1599543936.0
-1850537472.0
808523904.0
-716161216.0
-259172032.0
-1143162240.0
1264756864.0
1699299200.0
-1931722752.0
1035093952.0
-1040283264.0
1516379648.0
2038950656.0
2029335808.0
-1525588480.0
-314448384.0
-1558204928.0
-44757224.0
-1342123264.0
25727044.0
1354257408.0
981145408.0
-83828584.0
1290459264.0
-1377521024.0
1134853632.0
-1958014976.0
-1573489920.0
231775728.0
-1650504960.0
-1339812864.0
1601844992.0
-48854808.0
-1698368384.0
677517632.0
-1491628928.0
-2098305280.0
-727379840.0
1349070720.0
-588894528.0
1490132224.0
285244032.0
-1924679936.0
913577920.0
1333439104.0
-184443456.0
1374033152.0
-1191131136.0
-1079011328.0
2102909312.0
2077137280.0
-940691584.0
365301152.0
1805606272.0
-813974080.0
-131361968.0
-1612254336.0
-915553152.0
954525056.0
-377600320.0
-60370844.0
1741199360.0
-179131056.0
1874205184.0
-1268409600.0
-577230592.0
774935488.0
1030608384.0
615297664.0
-1756158464.0
-1919059072.0
-2099627392.0
-516690304.0
325203648.0
75578776.0
1530849536.0
-825276288.0
861373824.0
949099584.0
-1895917696.0
-2102174208.0
-649968512.0
1157723648.0
1802897024.0
-754976960.0
-821367872.0
-93809352.0
1747358976.0
115700224.0
1100433280.0
738285504.0
-1966580096.0
-1604882304.0
-1256394624.0
1688230272.0
406017024.0
1455199360.0
-1318524288.0
589176512.0
1425853440.0
1200715392.0
-895005312.0
1661097472.0
1084980736.0
1586226560.0
-315716064.0
-678262080.0
-1321375616.0
-653670208.0
-1864852352.0
813448256.0
198774960.0
-1502566784.0
2009501056.0
1858680320.0
-1641886336.0
-1253158656.0
340031296.0
396071104.0
1163106432.0
1762081920.0
1927863296.0
1218273152.0
158594496.0
-1064519232.0
-998838336.0
1686906368.0
2122031360.0
413313792.0
768762496.0
-403359200.0
2074712192.0
-95655672.0
-725567488.0
2084252544.0
-100984096.0
-366312768.0
1112040576.0
235893600.0
-1124299008.0
962084736.0
-32184618.0
1176943232.0
-1960371328.0
1856665600.0
1730373248.0
-930761664.0
1676159744.0
-770687744.0
847607040.0
-1680380032.0
-203474928.0
-2004426368.0
-1859424384.0
23654362.0
365114208.0
-126105928.0
-2089756160.0
772436800.0
760697280.0
-281969088.0
-490142016.0
1766344576.0
1269845120.0
1012139264.0
353512096.0
433111200.0
105145760.0
-1960482688.0
-594690368.0
-1562148352.0
-1042336448.0
470911488.0
-1071560384.0
664674624.0
-982291392.0
1754538880.0
-150247408.0
459158560.0
-2038397952.0
-1962643968.0
1963413760.0
1502409472.0
-1813522432.0
-785562240.0
-1317399936.0
-1500036736.0
-618862272.0
1814393344.0
791232000.0
-1283001984.0
-976739776.0
-502379520.0
-1216644224.0
1259044736.0
-650241024.0
1130526208.0
1205790592.0
306411680.0
360265280.0
-1241252608.0
-1169542912.0
-1321491072.0
-1579252736.0
-1758042240.0
-1188015104.0
-798763712.0
-326016800.0
1245736320.0
346060832.0
-277646208.0
-2050061696.0
-1843457536.0
-1800553344.0
569788160.0
686972096.0
-1755917440.0
1613122560.0
-1868876288.0
-1024346048.0
1899246336.0
-1607888384.0
412544928.0
1726042112.0
-331549280.0
-1645670272.0
-2028971648.0
-1273774336.0
526233984.0
1438456832.0
-1235463808.0
-397533216.0
-2106834688.0
-73681384.0
1598146432.0
1623808512.0
36786004.0
-2011513472.0
-1842884608.0
662831680.0
-883181312.0
1830430848.0
2124579840.0
447593952.0
1133657728.0
1027934848.0
-1510707328.0
1126924160.0
-735866880.0
484532416.0
-1089448832.0
1961639552.0
-409671200.0
-1183149056.0
1392540160.0
472252928.0
-1485788928.0
-451865152.0
1985000448.0
211854128.0
-1927592576.0
1162520576.0
2077636480.0
-1409374976.0
-1845072384.0
1236823808.0
1085544576.0
-1022187904.0
280247104.0
1307634688.0
-1177308288.0
-199823888.0
-1697542144.0
1523785728.0
1645106560.0
-1676411008.0
1860446336.0
-1422131072.0
894816832.0
136937232.0
338404384.0
1717105408.0
-1258455040.0
1725773824.0
-190506464.0
-483876800.0
1024825280.0
-1433333504.0
1602982272.0
-1507492608.0
1366302336.0
-1087881216.0
-1338188160.0
-316612416.0
-1866331520.0
1662555264.0
-764347392.0
-2087994112.0
242829120.0
532604160.0
1434288000.0
-378525408.0
-8307870.5
703441216.0
1859229696.0
1181425792.0
1974282624.0
-1864207488.0
685199296.0
1571584384.0
-172015584.0
82339712.0
1030004160.0
298095072.0
-1368573440.0
-582343808.0
-591882880.0
-1903699328.0
-1147221632.0
-1073920512.0
1329174656.0
-649758656.0
556782976.0
947902592.0
-908754624.0
1929568768.0
-988160064.0
-2044193920.0
274636544.0
84641944.0
859068992.0
-411316480.0
882089408.0
-1810266112.0
-578750784.0
-129550296.0
308030208.0
-219225920.0
53121140.0
-1906024192.0
714960960.0
-97811904.0
-2096574976.0
290580032.0
1730176768.0
-2091514496.0
-535122688.0
-331551680.0
-2044938624.0
-417238176.0
1251516032.0
-630490496.0
43002364.0
-1586151936.0
840648192.0
1000480960.0
-27703912.0
-1761317376.0
-1123436800.0
-1501225984.0
-1725883008.0
-1261364608.0
110456784.0
-883180544.0
-104942800.0
1557964032.0
-1769282560.0
1280412416.0
-494709728.0
-667893056.0
900174208.0
-1181896192.0
-657309760.0
-430306272.0
1500258944.0
-1742453376.0
-1887109248.0
241905568.0
775701632.0
728477184.0
-1883201152.0
599206912.0
-95670152.0
-484580160.0
666463232.0
-528201472.0
858801024.0
1917480064.0
-1950174080.0
-1334850944.0
1230944896.0
-1469717504.0
811870912.0
-1603670400.0
-1579054208.0
1046874240.0
522756608.0
266163520.0
-1291491200.0
1488623616.0
-1814550656.0
271944768.0
-436551552.0
2094470912.0
-172572784.0
1066924736.0
1704172544.0
-51900176.0
390322688.0
-201748208.0
-2138388608.0
-1997829248.0
2127700864.0
788314496.0
247158704.0
-1340598528.0
-699893440.0
-1923513472.0
-363400960.0
933161920.0
-352669024.0
1874738176.0
-1194540416.0
-1848434560.0
-1407611520.0
2051043072.0
-1205904128.0
395805856.0
1811694848.0
1702790784.0
1218813440.0
1274208512.0
503890112.0
1171377536.0
-242712144.0
-1286960768.0
-1923206144.0
581143360.0
265130768.0
-519463040.0
-1186591360.0
883147840.0
1842398336.0
-127863456.0
2074877568.0
-913863104.0
580177472.0
-1320803968.0
-381412512.0
638559296.0
1416960128.0
-1585386880.0
-2051442304.0
498241760.0
-1002138432.0
-1193999744.0
-1538855296.0
-1302299776.0
-1109888768.0
635539456.0
687122688.0
1463945344.0
-1067327232.0
-2027528192.0
-667259456.0
1597888256.0
-1151348352.0
707526848.0
1192673280.0
1270395776.0
1176053376.0
2113313792.0
1158047616.0
1702312320.0
-976203584.0
315371744.0
-1547599104.0
-2123542784.0
757643648.0
-1736671488.0
71739912.0
616210816.0
-1849820160.0
-1518667904.0
1650359552.0
1801227008.0
399857184.0
207073280.0
469329920.0
314457984.0
-1830234496.0
-1608107648.0
-346098272.0
-78291384.0
-834758592.0
1801143424.0
-228777520.0
1242016384.0
-1804920704.0
1021318976.0
66321948.0
-1844789120.0
890700224.0
411295360.0
238559664.0
46752936.0
-819714624.0
-1884654080.0
1687051520.0
-1979673216.0
-285053024.0
-2003217152.0
245072848.0
-683503744.0
1073430720.0
-478394496.0
-1276445952.0
1192086272.0
-154441872.0
-400008224.0
-1360954624.0
1801149568.0
-1387098752.0
1560941952.0
1266791168.0
1342709248.0
-1621496704.0
-1199032448.0
-1417864192.0
1101646336.0
-633428672.0
-866546048.0
-1486124160.0
-1535314816.0
-187023776.0
1395931008.0
-706186880.0
851082368.0
-1616240128.0
-2014744576.0
-17699244.0
-1069050112.0
872374272.0
948085248.0
-622841280.0
-382344544.0
1695585408.0
194803824.0
647792576.0
1849932416.0
364230208.0
-1790691968.0
-514252000.0
-1120503296.0
-164997168.0
1891289472.0
1661909120.0
1754352000.0
-1668663040.0
-1739379200.0
1484520064.0
1374749440.0
1598464768.0
1699034496.0
-1390603264.0
263160656.0
-971238912.0
1587333632.0
-1768426240.0
-1155809024.0
1640242560.0
-593543168.0
-676076416.0
-522980960.0
2129005440.0
1777452288.0
1265113344.0
-310762464.0
468563360.0
-1854574080.0
292702432.0
-1139226368.0
1621898368.0
-42970728.0
547918592.0
-494876000.0
-1010189888.0
-1347989376.0
-684209856.0
-1801635840.0
-729553408.0
-610429952.0
719163328.0
-1694772224.0
-854441280.0
-1850296192.0
110334408.0
657620608.0
-1193721856.0
-1105930112.0
-544163840.0
1973177600.0
-1404990592.0
1487091840.0
1131929984.0
-1367344384.0
-541049856.0
-1065223936.0
-1853492096.0
500487104.0
1049840704.0
-1181153024.0
1392145664.0
-246533776.0
-312714656.0
1334901504.0
312664128.0
724961728.0
38603884.0
-871008960.0
-92771672.0
963081920.0
-1137671680.0
-766131520.0
331618.25
-495638624.0
404130816.0
1973640192.0
1782575872.0
732615808.0
-686116544.0
1497915008.0
1956052992.0
-500022912.0
-1981380096.0
1106469248.0
961836096.0
-636680192.0
-1490294784.0
-1812175104.0
17834758.0
-1566831744.0
343806464.0
198301856.0
-1850207488.0
-1152610944.0
1175459840.0
132049448.0
496592480.0
574602816.0
-1513822592.0
-1391297664.0
1239507968.0
1281878016.0
-10093375.0
1522642304.0
191019344.0
1159864064.0
69176232.0
-616551552.0
2036957184.0
722887808.0
-79783296.0
-956227648.0
1310023424.0
-191440592.0
-133430560.0
-1685722112.0
-729889088.0
-889329024.0
1667784704.0
-1285306880.0
-1593608448.0
521404160.0
955567232.0
-1489726336.0
-447134752.0
-51985688.0
-984562304.0
1845689984.0
399091712.0
134398304.0
1081799552.0
-1463463936.0
-2099650816.0
25132170.0
366301568.0
2091582336.0
1855080704.0
-2089088128.0
1499869952.0
514321824.0
-1858015616.0
962443648.0
407028704.0
26037036.0
947158464.0
2123328640.0
1497146752.0
-980640064.0
-487984928.0
-36697208.0
-839469248.0
-1040131264.0
679176128.0
2006052992.0
-1935526656.0
1737445888.0
-1543962752.0
800452224.0
577044416.0
-1093985280.0
276992800.0
244597504.0
-1628398464.0
1327640448.0
-787746560.0
-1620994816.0
-1577015040.0
448769088.0
1338297344.0
992001984.0
-1016215744.0
1922146176.0
407794176.0
-449635232.0
-1733841536.0
-235227888.0
-1981505024.0
-1749510784.0
-1680278400.0
1164402432.0
1944619136.0
-143836240.0
149131216.0
-950303168.0
687802240.0
1335856000.0
630036544.0
-1873665024.0
2132488960.0
748578880.0
411175936.0
-460083904.0
-1190766592.0
-425330656.0
1229217152.0
-2034525568.0
-672218432.0
-1804428032.0
1881307264.0
588848960.0
-243450400.0
524651232.0
1743483904.0
466009696.0
1288862720.0
-666585344.0
2145709568.0
-1753271296.0
941688576.0
-17945644.0
-1845287168.0
309660320.0
787734336.0
-1854779648.0
1876689152.0
-1247973760.0
1225384832.0
2062332544.0
-993535232.0
-694913152.0
-855589632.0
531137760.0
-1602289536.0
-1196572416.0
-85762696.0
-355849216.0
-687688128.0
1449848448.0
1443673472.0
-283061504.0
-968397312.0
127023672.0
1225147520.0
1610634752.0
-824956352.0
-1735648512.0
-1362821376.0
2116079872.0
-1451537024.0
-2037538944.0
-18376466.0
1380486528.0
625378496.0
2012626944.0
1540583040.0
1915771776.0
-1236449536.0
805590400.0
-608670080.0
-26218724.0
287390112.0
1677198720.0
1409222528.0
988463936.0
-330311296.0
337331776.0
332588608.0
-1142042240.0
556483008.0
303402528.0
1926718848.0
-1000353408.0
158130864.0
1631839616.0
-210799712.0
613276736.0
1262103936.0
-473794976.0
-307125408.0
512880288.0
721619200.0
-294581120.0
-1080042880.0
-2143426304.0
1492091648.0
1108188288.0
1713786880.0
1803853184.0
382215072.0
524514336.0
-268436256.0
-1759172096.0
-1253128576.0
-1499224320.0
-1619965312.0
47680688.0
-1052898368.0
-147604096.0
1423334912.0
-88765976.0
-2029160832.0
-639317312.0
-918092864.0
-541273152.0
765790528.0
-527214272.0
-1383825024.0
-1536407936.0
813979008.0
414904032.0
-331107232.0
-2123238912.0
1706988288.0
-991656640.0
-511409984.0
1134208896.0
-610309440.0
-258994064.0
2097782528.0
391139648.0
-1145994624.0
-1974174464.0
8551193.0
-2068790784.0
990281344.0
1205430528.0
283719008.0
-729633600.0
-1488822144.0
2127184896.0
1112944512.0
9113852.0
-1936483200.0
-405324256.0
1412204800.0
-1016340160.0
1480573440.0
-361628352.0
-1155884800.0
-1126508928.0
1029739904.0
-489614432.0
109870280.0
773379648.0
42349776.0
248187088.0
-1523638784.0
-1805512576.0
-2073528320.0
1400948992.0
-1740589312.0
1606161152.0
-487930880.0
1265046528.0
1253330432.0
799977856.0
646782016.0
393577632.0
1627204608.0
1070099392.0
782251712.0
-1002442240.0
843700224.0
1461993600.0
-1881158912.0
197327600.0
1832545536.0
-1255868160.0
-1349304320.0
713443840.0
578839744.0
1968510592.0
358795168.0
1891197440.0
-1418448896.0
522808640.0
-1255526784.0
-1437023872.0
-116283456.0
-1672486656.0
-906278208.0
-1031581056.0
-84868752.0
-622015296.0
677532288.0
692987008.0
48872620.0
-90100776.0
1790555264.0
1616145664.0
834629696.0
-1821803136.0
562142848.0
500770720.0
-1709345664.0
-66445600.0
977823552.0
-80012264.0
-287768032.0
60084236.0
1676160256.0
1921050496.0
1065907136.0
-1476669952.0
1195219968.0
-1556425472.0
609091904.0
749967296.0
1527501184.0
-1865177088.0
1926995840.0
1530397440.0
2138863872.0
-171827584.0
-1448550016.0
-1359444736.0
-1831133056.0
1701484288.0
2015504896.0
-834166784.0
1113420544.0
-948175744.0
-1406495104.0
1167010816.0
-902954432.0
1434181760.0
-1520182016.0
-1185742720.0
-1562192000.0
-1837302272.0
1999920896.0
274217472.0
-122829072.0
-1808985600.0
1304176768.0
1354350208.0
-1110285568.0
12850998.0
2120618112.0
1698242048.0
-1605674880.0
1090824448.0
1592889728.0
-331185344.0
-1474175232.0
773399680.0
1079176704.0
1894459520.0
-424305920.0
168451328.0
965200064.0
-1858756864.0
-1197798016.0
955068224.0
-300104576.0
-25999264.0
1987844608.0
-497561376.0
-895468032.0
-499082176.0
515393632.0
-2087387392.0
1118473088.0
1469581824.0
-1178048384.0
-897282944.0
-263989376.0
713982144.0
-306849760.0
1315138560.0
-1672641920.0
-192376176.0
-1752931968.0
1010620224.0
1852863872.0
1194843008.0
944251456.0
-247602272.0
500406176.0
678174208.0
-2083444352.0
-597703360.0
-1632794880.0
1190871552.0
762091648.0
-1824646528.0
-1490709248.0
-1526943488.0
498441024.0
-1972726016.0
175235504.0
1960759168.0
1952199168.0
-1599956736.0
-1680491008.0
874666240.0
-1919699456.0
1562786048.0
-1976732544.0
270746880.0
-182485168.0
2023781632.0
-1779062400.0
-372902144.0
-1122145792.0
-1323657472.0
-396140800.0
369250688.0
-498913152.0
-1531538304.0
-1583315968.0
290878688.0
2143249792.0
27814388.0
-1419354880.0
1407178624.0
1686340608.0
1906327808.0
1123938176.0
1287330176.0
-1529280000.0
1214440576.0
69967928.0
150226720.0
-569238720.0
760547328.0
1942553344.0
-1067744256.0
512779872.0
175174016.0
-1630570368.0
1962098816.0
677006144.0
-2059625472.0
-123787592.0
-1521694336.0
683948096.0
761062400.0
-1500662912.0
898570880.0
-938740480.0
-1989657856.0
1652416640.0
-1700962944.0
149058864.0
801757632.0
-1140664576.0
-1304873728.0
-1165480448.0
-2035686400.0
2130874624.0
474723168.0
-7048131.5
1769734016.0
-1563039104.0
-250714224.0
965090880.0
-2035456512.0
-1039259968.0
-616371136.0
-1159514880.0
2020752128.0
-996457472.0
1492676992.0
-838712256.0
-1952247808.0
-1662621056.0
77288272.0
850511552.0
1393014784.0
-1403309696.0
200507712.0
-400608832.0
-168465456.0
768453632.0
-103266896.0
-571580032.0
1153571584.0
1946697216.0
-762358912.0
124551544.0
1917303296.0
1161301632.0
563187584.0
-884998144.0
-1173809792.0
-1207038720.0
1189015552.0
680510208.0
-1109185024.0
644577216.0
-829664448.0
315943744.0
-674617920.0
-35809676.0
1412706688.0
868717824.0
988481408.0
-2107745920.0
1131568128.0
-1397634816.0
1821154688.0
1260314880.0
1585936768.0
1428205312.0
-1376582016.0
320642592.0
986906688.0
-699184000.0
827340928.0
-882100864.0
-888909504.0
584094848.0
1064258240.0
1040170112.0
1548102656.0
888483200.0
-1246112896.0
-684165952.0
676665344.0
-2113154688.0
867508928.0
-2066046976.0
-577021568.0
-1290231680.0
-1942891648.0
-583955264.0
-480366304.0
-1270477312.0
-1251673856.0
1674334720.0
168738800.0
-1412791808.0
1115656192.0
-1416954112.0
-498520896.0
1234564480.0
205155680.0
-1495276928.0
-768929344.0
1613556736.0
-233434336.0
-1775414784.0
-911912192.0
-2101517952.0
1603496832.0
-507583008.0
134855584.0
907705984.0
-1113490816.0
-1711244928.0
323053280.0
1641790336.0
-966106816.0
-1745538944.0
-464418336.0
-808170496.0
-797284672.0
-267430384.0
1673092608.0
-111748216.0
-1247192832.0
-1819577728.0
-1433654400.0
-1010828800.0
1200024064.0
1481942784.0
-847254912.0
286762368.0
-1908466432.0
138502288.0
206260512.0
1324768512.0
-1792642816.0
1384251648.0
1261337856.0
-742845696.0
1155329792.0
789604224.0
-214072704.0
-1439026816.0
-99388480.0
690774464.0
-674920640.0
1450587136.0
806989056.0
-1491439488.0
177754384.0
544531072.0
-900166272.0
-385329728.0
1179550464.0
-650666496.0
-1131315072.0
289622912.0
-1220571008.0
-1244124416.0
-1373312384.0
-379478208.0
-1393216512.0
-164924480.0
-2068822400.0
390794720.0
-693226304.0
-559118848.0
-935971904.0
1894043776.0
-1469282432.0
1651768576.0
735838976.0
-921281472.0
577844032.0
1510047104.0
358107872.0
-1505630208.0
241100752.0
1737715584.0
718022592.0
-1915985152.0
2001077760.0
1693351424.0
-1984824704.0
-208047600.0
-1816124288.0
1310987776.0
-1995462016.0
136408720.0
1146820096.0
-301402048.0
1948172416.0
2115120256.0
1637803520.0
-40035596.0
1034856832.0
1322269952.0
-288743968.0
-593092352.0
-589665024.0
-1144241536.0
-1524604032.0
-423469952.0
-1234486400.0
-1073269120.0
12543203.0
-2048121472.0
-1097971584.0
-1837513216.0
1913584000.0
-1563001472.0
1830050560.0
1247323136.0
1006903424.0
-1977512960.0
-1868909952.0
-2146066048.0
8260654.0
1696058624.0
-564711296.0
-1513124096.0
2092950912.0
458296864.0
246445328.0
2094614912.0
-533254240.0
-94200696.0
678837888.0
-741642816.0
-1448608512.0
1890328320.0
1041920384.0
-1213769088.0
-538065984.0
863577024.0
1541806848.0
1632414592.0
1011215936.0
1494669696.0
-1659277056.0
490730144.0
-1787896064.0
-1166557952.0
-678605056.0
1182046976.0
-87307736.0
-1056124736.0
-2124467456.0
1039230208.0
922195008.0
1955887616.0
-2144509312.0
-1918079616.0
-1342444544.0
1170384000.0
385528192.0
-1040194944.0
-114669880.0
526334784.0
-1714239872.0
-431650144.0
-846378176.0
1203515520.0
-863361344.0
936757952.0
-372325952.0
-256832928.0
-589803904.0
133294832.0
-55226448.0
1953646592.0
-728361600.0
-292683648.0
-705204864.0
-1015197632.0
756653952.0
226091216.0
-1633631232.0
-1317970304.0
-247527744.0
1997706112.0
-171314400.0
646203392.0
926446016.0
-1551724288.0
111582368.0
91104376.0
843936960.0
-1711695232.0
-1801072512.0
2060346368.0
-650723584.0
569940416.0
932801088.0
-5497137.0
1568381952.0
-783969920.0
1222258688.0
2003930880.0
-884120192.0
-313806688.0
-269039904.0
307691808.0
-586579392.0
1513268352.0
-387165280.0
441135584.0
-1080293376.0
-699749248.0
-932445376.0
-1800500608.0
1592556288.0
586319424.0
-1951562240.0
1369715200.0
-1206326784.0
-280539776.0
-1916301568.0
-368304384.0
1025561984.0
621798208.0
-1290078976.0
1630666112.0
1899849216.0
-123725200.0
893873856.0
579337216.0
-969053312.0
145338624.0
904409280.0
-389051808.0
1096663680.0
-833441408.0
925556480.0
1680723840.0
1037739136.0
785306112.0
-617025920.0
987323072.0
-1685082624.0
1414558720.0
-1247017344.0
765791040.0
-742955200.0
-259457216.0
379938528.0
-1359497728.0
185843456.0
-1648550912.0
1588216832.0
-667234304.0
1429058432.0
-1670245888.0
740267776.0
1492714624.0
-349348000.0
-1040049792.0
481024160.0
-978243648.0
-1773401728.0
-1786541312.0
364927872.0
-2088836224.0
836477568.0
-1583619200.0
-1028779840.0
1475306368.0
1473976064.0
-757799040.0
977122624.0
691075840.0
-1927868032.0
-186702528.0
-284320512.0
573728704.0
112058872.0
1796512640.0
-1168711552.0
-1302420864.0
603044800.0
-325958816.0
866663040.0
-2001948160.0
-365824416.0
-2136197120.0
636651968.0
-964932864.0
347566944.0
1712252416.0
-1841662976.0
-1159947904.0
601631936.0
-717231360.0
2134487808.0
1047998976.0
603696960.0
-272535360.0
34543676.0
-1824107776.0
-497221824.0
-985781184.0
1603117312.0
2048641536.0
-399663488.0
-302097440.0
1965573504.0
-1134374784.0
673630080.0
1505099392.0
-1723639552.0
-145968736.0
-1683411840.0
-1167058816.0
-148178672.0
-1940283264.0
668573888.0
1731944064.0
626516224.0
814208768.0
-1162778496.0
734469504.0
1712033664.0
1532544128.0
1252202752.0
2077970176.0
-2084503424.0
-1855982848.0
-1045232192.0
-1685092864.0
1986477440.0
970609344.0
1679196544.0
497123072.0
1732433152.0
-260198304.0
-1634949504.0
-629876288.0
-1553395712.0
965825472.0
-597880320.0
-325681792.0
199108304.0
-456126400.0
-1718274688.0
-162798688.0
-173645824.0
208807936.0
-1118852096.0
472939360.0
88485080.0
1001537728.0
413747104.0
-1734633856.0
1638753536.0
515992544.0
-780883456.0
-2037685248.0
2357440.0
-1875831680.0
-2114925568.0
1888746368.0
1794155904.0
1086896256.0
828182976.0
-488899840.0
-488214560.0
-2027902080.0
-1612539776.0
-1320585728.0
2026343040.0
2015689856.0
781025216.0
-2147024896.0
-1785076224.0
-1151850368.0
2028434688.0
1495926784.0
51338992.0
1264557568.0
378699936.0
1233997824.0
-1003126720.0
-955332736.0
-602643520.0
-1776770560.0
655634752.0
1489536000.0
945907968.0
-722538304.0
941917248.0
1367750784.0
-321822176.0
764484992.0
-191873472.0
1403116928.0
1997245056.0
-302496288.0
175130864.0
135520704.0
-1007681984.0
-633726720.0
-1797843072.0
2003971328.0
-897181696.0
174230928.0
-134586368.0
-1949665152.0
-247116224.0
-2102712832.0
-951767616.0
-1641645312.0
694243392.0
603295168.0
668571264.0
566299840.0
-1323546752.0
454553120.0
-1399396480.0
-1765612160.0
707332352.0
-1148665856.0
1923458816.0
1849478016.0
-1685384448.0
482878848.0
764975424.0
1172057088.0
-1808654464.0
1835172736.0
2065113600.0
-167551424.0
834802624.0
-223984560.0
-268324528.0
-424767648.0
193738048.0
2005993728.0
1964372480.0
1174808576.0
148712560.0
1133296384.0
607906048.0
533096992.0
1104688384.0
1604096000.0
-651508416.0
-439203680.0
1697482112.0
-1411044480.0
-1984245120.0
243342448.0
768722496.0
-9930860.0
-877907584.0
1131745408.0
1860831744.0
709285952.0
1979151616.0
-1010300032.0
-1991760256.0
-1794551808.0
-573985728.0
-880105984.0
876049920.0
-531009696.0
1670088832.0
-322926304.0
-2084839040.0
-1133505152.0
-667478464.0
1960449024.0
-963411200.0
-262491584.0
-279162464.0
-1395168896.0
352538848.0
1532914560.0
-1727246080.0
1246086656.0
-1651104640.0
584484480.0
-1896527360.0
-1151219968.0
1543451648.0
1869386496.0
1084234624.0
-903128960.0
-4628351.0
1472082048.0
-40095028.0
-1553516416.0
1587517056.0
-1902836608.0
1895165440.0
1093332736.0
1187471488.0
1509423744.0
1577188608.0
-84307792.0
-750060672.0
-12096133.0
-877122944.0
-1002448000.0
604497216.0
-1283298944.0
881007040.0
1590238976.0
1223741952.0
1006363136.0
-825971200.0
-2018361600.0
-1113543296.0
264676992.0
713751104.0
1852134528.0
91054096.0
-1005880128.0
-1338124544.0
599574016.0
-889522816.0
-1785334016.0
-863663872.0
658906816.0
-40743496.0
47910664.0
-1528595456.0
1029768384.0
-1187919360.0
-1452827136.0
1367791104.0
-1249511424.0
-1425211648.0
1021906752.0
-837745152.0
1456779008.0
-110595352.0
1491507456.0
-1111429248.0
-1572583040.0
-952358912.0
1208671872.0
-742918016.0
211927024.0
-928600448.0
-428510080.0
-1066225216.0
-1161434880.0
-1045305280.0
612506496.0
-1861388032.0
-797345024.0
-408584896.0
188100688.0
-456785248.0
228625712.0
468724032.0
-1656823296.0
1480917760.0
1342932864.0
-1424248704.0
605242496.0
-1212160768.0
280035520.0
1423668352.0
2117987456.0
1399648000.0
-260474448.0
1784301824.0
-815453312.0
-1298186112.0
665928896.0
1917865984.0
-1898870656.0
1315704192.0
995696128.0
-501562304.0
342814144.0
749811136.0
353618144.0
-650068800.0
-1993242240.0
-42374348.0
1399642112.0
-1335754752.0
-1807412736.0
11033171.0
-2010059904.0
185124736.0
-689107392.0
-630016320.0
1193466240.0
-1731310592.0
-1692272640.0
319428192.0
-1494841984.0
-384325984.0
-762206208.0
-388898016.0
-1008217728.0
1130027392.0
965172352.0
1302777856.0
1578700800.0
1588365184.0
-956587968.0
-1339631104.0
397397472.0
-1387915776.0
759738368.0
-1350442496.0
1686987648.0
182515968.0
748479040.0
881531648.0
-1978225024.0
2093302016.0
636660672.0
2097481216.0
-1212016640.0
529444160.0
-73662896.0
231747472.0
1758563200.0
-1772871168.0
-735876224.0
-1125811840.0
-2139900288.0
1139665536.0
1609100928.0
1657906816.0
1134355328.0
-1278635520.0
1664879104.0
650627968.0
-865531904.0
1337706496.0
-1811765504.0
1011888832.0
-486806880.0
1240285312.0
1758967936.0
357274688.0
-1557133696.0
-1730114816.0
1890682240.0
1893327104.0
-1376212608.0
284247584.0
-1485009536.0
215673232.0
-1239945600.0
-499879328.0
1867997312.0
-1660358912.0
-411891648.0
-1799625984.0
-835157440.0
-1778251904.0
-363827840.0
868612608.0
-1161859072.0
-1044128256.0
1831141760.0
1172936704.0
1302173184.0
-611362176.0
-635154880.0
-1442079488.0
-1800265088.0
531375424.0
889543936.0
1400046848.0
-1977001472.0
-8690619.0
-1853694080.0
-1940016512.0
-808388480.0
354186784.0
1329689600.0
-301239360.0
2009970560.0
-310660928.0
-1995060352.0
2046768896.0
-203043616.0
-1083355904.0
2093326208.0
2018977408.0
-305796320.0
-1077377024.0
-50328088.0
1792866944.0
-1758051456.0
-295902848.0
-773051904.0
-209347680.0
-668482112.0
-93750408.0
1433533568.0
541255424.0
-1238716928.0
1858523008.0
-1277183360.0
-591787520.0
781729664.0
-648790464.0
972892864.0
510779296.0
1607906688.0
-1396125056.0
145969424.0
-1414828.75
-695847616.0
940711744.0
-1631120384.0
1593290496.0
2022468480.0
218661936.0
-1897900672.0
-1831894144.0
-1834725888.0
1069481536.0
-1355709056.0
1248556672.0
1470184704.0
-1025862400.0
-1458575616.0
940464832.0
-822662016.0
-407661024.0
1271017344.0
433582784.0
849208704.0
779670016.0
-766445440.0
450549440.0
1029540288.0
-1098851200.0
1510718208.0
-1455102336.0
-1579396736.0
-578910912.0
1518201728.0
1007597824.0
2120211584.0
-942622720.0
672829184.0
726848064.0
201223984.0
76870904.0
60679004.0
-1083769856.0
-49571520.0
-2050016640.0
260602976.0
1403550464.0
1876601984.0
-1176406912.0
1495732224.0
1082291456.0
220863632.0
784470784.0
647597504.0
-892745920.0
-1628529536.0
1772421504.0
-1985977600.0
-1315545344.0
-1386788096.0
1096533632.0
229623168.0
-1249138944.0
448410272.0
-1187300864.0
768347072.0
-1141348352.0
-284407360.0
1736386560.0
-1988519808.0
-947768512.0
845062208.0
-1768703616.0
-697831232.0
220783120.0
1518622336.0
-1644807936.0
898554304.0
1944742016.0
-970794688.0
1513494144.0
99626832.0
-1595231488.0
-1223354368.0
215403696.0
-760336256.0
947654976.0
495564224.0
-1795333376.0
1039869056.0
-795903616.0
-828093440.0
-1950193152.0
1806808960.0
916165888.0
1660078976.0
-1458248064.0
-158359440.0
631112832.0
1223895296.0
1261945984.0
-773999744.0
-881578624.0
417327904.0
1126026240.0
1518543744.0
-1444675584.0
1543996800.0
1675059072.0
-1637454336.0
-890270144.0
-118348472.0
-1427390976.0
826497024.0
693894464.0
-329052544.0
-173337456.0
-285064768.0
-1949810432.0
-1455738368.0
-1054201600.0
-1699072896.0
994504960.0
75257.4453125
2081847424.0
821229120.0
2015281280.0
439148992.0
-471020448.0
-146037328.0
-1102198656.0
11500408.0
-1977081088.0
-1664085504.0
-642073152.0
1127214208.0
-322126400.0
1101294720.0
186914352.0
343597504.0
1903229952.0
748999616.0
1623731840.0
1963136128.0
758296512.0
1213667328.0
2116423296.0
-1948633088.0
-640436480.0
-1546619136.0
636140800.0
881271936.0
-2092251008.0
-429455104.0
11355437.0
1418815872.0
-128237880.0
1994379392.0
-465667200.0
-294555776.0
1521634944.0
-1922092416.0
-1768704896.0
303382208.0
-1894726912.0
-484733376.0
577808704.0
-671187520.0
551080704.0
-1682494720.0
244621632.0
-1500461312.0
-1749037952.0
1545850880.0
-1386664704.0
265561664.0
82423360.0
1362876928.0
-1985700352.0
-632023936.0
1240358656.0
-1477956864.0
-826436800.0
1080497664.0
-843370240.0
479181440.0
922967104.0
1553651072.0
1852676864.0
-1985719296.0
-164760176.0
-178990624.0
278725376.0
1155131904.0
-115297120.0
1834972544.0
-149275520.0
726770560.0
913636.1875
1556537856.0
1719926656.0
-185952880.0
-497680544.0
825815936.0
1597160704.0
-1802464768.0
-1260925056.0
-1538940800.0
-1176846208.0
-357863744.0
23209700.0
1114359168.0
-648567744.0
744626112.0
-2060070784.0
975813056.0
-375703584.0
243406208.0
533124416.0
1224316800.0
1374205824.0
1708280192.0
-373541920.0
-2014910720.0
62052472.0
1699565824.0
-85359752.0
704582144.0
314650880.0
921073088.0
1193041152.0
-1929243520.0
-1116032384.0
-1903289472.0
-1072740864.0
-1146088832.0
578470656.0
698187072.0
-1284088960.0
1428467840.0
-31546556.0
276036768.0
1705625728.0
-2077519104.0
720588416.0
331480960.0
-650412352.0
-2000832000.0
1451756672.0
48334068.0
-880217408.0
-61950500.0
1844486016.0
-309084608.0
-1675462656.0
1669310464.0
679362496.0
142907648.0
-1517898240.0
-2126721152.0
-979068672.0
-2136297088.0
517853280.0
911298560.0
1261214464.0
1091176832.0
-1868006528.0
-1559247616.0
-1562800768.0
1338499840.0
1352397440.0
-1027435776.0
-1773055872.0
61542492.0
-1473433728.0
1480387072.0
-1678946816.0
-505494112.0
-980493440.0
-1587043712.0
-1446178304.0
571477248.0
-1500801536.0
-392395968.0
-1023125440.0
-236169904.0
302394240.0
-135131072.0
-1912689152.0
-1527398784.0
-1374337408.0
-1718505856.0
258745664.0
-1382837760.0
744962624.0
-1864685952.0
-2056950272.0
1580617984.0
-1505887360.0
-181977440.0
1333341568.0
-1148090752.0
441253088.0
-2032529792.0
-1247643008.0
-1138603648.0
1294262784.0
1067553408.0
511870112.0
-1252768896.0
1632433536.0
-1152291456.0
467593536.0
-1399581184.0
1357997568.0
-1799868416.0
493190688.0
-124393632.0
1537264640.0
-1821611264.0
735145024.0
-581356096.0
-1560827392.0
-1961627776.0
554537792.0
-44785600.0
-1711115008.0
1017409344.0
-934002752.0
-2040628608.0
-1678184832.0
-962029760.0
-1220583424.0
-1116372992.0
408055200.0
-82337984.0
-1678027904.0
-1710404864.0
119653080.0
599995136.0
-1260113280.0
-2094511360.0
-285891808.0
-1032484672.0
-188611632.0
107411272.0
316104544.0
-2028085376.0
280935936.0
880553408.0
-108313912.0
-1077189760.0
425911264.0
1147163904.0
934300224.0
2139395200.0
1253528576.0
969306752.0
344101728.0
599094016.0
-1668377600.0
-784643584.0
-2133027328.0
-934586304.0
-352661120.0
-92731160.0
48970856.0
905033344.0
-1981400064.0
87832280.0
-1810774272.0
1362539776.0
1780190464.0
-1778565504.0
54956648.0
923531456.0
-1668985088.0
-2028126080.0
768027008.0
918196928.0
-784730048.0
839758272.0
192115840.0
-910298688.0
-2090126592.0
-1007644800.0
924728640.0
1903739520.0
1975848704.0
1886658304.0
1829255296.0
586050368.0
-1100483840.0
-1727462656.0
-835182656.0
503365792.0
722090240.0
1780168960.0
173164576.0
280523264.0
-1034722240.0
-1311199744.0
-1116614528.0
737131200.0
-805797888.0
-860947392.0
-1464000640.0
-2123985664.0
-234354032.0
754315584.0
894410880.0
-1054812544.0
-1475038208.0
-1669359104.0
1550016384.0
-1737497088.0
-873812544.0
-1787587584.0
348156640.0
-2067273472.0
-447609280.0
-119468240.0
2015822080.0
-825489152.0
-329556896.0
-1720751488.0
-1431508992.0
1090012160.0
1397816960.0
-508222592.0
-643509824.0
-233671008.0
1889918720.0
2039219968.0
-968735168.0
750442368.0
-1105415168.0
1683024640.0
-999295040.0
-62264920.0
-207606880.0
1003635328.0
1754614016.0
635577728.0
746371008.0
501116992.0
-2074975744.0
-92924528.0
-1842032128.0
742430464.0
-695953664.0
-938142784.0
1354010112.0
-1962720000.0
833387392.0
-1308100736.0
-2023298048.0
112325824.0
-1574364032.0
-824195776.0
800120128.0
-1303763072.0
-1273247616.0
-220384912.0
-1496545408.0
1228598144.0
-2092167936.0
491161888.0
-145068336.0
2079938944.0
669603584.0
-1065181120.0
-708741504.0
1985473664.0
-982014080.0
373043392.0
-59706540.0
1552457344.0
-1280450688.0
-534067136.0
-1648234752.0
1947164672.0
-782497408.0
-1537768576.0
-1027560512.0
1476680192.0
877789632.0
230502960.0
1924500864.0
1723201024.0
1724921088.0
1050466496.0
1971988608.0
167239984.0
101584224.0
-693252224.0
-1331941248.0
-1039646784.0
-2117774464.0
-958971136.0
602848256.0
-1962615296.0
-906341696.0
1385336448.0
-201919072.0
-1722447232.0
-1076733312.0
611427776.0
887913472.0
-411784800.0
1401864576.0
572081664.0
-724914304.0
1777946112.0
1935833344.0
384593376.0
1928484224.0
-423348480.0
507356128.0
-896491008.0
1928073344.0
1708030464.0
310917920.0
922264256.0
-1841399936.0
-1966945280.0
-1459011584.0
364132416.0
1859132416.0
-1674290944.0
1458179200.0
-129519072.0
-269300640.0
-432442752.0
268561952.0
-822072576.0
1262224384.0
-1961229056.0
-339745504.0
-1223505664.0
-450117984.0
1824835456.0
-1943595520.0
422923776.0
-568698368.0
-382348160.0
2103887360.0
903595008.0
923192192.0
-136701296.0
-612939520.0
1504151936.0
358560704.0
1491075072.0
-1158465024.0
1607541504.0
-1605570176.0
1063151680.0
1152876672.0
-386153472.0
-1179759488.0
663206336.0
375214080.0
-1149422848.0
268196656.0
-901323328.0
-1034576448.0
-122171952.0
387392832.0
-745695104.0
-1710589568.0
-112197600.0
1962163072.0
-1705342720.0
-1216115712.0
-1336236160.0
-953268608.0
1880986112.0
1714889856.0
1305127040.0
1678444416.0
284026208.0
-2101465216.0
283597024.0
-333571392.0
-1322737536.0
1461382272.0
-1799042048.0
-1774814336.0
546639936.0
921850560.0
-2111041024.0
521712832.0
-656193024.0
2201997.25
-1327392640.0
-844384384.0
1044118400.0
-616892672.0
559797824.0
1911470336.0
743182400.0
-507696128.0
-107338944.0
-1803238912.0
1884181760.0
129407568.0
-481639200.0
604091968.0
943935168.0
-739621888.0
-1766622848.0
-780780928.0
1819741824.0
731572864.0
1021424832.0
-1064578304.0
2013756032.0
1163830144.0
1662621056.0
517977408.0
744115712.0
235699952.0
-1970080896.0
1311993088.0
618055168.0
-409022080.0
-1049624832.0
721768384.0
818926912.0
957559808.0
1757177344.0
1170147200.0
263706896.0
-1076487040.0
-59837476.0
960632704.0
802418240.0
735934464.0
-275069248.0
280104608.0
-19565868.0
1992154624.0
-839101056.0
1741713792.0
-1807046912.0
-1635121920.0
768954880.0
1591180.125
1329882752.0
1241322752.0
-1710688768.0
463794240.0
-1250961408.0
-731027968.0
-1591791616.0
1854077312.0
1640483968.0
253374480.0
346874144.0
311206720.0
632393536.0
-156522528.0
4287708.0
-1146360320.0
-1332608896.0
-1823536640.0
-1988627072.0
-1259557248.0
860390400.0
220334240.0
-1053604800.0
-1366208768.0
-327044640.0
2115497216.0
-1285367552.0
-1545567232.0
-254840128.0
635519872.0
1724812672.0
-811181760.0
1013244416.0
-1275730176.0
680902272.0
440599808.0
1417452928.0
-1060237504.0
2133804416.0
-214307968.0
1794533376.0
1237128192.0
1867038464.0
-1977750656.0
352824960.0
1661154432.0
-1782857088.0
-1551643392.0
-8774134.0
1735218048.0
1213515264.0
1232112128.0
-2061190528.0
-2059619584.0
-700039872.0
-1738392704.0
1611993728.0
1304898560.0
157461280.0
-1486015104.0
2134276480.0
270228672.0
983024576.0
-587450048.0
525115392.0
-1321001600.0
1005013824.0
-777128448.0
997556736.0
2099949312.0
-1065392960.0
-1981500288.0
-1471254656.0
-1790210560.0
-292678144.0
2118069504.0
-1048292224.0
1053496960.0
-1759484800.0
-1410939648.0
-1402390528.0
487368992.0
-1513981696.0
-1855847040.0
-906807104.0
1965718912.0
1742276096.0
2082358272.0
-1450795392.0
-1211862912.0
-461872576.0
-848796672.0
1430894976.0
-584792384.0
-1244568320.0
-1105677184.0
-1438356352.0
-143821088.0
16618060.0
1481428352.0
-506188256.0
-795726848.0
275705440.0
365072000.0
-194958800.0
-1884895872.0
-1796920320.0
137781856.0
-1690560768.0
946631744.0
1975457920.0
-2088950016.0
1595618304.0
-114815872.0
172012496.0
1387649024.0
821418496.0
935780800.0
1354249216.0
768203904.0
-1570256128.0
146726096.0
-390370656.0
-89254880.0
660929024.0
-1676249856.0
486489344.0
-2005562240.0
1003563136.0
-76859952.0
-396927200.0
-504653376.0
1943969152.0
1140750848.0
-1517603584.0
-1386249600.0
1390176896.0
1898949760.0
1182322304.0
444636544.0
669624896.0
1320278528.0
-1525363200.0
593448512.0
-181017168.0
1119064960.0
567886144.0
515071872.0
-1699630336.0
2094784512.0
685855872.0
1586518016.0
-1447725696.0
868190272.0
36321852.0
-1295948416.0
-542348800.0
1469297664.0
1540920704.0
1948685696.0
-768678400.0
532098592.0
-1587645184.0
48268264.0
72338976.0
992054272.0
811309888.0
-372359072.0
873226368.0
-1839577984.0
1666804992.0
-259687792.0
-2102836864.0
-410748704.0
61612764.0
598984256.0
526838464.0
488514336.0
-648467840.0
-948957184.0
-964162752.0
-1734211328.0
1548523648.0
-1079844864.0
-102076368.0
846042944.0
-1932023808.0
-2011284608.0
-1849312000.0
122238800.0
1157960960.0
1224574336.0
758453632.0
2093075840.0
-1285283712.0
2119400704.0
254949104.0
1520974848.0
1809684608.0
-1565269760.0
-1621855360.0
-544593216.0
371998528.0
1415876096.0
1045328384.0
-1997494784.0
-33832444.0
-477479040.0
-1331470848.0
-123150904.0
-910570560.0
-1670551936.0
1928342912.0
-1704229760.0
1502651008.0
-1037569024.0
-474270624.0
-1505267456.0
-841369024.0
-270673280.0
1977094784.0
-314969504.0
147239216.0
-406452896.0
852597440.0
1177745792.0
-63532116.0
-1039911552.0
-549603904.0
-1355495424.0
-1010220224.0
1050040128.0
-715797888.0
-1140520192.0
603361664.0
-44136904.0
1069089728.0
355560064.0
-289539360.0
-1167497216.0
628087744.0
1561203328.0
-629680000.0
-667983424.0
-1765757568.0
-271247296.0
-824983744.0
-259626672.0
1824427776.0
958878848.0
-667182912.0
117718864.0
-494378400.0
291016320.0
-1304623104.0
-555210624.0
761291904.0
-1273525504.0
-1774805248.0
-1474524032.0
786471040.0
1223519104.0
1584266368.0
1499162496.0
-1716661504.0
1601054592.0
-789536192.0
1324336512.0
-75472696.0
-53751684.0
-1415700224.0
-1886380416.0
956777536.0
1318777088.0
1049720000.0
1456721280.0
1022702016.0
2090065664.0
-159470512.0
1140676992.0
-149464624.0
2116333440.0
-1911714560.0
-706027456.0
365270912.0
-496263616.0
-741637568.0
2006132224.0
22501918.0
-2041776512.0
-1193526784.0
855798592.0
-1755204736.0
-1835376512.0
-227198224.0
-727433664.0
-864748352.0
1704865024.0
-1062434240.0
-594065536.0
-1819847936.0
-1811266944.0
-1105783168.0
-1067295104.0
-2006837888.0
1890234752.0
-117634432.0
-71959176.0
-755982528.0
-1423190400.0
-1335393664.0
-1451776000.0
242322944.0
-1799015808.0
-299327264.0
-1997627776.0
-704935744.0
891234112.0
1080629504.0
1699054592.0
2076996096.0
-43428108.0
-2119989504.0
-978653312.0
-1964545536.0
446682368.0
2139221760.0
1188219520.0
382156992.0
992579392.0
-1029395392.0
1953697920.0
1860323712.0
-206407216.0
-52548304.0
-748429568.0
1939521664.0
-339694208.0
577191616.0
-1366339072.0
-1446934912.0
473797280.0
-682483328.0
-1905841792.0
-990974464.0
-1643710336.0
-1105208704.0
-1226011008.0
-2111191424.0
-10252678.0
-717417088.0
-1346413056.0
-409932896.0
-57842284.0
1885635584.0
-1994182912.0
-329241792.0
1642301056.0
169173040.0
-787361280.0
-77766760.0
815036864.0
1434350208.0
384155296.0
-1753903616.0
-1809252480.0
-2146902016.0
1276179072.0
-1058017728.0
-668762688.0
-1465947648.0
-377865472.0
-2093040768.0
-821776704.0
-677183872.0
-2107897600.0
2104446848.0
270838464.0
224253344.0
-1418424832.0
155012912.0
-215701648.0
1271799168.0
1595090560.0
683524800.0
1384572032.0
685976576.0
-1052472320.0
-146728608.0
424539776.0
166751728.0
-1754312832.0
-609688896.0
-2112250880.0
-1965177216.0
1506505216.0
442016832.0
453147392.0
1434098432.0
1940728192.0
2024357504.0
1243079424.0
-94350184.0
1159768832.0
1211959296.0
-1015320960.0
-270779360.0
-508244320.0
-1119300480.0
1255959680.0
-462891616.0
-2075551872.0
-227768992.0
476866272.0
-340909760.0
-1601064576.0
1057143872.0
-1871682944.0
1319482752.0
1707690112.0
-2104266496.0
751096576.0
-1068947456.0
1650413312.0
1144097536.0
-479223296.0
894855360.0
1153488384.0
-1843333504.0
-1159419136.0
1288841856.0
1920188672.0
-303979712.0
-215309744.0
58226908.0
690104704.0
161111360.0
1772364928.0
1311801088.0
67099784.0
-1869131520.0
-1133036288.0
-529483104.0
-4672922.0
1658373120.0
33860432.0
-750626944.0
-663650240.0
-584000448.0
-550944384.0
1119063808.0
-579873792.0
1443235968.0
-1250412544.0
329791328.0
815465344.0
1913450112.0
-901468352.0
208763040.0
-1096660864.0
-1832155008.0
1720960128.0
380703392.0
-565639936.0
-625474752.0
205713408.0
-598246528.0
600162240.0
190906976.0
-406079360.0
1268402432.0
-1990627840.0
904801792.0
1853625856.0
-522565440.0
1888349056.0
480679936.0
-260020112.0
556913728.0
-321613952.0
1881512832.0
152061392.0
1587119872.0
-874911040.0
1912380672.0
-843198336.0
1426179200.0
-1915044864.0
477228896.0
-1495412096.0
-1733541376.0
190819232.0
248206080.0
1290138112.0
1790861184.0
-721261376.0
1966222848.0
110804288.0
-794421632.0
-946337344.0
-1695612160.0
-652440768.0
1388617344.0
-581957952.0
1830327552.0
-358771392.0
-1885862528.0
962573248.0
339151584.0
191180608.0
1754454016.0
1395086208.0
-944524544.0
-1502086656.0
2037564160.0
1397303936.0
1318901376.0
-1058626368.0
-1089316352.0
-1920838912.0
-1722721024.0
504425984.0
1756031872.0
451283680.0
-971891200.0
-481825248.0
1587198336.0
-63830416.0
-938649280.0
2128437632.0
1994365184.0
897919744.0
-1912606976.0
1263126400.0
-311840608.0
1052672832.0
-472459680.0
1277227776.0
594466240.0
-171274480.0
1335141376.0
-270657728.0
1110702080.0
1476320896.0
-43704444.0
792726208.0
-1338973312.0
647792128.0
142267168.0
1421088512.0
-839474560.0
-517946784.0
-424516608.0
1332300672.0
-685219776.0
355411840.0
-1013500160.0
1308395264.0
-1883692416.0
910748800.0
-322827904.0
-998190208.0
-1551396096.0
226429232.0
-852156352.0
1289680128.0
1313167104.0
1193110272.0
-1975776000.0
-2139011584.0
-252125984.0
1131967616.0
579876352.0
-206118592.0
-740987456.0
254092944.0
-1442902016.0
1474801664.0
-410747680.0
1029557248.0
950809856.0
1338094464.0
-1003742592.0
2039808256.0
589912000.0
267924464.0
1546237312.0
1048683136.0
1496764928.0
-1904264320.0
822512000.0
-2928545.25
1388490880.0
-32609788.0
1930185856.0
1880250496.0
299584640.0
-2107027072.0
357192000.0
-1405447552.0
1132638336.0
-1757178880.0
-1499343616.0
219786528.0
18559536.0
2059424256.0
386097376.0
-2075899392.0
-1229622528.0
1095198720.0
512308960.0
-784772096.0
-1954151040.0
8457144.0
74147424.0
1654652544.0
612535360.0
-1629942272.0
1971060480.0
-565900736.0
-476508544.0
-312439424.0
41303520.0
-100709920.0
940389824.0
-1419536256.0
593806656.0
63346840.0
93266312.0
-192849904.0
690294272.0
1744169344.0
550848256.0
794716160.0
-1664996608.0
321293760.0
-702552320.0
-1686563072.0
-1666505472.0
-1983587456.0
1666526720.0
2038511104.0
731131648.0
-2058586752.0
-1909640192.0
-1114808704.0
-742513920.0
-248832112.0
-858077888.0
1254188032.0
1876489344.0
1838318080.0
999281792.0
-375936640.0
-721130240.0
-178774992.0
52717636.0
-1381897216.0
-1008897408.0
1207542272.0
790022976.0
492692224.0
1601505280.0
-1592313344.0
-804224640.0
-1142769920.0
1367303680.0
490869152.0
1599017088.0
-2120284544.0
-1444068480.0
1848935808.0
-1216766592.0
2127708928.0
-337646528.0
-712936576.0
-869471808.0
755323520.0
-1668441216.0
934792448.0
387465888.0
1126698368.0
595985600.0
1890955520.0
1618451328.0
1328029056.0
1476173952.0
223428960.0
1454068992.0
1667930368.0
-396073856.0
617716608.0
2029242240.0
824593216.0
-1080919936.0
294493312.0
-271443360.0
1180179840.0
-2104072704.0
-1555165184.0
-455394496.0
49905452.0
-1377683200.0
-818565376.0
-1650850560.0
-150343120.0
-1553740928.0
281514272.0
-828020544.0
983926464.0
1552784512.0
758801280.0
863708736.0
-208017088.0
-2111576832.0
1910575104.0
1192448768.0
738014400.0
1353893888.0
-439930240.0
-1447767168.0
-1156265728.0
-889596160.0
1769990400.0
1478819200.0
-766940992.0
1379311360.0
-1105683200.0
90462872.0
27448496.0
-2098409600.0
1766887680.0
688713792.0
-655812352.0
1780329856.0
16209197.0
1322660992.0
1655046144.0
1282468992.0
476003200.0
661270976.0
487643072.0
1624277888.0
476970880.0
-154778960.0
-6222588.0
-181756992.0
-1818968576.0
664993344.0
848719296.0
253867728.0
-2011489664.0
-2124579456.0
-1512603520.0
1259085184.0
-1716360448.0
1029044480.0
-1963183360.0
2028815360.0
-642457344.0
1963745664.0
928643776.0
-674850432.0
-1141300352.0
-45712088.0
-755968768.0
-981741888.0
-1406589952.0
680907904.0
530165184.0
-1248283008.0
1600575232.0
-1272492160.0
-265340752.0
-491410400.0
692717184.0
-1468279424.0
-2054672896.0
-992259264.0
2013708544.0
-580596352.0
-1617132672.0
-1802357248.0
-1237953536.0
632145024.0
-2079136384.0
-1811433088.0
1681508992.0
-751420416.0
620446976.0
-271784416.0
-1910002176.0
-1413675520.0
-1006624768.0
-577404608.0
-820162752.0
-1718642432.0
-72609752.0
-1693010560.0
233787280.0
-856851520.0
-179214448.0
-1243736960.0
-2142485760.0
1759289728.0
-1876227072.0
-1429727744.0
1093566336.0
38112504.0
-1129237376.0
-70049184.0
-570633408.0
1367996032.0
-1858465920.0
-1306790784.0
-484907328.0
179056976.0
-1138541568.0
-1710892544.0
-1509911552.0
-1381161344.0
-131200912.0
-1520035456.0
-1954307968.0
896004864.0
1477559680.0
-135544832.0
-512093024.0
1181192832.0
-1193121152.0
-1652080384.0
-642119616.0
-41985520.0
462785920.0
937977408.0
1936150912.0
-456810080.0
647332864.0
430442240.0
-704442432.0
-1222789632.0
745708992.0
406226464.0
1089818880.0
582353792.0
-724206336.0
-1473083520.0
2138917248.0
-582976064.0
1675970432.0
1008251904.0
-1203279872.0
-1975928832.0
-205118064.0
1762562944.0
-208934448.0
1537356544.0
1615658112.0
-1752583680.0
-1035721920.0
-408631136.0
335801152.0
428775104.0
-712779840.0
2027529856.0
1265315072.0
-1021553152.0
-262295680.0
-995239040.0
-742460.875
493442848.0
257614032.0
330165120.0
-1148233088.0
-955507904.0
-397686016.0
1550554112.0
-1932994688.0
1382373376.0
1164548864.0
-711323136.0
1350876800.0
1099075968.0
-1887393792.0
1396104448.0
-715700480.0
-1131739904.0
-1160491904.0
1037351104.0
1591128704.0
1057579840.0
1517616512.0
960396928.0
-331736800.0
-1973256320.0
-1789927040.0
422384352.0
1616920320.0
-872970688.0
-1874125184.0
-510652224.0
1975084160.0
1357045760.0
-739662080.0
-883192832.0
977359808.0
-2135062016.0
12330864.0
-256192672.0
217965616.0
-1493171200.0
1246564224.0
-580121984.0
-508832608.0
37716480.0
471432288.0
-600476416.0
2133905920.0
-838796160.0
-1396764032.0
-1170133888.0
899737856.0
646336768.0
1486679296.0
-1459193088.0
-912808960.0
21749934.0
-385584352.0
965762304.0
851957120.0
1875688960.0
-1627718656.0
933017792.0
1463487744.0
-942171712.0
-1887351936.0
-2064192640.0
-36596132.0
-1811219328.0
-832015424.0
-1482315520.0
1413666432.0
-2085383552.0
-1316750208.0
1041231744.0
-988725184.0
897606400.0
-588129664.0
1711855744.0
-641450240.0
-1500873216.0
1787641344.0
-297788736.0
-1954249344.0
-349892768.0
1556644864.0
-447071936.0
-106459072.0
-1147315328.0
529865504.0
1642614272.0
355803328.0
530357376.0
-2064253952.0
-1418108416.0
1285172736.0
467085600.0
323240384.0
-545842240.0
1297464704.0
1156221824.0
591797632.0
2741896.25
1659283200.0
-1329580544.0
-2105793024.0
242299552.0
-832621760.0
-1652637056.0
209706880.0
1022775936.0
-2089091584.0
-2064985216.0
1039020416.0
-1467762944.0
303647616.0
1072804032.0
-326078112.0
-734334656.0
-1087097472.0
1010597568.0
1062004352.0
-576499776.0
-1577025408.0
-1274153984.0
-63448292.0
-398491840.0
1809986944.0
1321754368.0
654126528.0
1767499392.0
316452768.0
1405826176.0
947874368.0
1326333952.0
917781696.0
-341791264.0
-1661492224.0
105073376.0
-130292744.0
-1125270272.0
-2036811520.0
985720576.0
886031296.0
-1077839232.0
1588096512.0
1123384192.0
-942105536.0
1550422656.0
2122158592.0
1604176512.0
-1865927552.0
1539602048.0
-1642931200.0
1102349824.0
1280053760.0
-1469464192.0
2017614080.0
788616768.0
-1455619712.0
-1402918400.0
1810306944.0
659056384.0
1574162304.0
-1193433728.0
-1163836288.0
-1253231872.0
-740805632.0
-971736896.0
-153443488.0
-907061888.0
-2129274624.0
-545474624.0
559080960.0
2077684992.0
1165995136.0
1381557888.0
1758360704.0
1888126208.0
-1581725824.0
1026063040.0
-1101651456.0
1527756416.0
-1176738432.0
-57197924.0
799880064.0
414870720.0
-1770516480.0
-1573417856.0
1010202560.0
-1410911616.0
-790586880.0
-956117184.0
475072096.0
77615088.0
309178272.0
-322896864.0
-1819931008.0
-521235008.0
731024448.0
-939223168.0
674119104.0
1548289280.0
1521865856.0
-1665329024.0
2109751680.0
1824953088.0
-1374435584.0
1050383744.0
1431549440.0
1076421632.0
-499570144.0
-129418520.0
305725888.0
1780613760.0
1950686464.0
-1792674944.0
23126030.0
995970496.0
-994788608.0
551523776.0
-2048342400.0
-252877264.0
-635119744.0
-2032818816.0
2130950656.0
-1344145536.0
-1299780608.0
1119618432.0
-2032078976.0
937534656.0
-409984832.0
52609208.0
1585344256.0
-1434056064.0
-1967931392.0
-1131118464.0
-841225280.0
-49005076.0
596173568.0
-280066816.0
715319744.0
246777664.0
-1442363264.0
-1762787840.0
749974976.0
-2007976832.0
177485088.0
-929410880.0
-1217396224.0
-63507300.0
1348312576.0
-2005011072.0
-1203276544.0
-1253904640.0
1141365120.0
-788442176.0
-1848820480.0
796204160.0
987468672.0
-1613821056.0
816210368.0
-1404636160.0
654331840.0
1473570304.0
-1334550144.0
2032833024.0
1893244544.0
1643648128.0
-1486970112.0
1971756160.0
1411814784.0
714260224.0
634324864.0
344012768.0
1926214272.0
386233664.0
-1829049856.0
-582111360.0
1517793152.0
-1798110592.0
-1858409600.0
-1628771584.0
417602560.0
-795951680.0
816119168.0
-1293892480.0
1805599616.0
-1171782144.0
-1842564096.0
-284451488.0
-105890744.0
-2052621568.0
1208739456.0
-1354133888.0
1127080576.0
1935092352.0
-574163840.0
-1132303488.0
312754784.0
2038592000.0
1285970688.0
1184723200.0
-1481939584.0
-726094144.0
749590144.0
-1250726528.0
1848676480.0
-195176560.0
1969024768.0
1912543744.0
734491904.0
-1270426240.0
-1201756416.0
-1469682560.0
700763136.0
228399744.0
-1691047680.0
2004370944.0
731258816.0
2047465216.0
-1927921920.0
-490078080.0
455740544.0
1999488256.0
-1277914368.0
1373491584.0
-4480522.0
-1959593856.0
-939514368.0
80058240.0
-1231095168.0
-550432384.0
1207757056.0
405945376.0
-1116417152.0
1242502528.0
1167198720.0
-1050673664.0
2033942784.0
2033519744.0
-1256909952.0
-2059488000.0
-1283497344.0
-1250216704.0
-445446528.0
1023822720.0
-85227688.0
-1692630528.0
-723855360.0
858499712.0
-1478090368.0
-274385664.0
-1341339648.0
1871006208.0
291615360.0
-312381440.0
-348159328.0
2064775296.0
2021614208.0
1164148352.0
1143284736.0
159852912.0
1283965312.0
1811632640.0
1613695616.0
1891830272.0
-2049721728.0
117522288.0
2109264896.0
1220101376.0
644364800.0
1017459008.0
-936158144.0
-1519944704.0
-1674794624.0
946640896.0
1753858944.0
-1242083584.0
847711552.0
917135296.0
-601071552.0
-892080256.0
654748032.0
1330700800.0
787743552.0
373188832.0
-725783552.0
1849933440.0
-917341376.0
-1871742464.0
395141024.0
1753341824.0
-225417824.0
-1153892736.0
57414156.0
202266512.0
-769996928.0
-1967173760.0
-623643392.0
615251584.0
1037065920.0
1736224896.0
-154698064.0
642123776.0
-1924263040.0
-1395021056.0
1823191552.0
-1566856192.0
-692249600.0
-1568826496.0
-469618592.0
-791007168.0
-158178864.0
1943854848.0
-1112960768.0
-1935516800.0
1560472448.0
1868634752.0
-656881984.0
1004061504.0
1122505856.0
-1707730816.0
-490326976.0
-1989269248.0
391253024.0
-1083347456.0
-779538880.0
-1061167872.0
375352064.0
740578368.0
234442656.0
562739456.0
2062093440.0
892336128.0
-1500225408.0
34537784.0
464165152.0
252253824.0
753558848.0
1678971648.0
2038862592.0
757358656.0
713873920.0
-1891453696.0
852831040.0
1560141056.0
-334382784.0
-1830110208.0
-311959232.0
-1298708224.0
2120634240.0
-358873440.0
-689867264.0
-200821648.0
-935729088.0
160640928.0
-1530671872.0
1225860736.0
-405745504.0
1206656768.0
487350432.0
2116895616.0
-8946782.0
1766806528.0
930106624.0
1057936640.0
-1003118464.0
141779312.0
-1382387712.0
-2115908992.0
-1033633472.0
1952115200.0
888616256.0
-789534976.0
-895486912.0
576950720.0
2097146624.0
-1993656448.0
1787920000.0
-1780409728.0
-458906240.0
1944092416.0
-1919731840.0
-405643328.0
1425192704.0
-615307584.0
-1110314112.0
1608230272.0
-587192128.0
736345408.0
-1129857920.0
-260428448.0
-2042207104.0
1210840704.0
-902392960.0
-942587008.0
2072600448.0
1829360384.0
366363936.0
142437856.0
-1520619904.0
-131966592.0
-346359744.0
-1081793152.0
-1554305152.0
-1107205504.0
-1825092992.0
1914281472.0
-1299345408.0
502142400.0
1241619712.0
-777291264.0
-959031936.0
1402892032.0
-354277056.0
-745067200.0
591945856.0
-1135342720.0
-767344128.0
-1325129856.0
-1900665984.0
498254112.0
703711296.0
-1207363328.0
423236512.0
-963543488.0
1957073664.0
-656426624.0
-1032995136.0
-1507332352.0
1624808704.0
-1348496640.0
-2074256640.0
429635616.0
-247886192.0
650703936.0
1829922432.0
1373311104.0
73585832.0
-1645404672.0
1991643648.0
1578896384.0
647425536.0
1316463488.0
1137611264.0
1439450112.0
-1347592448.0
887375744.0
-727160320.0
1037059712.0
-1397714816.0
2135010432.0
741136448.0
-1679283712.0
1991873536.0
1858342912.0
-1842308992.0
1364891392.0
-1198648192.0
296772384.0
-1150209664.0
-1850323840.0
-1743701120.0
-1205156224.0
-1653914752.0
200918640.0
-966795712.0
1069471616.0
273979936.0
789798464.0
-1398205696.0
-59283604.0
1226199680.0
1074607232.0
324396576.0
1620134144.0
611912768.0
611314240.0
1003500160.0
-1271412864.0
-1081928192.0
-420049824.0
480743744.0
1782464128.0
-1106372480.0
2067187456.0
1745583872.0
2056092288.0
837407424.0
-633893504.0
-878991744.0
-872928320.0
-168538096.0
1548787840.0
868588352.0
-1022974656.0
1319128704.0
162769168.0
-1737366656.0
490960320.0
-1813385216.0
-754077120.0
1215668480.0
1217463680.0
-399708960.0
1034292800.0
1171663744.0
-716350400.0
-1915083392.0
-1901664256.0
-1415661568.0
-1274577664.0
-1145194496.0
630203392.0
1643713152.0
816409856.0
-624197120.0
1374638336.0
1256310656.0
-864231936.0
724626112.0
160295888.0
2089769216.0
1698680576.0
-167664720.0
-68704456.0
-1026684096.0
176858368.0
-2053807360.0
-1885398912.0
-868781248.0
548672448.0
-1567771776.0
263013376.0
-1370701440.0
1926746496.0
-664508480.0
-607112256.0
-1998722304.0
1331266816.0
-1798989952.0
-821534080.0
1413998848.0
1208600064.0
-733204736.0
-78963824.0
1087166592.0
1474408704.0
1323218176.0
-1154483968.0
1038868672.0
1629035136.0
-1648410752.0
-131897576.0
-518802048.0
284494752.0
1283845120.0
26828662.0
-76206880.0
-129813000.0
-1519125376.0
514424192.0
813154688.0
-815728896.0
-1706444288.0
2104656256.0
1005236160.0
1822546304.0
-34679204.0
-1695232640.0
-428867552.0
-1284764544.0
624264640.0
1176352000.0
1658182400.0
-1786916736.0
1411757184.0
-352232352.0
-505093600.0
102010608.0
969464000.0
-1039007296.0
-476973184.0
-1804688384.0
-1776945920.0
-95826440.0
1137668736.0
-2030482048.0
-787262976.0
1607463680.0
535553856.0
-374693504.0
1732964480.0
195307504.0
494671872.0
1999710720.0
1221008768.0
566490432.0
200600240.0
-477075488.0
1058713856.0
1407651328.0
-996154560.0
523137344.0
1420397824.0
1482035968.0
926709568.0
1965570176.0
-1538024448.0
1818812928.0
-124091488.0
1383526400.0
1508661248.0
-1557532800.0
-1887476608.0
-1489876096.0
67511184.0
-1928876160.0
816973632.0
1090830976.0
-1793719296.0
1802551680.0
867865088.0
-1264372096.0
726381184.0
-604011456.0
-83488512.0
-411488352.0
568242752.0
-1149835392.0
1600352000.0
-318026592.0
-1775539200.0
-1512431232.0
1396155136.0
-1583803008.0
-941271552.0
118965008.0
-1531455360.0
-1367861760.0
354223232.0
1018922304.0
-1116392064.0
-1283628672.0
841704768.0
-1360124672.0
582732160.0
-104784896.0
272160800.0
-2057523840.0
1075819392.0
-1440579712.0
291892192.0
-777449920.0
-1574360448.0
-1649543552.0
1418136448.0
1259950720.0
-2076348928.0
-1484853632.0
558247616.0
1601474048.0
-1182046592.0
-1625655424.0
-760889024.0
922318016.0
-1406025088.0
-1257015424.0
206935408.0
-1685915776.0
602670336.0
942190848.0
1139486336.0
1476130048.0
-997933312.0
-536999232.0
-784049088.0
556674624.0
63788228.0
-1272681984.0
334382016.0
-777934528.0
-504874144.0
611051136.0
2138757120.0
-1144783104.0
-7166450.0
1167754624.0
1431138560.0
-130537968.0
1165340416.0
477348096.0
105218992.0
1489245952.0
935503680.0
-1052011904.0
-1552673024.0
-147397712.0
-1058420544.0
353819520.0
-1958336512.0
-1282971520.0
316752672.0
-2087879936.0
1183109760.0
-212362336.0
-539246272.0
-1401221376.0
526449248.0
857506176.0
-1791067520.0
-989821760.0
157537616.0
759205696.0
1237816448.0
-697534848.0
406743360.0
-1109619584.0
2012261120.0
1819209472.0
-1421072256.0
1218608000.0
-589555392.0
2027128576.0
1469034496.0
-1397352960.0
899080896.0
-899421504.0
-977478016.0
-78826976.0
1939845248.0
811347072.0
-106689976.0
760787008.0
1891117952.0
-1052726336.0
1200495360.0
-87068080.0
-86123112.0
-1713700096.0
1894675328.0
183329344.0
-1903333888.0
470029600.0
-1778680192.0
2095948416.0
-1567934592.0
-512105696.0
1720012288.0
2115154944.0
-510103808.0
14742484.0
-338361760.0
1554675712.0
1643202944.0
-855409280.0
-2105782912.0
2140512512.0
-267706704.0
-1300214912.0
-442359744.0
1585190784.0
2056813056.0
-488089152.0
-1470393728.0
-1498058496.0
63958008.0
-1858770560.0
1155349120.0
471039488.0
-75467584.0
1338889216.0
365073504.0
769556288.0
-925883264.0
-1036024704.0
-1462759296.0
-659719616.0
-1283870080.0
328015776.0
-993509888.0
883862848.0
1207360640.0
165243856.0
2088004224.0
1991333376.0
-649902848.0
1643010688.0
-686984256.0
-1490348288.0
-991927232.0
-19817452.0
-1134225024.0
1609161856.0
1484615936.0
-381707264.0
941076224.0
-323979936.0
-1088661376.0
1654042112.0
1404619520.0
605157696.0
-1912362.375
-19028962.0
-1319112064.0
2018985344.0
-1319837952.0
391000672.0
-1780273152.0
-616618176.0
-786636544.0
-266398240.0
-1490129280.0
-1802141568.0
134790688.0
-1214765440.0
-1424262912.0
-328294208.0
2120073984.0
761075712.0
1348858112.0
-552047680.0
-593784064.0
1219168384.0
704213056.0
-1220813696.0
1448620288.0
-1094605952.0
-52190204.0
-1191881344.0
-898483328.0
-746727104.0
-1666515456.0
-489897056.0
-330895072.0
554257152.0
240892672.0
994218048.0
999144192.0
-939375616.0
-1926291200.0
491471136.0
1878726528.0
-1039396096.0
84120512.0
505660992.0
566126208.0
1438679168.0
-927675712.0
-1794663552.0
1226747008.0
-544960768.0
-384177216.0
-393008672.0
1304761088.0
1246125824.0
-1170922624.0
-2044629376.0
-713209856.0
1035046912.0
770471232.0
163026800.0
1367391232.0
333410560.0
1953655552.0
-1796996224.0
-1248835968.0
-2138999936.0
207685424.0
1387836416.0
-1375003392.0
-1507400448.0
2060955776.0
1086606464.0
73491128.0
-847307648.0
-1305543168.0
-37428352.0
746145344.0
-1196442496.0
183273456.0
-1943159936.0
1326440320.0
-1291208064.0
382503232.0
329084832.0
1894373120.0
1563016576.0
-1522734720.0
-189657248.0
1925386880.0
588973824.0
-26453390.0
-1936878208.0
-775913856.0
1029345600.0
-1211237632.0
344521568.0
-820004032.0
-751224704.0
49085668.0
-1622151168.0
1559214720.0
2005316352.0
-1224416896.0
2131110400.0
-101052928.0
878482560.0
-496668928.0
340235552.0
-907204416.0
147884256.0
1448263936.0
190744464.0
1179084544.0
1340616704.0
-379511488.0
-1098099968.0
325492288.0
-960427328.0
1328420864.0
359160576.0
-364158944.0
1335454336.0
1236694400.0
-799369600.0
1348819328.0
-632462336.0
-1334831744.0
-81457528.0
-1545841024.0
1497143040.0
1374604800.0
-1841604224.0
44496004.0
-1361093248.0
-2081990400.0
1654716544.0
-442233440.0
-1893694976.0
1668238848.0
-427926496.0
-1960552064.0
1878930048.0
1431089664.0
-989406976.0
-368665120.0
2043399552.0
1848766848.0
2109564032.0
-560790016.0
-1272587392.0
-871790976.0
-565553664.0
323167104.0
1883681024.0
-167771104.0
1490313728.0
840839424.0
-1744735616.0
215802160.0
-1507305600.0
944180032.0
-1469640576.0
-1587480704.0
-455235648.0
-135465072.0
977363008.0
1780800128.0
1555933056.0
-1141941120.0
911141376.0
2123723392.0
-1180355200.0
754420864.0
365305760.0
-586521920.0
533275232.0
688978368.0
1856605184.0
-533230880.0
-1738667776.0
842275968.0
1567601280.0
-203648416.0
-2129558784.0
643408320.0
871847808.0
-188983232.0
-933561920.0
2140714368.0
1015723136.0
-726250624.0
-1545484672.0
1035663680.0
1751048448.0
-390552768.0
1489122048.0
356925280.0
471884352.0
1927347840.0
-1393871744.0
1032825088.0
-780977664.0
1663519616.0
-643272000.0
1321899520.0
-1539209216.0
-1392779392.0
-63022848.0
1133038208.0
-1475230208.0
-327201600.0
-1261453824.0
2037357696.0
184212912.0
1209999360.0
-1347137536.0
-238269840.0
2033516288.0
-296116320.0
-44559296.0
-1028762240.0
1909678592.0
172596240.0
-867456128.0
-1851587712.0
1601590400.0
-1615801088.0
-266697840.0
1718714112.0
-1748871552.0
-1855559936.0
-916176896.0
1466425344.0
1141784832.0
1082494208.0
1973962880.0
-235549264.0
-2096042624.0
-1432594304.0
-1088092160.0
963941440.0
-321098560.0
680504064.0
-1047002304.0
899176256.0
-856685952.0
7243393.0
1131729792.0
-1054981568.0
-458952128.0
-471848000.0
-914604608.0
2086402560.0
-1949567232.0
489887872.0
142814784.0
-889264000.0
-1559710720.0
458351552.0
1749874304.0
-800736128.0
1000728832.0
293411584.0
-916949632.0
1528862336.0
-2124737664.0
-1010828160.0
51566292.0
-1696490112.0
1780352000.0
82513392.0
1420631296.0
1338990848.0
1666211328.0
-631783296.0
1861029888.0
-519911008.0
-552353664.0
910847552.0
320914144.0
851156352.0
-574047680.0
-130041344.0
-2125446016.0
280248096.0
168127632.0
-1386635648.0
-2107481344.0
-29805478.0
-1901987072.0
2132996224.0
-877575168.0
721865472.0
-1250249856.0
-809297984.0
1653887744.0
9685064.0
1833893120.0
-1519100672.0
-1110930944.0
508123680.0
159845472.0
1392603008.0
365537632.0
1062638336.0
-583062016.0
627371008.0
17030578.0
-1186912256.0
-1625108864.0
-493341152.0
-1466919680.0
-613464128.0
1763346048.0
-143317248.0
345352896.0
2114578432.0
1837758464.0
-495634112.0
-1978202496.0
1543315328.0
-177552096.0
-111955328.0
-202438560.0
956947328.0
-1620151936.0
-1949190656.0
-310164224.0
-997795776.0
1196331008.0
1614367744.0
1161710976.0
476043712.0
-2133783168.0
1513020928.0
-783980288.0
-512237056.0
75082176.0
938365120.0
1056821696.0
387307072.0
236493328.0
-1637351936.0
-106938864.0
387960768.0
-1180970112.0
451734656.0
1169883776.0
-1345165824.0
2088430720.0
1487597696.0
632013888.0
111695528.0
1295359488.0
1971285504.0
-896455936.0
-839990016.0
1216240256.0
-278508448.0
1609958016.0
1276878464.0
-835342848.0
-1642279552.0
-1434633088.0
688051584.0
1516197632.0
2056714240.0
-750900032.0
13173767.0
2073678976.0
1547981824.0
-816354624.0
-1852870016.0
676946368.0
-1916269696.0
2078836864.0
-215639392.0
-755733056.0
584333888.0
1737517824.0
2061541504.0
430938688.0
-1506815232.0
-1576207872.0
-1535849728.0
-2022852608.0
-946538368.0
1361903616.0
-1986499328.0
-1491148928.0
597619584.0
1487815424.0
704523136.0
1726168320.0
1357894272.0
-159172144.0
-964528128.0
1904395648.0
-250928496.0
-1550645376.0
-2007048576.0
-209351664.0
-1564975616.0
277971936.0
-39302424.0
-1081417472.0
1420968576.0
-89800992.0
-1500363136.0
2053764864.0
1864846080.0
439095328.0
-42235100.0
1297679360.0
-802655744.0
1530407552.0
577172544.0
-351990720.0
1775032064.0
1956987776.0
-1280060928.0
513996704.0
946666944.0
-1736446720.0
863927552.0
1506875136.0
-440470336.0
997303744.0
-1881786240.0
-106540192.0
-1435451136.0
-1790307584.0
568412672.0
541567104.0
-1725711488.0
-1769707776.0
254175152.0
1156146432.0
-1726868736.0
-1236599168.0
65495420.0
-1730413312.0
2047728000.0
-930421504.0
1780824448.0
404849984.0
-1214124160.0
1671246080.0
-103284528.0
-309274176.0
-1528755456.0
1193851648.0
476107136.0
-2090792320.0
1342942720.0
2119108608.0
-476741248.0
659445056.0
493362432.0
-1814351360.0
1483244160.0
-1599425792.0
2035203072.0
956000448.0
-268951456.0
-2139681280.0
2060789376.0
1123477760.0
738955648.0
555565312.0
1639600000.0
1006691008.0
-551108608.0
-1078112768.0
2035258880.0
-84782592.0
1067153600.0
-55412748.0
731416896.0
708145024.0
-1304392448.0
-1907445120.0
1023644864.0
-501844768.0
-1272207744.0
-139956784.0
818100608.0
1366865792.0
577453248.0
-1762157568.0
-1982722688.0
262031488.0
-908872768.0
957008064.0
840541824.0
859315648.0
-1778009984.0
122573216.0
-421872192.0
2001793536.0
1103528448.0
-698137920.0
-1352414720.0
1875212160.0
-212436320.0
1345821056.0
254143664.0
334232224.0
-1186889600.0
-548129088.0
-669278656.0
-453072352.0
-772772096.0
1367872256.0
-1202635264.0
216573424.0
1956491648.0
1511762304.0
1167508224.0
-1092353408.0
813611456.0
1970974848.0
1595508608.0
-1708711040.0
-1569612032.0
2072731136.0
342461888.0
1895267200.0
-898207424.0
727304320.0
-992806656.0
529861216.0
-1603973632.0
-1269892608.0
-1916272384.0
1343532416.0
2049373952.0
921751744.0
-584683136.0
-549540352.0
-1411360256.0
1350966400.0
-574432064.0
1933158144.0
1874221824.0
-883961024.0
-66090464.0
1839932160.0
-21142980.0
-847543552.0
933144320.0
-1432936832.0
1876607488.0
2058115840.0
-769574784.0
-1090027520.0
1447132800.0
1343541248.0
-1414107904.0
1110829952.0
1860795008.0
1946831872.0
1721929472.0
-840227008.0
-601700992.0
1323238400.0
-660532032.0
1382108160.0
1128134656.0
-1849149568.0
-767229376.0
-1410045824.0
-140428944.0
691171392.0
-134676528.0
1560501760.0
1245700480.0
1889352832.0
909748928.0
-1401982976.0
24255994.0
1234269568.0
767530624.0
1750793856.0
-480252256.0
1041472576.0
328532448.0
898328832.0
-968525056.0
332112000.0
1623954944.0
472946144.0
1094838528.0
1648467584.0
668999296.0
517456800.0
254818336.0
1455987840.0
1464189824.0
180429072.0
-1915494912.0
-903733952.0
-382434688.0
-1894600576.0
2002441728.0
1327148160.0
367701600.0
360000640.0
-1505133952.0
1460615168.0
-2083001344.0
-1569587072.0
1329899008.0
-16783558.0
-1066897920.0
-2071888768.0
1445025920.0
784304960.0
-1969751168.0
-1562621696.0
1924221440.0
1009793920.0
1213134976.0
278850368.0
1673345152.0
-725728448.0
887567104.0
1354647808.0
-1648654976.0
246342560.0
1125551360.0
-1294909440.0
-1655493888.0
-1041619200.0
-870217536.0
-1246413184.0
1134585344.0
1490800128.0
1692777344.0
-193417536.0
2014053760.0
-791887360.0
-244922240.0
-747705984.0
-1077591424.0
128407440.0
1618453632.0
459534176.0
720537344.0
77910720.0
1895602432.0
-861321408.0
-1968174464.0
1237577344.0
85364768.0
-1822829952.0
-517370720.0
-422990208.0
725799424.0
1979395200.0
-259226480.0
-2102053760.0
130717560.0
-669903360.0
1350940800.0
624954048.0
-125989040.0
1799650688.0
1411824000.0
1205500416.0
243334320.0
795413952.0
-457471456.0
2084843392.0
683522240.0
268285760.0
165523184.0
574322048.0
32220932.0
-1803573120.0
-979508416.0
967505600.0
-722003328.0
-1831148544.0
1705070848.0
-796035392.0
1336313472.0
1927682304.0
-1703154176.0
218931296.0
534141536.0
-1275200384.0
265541792.0
-176559760.0
-807366976.0
-574325504.0
1464977664.0
1773299968.0
-1424334336.0
-1883992960.0
717507520.0
603779136.0
-1301700480.0
727173440.0
607450496.0
822356736.0
-693432384.0
1770311296.0
681753216.0
1655513984.0
-378228064.0
497993056.0
91429528.0
-70827504.0
-763383232.0
-1430577920.0
-412653280.0
-1691632896.0
1855028864.0
525984672.0
1260412544.0
1635554048.0
1762521728.0
-1568532352.0
-822000768.0
2115936896.0
-1823680000.0
484969056.0
-269554176.0
1025490880.0
389383808.0
-838554304.0
176631824.0
244139504.0
-1078337536.0
1877110656.0
1443201408.0
-2057871616.0
879255360.0
-540078464.0
1456363904.0
-1908595840.0
-1677665024.0
-1426253440.0
1310023936.0
-596988032.0
-1326440064.0
199965504.0
2055435520.0
-1926318720.0
2218270.0
1863724416.0
-1340536320.0
-303032320.0
1343760768.0
785857920.0
-682122816.0
-1647494272.0
1797597056.0
535505856.0
-1561459456.0
-775892352.0
630156288.0
1697987840.0
-733551168.0
597565824.0
1716318720.0
-1312522368.0
-624944192.0
-1884099200.0
-895984000.0
-1266178560.0
678562368.0
-487296480.0
1869080576.0
188341424.0
-1583455232.0
-843560768.0
6499726.5
484546944.0
1180507520.0
-1632042496.0
1212114688.0
-1704539776.0
-1642791680.0
1955935104.0
-663150464.0
-1042126976.0
-2067812352.0
-973972160.0
-1788932096.0
-1790309120.0
-1600693760.0
454402816.0
963494912.0
-1709529216.0
-76073768.0
-1014310912.0
1209799168.0
1925052160.0
228639568.0
261861632.0
1501977984.0
844742592.0
434276896.0
-400932960.0
-249575392.0
-1768973824.0
-1477307904.0
-675365952.0
-115901504.0
1160082176.0
671530304.0
711462272.0
267376800.0
-343401280.0
-1625281280.0
-1381625600.0
-2058951424.0
-914532416.0
-1973863808.0
-1679222528.0
1207586432.0
-527107424.0
259968832.0
94134152.0
1633466368.0
-1917656320.0
-1885653760.0
2119098112.0
1421623808.0
-668837952.0
1990101760.0
2020139520.0
1517739776.0
1210591616.0
262020624.0
1893142016.0
429323712.0
-1354904704.0
-507771200.0
-552919488.0
32776170.0
404461280.0
-269736992.0
1505616896.0
-926603648.0
-1409144064.0
121960696.0
-1630865920.0
419289728.0
-1696834688.0
-799142592.0
369489440.0
-1775113472.0
1298063232.0
1053108352.0
1096218368.0
1674434304.0
-1770873216.0
-2031446400.0
1872241408.0
2105465600.0
1300776576.0
-620124800.0
1685788544.0
2043250560.0
1736754176.0
-1836400512.0
95165704.0
-1289747200.0
158065504.0
1856452352.0
733686976.0
442974016.0
-559658880.0
344303488.0
-1577770368.0
-96218776.0
-454859840.0
-1066508096.0
-320175904.0
-113548560.0
623218304.0
755674880.0
-1321557376.0
1360559488.0
-1635979520.0
1017880384.0
-1007955520.0
781243840.0
33608684.0
757696448.0
-1822143744.0
-1858976128.0
1281123712.0
566878784.0
-655840832.0
1455870848.0
-1257625344.0
980223296.0
711976832.0
460917664.0
1219134848.0
-225368960.0
1924717952.0
-28624332.0
407799168.0
-2074420224.0
-2033638144.0
-1520556288.0
538055360.0
564508736.0
-1361422208.0
541087168.0
1503723136.0
-1044223040.0
264229328.0
-15337470.0
-1997105024.0
-394605600.0
-227769936.0
-313434112.0
1057856256.0
-447771360.0
722900544.0
-2046265856.0
232077344.0
1186522880.0
1469950336.0
-943256448.0
1721988224.0
80075144.0
-793174720.0
-1840719488.0
-1119681536.0
49566884.0
-723845504.0
-2109761152.0
1868133632.0
236110640.0
2112934784.0
179924224.0
-1289589120.0
554085440.0
-1311314688.0
922253120.0
-372157600.0
495263744.0
-1364985856.0
-289287424.0
831576576.0
1453333760.0
753379392.0
1732201088.0
1066035072.0
1521739392.0
1128152320.0
-1098549504.0
-1898841344.0
-572468416.0
1681759744.0
-804375872.0
-1651093632.0
-2008864000.0
1846670336.0
-1439380352.0
2115151488.0
2118265088.0
-1233820672.0
1904829312.0
-409415200.0
-452176576.0
-780171520.0
-936133568.0
-1535946496.0
-405452032.0
-595463104.0
-232765584.0
-848908544.0
589392640.0
-1051814784.0
995538304.0
-41445540.0
-1616504064.0
671140224.0
-1230268800.0
844630592.0
-800995136.0
850564416.0
-145092960.0
-1290886400.0
1828488832.0
-754071040.0
-1711673088.0
-421557920.0
-1294373888.0
-416398688.0
289011584.0
1630823296.0
-2085264512.0
-1249748480.0
-145072000.0
504852544.0
-876698112.0
237508160.0
-700032320.0
-1838772736.0
46336112.0
337927392.0
-1650248448.0
-1122902016.0
-941264192.0
2104109184.0
-192077440.0
-1148145664.0
-1802794752.0
-2137149440.0
1546497664.0
1512286336.0
-134365552.0
1767399296.0
-1356005760.0
296643648.0
-1749402112.0
-554786304.0
-859623040.0
1701387136.0
1237434880.0
-60086868.0
1447238528.0
-207462288.0
-180576864.0
-1012702.5625
-1031465024.0
1174736256.0
-1620727936.0
-137743184.0
659153408.0
-826507648.0
-1740997504.0
-1376580736.0
-885698176.0
599914496.0
1317100800.0
-904980480.0
-92276744.0
-1791792384.0
-1672591360.0
-1617916800.0
1607737600.0
-737576000.0
-983453632.0
1908526720.0
-445775968.0
2103477632.0
-1266515712.0
-1822554496.0
-2078663808.0
-1271434880.0
1265396864.0
1399610240.0
1682431360.0
1809731456.0
1999988096.0
588366528.0
-693223552.0
-1564308352.0
-1026283840.0
1239396224.0
227395536.0
-1739165952.0
-310150048.0
122208360.0
526837792.0
-1669793152.0
1065387520.0
-970471680.0
1433894016.0
1522158080.0
-1696476672.0
-1535315328.0
1073354624.0
-819955776.0
2014385280.0
-486768224.0
-722531776.0
-1622587392.0
968781312.0
645618816.0
806549952.0
-515613088.0
-528293728.0
350867104.0
-453437568.0
-1395220480.0
-1186891392.0
1781290752.0
-1584899456.0
-65581052.0
-1798288000.0
1344704512.0
-1734441728.0
20437502.0
-819802496.0
1124615552.0
-1637013888.0
-1685565312.0
-1154087808.0
-1494204672.0
-1634598016.0
-302753280.0
-1681369984.0
-1315403904.0
1942902400.0
-485320736.0
1789203584.0
-1564606208.0
-1554679424.0
-671891392.0
-1517710080.0
-406654976.0
-859211328.0
961892480.0
274372064.0
-1127277952.0
-1755614848.0
-686839488.0
-2018185216.0
478083232.0
-540124800.0
1394686208.0
1542358912.0
2079144576.0
554021760.0
1102200064.0
1424313728.0
1183253632.0
-1734243712.0
-83183856.0
1820033664.0
1805548160.0
-1627845376.0
-803322816.0
-1500214144.0
-927625792.0
1748090240.0
-511876416.0
684601280.0
-114232592.0
991708800.0
27684066.0
1452550656.0
-1627633920.0
-2123787648.0
-621194880.0
-156320720.0
-2136406912.0
1724073600.0
-1406429824.0
-644109120.0
-213136336.0
-1201360128.0
-21239264.0
362553120.0
81514528.0
-596908608.0
1787369984.0
-773530240.0
-1320026496.0
472089408.0
178269664.0
115124576.0
806245952.0
-469772192.0
1297903232.0
1636028928.0
-2139465728.0
1936388480.0
-448565408.0
-1805962368.0
-126245920.0
1208897152.0
-762035392.0
-743504320.0
-1458468224.0
564757568.0
-2057732352.0
791236160.0
-623251072.0
1341139072.0
-592471936.0
1245521920.0
1584557312.0
1201105792.0
456597600.0
1156012928.0
-127144512.0
997093952.0
-496996672.0
1458562048.0
-649276096.0
-2007528832.0
-239337424.0
-1525391104.0
301718624.0
-2055121664.0
80747872.0
1088084224.0
-1735291136.0
1103211392.0
-909288704.0
1766718464.0
950405824.0
-1248505216.0
-177572416.0
-700430912.0
-1160474624.0
1594925568.0
-809737024.0
-1642991104.0
-297902912.0
70873376.0
1231121920.0
161053408.0
-1139056128.0
747019520.0
4481092.5
-981140672.0
-778134464.0
1690447744.0
1998376448.0
449532288.0
729616384.0
-1175862016.0
-712032256.0
-213938608.0
482527712.0
1122604544.0
-475798592.0
-646960512.0
-1152171136.0
1909871488.0
1362441088.0
1164319872.0
-1637258112.0
224873648.0
-1896220800.0
772915776.0
1523915904.0
1561701632.0
1377171200.0
102625688.0
-1981130752.0
1566872832.0
-942604416.0
1134219392.0
-1813282688.0
1358503296.0
-2100034688.0
-985126656.0
-438424832.0
-1477161856.0
-1741065344.0
807692224.0
357862432.0
-1526067840.0
-614373376.0
431585504.0
448943520.0
1520370560.0
-706148480.0
-381388736.0
1571763328.0
-1766179328.0
636709248.0
-1599131776.0
-661441344.0
-1270293888.0
-442573696.0
1504324224.0
-516598336.0
583620608.0
-622155520.0
313730176.0
-1523056768.0
-426594240.0
979374336.0
1864910720.0
803939712.0
-1463110528.0
-557796352.0
237213632.0
1524114688.0
2137040640.0
849373248.0
1298211840.0
-1752297088.0
404236480.0
-688284096.0
-1727254144.0
-405047552.0
-1378266624.0
-222706608.0
-1622511360.0
116421464.0
-1659502080.0
-1418649856.0
-1755879040.0
-1494988544.0
-221926800.0
-287547552.0
-1624739200.0
-1896852352.0
1361793152.0
-1627998592.0
-2133931264.0
1606534528.0
-1841244032.0
-2096816512.0
-374479072.0
-571106816.0
835134848.0
517360352.0
-1091381120.0
-1315541632.0
170613248.0
1119899136.0
-1837798144.0
48540264.0
-2136897024.0
-2009800576.0
-1541934080.0
-1217805312.0
-1666340608.0
1838867712.0
154271776.0
-1714359808.0
-341243072.0
-414724960.0
-73260368.0
-472155872.0
-1605272960.0
-903335168.0
1222510848.0
-1288840448.0
2088313088.0
976299840.0
-622487232.0
-1046604032.0
-1230512128.0
-456277056.0
-386078336.0
1431415552.0
120486920.0
1645544064.0
-171223360.0
777242432.0
940357184.0
848835072.0
-225328528.0
1144500096.0
-1105158784.0
1269849600.0
-1128290944.0
353981248.0
-1813681664.0
676584896.0
-1445599744.0
-1960373120.0
1934897280.0
-718552960.0
687492736.0
1840890240.0
-1318211584.0
1595912320.0
1966295296.0
119773768.0
-586463808.0
1133793024.0
676577088.0
134034616.0
1104145536.0
-38833292.0
177816560.0
-1805703936.0
340555104.0
-2035528960.0
417935232.0
2111498624.0
334532544.0
-1908279168.0
-1537451904.0
-1011171712.0
1441755520.0
-1901816832.0
520064288.0
1138942080.0
-511989984.0
-513208160.0
-919361728.0
690879744.0
1477791744.0
1152009984.0
195059968.0
1963192704.0
-1497163904.0
1311140992.0
141249040.0
41698784.0
-1419437568.0
1604116352.0
945188992.0
2036205568.0
328454144.0
1819857152.0
-843768960.0
-1556503168.0
1571588736.0
-87994704.0
-1511230080.0
1805920384.0
-2045451648.0
47165636.0
-1248476160.0
1594817664.0
-1616100480.0
-2033537152.0
-44512064.0
1716919808.0
1981059712.0
768969344.0
2028904704.0
-1065678912.0
149132624.0
816313664.0
971569664.0
547887232.0
970091008.0
1127473408.0
-1540670336.0
-1356383488.0
-1967985664.0
234351360.0
-941449280.0
-222084416.0
-668056704.0
-1900866304.0
-176044912.0
-1205980288.0
-139282640.0
160607728.0
-851242752.0
-1687784448.0
-1416134656.0
-1225389184.0
-253233776.0
-161416064.0
-1962853760.0
871664768.0
-1265239936.0
-2059796992.0
1985648000.0
357298304.0
1768921984.0
536599328.0
-1141686144.0
-2128616192.0
-1832802688.0
-81222520.0
2043700864.0
-1828468736.0
376890816.0
-141409904.0
-808015296.0
251430.125
1401678848.0
2100381696.0
387276096.0
1301330816.0
1911899136.0
-233894944.0
555449280.0
522893728.0
341633696.0
-806070528.0
-939769344.0
-693478656.0
-1820072192.0
915394560.0
428340576.0
255825904.0
533712640.0
-1903998336.0
717497728.0
-542488192.0
-1181488256.0
1942362112.0
1020454592.0
-848885248.0
44559160.0
762814720.0
2001710336.0
-1972278144.0
-857188096.0
1529030656.0
1926169600.0
431246656.0
-1392526720.0
-564709824.0
-1233595776.0
-471785312.0
-1762177920.0
192361632.0
-1102754304.0
-1494969728.0
1021732224.0
-1131645568.0
1875103232.0
-818784384.0
1112054144.0
-1910490112.0
1173416064.0
1844834944.0
-2036600320.0
-2069111424.0
-1197381504.0
-2075234432.0
-1526489600.0
-1662855040.0
174169616.0
732445696.0
789246016.0
-1072166208.0
-316358656.0
1161833856.0
1848028672.0
-825957376.0
1970178176.0
-1901810944.0
-1950734208.0
-2074671872.0
-2076097792.0
-1560779904.0
-889404352.0
-1960407296.0
1415126656.0
768667968.0
692146752.0
177480464.0
-1917141888.0
463180288.0
-594869056.0
-1681294592.0
-1816220672.0
-1387294592.0
-1969627520.0
-841650944.0
-25025232.0
1063455936.0
1846707456.0
443379424.0
1352032512.0
783984064.0
-13892560.0
-1123624576.0
193064704.0
-490529248.0
1331379968.0
1526075520.0
1518279808.0
-839243264.0
613515840.0
-1489001216.0
-1300632576.0
-1979179904.0
-1293702400.0
1127388672.0
-1681320192.0
-706358848.0
493270880.0
683862400.0
645134208.0
-1811877120.0
-745153088.0
1105093376.0
-1207103488.0
1992057984.0
-1859540736.0
1109840640.0
1169733248.0
1539856512.0
-1858060544.0
1858372480.0
1391866624.0
286447648.0
-1307023104.0
1924438144.0
803679104.0
-451166784.0
1437038848.0
360027936.0
302875136.0
-1686325504.0
-1370453248.0
833329216.0
-1031776000.0
-1356932864.0
32314404.0
-659722816.0
-676581056.0
1782001152.0
-48675228.0
1766269568.0
-601867776.0
1509757056.0
-1213521664.0
-355709408.0
-246693280.0
-955661440.0
-1895963648.0
2001261824.0
-1511222272.0
248611984.0
-262695456.0
-1312491008.0
1187045632.0
772924608.0
1456942720.0
296309184.0
-1884192256.0
503788640.0
-870475712.0
-858007040.0
663148032.0
1344227328.0
1583235456.0
498364352.0
1693870464.0
-1189104896.0
1530264192.0
1772219648.0
-253158400.0
-177163584.0
1357385344.0
-621490432.0
809302912.0
1316061568.0
1899976832.0
-373198624.0
-1398061696.0
-919800448.0
-2048768128.0
-661992320.0
1111343488.0
-1707002496.0
1978544256.0
2106269440.0
-1138788352.0
-1257034240.0
1432726016.0
429384192.0
-2007802880.0
354317472.0
1323750784.0
-2041625728.0
-298287744.0
-238649584.0
1344160896.0
-543047680.0
-927181312.0
-515728256.0
132220328.0
1005578816.0
-1942257536.0
847481216.0
-1604450048.0
562146624.0
1242174080.0
-1101602176.0
1573379328.0
-685566144.0
-1548985216.0
480122240.0
-558172992.0
-2106801920.0
-2044199296.0
-357008832.0
629733632.0
2135016832.0
-495289376.0
-62577464.0
-440019328.0
1413978752.0
99878616.0
2010876800.0
-1641210496.0
-1066635328.0
2069649024.0
1608486912.0
-1165721728.0
1844841344.0
-1369573632.0
-331877408.0
-673783936.0
-1262045696.0
-1060809664.0
1382797056.0
1880361984.0
-1028599360.0
355561952.0
-810139072.0
957017088.0
993215744.0
102279080.0
1733508352.0
-404611424.0
1769186432.0
1044850880.0
1472320640.0
1809088384.0
1753052160.0
678769216.0
1670157568.0
697791424.0
336221408.0
-420414080.0
-169739952.0
-931913792.0
-1095067008.0
1341867776.0
29488078.0
-648880256.0
1977913728.0
-1768344832.0
1642238720.0
210461024.0
-1399842304.0
-2036871808.0
883207808.0
-1301245952.0
-1101593344.0
-979245312.0
150705216.0
898034816.0
1292705024.0
174858848.0
-6450142.5
2180860.5
178896544.0
-14733475.0
104112680.0
448348832.0
992723648.0
-775577024.0
-1859275776.0
-747943808.0
578873856.0
-492895552.0
-195392304.0
500148544.0
-1871599104.0
1997673344.0
325934304.0
1649213696.0
2142347008.0
-2016169216.0
287011904.0
-1994136960.0
1349979648.0
-1562365824.0
-986561088.0
289873728.0
1948800128.0
809975744.0
1983027968.0
1052523840.0
1434480128.0
-831031424.0
-2031536896.0
-588929664.0
1269995776.0
438190848.0
1748485376.0
441131840.0
1659386112.0
-467514432.0
1568065408.0
-1622694016.0
1763821184.0
-1315075712.0
-1694321024.0
1811927424.0
1731725952.0
1705371392.0
-673059520.0
-318673568.0
-1096760832.0
-204856160.0
-19659950.0
1803835264.0
-1249359616.0
1597551744.0
1861705216.0
-1089364864.0
9940245.0
822800576.0
-882715840.0
2037866240.0
-1807024768.0
2048085248.0
-1151383296.0
-863903040.0
-436598912.0
-256869088.0
-1474911488.0
348243904.0
-1793942656.0
1821153920.0
475678432.0
-816774976.0
51183564.0
1708021888.0
-230928480.0
1379052800.0
-977699200.0
269469792.0
1533436544.0
1614569984.0
-2081773440.0
454921856.0
-1136839552.0
70233488.0
1965048960.0
-790522304.0
-1614751232.0
273482656.0
-601375616.0
-1835019520.0
-1056285120.0
-625770688.0
-1590322944.0
1303726976.0
1733159808.0
-426981856.0
223815392.0
1735158016.0
1280559616.0
1914115584.0
-385686592.0
1711361920.0
609436032.0
-2044487936.0
284305248.0
-129239216.0
-1186262144.0
967626240.0
-91954792.0
-178874800.0
1273159424.0
-1809325824.0
1784165376.0
-1131111424.0
-120556880.0
-634430656.0
-2056692352.0
-1006060608.0
1067215872.0
218783936.0
-1018506240.0
-946172736.0
253851472.0
-1682761984.0
-307418144.0
-1242657408.0
-1489681664.0
-230857824.0
493474880.0
-1169911040.0
-203310544.0
1788972416.0
197889568.0
1882707968.0
-137408192.0
1201964928.0
1220837888.0
749211648.0
-980017664.0
-1777437824.0
384857056.0
-1066167552.0
740953920.0
-687842176.0
-1834797312.0
-1898811392.0
-412521920.0
1760228608.0
-1481883136.0
-1704457344.0
1716770560.0
-1774957824.0
-542610176.0
1026384640.0
-2026551808.0
-2020272256.0
-881791488.0
456848128.0
730333248.0
1072422400.0
1521016320.0
-582146624.0
1150965760.0
179140352.0
-1146269696.0
1827795072.0
-1236768512.0
-191384304.0
1909438848.0
-925015744.0
249375168.0
-2054638848.0
1467253888.0
-772570176.0
1096181120.0
-1985107072.0
-1738328704.0
-934886912.0
-2091337728.0
-1105548544.0
993956608.0
-896666944.0
-780400704.0
679746496.0
-110875552.0
637292160.0
1140727168.0
-248488704.0
696690432.0
757805.375
549028480.0
742046848.0
865836992.0
493629600.0
1298256768.0
1114478976.0
1380034560.0
-974641664.0
-374397856.0
-256778464.0
-541551808.0
-2065367808.0
-1732979968.0
826910144.0
666709376.0
-213709600.0
434618784.0
684475392.0
227665856.0
-1485571456.0
132492328.0
-987643520.0
-1090738176.0
1312940032.0
967914560.0
1816182784.0
-1458405120.0
1169110016.0
-1210875136.0
81529816.0
-288817664.0
653985920.0
-1403083136.0
-1542442752.0
86070872.0
-663951424.0
1761639296.0
-1556502912.0
1663605760.0
1874213248.0
493329664.0
972863232.0
-793261120.0
-1577407232.0
30675542.0
1143052032.0
-791893568.0
-975365824.0
-117595272.0
330747776.0
33194252.0
1047472192.0
1114893312.0
1780140160.0
1182816000.0
1945556736.0
-659360256.0
10823553.0
1766291968.0
1013586752.0
-199641360.0
669121024.0
-1864084352.0
1364316032.0
-540230720.0
2136701440.0
1230188032.0
-329189792.0
-409541568.0
543167232.0
1209767424.0
764665472.0
-1888710144.0
-2056160768.0
-17094732.0
-685107136.0
-158603968.0
2072258944.0
815429824.0
617954432.0
-1359312000.0
-400485600.0
-1225736192.0
-1415255680.0
1649653120.0
1442896640.0
484149568.0
-470925280.0
-1565187328.0
-823283328.0
1885254784.0
1817791360.0
1946480512.0
551153920.0
-532899936.0
1932631552.0
603228800.0
943849792.0
1777611008.0
-1004652032.0
1048808000.0
729128768.0
-5992025.0
899417600.0
1760495104.0
-2050795904.0
-267171264.0
714832704.0
-699195136.0
1481868032.0
532567072.0
1837340544.0
1850922240.0
750770240.0
1563321728.0
130211376.0
1176915072.0
21206486.0
1091415296.0
540114112.0
-973717696.0
-635245376.0
-1050935296.0
544496256.0
400480832.0
51322828.0
-1098794112.0
1380883712.0
1492513536.0
544156672.0
737844928.0
1041267072.0
1554614400.0
476540864.0
1785073024.0
-175782032.0
-1363102080.0
255903632.0
-1651964544.0
-608649280.0
-1438554240.0
-2063140224.0
1768917632.0
1775780352.0
-1422209280.0
423815072.0
613014656.0
1185999104.0
-1481308288.0
284121632.0
1154807680.0
-13233958.0
166023472.0
1899486080.0
-1694370432.0
-1200377984.0
-757995648.0
-147431792.0
1036716864.0
2131564288.0
-13443020.0
1628213248.0
-2115399680.0
1929317504.0
1468154496.0
773444544.0
-1234794112.0
-612466176.0
375322336.0
1793148544.0
-58134636.0
-1740761856.0
460894560.0
-602143872.0
-1680911104.0
-237345568.0
807795264.0
-1971170816.0
-1861318144.0
1110743552.0
-428446848.0
-635112448.0
918140864.0
-158800736.0
1254972416.0
1829570176.0
-682951232.0
-2024428032.0
-1687351552.0
-1518506496.0
-1411709696.0
571714944.0
847925056.0
-1341344768.0
274614016.0
1949111808.0
-1348294912.0
222518224.0
-24075210.0
-125925912.0
1898848896.0
-394362240.0
-1144905472.0
875272128.0
-1928537344.0
922903808.0
-1264138240.0
-476366464.0
-1016593280.0
-1471217152.0
-1415897856.0
1581821312.0
1076772096.0
-1009562496.0
1049168512.0
-1859651584.0
-586539520.0
562858944.0
1795127808.0
-1052965184.0
1031501504.0
971222976.0
-431094112.0
-385163488.0
227518848.0
97761984.0
849763200.0
-968460096.0
-1039783936.0
-1723363328.0
1522824064.0
1295318784.0
-1077809280.0
-613035776.0
972551936.0
45497804.0
-736606848.0
1148053760.0
1844705792.0
-1823216128.0
1566034176.0
-278527008.0
1799990016.0
-1325191936.0
-1377940480.0
2100919680.0
-289197248.0
-1882608000.0
-1502165120.0
-1620541312.0
1326390656.0
1347679360.0
2080825856.0
-613121920.0
107815408.0
-1953841024.0
2119591296.0
-2063020160.0
1563555200.0
788109440.0
2105257344.0
860763008.0
2082955136.0
1573651584.0
-127347584.0
2022568192.0
-2084766848.0
-1761995008.0
-456924032.0
1918236416.0
-377738272.0
-1058031360.0
-50754864.0
-902440448.0
1911626240.0
-144285488.0
-247663232.0
-1710208512.0
675509504.0
245846672.0
-984532608.0
1720908672.0
-1917523072.0
-619766528.0
-111932536.0
855474496.0
1667165056.0
-823377792.0
958632512.0
-971382656.0
1973177728.0
-1211625472.0
-1722279168.0
373521632.0
555011392.0
-1978156800.0
-391350848.0
2077017600.0
1259443840.0
415690944.0
1226130048.0
-1334544128.0
-1296372736.0
-1750464256.0
-318266784.0
1010293312.0
676643840.0
765171712.0
-148556656.0
-384564544.0
-5270921.0
257924112.0
1154089600.0
-267733008.0
-1719900032.0
-1669254272.0
-635415104.0
-432294656.0
1529146624.0
-460832064.0
-1884321280.0
-37256240.0
-1809667584.0
-892205952.0
-1030176448.0
1172194304.0
2127905280.0
438019616.0
1959465344.0
112575272.0
1623927040.0
-2062298624.0
613869696.0
-1626044032.0
-1727986304.0
8301905.0
614764224.0
-767408512.0
-230910000.0
-1490311936.0
-1738492672.0
-802684096.0
-615729216.0
-1038718464.0
2059286912.0
604784256.0
1808480000.0
1171348864.0
1398596224.0
-544401280.0
1786365440.0
1669455744.0
-1558124928.0
-825484288.0
1902987904.0
-1437932544.0
-691063040.0
1077655424.0
1763236096.0
1919674368.0
-173450432.0
870572096.0
-1545469440.0
-1862103168.0
918120064.0
-1603057024.0
1113034368.0
-374509920.0
-1048391296.0
679897216.0
1145058944.0
-803922112.0
-150585840.0
1350183296.0
1170551296.0
1921102208.0
-1495707136.0
1656019584.0
-1108194688.0
1597844224.0
1098686336.0
2144209792.0
-869619328.0
-320629184.0
1200219008.0
429135264.0
972385856.0
542308736.0
-1224011264.0
347298720.0
-2143849344.0
-2025207680.0
253909104.0
824269824.0
-1253700224.0
356134624.0
-1316152320.0
1361927296.0
1894144256.0
-2021687168.0
-760066496.0
2132759168.0
964532352.0
-2098388608.0
-1633778560.0
565294272.0
-1202260736.0
-2115234048.0
-1075841024.0
1880894720.0
2129127680.0
-617456000.0
-1844071040.0
-1905535488.0
-1556160256.0
1419304832.0
1972447872.0
-140680464.0
-66153320.0
145041056.0
-1132550144.0
1735316224.0
1624076160.0
8872014.0
-285802016.0
811516672.0
-1281261568.0
-1479723264.0
-1108597120.0
301636160.0
386254304.0
378311520.0
-2145351936.0
202572672.0
1775475072.0
1990263936.0
-1201667072.0
1968720000.0
1543590912.0
1980190976.0
-1172027392.0
-617266816.0
1689474432.0
-1193988992.0
249095072.0
1365706112.0
-1698768000.0
-885614144.0
-834680256.0
-1889290880.0
1287657216.0
1250768768.0
-1210763392.0
1405099008.0
1760004352.0
1202396928.0
557299392.0
-702248640.0
1979479296.0
627827264.0
1260857984.0
-1213574144.0
1457451776.0
-1674634752.0
1378747392.0
1024902272.0
-358192352.0
-424112384.0
-1116924160.0
-1834938624.0
566118080.0
-454575168.0
1734937088.0
-329919392.0
-1715811712.0
-1848099456.0
-869179328.0
1240683264.0
-1948993024.0
1208242688.0
-2118397568.0
-1760468096.0
-1884270976.0
1471850496.0
-311737728.0
413152448.0
1295085056.0
3224398.75
-136780688.0
1308717184.0
1378287360.0
243964256.0
-1050556992.0
840888768.0
1263697664.0
-1635440896.0
639356928.0
650004352.0
1090213120.0
1972830464.0
263901888.0
-836562112.0
1186230656.0
-20202568.0
1289006848.0
1292648576.0
167305056.0
294000128.0
-1679364992.0
981370176.0
1875153920.0
-800570432.0
1986401152.0
-650058944.0
-203954688.0
-531811520.0
-994437952.0
-785598144.0
281727200.0
1860030592.0
-1726594944.0
455799456.0
-1418472960.0
501307744.0
43014952.0
490913504.0
-1848357760.0
-630224960.0
-177529008.0
585077440.0
-1827020928.0
-1936745344.0
1252906240.0
-1616735360.0
1903910784.0
39454612.0
-746143744.0
-807040320.0
2026092672.0
96180744.0
-110279960.0
149218720.0
-708342144.0
-1195020416.0
1864674816.0
1488550400.0
-518111616.0
1716086912.0
305737888.0
-1870381824.0
1195658368.0
-1141715072.0
-1093995520.0
1112400896.0
600185728.0
976967104.0
720278720.0
-127726168.0
-1824114688.0
-1558177024.0
-1972511360.0
-216145632.0
-1780342528.0
-55750640.0
-1326287872.0
197856576.0
1778606848.0
192386992.0
1289046912.0
-1594456576.0
-1370474624.0
373927712.0
-223616720.0
-1802189696.0
-28438448.0
2113141248.0
-442676480.0
-2059386880.0
-487687200.0
1783074816.0
-779373696.0
-162108176.0
1848427776.0
-102021568.0
-746694528.0
1037507776.0
-1136441984.0
-1379970304.0
-1003694016.0
-2101170304.0
-657411200.0
1164340224.0
-1630291072.0
-449493184.0
-569921792.0
-1861791104.0
-1710288384.0
-1300265856.0
820893376.0
-1664192512.0
-1805064960.0
-1055692096.0
-1343072000.0
-2120463360.0
-525041504.0
-660690176.0
124245328.0
-267046880.0
-1580019840.0
-226874880.0
-1169443328.0
822612160.0
1228974720.0
-1727190656.0
1454441984.0
291929952.0
1997084160.0
1385010304.0
-545042432.0
1905825152.0
-969296832.0
-154016672.0
1689732224.0
466541536.0
1789852672.0
-1438334080.0
905540608.0
780279616.0
1242838656.0
1657552640.0
65902048.0
-1248197632.0
-904741504.0
-1680174720.0
-1422445440.0
167261392.0
-1739360896.0
398982944.0
1362441344.0
-1602305792.0
-634139392.0
1252616832.0
-908504640.0
1630768896.0
-1943396992.0
835964.3125
2122994944.0
1053082304.0
-1935078912.0
-187258864.0
783973568.0
1155256832.0
403360768.0
1008821568.0
460179392.0
354680064.0
-531749728.0
-941574464.0
1044279424.0
-1737876224.0
-618013184.0
153612688.0
373196736.0
572018240.0
-1659368064.0
-400303424.0
-969211520.0
-1165877760.0
-2067371392.0
89192552.0
839012288.0
-291212064.0
600422976.0
625067712.0
-1889214976.0
265863952.0
-877438976.0
-639159424.0
1088444416.0
1594684544.0
-1069371328.0
-1695138688.0
992123456.0
1454342400.0
838732224.0
671266112.0
860242112.0
786797888.0
-2139710208.0
-1858464896.0
833324352.0
262176672.0
-1330056320.0
223311296.0
697472064.0
-989962048.0
-263763280.0
-1050299776.0
-1213636480.0
1985571712.0
-848963712.0
-195718288.0
-1062766400.0
1774315904.0
-64017752.0
-842817984.0
-400812128.0
-325228576.0
-1045003584.0
-1136984960.0
1145842816.0
-1401778176.0
-888704704.0
961109824.0
-1318462720.0
-995110464.0
439525088.0
-1061560000.0
287862080.0
-1565463040.0
-1172875904.0
-660484096.0
1044402816.0
-179808960.0
1896706176.0
537131328.0
2129858816.0
-199253776.0
-1974774400.0
953482176.0
631672448.0
558118208.0
778320576.0
-2130593152.0
-1108632960.0
1750165120.0
-1655766016.0
1241537408.0
-1684423936.0
2131857280.0
-1181755648.0
-445345344.0
1560479488.0
267154496.0
1401421568.0
1883560320.0
1814893696.0
-885526208.0
-253884400.0
1475827328.0
-1868788992.0
-938684928.0
-120136624.0
-902241984.0
861989248.0
-73797600.0
-1005575232.0
-1255810304.0
1351311360.0
957791872.0
-525110144.0
715278400.0
1738356352.0
-2075053184.0
892339200.0
2124205312.0
-1062326656.0
-98910792.0
-1356339456.0
-763615360.0
2030183552.0
-1492791040.0
29469646.0
1711176064.0
199340272.0
106757432.0
810596480.0
439871936.0
-518800064.0
421929728.0
-1385886208.0
-1899745920.0
252337776.0
-2127754240.0
-1297744256.0
-1170469504.0
1000596864.0
374635872.0
708290688.0
-857713024.0
-1156681088.0
626767424.0
1046120704.0
1661718784.0
580999744.0
-841837312.0
1498342784.0
1855162240.0
-2090951680.0
-1338947456.0
318597600.0
-248201280.0
250648192.0
-746235712.0
1973630720.0
-1920803200.0
653190848.0
1911477376.0
-1265684480.0
-2106292480.0
-95947592.0
1514239488.0
134726672.0
-785703168.0
-950013696.0
1577544448.0
1060058176.0
-575423360.0
1208155008.0
1072673792.0
413739680.0
1516184064.0
2010513792.0
1130986496.0
1630519552.0
-119299168.0
-1994751232.0
-1534653952.0
40099136.0
829932352.0
1216258176.0
-2095787264.0
1656397696.0
1565430656.0
-389658912.0
1068285760.0
639140992.0
1807081344.0
981400448.0
231517776.0
1996648064.0
548396288.0
197010576.0
1412450048.0
-1292806016.0
-84107384.0
-1876833536.0
1685715968.0
1704263552.0
-69652256.0
-677566336.0
-1960471168.0
910052224.0
-1721590272.0
848605312.0
-1637616384.0
1946781312.0
-151583456.0
-224831888.0
-173801808.0
-285563968.0
-295613280.0
1086737280.0
-1773985920.0
512126528.0
1388794496.0
-1638083840.0
-1711253760.0
-1578644096.0
-2081221632.0
-3882963.0
-539843584.0
879327936.0
850467520.0
-176438416.0
-843062400.0
2022502272.0
-1011982464.0
1367339392.0
2065372928.0
1606207.125
764161472.0
-1448499968.0
1223665920.0
-745163520.0
164144256.0
-828225664.0
-352864320.0
-1532215808.0
-207712288.0
-707465536.0
1410685312.0
1974157568.0
-1867688704.0
1241843968.0
-1999742976.0
-387796192.0
1352245248.0
-359536224.0
-1477200640.0
-1864058240.0
-1082193920.0
-1769818752.0
-2107273984.0
-1790589312.0
-1280516992.0
803743552.0
328208192.0
1040738944.0
1147988864.0
-1076256000.0
1312449408.0
397451072.0
574459072.0
1105887872.0
-2070887936.0
1394129664.0
-77212056.0
-1005521472.0
640126208.0
1804669696.0
857796544.0
-480485408.0
847751808.0
1862540800.0
-278183136.0
1219405824.0
-1295614464.0
-1507789568.0
1232009728.0
-1281065088.0
-1803427584.0
2038181376.0
-195052224.0
-1845165568.0
896757760.0
1827568256.0
384773952.0
-1069525440.0
331072416.0
-94430080.0
1306255104.0
-355679392.0
-985167232.0
1585373952.0
-159337600.0
-593135488.0
-1969374848.0
511713504.0
588223168.0
138381600.0
-1366713856.0
1253081344.0
772063296.0
-1839739008.0
300899264.0
614581696.0
679303808.0
-356931712.0
2138392320.0
479562656.0
602179584.0
-489152448.0
770216320.0
-1860261888.0
2056774784.0
-1105824256.0
-1391406080.0
257042176.0
-456589888.0
-1065689664.0
1244971648.0
-1204470016.0
442065760.0
-1543533824.0
1073614592.0
-1531516800.0
-445740800.0
367498912.0
-46461856.0
-2106947968.0
-867245632.0
1436514304.0
-1915674368.0
-2026246144.0
-863247744.0
-1316084096.0
2092027904.0
675102976.0
1824702720.0
-1646690432.0
2045732480.0
507676896.0
-1105221760.0
-575017856.0
287805216.0
-1438143872.0
540275456.0
1129649024.0
830367616.0
-29770744.0
600141888.0
-1628676608.0
-825264960.0
2110438784.0
133902568.0
-978535936.0
1977063296.0
407130496.0
1610498688.0
256089040.0
-641519616.0
-1690726912.0
-1176354560.0
1171853184.0
807480000.0
-1565621120.0
439714816.0
29059760.0
75470360.0
855967552.0
322636896.0
1417693056.0
-920600000.0
-1554141312.0
71817248.0
-807251840.0
-479038112.0
-1912859904.0
-1805821056.0
-1495268864.0
-936837760.0
2046686080.0
988551872.0
382259680.0
1447994624.0
-461919936.0
99429048.0
-1824904576.0
-2067239808.0
825390976.0
1246985472.0
-1510240256.0
2121700480.0
289109792.0
-730920576.0
1358719360.0
1500888192.0
491213760.0
974148928.0
403486656.0
1358566272.0
380956288.0
585565632.0
766986048.0
1049635648.0
-1343724928.0
1983138432.0
-1698718976.0
1046382144.0
-29710620.0
-1323475712.0
-1223893632.0
428917440.0
646660928.0
-640909184.0
1713435264.0
-2122126208.0
2136164352.0
-993448256.0
513817344.0
1261146240.0
-1513806592.0
504619904.0
1085864448.0
-223523776.0
-596099712.0
1314073728.0
-480796960.0
437400416.0
1246560896.0
-1341712128.0
-1158328832.0
38585820.0
1820222336.0
-1009156480.0
-464869312.0
-730911424.0
-281726976.0
-682020608.0
-954958976.0
425554176.0
1591282560.0
919973376.0
-59414144.0
-1410675328.0
1475024640.0
2047789184.0
1484527232.0
1253601024.0
-872255040.0
318210560.0
-610752704.0
1256511360.0
1936123264.0
-582264064.0
-270892288.0
-2098926080.0
1766405248.0
292669024.0
-1600398720.0
-489729440.0
-651898880.0
1345357312.0
29991644.0
778036544.0
660658624.0
-1218727552.0
815062592.0
855355008.0
-491255520.0
-166597792.0
-468857568.0
-478488128.0
-280417824.0
-752475200.0
177667040.0
1322657024.0
-246905520.0
1970158720.0
1973627392.0
1050643776.0
1072647552.0
1183695360.0
-911951744.0
798254464.0
-1709776512.0
-1577827584.0
-1254194688.0
1922845312.0
1938976896.0
1688235264.0
234429328.0
-1681745536.0
1292686848.0
1549319552.0
-665782464.0
-450480576.0
-1799184000.0
-772702144.0
1225953792.0
456688224.0
849546368.0
1891534208.0
2048615808.0
-1316384128.0
-418138208.0
-1273906048.0
780076672.0
-2018579200.0
3289415.25
-1776306944.0
1175716352.0
1234760320.0
19503152.0
1999423744.0
579092992.0
1825474432.0
1809336576.0
-1353659136.0
-911259904.0
-1018210304.0
1357283456.0
715658432.0
-746879872.0
-1580535552.0
1674342016.0
1087688192.0
-382707360.0
159890576.0
537691968.0
920349056.0
-621911232.0
-2092482560.0
-1148495104.0
1894587904.0
1580142848.0
1377011456.0
567152064.0
991106560.0
546497920.0
-1809909632.0
1017239168.0
-1628706048.0
1120896768.0
176259904.0
1302197120.0
-351201856.0
828127552.0
284790624.0
-446538080.0
-1986669056.0
-705624512.0
207876960.0
1125138432.0
-1799584384.0
1618799488.0
-404170112.0
-1608403840.0
1217831040.0
1305058432.0
1770008192.0
-732819584.0
50460176.0
-866209920.0
-450667072.0
1982583552.0
-1422669952.0
724151232.0
-375297248.0
1167974528.0
1856841856.0
1168199808.0
-795688256.0
1698624128.0
1717606144.0
1552922752.0
1839522816.0
-17094104.0
-1880162432.0
-777782720.0
2038153472.0
-1125117824.0
463796384.0
-1350966656.0
10265621.0
-906842944.0
-1772739328.0
1704939520.0
1565467392.0
1473682944.0
-2131461504.0
5931307.0
101600104.0
1854027520.0
1051927488.0
1059644544.0
1203300352.0
105524256.0
1864418816.0
-84272528.0
-1389371008.0
2089043968.0
227203136.0
-255151312.0
1018597248.0
1047402688.0
402830976.0
1712621568.0
-1601633792.0
-1687780352.0
991433728.0
324276672.0
-495514848.0
-953775040.0
-1543672192.0
-1015688448.0
1300947328.0
1959380864.0
431617248.0
-1823401728.0
-1338472064.0
-1776488576.0
-1497116800.0
332059936.0
1438332928.0
1340231552.0
-142823712.0
-1637066624.0
-336438240.0
1969450496.0
668747008.0
-84866888.0
627045120.0
1111303936.0
1295812480.0
-948211968.0
234753504.0
1230577280.0
-2063364096.0
-297787168.0
-775720832.0
210702064.0
-467722336.0
-438978112.0
1989242112.0
-1989304576.0
2042827904.0
-1785230976.0
-1750993280.0
-1052473600.0
1957997824.0
1472708864.0
788511936.0
-2115254400.0
-1811747584.0
73928440.0
-579582.875
-1529383296.0
-1636835328.0
867609536.0
1004096448.0
357881376.0
948891072.0
-1107661440.0
133398392.0
-1852756480.0
-789936512.0
-354611040.0
-1496040960.0
-1227604096.0
-717397888.0
-900066048.0
-1664051968.0
-1559342848.0
-357223104.0
-1394197888.0
241143312.0
941748544.0
-2078720768.0
881383488.0
1757191680.0
281545856.0
-342614400.0
-1167359488.0
1036021056.0
-471832704.0
-585733568.0
-613075712.0
-217045024.0
-1941645056.0
-1974084352.0
-922730560.0
2127086208.0
-2099428096.0
-1441547264.0
1574103552.0
1005991808.0
-466659776.0
-1280303360.0
-192844896.0
-787041664.0
297202464.0
-210586480.0
1159441920.0
1029727616.0
2056570496.0
-110845232.0
338888128.0
-608142336.0
397089600.0
857318528.0
2108230272.0
634888704.0
805816768.0
510568320.0
-254395200.0
1205014016.0
-1742064768.0
-724456512.0
1119260160.0
1867973248.0
777282496.0
-135816080.0
-1052353280.0
71070944.0
-1294322944.0
-1144384896.0
-802120576.0
-847986944.0
-1865428096.0
-1113882368.0
439325440.0
1528190976.0
1481823104.0
-715457984.0
393054976.0
1082276992.0
-448544640.0
-1264730752.0
1883166464.0
1364343296.0
-1126730496.0
-1550618240.0
571370816.0
-1142962688.0
1042377920.0
-1476888320.0
1255380736.0
-45154208.0
1261206912.0
-1819397760.0
1219714432.0
874396672.0
-752994112.0
1837017472.0
-1212562304.0
-440413952.0
1798765568.0
-1403532288.0
-2146658304.0
296732032.0
-2041812992.0
1008651904.0
1965584640.0
1197009920.0
-740536384.0
1245212416.0
-1330296192.0
-886749760.0
273050080.0
758364224.0
317702272.0
663544448.0
2043347328.0
2076365056.0
-256449216.0
-801289984.0
69586288.0
1073973632.0
1270748672.0
-1801203712.0
292672320.0
-498356128.0
-1904730240.0
1225794048.0
-1971845376.0
-1981424768.0
-811382080.0
2039920256.0
811615360.0
-1942627968.0
1001101056.0
1289291392.0
-1540403456.0
-8888511.0
1586043520.0
-468947904.0
2069304576.0
-976809728.0
-991077376.0
-508433152.0
-1592359168.0
-1323588480.0
-1603177088.0
2097920256.0
1606806784.0
-1587764096.0
-1002617088.0
-922144064.0
464787776.0
104671136.0
-518542720.0
134908032.0
883565696.0
1891207168.0
-857043136.0
437702176.0
-522173664.0
2059565312.0
-343681984.0
2096447872.0
439279968.0
-1691759488.0
1146460416.0
205665296.0
1998582400.0
339386176.0
1592211712.0
-213885040.0
107889928.0
1818692352.0
-104675816.0
190216928.0
1168783744.0
78843168.0
-9156801.0
1262972160.0
-749816128.0
-1190913792.0
-941637504.0
-1302879744.0
1749146240.0
217274144.0
-1262652416.0
222874944.0
1715463296.0
-831493056.0
-1538004096.0
271164224.0
-1688792576.0
4989825.5
737933184.0
-49310892.0
454754848.0
-1155683200.0
439437344.0
-1591493632.0
1521282432.0
1436741248.0
86905016.0
351234080.0
-666498944.0
1517232896.0
-2127873152.0
41682760.0
116241792.0
1517129600.0
1840269184.0
-1439492608.0
278496480.0
697315008.0
-2023034368.0
1527763328.0
-614962304.0
791616960.0
-731395520.0
-1084375040.0
-1010670720.0
-757092800.0
-465019616.0
1812330752.0
773088128.0
-1435893632.0
835502336.0
1250130304.0
95161296.0
1038354688.0
-1758568704.0
-709799488.0
1752588288.0
-1445667328.0
283346592.0
1665174784.0
-1188251648.0
1227778944.0
-1318333952.0
-1929846144.0
-1800918144.0
-1024858816.0
2061788288.0
-159980992.0
-1049997632.0
1228234240.0
1257291008.0
1328998272.0
-1500952704.0
96884312.0
1711103360.0
2087111040.0
1078485632.0
-117207824.0
830079872.0
1512804992.0
500841472.0
-171980528.0
267068640.0
-1892894208.0
-518004448.0
-322084416.0
352265120.0
-1708176256.0
1292412416.0
-1672236160.0
-1885001344.0
1867910912.0
897795776.0
-1168651520.0
-836174656.0
-1894768384.0
1511063808.0
205508624.0
1636183680.0
-154383216.0
-749760768.0
2117683584.0
-1796487552.0
2101064192.0
-1183007488.0
-212901408.0
812321152.0
-232214672.0
1018943616.0
-1725939072.0
-1656172288.0
985563712.0
1516852480.0
1493087104.0
1365070592.0
836640128.0
742752832.0
881219008.0
396566944.0
-1853975040.0
-1190728320.0
1017772736.0
-1963216128.0
21078002.0
-1299323264.0
-365216352.0
813071488.0
-668849856.0
1713842176.0
1977998080.0
-591079168.0
729537344.0
-1982464000.0
1271673728.0
-705303872.0
293249056.0
1902899840.0
1459777408.0
701196672.0
-196986864.0
1628345088.0
862786432.0
-2086871552.0
-105518184.0
-1114004352.0
775168128.0
-1574506752.0
844567168.0
-300394368.0
-1390381312.0
1994062208.0
211259808.0
-1976922240.0
570651392.0
-1973244800.0
-284980352.0
1204400000.0
-1956690432.0
-1833238528.0
646019968.0
-620901056.0
1506143360.0
-692428416.0
528695808.0
-989075520.0
856642944.0
-753022592.0
-2026392576.0
-1419303936.0
2104968448.0
1308759168.0
85032040.0
-145542288.0
-483894560.0
921162304.0
-385921568.0
1126537984.0
-1917381120.0
537600192.0
1025861632.0
-366157952.0
-2141046272.0
70419224.0
-579715648.0
-826392448.0
-1823283456.0
2135975552.0
35840120.0
174483008.0
836550336.0
864768832.0
1084485888.0
973564864.0
593375808.0
794413056.0
-1359100032.0
536481984.0
1624324992.0
-290250176.0
-1014677888.0
-25592816.0
-480137632.0
-2120318720.0
-1885313664.0
1015385536.0
-1657420672.0
136786768.0
52050416.0
992942464.0
1831202304.0
-964240384.0
-1467344768.0
1787680512.0
-1071648832.0
-1501628672.0
-1034877376.0
-2144118784.0
669000320.0
1442342144.0
220438800.0
-881597824.0
-1060644096.0
-2933731.25
1596114304.0
417864160.0
739575744.0
1913320320.0
-963624448.0
-783156096.0
-1380316416.0
-916450240.0
517196512.0
-429723904.0
-564821120.0
-1923981568.0
-1301091840.0
659962752.0
1510329600.0
-1772588416.0
664559872.0
141964656.0
1298163584.0
1209204864.0
2101744256.0
507327776.0
-1465697024.0
2087586688.0
1100582912.0
1607606656.0
1872950912.0
-1304806144.0
-1679531008.0
-748461440.0
-980707072.0
-701406080.0
-1209638144.0
-553753728.0
1319579392.0
-1297850496.0
-356120992.0
1191878656.0
18361004.0
-1200866816.0
-119915264.0
-232717392.0
-742078272.0
-2122844672.0
1955653760.0
-1114149376.0
677980992.0
-1048885696.0
-732430656.0
1592636160.0
-1998626816.0
-725491840.0
1197900800.0
1295804800.0
-1508538624.0
-1166537600.0
1899169920.0
-1870596224.0
646751360.0
1364777728.0
-505149344.0
-1593148032.0
1281140992.0
1326110720.0
-1343384064.0
202002560.0
1906739968.0
812524672.0
738612352.0
1679440384.0
-2060772352.0
-856498688.0
-1781193088.0
873571200.0
863021504.0
439961760.0
-1320379392.0
-469037120.0
722387136.0
2008643072.0
-1324520704.0
52675056.0
-945541120.0
1470263936.0
2122950784.0
-885131008.0
-626863360.0
-1207129216.0
874308224.0
927482688.0
1945273472.0
672795264.0
1060567424.0
1179362176.0
-2102927104.0
-12795638.0
1714876160.0
-210483952.0
942316864.0
893948672.0
24926720.0
694817792.0
-1073233344.0
1904450304.0
-567369984.0
7984293.0
-709446720.0
864214592.0
49460384.0
226190864.0
-820687616.0
-1834069376.0
519468736.0
-1847508096.0
-1781622016.0
1078228864.0
-771529472.0
1083015296.0
-1415025792.0
1778624384.0
-169953248.0
-622864896.0
-1633486720.0
1274988032.0
-554398528.0
1450674176.0
-698105728.0
-1128203520.0
852022912.0
771339904.0
1427542784.0
1942210432.0
1738036224.0
714043712.0
1982515712.0
1953827712.0
-473565920.0
-1010263104.0
-2006434560.0
778617216.0
-1123998208.0
-1552221568.0
-1882228736.0
-2058336256.0
-1483595392.0
-2099180160.0
218271872.0
1223211520.0
-838391104.0
1455988096.0
1246164352.0
-1273328640.0
-1691113344.0
1987350912.0
-804745536.0
837555712.0
-1935382784.0
1551758336.0
1072392192.0
-2099819904.0
-1029842688.0
1812687488.0
483569024.0
-1333743232.0
-1253555840.0
-1861456256.0
544100480.0
86441712.0
1186912384.0
-989293568.0
1746016768.0
657371136.0
-966017536.0
-1969977344.0
2130065536.0
-2020635904.0
440483776.0
1030420160.0
-1459789696.0
-1556686336.0
545779968.0
-463693248.0
-1232407168.0
-961350336.0
-1997476096.0
1306371328.0
-1948009472.0
-1614475904.0
-335862208.0
-1615196288.0
1963838720.0
937523392.0
-1687268864.0
-488626176.0
204933904.0
-1833657984.0
579134208.0
1655238016.0
-269507520.0
-2059486592.0
-818334336.0
-318163968.0
-577261440.0
167498208.0
-267984672.0
-1105274240.0
-1500864768.0
-639189632.0
742575232.0
-723680704.0
1942560128.0
-1547040256.0
335345728.0
-483769088.0
-1692402432.0
-1801866880.0
-1313551872.0
-987226432.0
-801613504.0
1815699200.0
-653394560.0
-167316240.0
20357404.0
180134016.0
-1632705408.0
-440243904.0
-1159511552.0
-528177760.0
-212296000.0
-520271680.0
-1888824192.0
-1271033600.0
-2106164992.0
486447104.0
-1995334016.0
-761283712.0
-1140689408.0
658568256.0
1426565504.0
-575832000.0
281310752.0
887474432.0
-816317376.0
1660928512.0
571707840.0
-1880341760.0
1360345984.0
1730883712.0
-598467648.0
1636289920.0
-1477753472.0
142219392.0
790838080.0
1954227072.0
-1886390016.0
-1413698944.0
-685309120.0
132549288.0
1658820480.0
-1321492992.0
-627277888.0
-97175640.0
1045713216.0
1411703296.0
-1343925504.0
463270240.0
1735313408.0
-144667552.0
1691044608.0
819616128.0
-1925128576.0
769488960.0
-1168029824.0
659135552.0
-1315027712.0
1413302528.0
-407383520.0
1154841984.0
-1866771072.0
-1351838592.0
2006373120.0
-890981824.0
898671744.0
-2082703104.0
-727023808.0
-814678784.0
-1285583872.0
-326935104.0
74964520.0
-1588581632.0
-973657344.0
-1804085632.0
1008109312.0
-1373413376.0
1240518528.0
1116809728.0
1433895296.0
-247791904.0
-1526333696.0
-880548544.0
-507843488.0
-1987788928.0
-1942990464.0
239068848.0
-1412563072.0
304164608.0
-1351062528.0
-1455539712.0
-1379468672.0
-2129526784.0
-946862528.0
217975456.0
-1321273984.0
2025268480.0
2055759488.0
1932275072.0
-1738694272.0
373281440.0
-1974258560.0
1121628160.0
-1333537280.0
1979591680.0
-1816401920.0
-493898880.0
-1933591296.0
1011971584.0
1545172864.0
1121478144.0
950178816.0
-753388736.0
-1461262464.0
-289313856.0
-1604786432.0
1170113024.0
1074843776.0
-2058282112.0
-1114580864.0
-659922624.0
329402592.0
406997632.0
1112800128.0
-958779712.0
196051232.0
771673792.0
-272825280.0
-1055337472.0
-491647904.0
-559508480.0
-1363838848.0
1813461632.0
904268288.0
160574336.0
2087063424.0
-1237075328.0
-1319525504.0
-52259956.0
1446749696.0
-326380800.0
-1167798784.0
630882752.0
1563944960.0
1358693888.0
-2097273216.0
-280645184.0
1329869312.0
413811648.0
-1376829824.0
-341930944.0
-315583552.0
962062208.0
-633367360.0
338293856.0
775931520.0
441891904.0
-2032547968.0
-1258783360.0
-1042040320.0
160136480.0
2119666688.0
394866016.0
2055066112.0
1341087360.0
1779476224.0
-834125312.0
1916189440.0
-1160586752.0
1874037760.0
810085504.0
-1013961856.0
-1107386368.0
2129668608.0
-1889791744.0
-1850191104.0
-1830399616.0
-69320552.0
-574889792.0
-448264640.0
-624648064.0
-1947959680.0
-1878232832.0
729738368.0
-1843126272.0
1622993024.0
-1639709184.0
1779058048.0
-1823217536.0
-1633308800.0
-1708674048.0
242669824.0
1409615744.0
1786762880.0
-1778202624.0
372317312.0
-345595872.0
-327391232.0
-296330144.0
-1120184704.0
1580618112.0
-360481856.0
1359364608.0
-894206912.0
-578497024.0
620684224.0
1150458368.0
-2146895104.0
961145216.0
39519160.0
1663391488.0
-1167213184.0
-1191986304.0
-2037894272.0
1177322880.0
-401310336.0
1480496896.0
-1204362496.0
1883282816.0
-3415323.75
-588308032.0
2113476096.0
2133413504.0
-729071616.0
1871495680.0
-201354560.0
1635930368.0
1014447872.0
603638080.0
413290528.0
-1815263872.0
1776454784.0
1120741504.0
-1142246016.0
-1616889728.0
1007897920.0
866296960.0
736038208.0
-593126144.0
-769437184.0
-1427082752.0
1371456512.0
-1665366016.0
-99774760.0
654408256.0
1670282112.0
-1475720832.0
2142923392.0
1323015552.0
-2125867648.0
1353928320.0
2138299136.0
586040960.0
-22077834.0
-1481614208.0
-613071296.0
-2083404416.0
1222992768.0
2012763264.0
1361104128.0
2114895872.0
-2010137088.0
-1446644736.0
1004616640.0
-1337867520.0
-26184850.0
1679982592.0
-1742499840.0
-1982745600.0
576479872.0
1714083328.0
-800783488.0
367764416.0
-792574400.0
1778202880.0
-74774424.0
-318062336.0
509089984.0
1297467904.0
-1698303232.0
209732400.0
2049818368.0
-1961113728.0
224322880.0
-2001250304.0
1091779712.0
968018368.0
2037875840.0
1242902784.0
-861942848.0
1122201728.0
-870459008.0
622437376.0
-436676800.0
-1340338816.0
338643360.0
2051857664.0
-1604985984.0
-485691296.0
-101197336.0
-1373734016.0
2067964160.0
1621156096.0
1678158464.0
-628859392.0
809211648.0
-1966090496.0
594011584.0
-333382048.0
-2050203008.0
-2019821056.0
-1393415552.0
1561052544.0
-344464896.0
-1111733760.0
726934528.0
-1792515072.0
-265527808.0
399537664.0
976925888.0
-310112960.0
2024327936.0
-811895808.0
-1132222592.0
33994588.0
982665152.0
1729129600.0
1563600640.0
-744752704.0
-105861200.0
-210548592.0
-1728766080.0
-2016906624.0
-1241639296.0
1542909952.0
1140934656.0
-1322051200.0
799676480.0
1765468672.0
-235695216.0
801167616.0
2093838464.0
1796593152.0
-989917760.0
-975499008.0
588576064.0
1865559680.0
874505472.0
-1668989952.0
1654137728.0
-1385466624.0
377740704.0
48749956.0
-179689600.0
433206528.0
2131766528.0
-441628064.0
669731520.0
-159538288.0
-1281150592.0
-1811274240.0
-326153440.0
-562631168.0
1400727040.0
-94099112.0
-246336256.0
657486592.0
490748864.0
1542380416.0
1536608000.0
1064736192.0
1812272768.0
-1399240320.0
259069776.0
-233509024.0
433724480.0
-1649352320.0
-1658788224.0
1161808384.0
1320909568.0
-865662976.0
-2129142144.0
-1420118400.0
-1223602432.0
1954699776.0
-108035608.0
382473408.0
-1267911040.0
1818144256.0
449985536.0
-763074048.0
177704064.0
-370363776.0
-668239488.0
1826453760.0
-2055801088.0
1439523968.0
-1414894592.0
-730142272.0
-995104832.0
-1218854016.0
-1611590016.0
-599264192.0
1774181888.0
731563520.0
-998377600.0
-1430622080.0
117003584.0
1900403840.0
-1158718464.0
167685120.0
198743280.0
1137472768.0
2066412160.0
-143353776.0
976512896.0
1624892032.0
-690115904.0
-781068928.0
-930729344.0
1382312576.0
1707487488.0
-575144960.0
-1379114752.0
-77668056.0
-914436288.0
680013248.0
1306346880.0
2125711232.0
-1949762816.0
-456763296.0
43887376.0
1270778496.0
1224458240.0
1466733696.0
610019776.0
341339104.0
-1543085184.0
-632281984.0
128550176.0
1806948864.0
-1327521408.0
-1552422016.0
-69988824.0
1755109632.0
1799982464.0
1234930304.0
-183715936.0
-611262976.0
-129627680.0
2004141440.0
665782912.0
437954112.0
-614763776.0
-236936208.0
2006755840.0
-1071880640.0
-1961381120.0
1144761216.0
23863926.0
-1418312704.0
564625920.0
2105810688.0
-49191028.0
-565898432.0
-97833016.0
770303168.0
-619892672.0
70379704.0
1082623872.0
-1198294016.0
-773547968.0
239881936.0
-448603616.0
987769216.0
-1079659136.0
847852416.0
647540672.0
1329222016.0
-1655944448.0
-46554052.0
584230272.0
1265141376.0
696155584.0
-323443360.0
1576980480.0
930421056.0
1577922944.0
1955992192.0
-272571168.0
-809603712.0
-1900993920.0
1230711936.0
1911743104.0
-761093.0
1587892480.0
-1888472960.0
-1901878016.0
1837767040.0
-1413962240.0
-1942115968.0
1934952064.0
15188607.0
34043480.0
834534528.0
1137816192.0
1396312448.0
-1460539392.0
1157335168.0
-125764368.0
1610387968.0
552291648.0
-1590674560.0
50165096.0
-1755151616.0
209698416.0
1924054400.0
1748902656.0
630110080.0
757954560.0
1987811456.0
-1476899328.0
-1111786112.0
655975488.0
-1318156032.0
892385920.0
-1525339904.0
-1646704384.0
-166024912.0
369462592.0
1456133760.0
201606896.0
-1220651264.0
1386728064.0
-886883840.0
1568271488.0
-1649294720.0
59194640.0
-657819008.0
-1613022720.0
-2063906176.0
-826172608.0
666000256.0
2035573504.0
-1870603136.0
1684490880.0
-1013803712.0
-204785808.0
-975999424.0
-1276529408.0
-942691520.0
-729068480.0
-1339323776.0
-2016003584.0
-1064696960.0
-660274112.0
602288128.0
450289664.0
448256224.0
688697536.0
129976552.0
1804120704.0
1853018112.0
-1437828608.0
1566264576.0
632192000.0
-112234984.0
-566641216.0
-601769728.0
1693693952.0
1289004928.0
231716944.0
-1811656576.0
-1174691200.0
975620032.0
1998351616.0
-998205824.0
1969332608.0
475570816.0
-1813521536.0
982188352.0
-244910496.0
-537850176.0
776933376.0
381656704.0
-1203921792.0
-260155056.0
-941831424.0
463438944.0
-604627968.0
863510272.0
-974106688.0
1408428544.0
-721531520.0
-1422486144.0
360301888.0
-872361088.0
-1701910016.0
1222958848.0
-102397680.0
1870093952.0
930330560.0
1296071680.0
-2028577024.0
1308242688.0
-1134078720.0
1840527104.0
-431320416.0
1710853504.0
-537586048.0
-681070592.0
472725312.0
458722016.0
1644688896.0
-937206016.0
-2017007104.0
1011101760.0
732403712.0
920936896.0
1953038592.0
787345024.0
798737664.0
1356921984.0
-2014575232.0
-233521568.0
2007225472.0
-454885024.0
-719145216.0
-1507461376.0
-1019509696.0
1986667264.0
1893597568.0
-1066585920.0
-730508032.0
-1099100160.0
1523548544.0
-1899859072.0
867981696.0
1138953728.0
2071269376.0
241292032.0
1664195072.0
-567963776.0
227644992.0
528737888.0
-1226889088.0
-838014208.0
823336768.0
1959366272.0
2085348736.0
2103291648.0
1881574272.0
42443908.0
1376462720.0
-418612288.0
216427280.0
-1592838912.0
217396512.0
1041756096.0
-780242560.0
1517625728.0
1843789696.0
-963388672.0
-1216928384.0
-952298560.0
-2063886720.0
1754794496.0
1735742336.0
-115397456.0
383496736.0
-1688203392.0
1430888576.0
-729200320.0
-1964618880.0
-801457216.0
1567177216.0
451331360.0
856408704.0
-898861824.0
-686212736.0
1972898304.0
34144572.0
-814079872.0
-1131414272.0
-921178176.0
119555248.0
-174412992.0
1114167552.0
-1582131712.0
-986291392.0
-1548894720.0
1637257984.0
-448197824.0
-811919744.0
1272980864.0
-912489344.0
1746439424.0
-999989568.0
1333969792.0
-1183424256.0
-1103135744.0
-795832960.0
483307680.0
-256662880.0
1052202560.0
1095577344.0
1202520448.0
1020933568.0
-1328413696.0
1873771520.0
-751540480.0
1805388032.0
-557603968.0
-468914560.0
138330992.0
-624621824.0
368379232.0
1342803072.0
-164229488.0
-1808687360.0
541537920.0
-1679235200.0
1596160896.0
160823072.0
-1645960448.0
-58274480.0
-1072013888.0
79026272.0
-1053011136.0
-505768992.0
2104839040.0
-1105918592.0
1827486976.0
1330597504.0
-2099457024.0
-172596304.0
485946176.0
1676744064.0
1687448192.0
2123145600.0
2124891648.0
574733696.0
706811008.0
1164930688.0
-109836472.0
-287368000.0
1609357696.0
1983873024.0
2083474432.0
1614017152.0
-1473096448.0
1275027328.0
1305670912.0
-846406272.0
-1791060992.0
564924416.0
-1995917440.0
439672800.0
1611253632.0
908925504.0
1714944512.0
348761120.0
-604523840.0
-1123191296.0
14014437.0
-997877696.0
194210544.0
1926898304.0
950759040.0
76134608.0
-1518085632.0
99544896.0
191808816.0
-211436304.0
-314374720.0
1074167296.0
1919860224.0
951954752.0
1977261568.0
-608608128.0
-370586880.0
-144733568.0
1111180288.0
1064709184.0
2022227200.0
-109808048.0
-2075297152.0
-1668631424.0
2088624128.0
344071744.0
1078616064.0
-2010327168.0
-2131402624.0
-1679911936.0
-923207936.0
-1753166720.0
2100393216.0
-1915481472.0
-212710736.0
-600551680.0
-411832352.0
-1917854848.0
843539392.0
-380387552.0
-1113630464.0
-1754969216.0
1124015488.0
-242156672.0
1411120512.0
-1351318528.0
-1389235200.0
-996192000.0
-742034048.0
-901367232.0
-1321402368.0
-1343068160.0
2143881472.0
1064187328.0
-233597552.0
660786688.0
1965728000.0
-1007614528.0
1631868416.0
-780774016.0
606920256.0
1727126656.0
1977198976.0
273084896.0
1667964928.0
1350425600.0
557548992.0
1719126784.0
-574125056.0
359820160.0
1518437632.0
1368223232.0
-426994336.0
935788288.0
779890560.0
1209327744.0
-1998390528.0
-902169984.0
2121137280.0
1605303808.0
-982947712.0
64978012.0
2986835.5
-1464143232.0
64780480.0
1775186816.0
-1677716992.0
1923656576.0
1543344000.0
-2143254528.0
-711225792.0
1324698368.0
196775152.0
-497000608.0
1507592832.0
-622716480.0
57370544.0
-904321472.0
77501136.0
916619968.0
1207020800.0
-1310155008.0
-793060608.0
-563072832.0
-767427456.0
1141094912.0
182603344.0
-954418752.0
315733216.0
-1155192960.0
1628238080.0
-218341104.0
-1853189120.0
1587800960.0
-1168230272.0
-958123584.0
-1640983424.0
-1123896192.0
-2105787776.0
1400698240.0
-1686608640.0
1598096896.0
1278975232.0
1683656832.0
-1310601088.0
-982933312.0
1066170304.0
696406336.0
-2096931328.0
590739264.0
1419056384.0
1505689600.0
-1618534656.0
-1458467328.0
-697147456.0
-565477824.0
765616448.0
-1319985792.0
-1839911424.0
1400194048.0
1154645248.0
415251840.0
-816968512.0
-1188418176.0
2096307328.0
1167964032.0
-772830464.0
-1106041472.0
979166208.0
-874252288.0
-945728512.0
1781794432.0
1449880960.0
-590585792.0
315677024.0
-1063373504.0
-1520436992.0
-1261474304.0
-447437184.0
320608928.0
-1740037504.0
2068865152.0
-27141712.0
-809632320.0
1629766016.0
801952704.0
1274308736.0
1150514048.0
-1145190912.0
1731082496.0
-660545792.0
-1519292544.0
2077384448.0
507479264.0
-520618240.0
-316638624.0
647256832.0
1407228032.0
583343936.0
-1640678656.0
1009221376.0
-1340386944.0
-1048367936.0
-329418592.0
1449495680.0
-359311392.0
-1756994560.0
-1167127680.0
-951764800.0
-1840446336.0
-148998752.0
32914930.0
-1368318464.0
325266688.0
-1661728768.0
-1524310656.0
-1942476160.0
-147980608.0
535913248.0
1453170176.0
1026853696.0
959503616.0
2089198592.0
-2006048512.0
-607257600.0
1135596160.0
-119495112.0
-1574658432.0
245444304.0
961961152.0
-915438464.0
-72361272.0
1902180480.0
-1708111616.0
-1519175936.0
-276478272.0
-1403337472.0
388350400.0
1059542336.0
-1476811904.0
-254383168.0
-722905344.0
-1484773888.0
-395243680.0
-1847949056.0
952976512.0
624433280.0
-434793184.0
-177935792.0
1692044032.0
2014816384.0
993045312.0
1513878528.0
1747338240.0
584056384.0
178512912.0
-957692608.0
-59954272.0
-1809687936.0
-1118268672.0
175672976.0
-1232464256.0
-81039840.0
887448704.0
-824529536.0
199924288.0
-799370048.0
-1304124032.0
306224448.0
-227873504.0
-50149956.0
-2089332224.0
-2071743104.0
-2101979392.0
1903253888.0
1441962112.0
2004788480.0
177676992.0
902533120.0
501665984.0
-1818130944.0
1409193216.0
-1119540096.0
1181558400.0
-262412048.0
1264803968.0
1621986816.0
1421662336.0
-1999879168.0
1474290048.0
-60647600.0
-1186492928.0
557635008.0
-154090416.0
1889824384.0
2006220416.0
462056576.0
1036984320.0
1090573696.0
-67016244.0
-2090689792.0
-155832992.0
-890642304.0
-865342848.0
2058028928.0
-2013694592.0
-1567172480.0
-878243904.0
1288382720.0
2065427968.0
-807878848.0
456800032.0
-1390061056.0
1548333952.0
-226254480.0
1635351040.0
-1274494848.0
-1183858944.0
-1713883648.0
-204100832.0
1635762432.0
1454742784.0
1535618816.0
-1644700416.0
1323377408.0
1787793280.0
-1097320704.0
-611151808.0
-142603984.0
364100704.0
673907008.0
-1694302464.0
-1430105088.0
257134448.0
838000576.0
-674857792.0
-359320800.0
-1930761600.0
-1477512704.0
-1569671424.0
-282315616.0
-1412825984.0
1245067520.0
-1796449664.0
2120633216.0
-1069277504.0
1823868288.0
-1221331968.0
-1415716352.0
1977775360.0
2105046144.0
1842843904.0
-1975307008.0
1760892416.0
-554034048.0
-1748514688.0
-1906942208.0
-1900371968.0
1729616896.0
-222304144.0
-703977600.0
1189766912.0
-1620137728.0
-1493799168.0
-228830160.0
-1763623424.0
741241792.0
2004517760.0
-1553004416.0
688937664.0
768381888.0
-629423296.0
-1585789952.0
-1906948992.0
967098944.0
-623551168.0
-912021888.0
-2001126144.0
-106273776.0
-1425382784.0
916405376.0
1577557120.0
1378994688.0
-1272437760.0
-364681216.0
1785154048.0
702148416.0
2019986176.0
-1357122816.0
-1924383872.0
48714844.0
1743900032.0
-1744545024.0
-1559928320.0
1763435392.0
-621943360.0
554092544.0
-1886935936.0
-1827374208.0
-437032896.0
-679398784.0
1572608896.0
864852864.0
610826752.0
-79265568.0
275367776.0
224909456.0
523433632.0
-1197705472.0
-636587392.0
1878950656.0
459346880.0
-332606720.0
1758507136.0
1356481152.0
-1196295680.0
1851604736.0
-1615868416.0
87102200.0
1329207168.0
-864349824.0
-1613087360.0
-1430688768.0
1262546048.0
2004405888.0
680951168.0
1186127872.0
963554816.0
388432192.0
-1947148672.0
122608040.0
-1735996672.0
-146044416.0
-874680000.0
474382144.0
2139687296.0
828562624.0
-765607872.0
136304560.0
1407284864.0
-1379082112.0
1495829376.0
278750144.0
-801021632.0
-1047271232.0
203890992.0
-1773002880.0
631253056.0
413295520.0
-542409280.0
742947008.0
-659883456.0
-2110715136.0
1752593920.0
1777328640.0
1781421312.0
-795846400.0
-769673344.0
657654784.0
842283456.0
-538484224.0
-497716192.0
852440128.0
1813763200.0
-649936256.0
1482350592.0
-937046464.0
1735879040.0
678554240.0
428203648.0
-1946560256.0
417761856.0
-1924484224.0
1276634624.0
-428393600.0
607058496.0
-751827136.0
267930976.0
2044774144.0
-541026880.0
466696608.0
1811067904.0
-1541716992.0
-1749022592.0
-1187022720.0
133558576.0
-1826818816.0
-778072704.0
-1363241984.0
-1417361280.0
-232027392.0
1935698944.0
-365147616.0
-165982656.0
-2143052416.0
-1003213568.0
914079680.0
-1468464384.0
-271491232.0
-922199552.0
-1734974336.0
1583410944.0
-1772634880.0
-716390912.0
434489696.0
-300963264.0
1172188160.0
-461918080.0
-1560296704.0
-486182304.0
301367264.0
2057803520.0
788676416.0
-2137262336.0
-1916365696.0
-318747872.0
-577642624.0
-2076909824.0
107585736.0
-402305408.0
1413635456.0
-1386992768.0
-1548557312.0
1587894272.0
-1006216576.0
-245265952.0
1715929984.0
584163200.0
828437248.0
-1416585984.0
200636608.0
-508176384.0
-264947152.0
-1621651584.0
1340683008.0
-802661952.0
-1500520960.0
-1747926016.0
-589669184.0
-544682240.0
1728367744.0
1938761472.0
-830684992.0
-2031890816.0
1360787328.0
1355829376.0
-167297680.0
-342656384.0
443524160.0
-1633449088.0
1070849920.0
-1877013248.0
2057852288.0
-1633707904.0
-1775987200.0
1541148544.0
-1308297088.0
1351783168.0
-2123321216.0
1437499392.0
933974208.0
-484822592.0
1125528192.0
-839153088.0
1038960448.0
-950808384.0
-174729344.0
505362720.0
-1030607296.0
749142144.0
-506322272.0
-1896617472.0
-2081940608.0
-508857216.0
1028155200.0
694860224.0
353100832.0
1359074560.0
131587536.0
1060363392.0
-1426456320.0
-906281792.0
-615816832.0
-339345344.0
-1041497088.0
-1719616000.0
-797988672.0
-1729319168.0
1846536832.0
871484160.0
-1270664320.0
753014144.0
882278080.0
385108416.0
-2023852288.0
502901984.0
27410396.0
418926464.0
1220500352.0
-234846512.0
-1509710976.0
1810014080.0
173245680.0
2122332928.0
-320577760.0
-328696672.0
-2025930368.0
-276163168.0
-1266465280.0
-290250464.0
-1136531584.0
217385680.0
-370559424.0
-794299520.0
2059390720.0
-1180889856.0
-989794624.0
2110670464.0
484357376.0
265484464.0
-1952360576.0
-901161216.0
398426400.0
-7883399.0
-1632247552.0
-1212670080.0
204695920.0
1053055168.0
-1102671104.0
903069824.0
-1733027968.0
127915168.0
1902633216.0
-1852617600.0
1024386112.0
-1627892736.0
2138023552.0
-1002798784.0
-1335369344.0
-109794624.0
-1346635904.0
738817088.0
-1497669120.0
644400448.0
559584384.0
1358567296.0
-548658816.0
-1987551616.0
-1734666368.0
-320110336.0
1573884928.0
-342948832.0
2002357760.0
427743040.0
395966848.0
462191360.0
162501504.0
-516910336.0
-956347008.0
596917824.0
1569403520.0
2104339840.0
-2103052288.0
-2030712064.0
-1014833856.0
811949248.0
1080057728.0
-504395360.0
-1113538688.0
752984384.0
-1449851776.0
1514624256.0
-1271288960.0
-571874368.0
1959548672.0
1572446208.0
459623392.0
448543104.0
-1216617856.0
-1636499712.0
890034432.0
-2081530368.0
-562278080.0
-723054656.0
694439808.0
-1252987648.0
-1417760640.0
1499670656.0
-1263676416.0
497980832.0
329636384.0
544368576.0
1415649920.0
1863735680.0
213820704.0
-7482722.0
1589531136.0
-347181280.0
-225622160.0
97138048.0
-1279015040.0
-1255818368.0
-414607104.0
-557964992.0
-1837195520.0
1846935296.0
-514169952.0
-1706978816.0
1492813568.0
481626624.0
-982041792.0
-1316219904.0
-1941743488.0
501627520.0
1825156992.0
466050208.0
627789952.0
1841488000.0
-1395481088.0
249446864.0
22759244.0
1383187200.0
391457408.0
-397764224.0
-4914672.5
-1340003584.0
-1173244032.0
-414566784.0
146382848.0
-72567216.0
-2087003648.0
-835904128.0
1231875584.0
-2020531840.0
420089984.0
487330080.0
1960528384.0
-1664315008.0
1153014400.0
328638976.0
1190174464.0
-1408850560.0
1872074240.0
-240255504.0
2012022784.0
1574536832.0
1173482496.0
-725524928.0
-504489600.0
1259295104.0
-1672930944.0
-1865924608.0
-34745140.0
2076748928.0
2102760960.0
-752862208.0
-1874369280.0
1414982912.0
751381888.0
1507978624.0
237785424.0
-1218982400.0
-1484671488.0
1230320256.0
1899949568.0
501177984.0
-744263168.0
1374960256.0
57150552.0
1850337664.0
312113184.0
476295328.0
-1214184320.0
154684160.0
471081664.0
2137173632.0
2107229440.0
-80563384.0
-863184960.0
527618816.0
-2017465088.0
-215936592.0
1324374400.0
-1196250368.0
538058112.0
1264787456.0
189358480.0
-1782595840.0
-1971183872.0
701078080.0
-609252480.0
2065000960.0
245897136.0
-357921632.0
2037014912.0
-531005696.0
-1937180160.0
1752018944.0
-1113966720.0
1269799680.0
-1587806336.0
-826985088.0
-174568256.0
1228500608.0
1281744640.0
-2117429504.0
-367375808.0
665871936.0
1846356864.0
994088768.0
2052039040.0
-1003195072.0
775538688.0
-1813280384.0
-1581208448.0
1377838336.0
907295616.0
-1406510848.0
966188096.0
-1661853952.0
-122759768.0
1859459968.0
752269056.0
1476262912.0
-1370739328.0
-564789824.0
509951744.0
306193408.0
-1455640320.0
-2096644608.0
1986885120.0
505872288.0
-451478016.0
-2088053248.0
1465887104.0
202189968.0
-1591335168.0
1208762752.0
-902964928.0
1371146752.0
-855485184.0
-350543296.0
-210766208.0
-2034983936.0
-1881519232.0
380635840.0
1345070208.0
1171922560.0
1069734144.0
441563904.0
587392960.0
-1507712512.0
-13053714.0
1811238912.0
-566240256.0
-1692882816.0
-322568416.0
-478918752.0
-1646461056.0
2081165696.0
77039656.0
-544073344.0
1810387328.0
1043381568.0
243364944.0
-928075968.0
590400896.0
1763403008.0
-625603648.0
1254037760.0
447276768.0
885552320.0
1628273536.0
-443939136.0
399496416.0
1798409600.0
-875309888.0
-1274537472.0
520592608.0
110591296.0
104531064.0
1651847936.0
393108576.0
-716171648.0
-741878080.0
-774990016.0
-414464000.0
1510117760.0
-1688116736.0
1610594048.0
1012865984.0
-644187776.0
1208942592.0
580528960.0
2119967232.0
-819897920.0
1506355072.0
1354181632.0
1670768000.0
-547713216.0
907056832.0
-64141680.0
-901940992.0
149518784.0
-556747520.0
1923681920.0
-506500768.0
988095680.0
1949200256.0
1533494912.0
-1141690496.0
-1975047168.0
-337423264.0
-157775472.0
-1228674688.0
-1831345408.0
232712528.0
-1831441152.0
-1997206784.0
-340755232.0
-1818531072.0
-1665916544.0
1919482112.0
575615360.0
-1449809792.0
1460372736.0
-617175360.0
632761728.0
-960257152.0
-518687296.0
-1470612608.0
2030795648.0
-1914225280.0
1410874624.0
603011584.0
-1660915840.0
1589190784.0
-1640150016.0
449080128.0
1607717760.0
1574375936.0
-1233741440.0
365947456.0
1300297856.0
684412544.0
-100957576.0
-2024811520.0
529506112.0
1798418048.0
455074816.0
-285132960.0
1150565504.0
595847552.0
1074971392.0
805338752.0
1301246336.0
1250062336.0
1558106368.0
-1751529344.0
-581205888.0
-1252813696.0
-31915468.0
1214129408.0
-1625464576.0
1603772288.0
1455296640.0
-312244448.0
283432096.0
-2091582592.0
1009539072.0
-1402732416.0
-1348314112.0
-1114982528.0
-1838823552.0
1157204736.0
314913408.0
1320174080.0
-1588521472.0
1828712576.0
30850950.0
72440088.0
-1383704832.0
567911296.0
-462934432.0
-289252992.0
962795392.0
1549148672.0
1426526080.0
1437792000.0
-2070025984.0
1907530880.0
-40169740.0
-487509280.0
1108635392.0
1059193024.0
-2012930432.0
318170496.0
1549731968.0
915913856.0
-1086570752.0
-752484864.0
1238280192.0
600420096.0
1307565056.0
-329694016.0
610109120.0
-1645971840.0
1561691904.0
803368512.0
-76570760.0
170439632.0
-139895936.0
1689262848.0
-2138028032.0
-815820928.0
-1055057472.0
1896339072.0
-1551222272.0
709955520.0
221804576.0
-1864959744.0
1860608128.0
-230032336.0
895255680.0
-1088093312.0
26522688.0
1613514880.0
1126480000.0
2019454080.0
-685901376.0
1836206592.0
1613695872.0
166879408.0
871895616.0
-434744128.0
1705395072.0
-1137196544.0
297690592.0
-1914863360.0
-1333938560.0
150865200.0
-1526368768.0
1497070464.0
244264752.0
-1199074944.0
-1309448320.0
-1832324096.0
-1253937536.0
-1783070720.0
551966976.0
-1546979968.0
-1112541952.0
-1701805440.0
-470302848.0
-21158100.0
-1439710848.0
154374448.0
-602828160.0
-602449792.0
-1658953728.0
1514094848.0
-1148358912.0
-634501824.0
-1157054080.0
-1298872192.0
-1002532160.0
664585344.0
-163971536.0
693553536.0
-1866419968.0
1372464128.0
1090775168.0
-353716128.0
-825912064.0
138475632.0
668094784.0
677736448.0
1396087168.0
634444608.0
372191136.0
-1959130240.0
1248673024.0
-26696750.0
-424019200.0
488104480.0
2065862016.0
1475226624.0
-1561227904.0
242521264.0
-686482432.0
-87339496.0
-1926171648.0
-1362849536.0
-834233728.0
-1029298688.0
-1988398464.0
-96926872.0
1099610496.0
-1205166080.0
-903966848.0
1249485568.0
1306934400.0
881015296.0
-1551265408.0
-354164352.0
-1711330048.0
-1273608960.0
177970128.0
-1681640192.0
-423146976.0
1173422464.0
-449074432.0
-1142014848.0
205672368.0
532420384.0
-1426294656.0
-489274944.0
-46491788.0
1955498368.0
1578222592.0
786166656.0
-915598976.0
2015929472.0
453469184.0
143622848.0
-1245774336.0
982752576.0
-220655408.0
1359203584.0
895943040.0
-1701188352.0
-634858816.0
-653449088.0
-1196038528.0
-669125120.0
1835399552.0
-816868480.0
27665922.0
1957584256.0
-33326086.0
-2096009344.0
-1170796032.0
543267392.0
115817496.0
623691136.0
188781248.0
-804492800.0
-1512358912.0
1639758208.0
2101698816.0
419858560.0
-191231328.0
68205368.0
-1032997504.0
-40551372.0
-1193233024.0
1190767104.0
-253091312.0
-191557232.0
-1576773888.0
-545196160.0
1837790464.0
1066120064.0
-830211520.0
846864576.0
-588711552.0
1876555392.0
175566320.0
2028727296.0
1707031808.0
1996946048.0
-2063609728.0
-327520128.0
1332363520.0
1262535936.0
-705291264.0
-287496384.0
503393792.0
-1030683136.0
-1456964736.0
31306874.0
-1890025600.0
1046915712.0
1193651200.0
-1383192448.0
-907966656.0
794481984.0
601911616.0
1101104256.0
742529216.0
-687575424.0
-267984800.0
1504837760.0
1576134912.0
-1126637568.0
-952699776.0
-35772024.0
-1341154816.0
-86066224.0
1495999744.0
-549718208.0
-169945920.0
1454769536.0
74914920.0
-1516544384.0
1911340416.0
1347216128.0
1377354752.0
1949981184.0
1163709824.0
1006448832.0
363252704.0
-1718365440.0
-1712562688.0
2087591680.0
934148480.0
1694293120.0
-2000407552.0
-2001669760.0
711575040.0
-886502144.0
60494996.0
15647493.0
-1314460800.0
1816557696.0
-1321655680.0
125525880.0
1869516672.0
-1657152384.0
-954046400.0
412686464.0
1019306432.0
-1140956672.0
1012461952.0
1488899328.0
1120096768.0
2068235904.0
849576448.0
2028252800.0
2017878272.0
-1526658432.0
-118262912.0
1114997632.0
1158595200.0
-1724160128.0
-1043669952.0
516706208.0
1086076416.0
128545496.0
938188544.0
762728704.0
1547174912.0
308316928.0
855889792.0
255776832.0
-1816793216.0
1822908288.0
-2091744640.0
-1488045568.0
1051544128.0
189658784.0
356664704.0
-1221439616.0
-1652265856.0
777446656.0
-759884352.0
911155776.0
1843881216.0
906844160.0
1410300416.0
1430253056.0
-1192274688.0
-1194160640.0
598041408.0
397826208.0
-1280868224.0
136196032.0
1209251968.0
147079264.0
610959488.0
657285312.0
188078352.0
-1738831488.0
519228736.0
-1518437376.0
-1934593664.0
-11290942.0
1240916224.0
-1994411264.0
-1609444352.0
-1996734848.0
-1507199488.0
1570642688.0
-2009095552.0
1374833920.0
-1814326144.0
1176871808.0
-1923017472.0
1147784192.0
-178618576.0
-594623808.0
1363574912.0
815474240.0
1365545856.0
2060361600.0
799983232.0
1933830528.0
413838336.0
2102628608.0
947759488.0
808521728.0
-1102057216.0
903262656.0
1072941248.0
-650306880.0
-638025792.0
-638023488.0
461426176.0
-659892160.0
270264480.0
1612770688.0
-1930596352.0
130548648.0
102600616.0
653351360.0
-382003936.0
2113125248.0
-1949222016.0
874746752.0
-637040704.0
-816602560.0
-977286656.0
-1491065216.0
-1246028928.0
1410653952.0
1450236928.0
-937556480.0
-760381056.0
-2060388096.0
-243155168.0
-267939808.0
1334129536.0
144465664.0
1721429376.0
-1261766784.0
44764616.0
-2074653824.0
1158751104.0
1383051648.0
1655118080.0
-1638854272.0
751790912.0
-101627816.0
-1407709440.0
-1306702592.0
-612662976.0
-944933056.0
1574294144.0
643772352.0
1236443136.0
506720384.0
-1003876928.0
-1144769408.0
-577869952.0
-1406536832.0
178611984.0
1692659840.0
-635720576.0
-1686819840.0
-1878780032.0
1052687104.0
2107659008.0
1614449152.0
1587025664.0
1687848832.0
283253408.0
-1665668224.0
-1800454016.0
-878683648.0
-1178054912.0
-1216048512.0
-1188781568.0
1393736320.0
-220375808.0
1167127296.0
-513393920.0
851864512.0
-1913153664.0
-1383415424.0
-791535744.0
-1077073280.0
-1814325248.0
-519252256.0
1272259584.0
-331582592.0
-1433318784.0
1989307520.0
-1794814976.0
-504831712.0
1284138368.0
-2128571264.0
880404992.0
-486987840.0
-587672640.0
-208890880.0
-1898982016.0
-758178816.0
-1693431936.0
-2138868480.0
-1594073600.0
-1081036288.0
-1554535296.0
-338068960.0
-1384311808.0
262434560.0
1241040384.0
-377496736.0
-243437536.0
-1764679424.0
194736464.0
-3284171.75
1933342592.0
-1849947392.0
-1081719552.0
425425120.0
1814810880.0
1759978880.0
1219668096.0
-1816632064.0
1191448320.0
-658854144.0
-1839016064.0
-538959744.0
-958619520.0
-1685964288.0
924892800.0
-1420912384.0
-930090112.0
-424968736.0
94332720.0
-1865638656.0
-273643456.0
707911872.0
502670944.0
1694728320.0
1443985024.0
-383198112.0
2132141824.0
-1852668928.0
-1162254080.0
756321600.0
1101864704.0
1212182656.0
-691193600.0
-2022238976.0
-609388608.0
854204992.0
-703752448.0
1011791168.0
-508122240.0
-564802560.0
-59456684.0
-2090377088.0
-1223282048.0
-641244608.0
-1484049280.0
637322624.0
885007808.0
437820384.0
1059609088.0
-1392607360.0
-145735008.0
521377920.0
-1980215552.0
-238104192.0
1004754176.0
-962593600.0
790457856.0
-1916954112.0
1644097024.0
-297256576.0
1428340608.0
-1638601728.0
529230112.0
-1194868096.0
-1479183232.0
-173749952.0
1146398848.0
-743603328.0
1440749440.0
-1994742016.0
1049912896.0
-172697488.0
261313440.0
-1050453184.0
-747230656.0
24130212.0
-1229544192.0
-746525568.0
-1082740224.0
1017755072.0
297792704.0
848051008.0
-1382228992.0
-1088257024.0
2045756288.0
894357632.0
1607882624.0
-111785760.0
-1648073088.0
-317318528.0
1646073856.0
-1705672192.0
-303208416.0
-2100459648.0
-380398528.0
421277152.0
419611808.0
824924544.0
-2088177408.0
1439227264.0
-1215757568.0
-1751256960.0
-1818874752.0
-1971764352.0
-394855200.0
909351744.0
770529088.0
1791120512.0
1152182144.0
-428228864.0
111218672.0
-1952268544.0
514193536.0
1066265920.0
-1827145728.0
599200704.0
51292536.0
1911611520.0
-60592052.0
-1528631680.0
1805164800.0
1271338880.0
-392820672.0
133382808.0
-568836928.0
2071378560.0
371037472.0
-499151264.0
2096644096.0
-1978483712.0
1816373248.0
-1372873344.0
-1537703296.0
-548656448.0
182094240.0
937143232.0
-726008896.0
-651181120.0
80617464.0
-370745920.0
-679643264.0
-301624864.0
779739968.0
-1537842432.0
-1115077120.0
-506585152.0
-2086758656.0
-631557440.0
-1468196480.0
1475560320.0
647576192.0
2069258496.0
146732512.0
-551199296.0
2112865664.0
1312465792.0
-1929291904.0
-1138257664.0
-388068416.0
203234560.0
-451300704.0
-1557661568.0
1098478592.0
2036385536.0
-1781430272.0
2125645568.0
-827118464.0
1752332416.0
1130510848.0
1176302336.0
-959211520.0
-1251897856.0
977708608.0
-469812640.0
-364361184.0
-1667554176.0
1088636928.0
-1275301504.0
-558991680.0
569578560.0
770844608.0
1650712832.0
-756924928.0
162473200.0
879631872.0
-944895232.0
1352393472.0
737708480.0
-480554528.0
1207170816.0
376559200.0
-1071381312.0
-7553259.5
-66154896.0
-890091328.0
1506393344.0
-18907830.0
1362636416.0
1238866176.0
2090037888.0
-1814460416.0
140949744.0
1066000000.0
1232245760.0
-2130895872.0
-632981248.0
-228732384.0
452512096.0
-634395968.0
-1044045440.0
-2032726656.0
-872699136.0
276994048.0
-2120333824.0
285151232.0
1755656320.0
539010752.0
214566416.0
-108689000.0
-1733342720.0
-2048716672.0
-492096416.0
1855080064.0
691566528.0
-1050568064.0
-145036608.0
-1020429952.0
804178368.0
306346336.0
1594531584.0
-1528872960.0
-1356200960.0
-889518336.0
328826112.0
-940033728.0
954424512.0
-1936900096.0
-2139192832.0
-704149056.0
-1775081344.0
-1271528320.0
630822336.0
1036935232.0
1342179712.0
-828703360.0
1710240384.0
1856504960.0
1377626880.0
-693132800.0
-402062624.0
-1595196928.0
-1426336640.0
-1484260096.0
-216009408.0
-2044842112.0
-1556723456.0
-1989971840.0
-2089444224.0
1812731264.0
177974592.0
2033020672.0
-1983268096.0
972747712.0
1475371264.0
-1237564800.0
953563520.0
-1564936576.0
1741210752.0
409648352.0
93070360.0
-1424635264.0
-1640346240.0
193021568.0
-579409280.0
-618310592.0
821158336.0
911112064.0
323644192.0
1493550720.0
374259808.0
-310106720.0
-1710883328.0
1614185344.0
308293600.0
-1429395456.0
-168985216.0
-1895493504.0
789400576.0
1355188352.0
-1625577984.0
714065344.0
1286100224.0
-1595963648.0
-662065024.0
424482112.0
-115980144.0
1083032320.0
-1462709632.0
-1947167232.0
-1198519680.0
535250496.0
-829781952.0
926488448.0
1837893632.0
1641073280.0
-2099438848.0
-2067533824.0
-1679210368.0
-20834908.0
-1178930816.0
-426143456.0
2117917696.0
2117916544.0
827964032.0
1646147712.0
-75372848.0
1361115776.0
-67195120.0
2010462592.0
-1686568704.0
-535577472.0
349149056.0
-2021756160.0
542186624.0
-2114910592.0
-200458656.0
-2073145472.0
-252154080.0
-1129168640.0
-731519616.0
1634095488.0
449043488.0
2010393088.0
811200192.0
2112789760.0
-148947184.0
600962432.0
-467680000.0
978282304.0
1358718720.0
-1997239040.0
1815928832.0
1367217408.0
-510393728.0
1514113152.0
487231040.0
-1890872320.0
-1855788416.0
-1188421376.0
1377806720.0
-2879163.5
1945359744.0
1449430016.0
-1073940992.0
-358400608.0
1302249472.0
-385227136.0
-617451264.0
1210832896.0
-2121785728.0
-2014318336.0
-555619712.0
1527318272.0
-1572360448.0
-858362752.0
363607168.0
1267871488.0
-1469167104.0
783683712.0
-1559744256.0
1887776256.0
1925870848.0
-1881136512.0
-1252116992.0
24169108.0
-1200336896.0
-2026381696.0
1100069376.0
677623424.0
1773959808.0
-890942720.0
46204132.0
-633473088.0
-447000128.0
439976736.0
354978336.0
945854272.0
-786983104.0
-457260384.0
693626688.0
-747072320.0
-1963490560.0
-1935953408.0
-1547744512.0
1993304064.0
-1599414272.0
-179394976.0
-266553136.0
-402662816.0
941067968.0
51049168.0
-356433408.0
169309872.0
-1354327680.0
962938048.0
-3916761.75
1257620096.0
-335385344.0
944901696.0
-638386112.0
-1629765120.0
-629221248.0
1837329024.0
1497661952.0
1109501312.0
1649879040.0
-1216310016.0
-1472898176.0
1972542464.0
594593984.0
-2000605568.0
-724028096.0
-1446276224.0
-856628224.0
-163714592.0
1017309120.0
-1510064000.0
-897613120.0
1352476416.0
2041919488.0
-1912711424.0
315848320.0
1854773888.0
922936512.0
-1573853824.0
-1195681152.0
-1178615296.0
1085813248.0
-1398747648.0
1828845568.0
-675156416.0
1263555712.0
177956784.0
1966601088.0
1165342464.0
1068143232.0
986444992.0
-579736128.0
1187647488.0
-1401358720.0
-849782400.0
819792384.0
221267232.0
-123802088.0
-869430016.0
-210721520.0
-765994112.0
-230854800.0
850192640.0
-1337220864.0
-173973712.0
-1515920768.0
430944064.0
-2047132544.0
1906604672.0
65301164.0
-895740160.0
1546318464.0
485900544.0
2136204288.0
32627014.0
-1238895744.0
-272309216.0
1923668224.0
1399212160.0
372709664.0
-364618208.0
-842753920.0
2011298688.0
1118479616.0
1814857728.0
-198864928.0
987522304.0
-1160966912.0
-180422976.0
1758049792.0
-1182251776.0
546841856.0
1175090944.0
-1868435712.0
-1886815488.0
-681483648.0
-909094656.0
416721312.0
-529800576.0
-1450542208.0
1597174784.0
-1211417088.0
1930318720.0
-1030527616.0
2062969216.0
744302848.0
1044499968.0
1218236544.0
-934863552.0
-1067789760.0
-1976908928.0
2005121920.0
1258006144.0
1500504064.0
750804096.0
1498672512.0
-1150584576.0
-902779904.0
468906336.0
-1643491968.0
-420938848.0
-548806272.0
-432646784.0
-1897826688.0
-813507136.0
482584992.0
1985483136.0
-1299339392.0
1341765120.0
-1486079232.0
243890416.0
1447791872.0
-6789835.5
552653760.0
257438112.0
147071760.0
370872768.0
-1064369856.0
1734780800.0
2047976960.0
1730536960.0
878052352.0
1815172864.0
2075256960.0
459820192.0
1957363840.0
137768544.0
681568640.0
-1141596032.0
-1642120320.0
994972736.0
-2063700224.0
1759204736.0
432247488.0
1254945792.0
921171136.0
46221788.0
322288288.0
-1260082304.0
-1471576448.0
-1583432064.0
-1787836288.0
-1286328320.0
-846204352.0
380003520.0
-1419192448.0
1227680768.0
-81191248.0
-1697526784.0
35044012.0
-2019445376.0
662713664.0
1383574912.0
-1645932416.0
-2049619712.0
-1867550080.0
-37760664.0
-2090810368.0
1152640256.0
-1860362240.0
154177568.0
-1848932096.0
-16492623.0
-505267168.0
1473172096.0
-918886912.0
-254047808.0
-1845423744.0
872739392.0
-1225839616.0
-1759008640.0
948830272.0
1168624128.0
859218944.0
1229340288.0
1640862592.0
10251751.0
-1944847872.0
-1836991616.0
877370880.0
861457664.0
-1586114176.0
2072590208.0
-511738848.0
816082944.0
-1854376832.0
1525892864.0
2142766848.0
-1401775360.0
643125888.0
1207164800.0
1229342592.0
89114968.0
-51158100.0
-544338240.0
1783416832.0
-1685468800.0
-1329362944.0
433716544.0
1984919424.0
1795128576.0
920078976.0
-545063424.0
-1639795328.0
-243542656.0
2126000128.0
-100134336.0
1287820672.0
675420544.0
-1453506304.0
429869952.0
-366657536.0
2019195264.0
-1984452736.0
-2125116544.0
641237120.0
121417024.0
-641950656.0
504356704.0
-906783808.0
1574009728.0
-1922845312.0
-1248336512.0
-1356242048.0
-1363743872.0
-1422075264.0
1575671424.0
-702666624.0
-1954498688.0
2105613440.0
-698278912.0
-338942048.0
999849216.0
-1388714368.0
1790375040.0
270933184.0
15041335.0
-846460672.0
-1895950720.0
725837504.0
130381880.0
-1678077440.0
1274241152.0
1742151808.0
-1537464576.0
-1825582208.0
-320937056.0
-1506139008.0
1094300288.0
-1155791872.0
-668694592.0
1379188864.0
1757937536.0
1773054208.0
-876419072.0
1232660480.0
-2033376768.0
-132855784.0
-408266048.0
1461847168.0
-505476000.0
1106274688.0
-1914516608.0
1106975872.0
1274964480.0
-1095680768.0
-771249792.0
1920224000.0
1798075136.0
-378172000.0
-1404878720.0
-1916614400.0
480731328.0
574152512.0
-1818375808.0
1366253824.0
-548295616.0
-1954343936.0
-757013632.0
1442890240.0
1997190400.0
-844615552.0
196775936.0
-1971447168.0
-947779392.0
601678016.0
1973888640.0
-1086101248.0
1988289792.0
-1450824064.0
-18339928.0
-1434657024.0
-341787680.0
398634656.0
46200476.0
-2130827520.0
2138694912.0
1291009280.0
1804392576.0
713571904.0
697689024.0
-721337536.0
173266224.0
-839768832.0
-1218738048.0
-558539712.0
-599391232.0
-140697616.0
-231963232.0
2052560256.0
138875904.0
740315200.0
-605194112.0
-219877536.0
815290816.0
-1478754432.0
1416169984.0
-80816784.0
754423872.0
1644662016.0
-1607648384.0
-761330432.0
-318635264.0
1392360192.0
1432205568.0
-1669131648.0
-964075136.0
1113009536.0
-1594346240.0
-1870358272.0
-1085458816.0
-1338549120.0
1720517504.0
-1820683904.0
-274398528.0
1554120448.0
1008493888.0
2088409728.0
-1286185600.0
-2086955136.0
-782699328.0
1771247232.0
729469824.0
1281533824.0
-991250304.0
-219949664.0
1358808576.0
1566438144.0
1062304960.0
1319543296.0
-1589731840.0
-1310675328.0
-330727584.0
335550848.0
-1369731968.0
1741802112.0
1892245376.0
-2084392704.0
1919158528.0
248950144.0
1321733504.0
2111324288.0
-846011776.0
1293441024.0
150094608.0
1027651456.0
-2013062656.0
-2011657344.0
921867072.0
-276169408.0
-9059933.0
-1935809792.0
1147411968.0
-58619568.0
1198514432.0
1355278720.0
-381275648.0
40100276.0
-1605240832.0
1923601408.0
-1912911488.0
90828976.0
-435490656.0
274806560.0
-616070720.0
-147025840.0
-498454080.0
1850285696.0
1907574784.0
1178233216.0
1147683712.0
1727517440.0
-1619690624.0
2002552704.0
-1493619328.0
-763854528.0
-2018976512.0
252722240.0
1596363264.0
157449888.0
333480224.0
29096512.0
-1414102016.0
-1986259456.0
148195552.0
-953786688.0
-401858112.0
-1245980800.0
-1275530624.0
-852253632.0
278670112.0
-210903824.0
-1221482496.0
-277883296.0
904690368.0
367462400.0
72375272.0
-1427885440.0
1911815808.0
1182851584.0
-775917760.0
-118845488.0
547442432.0
1335533568.0
1588945152.0
87231208.0
-576809792.0
1646272896.0
-1997151616.0
2096547584.0
-777492800.0
1787758208.0
-376968928.0
702870336.0
-1310685184.0
-434360032.0
27580158.0
1159512192.0
1697095424.0
929413184.0
959615104.0
434926048.0
2096565120.0
-2038639104.0
-1500907392.0
-1002563200.0
1990557568.0
131298408.0
-1342369536.0
702088960.0
-1183964160.0
1468854144.0
-280557952.0
1484737664.0
-814803200.0
-119483448.0
-189878688.0
2091804800.0
1409771904.0
636930304.0
74850816.0
509259104.0
24289206.0
1132973440.0
138465568.0
-1560903552.0
-1220811904.0
351333120.0
117462976.0
-702977472.0
1647556864.0
-1442930176.0
-975859840.0
-1351774464.0
-277477248.0
760136256.0
1520237568.0
-629244992.0
-202032480.0
-1156607872.0
-1647646336.0
-189203552.0
229427488.0
1343427712.0
925695808.0
-627490880.0
1391191424.0
-2094901120.0
-1048921408.0
-760583808.0
-950359168.0
-160267712.0
981524416.0
1445446144.0
-2121320960.0
863671296.0
-107617520.0
908909824.0
-330736160.0
1932270464.0
349397984.0
317745760.0
1594030976.0
968484352.0
249469088.0
834793664.0
-713886144.0
-1786572800.0
948742080.0
1048877376.0
1875125120.0
1886477056.0
-2108417920.0
315299776.0
-2047414784.0
-1912383488.0
-644100800.0
1386904064.0
-476746368.0
-1409461504.0
2133279872.0
-877737408.0
-2073473664.0
552572480.0
73194136.0
-88411752.0
1723067904.0
1370947840.0
1786006912.0
-342197184.0
-774325376.0
387675552.0
399703808.0
-1854513920.0
-987359360.0
-1852679296.0
1152250240.0
-761064.5
-776747136.0
-86148696.0
-1284030208.0
-555923264.0
-1327401984.0
706951616.0
372116768.0
-1926777728.0
2100987264.0
519060224.0
383948608.0
-75329928.0
-581690176.0
66131820.0
-1629324672.0
602450240.0
-540937600.0
2060961920.0
272796160.0
-397398944.0
6669891.5
-758211840.0
-289754976.0
-1429058304.0
-57905096.0
227432688.0
-906335104.0
831954816.0
-224897216.0
-1362377856.0
-1312484992.0
-1101007872.0
999922880.0
650645568.0
11025189.0
-801178880.0
443083040.0
-1777297152.0
-1197941504.0
-1396925696.0
1264930688.0
-483382272.0
-1051412864.0
967936320.0
1703450368.0
2056530432.0
-1299492736.0
1616456320.0
1368991232.0
1556416384.0
-6603697.5
-416866848.0
1473911168.0
504914528.0
-590709696.0
-1316637568.0
1696702336.0
242318496.0
-1275015296.0
-1337169792.0
1574006272.0
-1413921536.0
2040524800.0
2034513536.0
39783248.0
1672211200.0
2066530432.0
-1341717888.0
952827200.0
-1658904576.0
1856667264.0
966483392.0
-284592960.0
-706586112.0
-1379988480.0
629893696.0
-712577856.0
-1894466304.0
1256533760.0
-1236303872.0
-291241376.0
-1749228672.0
427864288.0
679618496.0
919562240.0
-524879904.0
1685273856.0
-830993792.0
1692814208.0
525878720.0
-1778411392.0
-1419106048.0
1170381568.0
2040872192.0
-1579616768.0
-1672431488.0
-2043121408.0
-1598723712.0
-1620417280.0
372664576.0
1619081088.0
-1010252544.0
2105396736.0
1075399296.0
1620677760.0
1894642688.0
-724274048.0
-1896353536.0
-60709220.0
826536448.0
329212480.0
-1636746112.0
1142781568.0
800461120.0
1686253696.0
-1541723648.0
2026950400.0
2098269824.0
1947482240.0
-854151168.0
118211544.0
-1919980672.0
735927168.0
-1973684736.0
-949043072.0
29878714.0
-1206504320.0
-865657216.0
-884298688.0
-1977042816.0
86052608.0
-1864278144.0
1292757888.0
-1038800640.0
971517888.0
1974315392.0
-1571380992.0
285305280.0
-1884825856.0
-580055360.0
-1199102080.0
-546292928.0
516010176.0
1840100608.0
-1208772608.0
-711837312.0
-1579241344.0
-327044064.0
1438460160.0
1708032000.0
-1396545.5
1445974016.0
-221139088.0
-2136662400.0
-929859136.0
947818624.0
-1690433152.0
-1703151232.0
2036755712.0
-2070668032.0
-92356736.0
-2022145152.0
-564022400.0
-252641392.0
-826934208.0
2088637184.0
-894537280.0
-910253184.0
1065558400.0
450628128.0
744380352.0
86146088.0
-2001904896.0
-1673620352.0
826996480.0
1420561536.0
1998036480.0
1668899328.0
-34124744.0
-386161248.0
1662224896.0
-983243264.0
-579108864.0
-811727552.0
-339003168.0
1229139072.0
-1181482368.0
-98776984.0
1355714048.0
1026199104.0
1336740608.0
1823581568.0
1238110720.0
-1321165952.0
-1618667264.0
1388271744.0
335960192.0
-486309248.0
1595811968.0
-488667808.0
-542264704.0
1612035840.0
-2029802368.0
1699637632.0
1971617920.0
-1234080512.0
14214418.0
-69948552.0
-1277494912.0
254220208.0
316893888.0
-995827776.0
-776453760.0
-1980084096.0
-1688590592.0
-1470396160.0
330631584.0
-320160960.0
1815472640.0
-1639605504.0
650892928.0
-2076862464.0
-1669288064.0
314099616.0
2092291456.0
-1477263360.0
-233894928.0
-1124918656.0
1649224064.0
-749251712.0
795497920.0
-1806804480.0
816047808.0
-386722720.0
-1152776320.0
-346471456.0
-1790995584.0
325346912.0
-948939776.0
-128822368.0
-83104736.0
-1726512000.0
-1984206976.0
191767888.0
-485938784.0
-990950528.0
1776217088.0
-453248256.0
-1402218240.0
-1792965632.0
-169711520.0
306837024.0
-2093567104.0
-1627055744.0
-575361024.0
-13834602.0
1318436224.0
-1347305856.0
1847735936.0
-390106912.0
249753744.0
-362837472.0
349859456.0
-1791448192.0
307107584.0
260246496.0
-1017139840.0
1349358080.0
175735024.0
-1013977728.0
-2079787776.0
1847330304.0
106248880.0
-1026037056.0
-1767271936.0
1329617920.0
-1641059456.0
-2094081408.0
-181350368.0
-2060046208.0
-204199488.0
126886872.0
-713944000.0
503312192.0
-770254272.0
702774080.0
1753434368.0
-361186656.0
406406496.0
-248138976.0
1984078848.0
805422592.0
-1488919296.0
1215454080.0
-942242944.0
1848190592.0
856769536.0
-413018336.0
-1041347968.0
-1036311872.0
-201580336.0
-1305483008.0
-194363520.0
-1781691264.0
1411824640.0
-2039116288.0
519360704.0
395070368.0
-893721920.0
2113671936.0
657285056.0
-877288768.0
235569408.0
916413696.0
831994944.0
1650574848.0
1926383616.0
705784896.0
820404672.0
874393344.0
828176384.0
1036099584.0
583734016.0
118508848.0
1198004352.0
-1523207296.0
-152015808.0
1927343104.0
1371530496.0
1499792256.0
678264192.0
1553710720.0
1744167552.0
-1772364672.0
272187840.0
2025944704.0
-1688607616.0
824924928.0
876098112.0
-1850510848.0
1525965440.0
-651096320.0
1778382336.0
-18108128.0
1361218048.0
-310799296.0
1218351232.0
-213515424.0
963232000.0
-1457538688.0
-990812544.0
-1054213184.0
1235610240.0
-83252016.0
725538048.0
356895488.0
-436942400.0
-1270323456.0
1444664320.0
919723456.0
-1392350848.0
1461425536.0
-1792950144.0
2038496640.0
-1424052992.0
-1407801344.0
2033039744.0
-926592704.0
323426048.0
-795667968.0
-802560512.0
894101248.0
1612732672.0
-1912826112.0
-1590822656.0
681045184.0
1835382656.0
-825107904.0
259258976.0
1627007744.0
-1996990336.0
550973312.0
192613216.0
1381537024.0
-1302977536.0
-310729856.0
810909376.0
-625603904.0
825765120.0
738179904.0
-1398185856.0
-1001834112.0
-759481856.0
-702543552.0
489094304.0
-1747709056.0
-1683791616.0
-124736184.0
2002014464.0
-1881940864.0
614107200.0
-1705173376.0
1203478656.0
-1138864768.0
1765496960.0
224493008.0
-1885527424.0
1623692416.0
-1682042368.0
331879328.0
-974995200.0
639604608.0
43514852.0
1609543040.0
259934608.0
666207616.0
-604751040.0
-824918784.0
-2102893696.0
-1295912320.0
-1715950336.0
-1449291648.0
-1031727104.0
1321812864.0
-470993984.0
482056864.0
2090237312.0
2077615104.0
-1848575232.0
1484045312.0
-553371200.0
-1291414144.0
2131636096.0
1367467136.0
-834695232.0
1928307712.0
1020568768.0
-2064560640.0
857749568.0
1422104832.0
592479296.0
1119734656.0
-1039521088.0
-466831680.0
-1047178624.0
1851745792.0
-1667427584.0
169386496.0
-474054048.0
1957860352.0
425951.625
-1536186112.0
-1548024448.0
-106682720.0
-1779418112.0
-1191009152.0
-753342080.0
1125435264.0
-1863060480.0
-169362672.0
-1689065344.0
883633536.0
-665147328.0
-657134784.0
978261248.0
1679270912.0
-2092814976.0
1552953856.0
2067740032.0
1991245440.0
591469440.0
-647137280.0
108081336.0
-100348704.0
1691943808.0
-1489530112.0
1294483840.0
-1726730624.0
-434343168.0
1350735744.0
-847154816.0
1316172160.0
1034280512.0
298031904.0
-676928704.0
504208160.0
169059856.0
-752572544.0
-1540732672.0
1535144320.0
-1269583616.0
271882400.0
1456127872.0
-1625863808.0
-1530897408.0
1816074880.0
2085240320.0
-1609524736.0
1439972224.0
1894202496.0
924032640.0
-1270391040.0
-407999584.0
686962624.0
1885832960.0
-671329536.0
270837760.0
-82597128.0
1281724032.0
-1654517504.0
-1204070016.0
1042766400.0
-446425152.0
673413120.0
1740449408.0
1968111744.0
1232111488.0
-1713231872.0
47775244.0
2079074304.0
-97927456.0
1415091328.0
1723815552.0
3027700.25
-1421264000.0
-405724896.0
1520911360.0
384505024.0
-1261937024.0
394262432.0
-1251325696.0
-62645148.0
559575168.0
-411162560.0
-1945606016.0
-1279729664.0
1836514176.0
-2012943360.0
-329719136.0
1112546688.0
573302784.0
1492816640.0
-1903843712.0
-1319768960.0
-701088448.0
-1379986688.0
1053366400.0
-1291963392.0
278056672.0
-845165056.0
-1640505856.0
-734912576.0
-324073536.0
-1278101504.0
2109224704.0
-943032256.0
124072784.0
-1614483712.0
2137427712.0
-1430942464.0
-1970262144.0
140815824.0
878143232.0
51977828.0
807021120.0
1098488192.0
661044992.0
-37853172.0
-1184953728.0
-58196168.0
-187487104.0
-63057960.0
1580808704.0
1782065792.0
1572813312.0
2072290560.0
1745298048.0
551728768.0
-122386336.0
-966849920.0
-2110813696.0
1654487808.0
474721760.0
-1696938112.0
-2089536128.0
-2114441344.0
1592344832.0
-1714568704.0
667542336.0
-388667168.0
-733830400.0
790035328.0
735714816.0
1965116544.0
816649728.0
178897600.0
-1874700544.0
377587808.0
2044125440.0
-1545516544.0
188102768.0
554070016.0
-941110528.0
1375987456.0
-608023936.0
1305292800.0
-1593892480.0
-1778115712.0
2114994944.0
1293788672.0
-529658080.0
923476736.0
-1503166848.0
1849106816.0
1040247296.0
-2061949056.0
-382352288.0
1242213760.0
1066928896.0
-112476688.0
-1007760256.0
909201920.0
-446691680.0
1862548608.0
-383667520.0
-1919648512.0
-1982315392.0
-763156608.0
-1539650304.0
-1269064960.0
1093620352.0
1222868864.0
-123150744.0
-1274180224.0
-379206560.0
2060740736.0
-277072608.0
-494793024.0
-612576640.0
1050843840.0
1179553152.0
760604416.0
-1828406016.0
1016147200.0
681437824.0
181203280.0
1077514880.0
133436256.0
1128445696.0
2042245376.0
405873376.0
1250493952.0
1770862976.0
-1566818048.0
-1987268352.0
-1196325120.0
1877830528.0
1090000512.0
984701824.0
-1552122368.0
-872579136.0
1753505280.0
1038106624.0
771600704.0
1769172480.0
268078064.0
936896384.0
-454243552.0
1046087808.0
2142193920.0
89562128.0
1708765824.0
-1686463744.0
859792832.0
1913661440.0
-1762109312.0
1216448896.0
-541324736.0
1077411328.0
-1415844608.0
-439178112.0
521609376.0
1274727808.0
1474092288.0
-962250752.0
1898685696.0
-1374882560.0
-759142784.0
1757943552.0
1914043392.0
1850280448.0
-156999760.0
-1308917632.0
-905610496.0
-1175693952.0
1313189760.0
225525744.0
-1953551744.0
1343031936.0
-343134848.0
-2061635456.0
1969198720.0
-244796768.0
625939264.0
205416432.0
752952512.0
-1829405312.0
-464981184.0
-326845888.0
-714953792.0
1359615616.0
569740672.0
-1763974272.0
598646400.0
163748304.0
1164401280.0
1669950336.0
-750760768.0
1911846912.0
446430880.0
366062528.0
-1509146112.0
-2052850176.0
1164522112.0
-573904832.0
-1692622080.0
300332288.0
-150597344.0
-28579286.0
1318573056.0
1908694016.0
-710964096.0
-1022746432.0
-1370324736.0
361384416.0
253775696.0
1380006144.0
-505703072.0
-604094784.0
1008764416.0
1084288384.0
-1045670528.0
-508752288.0
132817888.0
1573667712.0
1196239104.0
-832019520.0
351436480.0
563339648.0
-1178617472.0
-640070848.0
-1749903744.0
588278528.0
1077610368.0
1921178496.0
1058624128.0
85097520.0
611351168.0
-2125879808.0
-1393117568.0
-1152387712.0
-1092398208.0
-337353184.0
1007219712.0
2101533824.0
-1746740864.0
-2125817984.0
1524648192.0
-215438848.0
76378936.0
-1530179968.0
-204233200.0
-1286539904.0
1109566464.0
1816439680.0
-2073898112.0
-1270606592.0
-1644836224.0
1103597568.0
-1797645440.0
1510752128.0
611367680.0
-223592560.0
4002942.75
1843997184.0
112374816.0
1627064192.0
-486254656.0
-660912064.0
960736192.0
1569419520.0
-40546604.0
-275796576.0
1889253760.0
1844789376.0
560836224.0
-1499577600.0
-938142656.0
79848768.0
-1229554304.0
-252492944.0
1400497152.0
1407516928.0
1359220480.0
1663719168.0
1004163264.0
167863872.0
-613940288.0
-489647872.0
921481472.0
-631112768.0
-89677904.0
1786242304.0
-1300268032.0
-519619744.0
1980330368.0
-1612118400.0
363206848.0
-136274944.0
-618797184.0
-713991680.0
-781749312.0
-1052043904.0
25401270.0
-1759617920.0
1374444416.0
-2049943552.0
-1810727552.0
688382656.0
1107465344.0
461773792.0
-864507584.0
274364448.0
-1032798528.0
-267845920.0
225841312.0
1868511104.0
747908544.0
918165696.0
-79778576.0
1558503424.0
-2084540416.0
1864507520.0
1320034304.0
829904576.0
-1319059072.0
297513632.0
1292081920.0
-777396352.0
-1450980992.0
1732550912.0
-519721888.0
-2037715712.0
-349628352.0
1407830272.0
-515820288.0
-298286208.0
-161661424.0
1765024640.0
-1264730496.0
1424538624.0
-377283712.0
-911801984.0
857451520.0
-9147830.0
-1376151040.0
-863476032.0
1353992704.0
-1611394176.0
-950287296.0
1263307136.0
1522604416.0
-311821184.0
-1421876864.0
-1239889536.0
-30120992.0
612840768.0
1005619328.0
-292266976.0
235657088.0
-148702992.0
1039583232.0
-2088975360.0
-1872938624.0
1997220352.0
487921824.0
-1742267520.0
-2023333760.0
1702484736.0
-968993920.0
-481990816.0
346931712.0
1801219456.0
-464100704.0
-1614213120.0
-1050449472.0
-1044637376.0
-1038891904.0
996680768.0
-1194161920.0
1250416256.0
1466026368.0
-1306604928.0
-1050138112.0
-1224587520.0
1803974016.0
-1565571712.0
1974990720.0
-1575136256.0
318394624.0
1213736064.0
152867424.0
270391552.0
-897691264.0
1820403712.0
-298744864.0
2133763840.0
1372896128.0
43690836.0
-1413637120.0
-1134699648.0
1483071872.0
660240128.0
347322624.0
921435904.0
675405376.0
1304881408.0
1327724288.0
819030400.0
1934123392.0
1807715584.0
412229312.0
-1434707584.0
-1080333696.0
809921344.0
748891200.0
-1184859264.0
-888671232.0
381905056.0
-1690390144.0
-1504547712.0
-1153717632.0
913973184.0
-824116544.0
-1708807808.0
-2054906752.0
1965582208.0
-1368482944.0
-2036913664.0
2057624704.0
1688196096.0
-83456664.0
1805436672.0
172555472.0
-547380544.0
-1344699136.0
1746332160.0
-244864512.0
1090596608.0
-1521775360.0
-722217152.0
1271366272.0
-1066386944.0
-533916640.0
-2104343552.0
892592960.0
-1137566976.0
2060665344.0
-276614592.0
340383904.0
-726065536.0
625767360.0
-490915936.0
-1662046208.0
-1985257216.0
1529483776.0
-682389952.0
1104843776.0
1785449088.0
-642079872.0
-660637632.0
-348368672.0
-2097197952.0
1116189824.0
-886361728.0
-841611456.0
-882434880.0
441675488.0
221322208.0
-872850496.0
-430355360.0
258513344.0
898115904.0
615072192.0
-1931913216.0
-2129233280.0
-1836958720.0
1945782400.0
-309148608.0
-1889741312.0
1646297984.0
-1393871104.0
-1224877568.0
1103504896.0
-1835251072.0
1963624576.0
1088017152.0
-384220576.0
-317604000.0
2042874880.0
613636736.0
1368370048.0
562990784.0
2094845184.0
508672832.0
-381779840.0
-1637414528.0
-909251392.0
1418161536.0
-1138656512.0
1035312448.0
-789432256.0
-737680128.0
502701504.0
-1164852480.0
-1328995712.0
-150198912.0
17048704.0
-167950544.0
232475056.0
-1149122048.0
2136347648.0
-1211629824.0
726604288.0
86753616.0
-1787233792.0
858391232.0
922294400.0
1487937280.0
-528400032.0
-1091759872.0
682822208.0
-440998528.0
-801658688.0
59930136.0
2024929152.0
-2042185344.0
32373800.0
1397139968.0
1614081408.0
-945912320.0
-1916263168.0
-2101050752.0
853409664.0
-415004288.0
-907013760.0
-1071477376.0
1615884160.0
-686694528.0
304764352.0
1793462400.0
-1308708736.0
-1796989696.0
-1966853248.0
2082245248.0
1552580608.0
1317268352.0
-317821536.0
1360676224.0
2095197568.0
385739008.0
-496050560.0
-91741736.0
-210316992.0
576765120.0
-1379854720.0
1352920960.0
1295908864.0
-2010328320.0
1355202304.0
-1435632768.0
-452175776.0
-778218624.0
860018048.0
-57660424.0
-1540539008.0
1573878144.0
-1231090944.0
-762891584.0
-485206816.0
-1194418944.0
1708802944.0
94045152.0
-738153344.0
-301744928.0
-21538094.0
302093024.0
-1603934976.0
-752514816.0
-1839782144.0
-364955328.0
406567936.0
691447936.0
-277329952.0
-52876116.0
1329759360.0
1302445824.0
883406848.0
-574893632.0
622844416.0
-996271808.0
653438208.0
-342379264.0
724713792.0
-954053824.0
803890496.0
1177664256.0
-2055996416.0
-1344212224.0
791032704.0
594179392.0
-1204927360.0
2135214976.0
-1024625600.0
562396608.0
1764926080.0
-784707840.0
-1578906368.0
-1357287040.0
-1641963136.0
1225598976.0
223790352.0
-1491792384.0
-1380989696.0
50375820.0
-1518075136.0
-1546846336.0
1764621952.0
-1089558784.0
-1922707200.0
-929742464.0
193532736.0
1687168256.0
367152256.0
1367164032.0
1879619584.0
1728836480.0
1273836032.0
680934400.0
-318449632.0
-2088903424.0
-1588198784.0
1770665856.0
-1426811392.0
-1761290624.0
1919399680.0
2018424576.0
877592832.0
614098560.0
43129272.0
-1898114048.0
-395484896.0
582057024.0
1870588032.0
1556787200.0
371595168.0
-75184912.0
-40964012.0
-618582272.0
830788544.0
-822659008.0
1317499776.0
1168398848.0
416338784.0
337194176.0
86660840.0
804483968.0
-1958764288.0
-721465024.0
348147968.0
-1402524544.0
1229549952.0
-1583879168.0
-386311360.0
-1209891968.0
-963377856.0
-1878982272.0
635518144.0
249738976.0
1134947072.0
476853440.0
-1905113344.0
-1411815808.0
-1500441856.0
-11580308.0
443206816.0
-700800832.0
-1527031040.0
2060228992.0
1890143488.0
-289651008.0
-169835952.0
-1546639744.0
235815024.0
706698112.0
1009395328.0
1615226496.0
-667786944.0
458599072.0
-99811240.0
726864192.0
-109848376.0
538108800.0
-622694912.0
-1338261760.0
1260915712.0
2039325952.0
-492256736.0
685959744.0
911176640.0
-2044424704.0
1903989760.0
-406018080.0
-526292288.0
-2092129152.0
67899712.0
-788137600.0
-2071515648.0
1899533312.0
-2100492032.0
-330282688.0
-1162191616.0
2127706752.0
89103736.0
284452384.0
-1793720448.0
1686377216.0
1022786176.0
1530160000.0
1456483072.0
-1348582144.0
1868590848.0
161596912.0
-106043192.0
1640959488.0
-1011082240.0
-67603752.0
1051094016.0
83282272.0
67443072.0
1982759936.0
-1694339328.0
-971063232.0
-1889846784.0
-21886176.0
-346656384.0
-1438544640.0
-1039880832.0
984060608.0
349735200.0
-477514656.0
-2071180288.0
1255733888.0
1602205056.0
-1182923776.0
-344419840.0
-946234240.0
1919374080.0
2069033472.0
1781380352.0
-1499710464.0
-1214520832.0
1565392512.0
-833178752.0
-1820060544.0
738979520.0
-438005376.0
-1789461376.0
1798990464.0
1706080128.0
-1727396096.0
952986688.0
-129036504.0
-1492658048.0
-1255582336.0
355348448.0
-1814623232.0
1204082176.0
-964720064.0
688704704.0
-71722144.0
1616060032.0
-71406440.0
-1075614720.0
337732960.0
-2006168064.0
-1720577792.0
-1020865280.0
371778400.0
1506130944.0
-829783936.0
-1526321920.0
-1698763648.0
-89560504.0
-1204206976.0
2061566976.0
599851328.0
1964738944.0
-1734280320.0
-2105132544.0
1834422784.0
-1381637376.0
1739990656.0
-298608160.0
-549830208.0
-793343872.0
1989737856.0
1376383104.0
-499858080.0
-503545888.0
831293824.0
-678107136.0
842805376.0
1811250304.0
-2047569408.0
1063442816.0
1992346496.0
-500930496.0
303216800.0
1137192064.0
886867712.0
303823936.0
-1882302464.0
-1802429952.0
299109984.0
-1447140736.0
1162589312.0
-1816544896.0
1265183872.0
1079838080.0
-1403324416.0
1649590016.0
-824154048.0
1069747072.0
1278614912.0
-465956160.0
-1485302912.0
-1817923200.0
813176640.0
-2089219840.0
-1841880832.0
-503693792.0
1523958784.0
714375040.0
-1911234176.0
551784768.0
2088479744.0
-262403248.0
959864256.0
99643944.0
794806208.0
-1329576448.0
800000512.0
1724513152.0
-262761840.0
1468029056.0
-611634560.0
589670336.0
960860160.0
1583656320.0
1385026176.0
-58846468.0
329026656.0
1526442112.0
-417746528.0
-1022192512.0
1567421568.0
-1729022848.0
-1557212160.0
-457353440.0
-1802498944.0
1368097536.0
709203328.0
2121486464.0
353438496.0
1950540032.0
281798688.0
-1784974336.0
-1590076288.0
1875593344.0
-42822920.0
570689984.0
-2081757312.0
1757308288.0
496284576.0
1657465216.0
1048109760.0
-859551936.0
-1744836480.0
-1666306048.0
933658560.0
1850593408.0
88950592.0
-135869600.0
-1059973568.0
-375813120.0
-921541632.0
1574328320.0
-380965984.0
764545664.0
-2054024960.0
371998592.0
-677351424.0
-1969566464.0
1909899136.0
-837720896.0
-1282072064.0
1526691072.0
-1390026240.0
-1159660416.0
-930839424.0
-1739618048.0
-847577728.0
-556605440.0
1644054784.0
-895026880.0
-1211515904.0
1885187712.0
89612784.0
923803392.0
1685675648.0
-2112495872.0
-810110976.0
-629249088.0
214261888.0
1503756416.0
-310656352.0
415449664.0
-1533780864.0
1410855040.0
1385847680.0
1688564096.0
628799808.0
694496640.0
-471754304.0
2077143040.0
1272617856.0
-1335784192.0
-1300435328.0
1238849536.0
37852924.0
1949739392.0
1982457856.0
401202816.0
1917151616.0
1696025728.0
-1217863552.0
1476235776.0
-792224576.0
1419623808.0
-284907040.0
989536960.0
588114880.0
1462707456.0
-213105680.0
-1343629568.0
888241024.0
74920544.0
2088572672.0
53896140.0
-1523213440.0
1776199424.0
1337460096.0
1962884096.0
-841487488.0
683981440.0
1814304384.0
-1830184064.0
-2145161984.0
1874302464.0
-1518378368.0
1747936384.0
582777472.0
1184454272.0
597285824.0
763761088.0
-1058565760.0
-891051456.0
1785185152.0
-824962944.0
-983069632.0
-517059104.0
-2109476480.0
1309515648.0
226434528.0
-703580416.0
898602560.0
-1116563968.0
873138624.0
2067644288.0
1418883584.0
-578387584.0
1237812992.0
-2093318656.0
-1534539776.0
-118129248.0
1626796032.0
-988967360.0
-608088256.0
-1895311488.0
-745798080.0
-1864701824.0
-105786864.0
1162425856.0
-1948934656.0
1111834624.0
1181223296.0
1076115328.0
-605069184.0
-1464420352.0
1546123776.0
630744064.0
2035550336.0
-261954336.0
-1439028864.0
1751649408.0
-57884424.0
-1834465664.0
-1702169856.0
-1102301696.0
-1397502080.0
626664768.0
967608960.0
2003700096.0
-528950528.0
463906368.0
1481724416.0
301188256.0
-556561088.0
-1093010816.0
-550117312.0
1597019776.0
824792960.0
1878347520.0
1071499712.0
-1940221056.0
-43218796.0
639118464.0
-1046438080.0
-696340352.0
-1944777472.0
1179644032.0
-758958144.0
-1231892864.0
-82632096.0
1418420352.0
-1195030656.0
521720448.0
429057952.0
1368140544.0
-1617953920.0
-1198608512.0
-1838297344.0
930148928.0
-1873984000.0
-397258496.0
172699264.0
-576923200.0
1068357632.0
2048412032.0
1062648256.0
-99262448.0
-552310784.0
843110656.0
1579805056.0
-177350128.0
1125581312.0
783212928.0
219249984.0
-838120704.0
1916591360.0
-380276672.0
1254997248.0
491997536.0
-1125811712.0
37847588.0
115523144.0
-1370081280.0
-185126656.0
1703250048.0
-1935438976.0
571406016.0
1391443840.0
205888960.0
-1783575552.0
-2042040064.0
290845568.0
1270192768.0
-1536212608.0
2051875968.0
1667799424.0
2073634560.0
-1015373568.0
-2107893888.0
1090163200.0
-1339963648.0
-478518880.0
-1983409024.0
115869248.0
-1806278272.0
-871269568.0
-1660486400.0
-202799808.0
1620227584.0
-1950016000.0
1666038656.0
534645952.0
-367815264.0
1276300416.0
-545790080.0
1972709504.0
1350356992.0
-2021212800.0
1861075456.0
-408452384.0
1291563904.0
1381681792.0
1070938944.0
-2073980416.0
200965472.0
-252194032.0
-757043712.0
502093856.0
-664655680.0
1189359488.0
-1299293568.0
-447445184.0
1319276672.0
-459708128.0
947818048.0
-648944448.0
592800320.0
1635111424.0
78147280.0
-245019136.0
201520528.0
-514469568.0
33900756.0
1692657024.0
2108349824.0
769641344.0
-1505233280.0
-1516243456.0
1884897024.0
-130382496.0
-1767197696.0
-406607200.0
1795797248.0
-801345728.0
-2045169152.0
-1875792256.0
-2103681536.0
-1063212160.0
303456800.0
1002376576.0
-1103763968.0
1079744512.0
1766333440.0
-1286266496.0
1672925312.0
-32644922.0
966001728.0
-1931615360.0
-641935040.0
1915746176.0
-508308128.0
-850608064.0
721477696.0
140703328.0
1112294016.0
122706456.0
-1035519616.0
1319619712.0
-1912474624.0
-1322344576.0
236108384.0
-540979008.0
-1069038848.0
-1492491008.0
-1135133952.0
-1620255488.0
1559754624.0
-999779904.0
1250743424.0
-1984634240.0
2087030144.0
1174607488.0
-1409308288.0
-651945216.0
962362304.0
668813440.0
-1256074112.0
992334528.0
-1177481216.0
-2057462912.0
511050400.0
797260416.0
-1690751104.0
-1764818560.0
-506314528.0
-293703008.0
589206144.0
381751104.0
327123584.0
-1599144576.0
1420855168.0
-618880192.0
508070784.0
948529856.0
-1760935040.0
1757296768.0
1435055488.0
1131564416.0
-734479040.0
-1266537984.0
-1639131136.0
1791161600.0
913273600.0
1194870784.0
-1644048128.0
615054912.0
2088621440.0
886990016.0
1036021440.0
159451696.0
1174602240.0
1162441600.0
-272726688.0
806313152.0
-1272170496.0
-1311825664.0
1590024704.0
-1462926976.0
-1148361856.0
1740320768.0
964601600.0
167119440.0
2040358144.0
1001867328.0
1492801536.0
-1641266304.0
730322880.0
698906624.0
-761835968.0
-1433146880.0
198187808.0
-1426649600.0
1120230272.0
2039687680.0
-1378186624.0
-2015735552.0
-786353728.0
630284032.0
1213602560.0
988682496.0
-393329248.0
1219760640.0
1599490176.0
780725248.0
-1892989696.0
-1251417728.0
-39393036.0
-1220809344.0
-630508288.0
-314669056.0
-1521464960.0
-1737158272.0
1582679040.0
510581952.0
1685354880.0
-384344320.0
882705216.0
-700395840.0
2135222016.0
-954847744.0
-882368576.0
1089608320.0
-387170208.0
-601235008.0
-1751945344.0
-1665801600.0
1056619072.0
1190348800.0
-465942400.0
-1709844480.0
1764660992.0
-2027941760.0
-517908480.0
1724383232.0
1371086336.0
-975060032.0
237255360.0
-786363264.0
896060800.0
690434944.0
-2114063360.0
-1709484416.0
615228736.0
406543456.0
545024960.0
-295623520.0
1137867648.0
-792211968.0
-885750464.0
1265961088.0
1384763136.0
1300845440.0
425621408.0
492699872.0
1535073536.0
-1008534592.0
1162861440.0
661708416.0
1755134592.0
-1862394112.0
1768126464.0
1692295168.0
504234080.0
2117054848.0
454957248.0
1025913856.0
-952738624.0
1501899904.0
-566615232.0
-73567016.0
-987838656.0
1336922752.0
1689446528.0
2120534400.0
984172416.0
898010880.0
-1232523520.0
-1184101120.0
904768384.0
-1954371456.0
-578019648.0
75045776.0
1604798336.0
-1358581376.0
1526508160.0
1292668544.0
1968950400.0
1930291328.0
-111910792.0
-573924416.0
1136653568.0
1299516800.0
1363010944.0
-1838215680.0
-304777984.0
-1130692992.0
263615136.0
-1374317184.0
-1870081920.0
-1326990848.0
992388160.0
793456064.0
1508839936.0
1319877760.0
-1070875776.0
-969061184.0
-625564096.0
857225728.0
1426458880.0
471829984.0
-2070954368.0
1934974976.0
-1814548608.0
-417552704.0
-1407755904.0
-1444731392.0
-1409207296.0
410396224.0
-930276032.0
372374752.0
-1383645184.0
-1864574848.0
-1422150528.0
-1412401536.0
-1367504768.0
456745312.0
905163200.0
-1901771776.0
980666048.0
-1542922240.0
-563149376.0
-2095326336.0
1113559808.0
564061504.0
-37403452.0
1605639424.0
-666368576.0
-1305527552.0
601717504.0
-2092446080.0
-1432599936.0
1425619968.0
-1132775808.0
-1887456896.0
-1590349952.0
749138944.0
502580224.0
-411601344.0
629834624.0
2064596608.0
-1778671488.0
-2006025856.0
-563165824.0
-330152736.0
606776320.0
-874455104.0
236339024.0
647815488.0
-1084352128.0
977470912.0
1343815936.0
-1159459.875
-716985472.0
93617048.0
-704159552.0
-468277568.0
1170200704.0
1619664640.0
1896755200.0
753148096.0
926655360.0
-1923981184.0
2075280000.0
1189061248.0
380905600.0
2139826304.0
914257536.0
1846823168.0
1677655296.0
1987246720.0
-556624512.0
1689985408.0
152701088.0
-2099627008.0
913012096.0
-546261824.0
1136964608.0
-1081375872.0
1389239808.0
853592192.0
-973308864.0
956606208.0
437615136.0
-546969600.0
-1514260480.0
-1872796288.0
-525000544.0
931366848.0
83123952.0
1413140864.0
1204084608.0
-960700352.0
2124090624.0
-589651008.0
-664875584.0
-1347824896.0
1849290240.0
-1878113920.0
758849152.0
1512613760.0
-147955792.0
662537408.0
-262771168.0
-2054791168.0
498340832.0
-1268264064.0
-1689411456.0
-1068516352.0
544299008.0
-280796800.0
-1038840704.0
-415963328.0
-400708992.0
1988251264.0
1317048320.0
78672440.0
-1424696704.0
1721041792.0
1480011648.0
-1208667648.0
-1682965504.0
1635323264.0
1087873664.0
-1981595264.0
1933108224.0
-1125714560.0
1701956608.0
-1270707712.0
-758424704.0
-2087806464.0
1134883456.0
1058437312.0
-1316024832.0
146307344.0
-2059059456.0
-2112731008.0
-618909312.0
-947481024.0
1570340480.0
1976069248.0
-692859200.0
2034159488.0
1869838080.0
-387371392.0
1562012160.0
-836170496.0
-1047958464.0
-177100176.0
-1105030528.0
524470400.0
721143936.0
397113216.0
710867712.0
-333682112.0
-994030016.0
332370304.0
-862035648.0
1145967104.0
1342090240.0
1045932736.0
-44221764.0
988009280.0
-81883488.0
962918208.0
-411348864.0
1157636992.0
-944463936.0
2038489984.0
392018048.0
1460193280.0
1193648768.0
-995273920.0
-736298752.0
-1796777344.0
-2071048576.0
-1207327104.0
936765120.0
-180333840.0
-263615584.0
-365984224.0
-1208439808.0
-933413440.0
1394424448.0
-1429347072.0
1054398336.0
1150239872.0
-419550368.0
-1444895872.0
-276468288.0
1078405504.0
1822421760.0
2050704128.0
-1417051008.0
-1982965632.0
780389696.0
-1302577920.0
-961655296.0
-773961920.0
435120800.0
37976432.0
-1511028224.0
-1029379968.0
-1232522368.0
-608329536.0
1055834304.0
592116928.0
-204052976.0
258249584.0
-2026155904.0
1623880192.0
2116093696.0
-877416512.0
2112068352.0
-1049545728.0
258991408.0
-336260192.0
-998853568.0
-1766076416.0
-178061888.0
2033876864.0
-1979645184.0
-1422991104.0
936646144.0
1719067008.0
1977999360.0
317139104.0
-314642176.0
595292608.0
-870634752.0
924927040.0
-719257664.0
2052255488.0
-1832200960.0
452072384.0
244848336.0
-1622939904.0
1303762560.0
-1310735104.0
919781376.0
197249280.0
-2113240448.0
-10739019.0
1615062144.0
-301771232.0
-1921472896.0
1502442496.0
1510762112.0
410730816.0
327137312.0
1973019520.0
1912539136.0
-1408460416.0
572353216.0
-1003496896.0
-1017357120.0
153278752.0
-1435138560.0
-2019006080.0
-1552938240.0
-1691033728.0
-2002185216.0
199936624.0
-181371296.0
-781650688.0
-457544544.0
-1838876416.0
-1340632576.0
1734556672.0
1626580864.0
877229888.0
-1550397952.0
1938835840.0
2056730752.0
45350228.0
-1006392064.0
-431028896.0
-1500048896.0
1342341120.0
1756647040.0
-1924601856.0
-410389568.0
1321863680.0
225770016.0
-262257744.0
-2020806272.0
-371590272.0
-580027840.0
-1855407616.0
1951310336.0
-1024910144.0
611051648.0
-1039302080.0
-1705760640.0
-1198948480.0
1799594496.0
-1324872960.0
143526544.0
-146441232.0
1167796864.0
-1350934528.0
2143621504.0
334731360.0
-884310144.0
-1815164544.0
1039348096.0
-683238464.0
-177627488.0
1786814464.0
504058112.0
-1835145984.0
-416003008.0
1961031424.0
1113115904.0
128376232.0
-1555895296.0
1038924480.0
1537095040.0
495835200.0
-1746481024.0
1846103680.0
1990597504.0
785006848.0
936629760.0
461592960.0
-1788421376.0
-1326234112.0
-622015936.0
1411932160.0
1382119168.0
1157890560.0
-1679836416.0
1246923008.0
1791337344.0
1336638976.0
-283802272.0
-947357376.0
1447530624.0
875547648.0
1444373760.0
-241591888.0
1041262464.0
129394272.0
-731979008.0
613028352.0
-1708308992.0
4590422.0
-1075896320.0
-1999619456.0
279929408.0
242803680.0
-1113393664.0
147684064.0
1613873024.0
-1826565888.0
1302936704.0
-2084553472.0
-122338928.0
-768976320.0
731151616.0
-17358624.0
-2066465408.0
-1068465600.0
-778643072.0
661812928.0
712834624.0
2139209856.0
-332221248.0
1148213760.0
-814744384.0
1576689024.0
1452587392.0
-1799952256.0
-105698704.0
-50603280.0
1747035648.0
-36615472.0
1356673792.0
-173850672.0
-1891223552.0
-224310432.0
-2029717888.0
-2005344640.0
227581952.0
2033015808.0
-1671164928.0
985500480.0
-809099264.0
1289823232.0
-2074815104.0
886175232.0
2145197440.0
1331964800.0
1846243968.0
-1648089216.0
1847285504.0
-377253760.0
1194438400.0
262194784.0
-387292544.0
1958767872.0
1292164992.0
9888379.0
-73982440.0
193087104.0
-815454272.0
-1021467008.0
-207746624.0
-225183024.0
-1845192576.0
-905519872.0
-641711936.0
709957504.0
-91787360.0
-1507556608.0
-553169088.0
-86118552.0
994361344.0
-1233404032.0
-11792066.0
1474687488.0
1229599.25
-278735744.0
1857085696.0
-1231194368.0
1880397568.0
-1779618176.0
473403904.0
-1863722240.0
-194912064.0
-7198639.5
-418838976.0
-1384031872.0
-1129568128.0
-1529571072.0
786483072.0
2032965376.0
966933952.0
-2119714432.0
-2052435840.0
1594748160.0
1142271104.0
-823516352.0
-1033389312.0
1888396032.0
-1208856448.0
-2122706688.0
-565160128.0
-766879680.0
-569200512.0
-1449815680.0
581567040.0
-557677824.0
-1773782912.0
1372542336.0
-703996416.0
-1507117440.0
279877824.0
1075288832.0
68281464.0
-1150500992.0
-887900928.0
-496529376.0
1889660672.0
1703372416.0
-1744964224.0
-1210442240.0
-1116410752.0
2092098304.0
2057879680.0
-94923608.0
2131452800.0
877342592.0
-1410265344.0
526389056.0
148939520.0
1711565440.0
-1512618112.0
-2008183296.0
-340561408.0
-1027411264.0
1979232512.0
145958560.0
-544850304.0
2123857664.0
-1638039936.0
1391364352.0
-1521362816.0
1998761984.0
-1827815552.0
-1233679104.0
572139776.0
189795856.0
-127179544.0
887935040.0
1610719616.0
1650785664.0
-1531686144.0
-347317088.0
1785664384.0
5849171.5
-570964544.0
775723520.0
-586668864.0
1670508032.0
324175488.0
1650465664.0
-1099387264.0
2137845632.0
1177586048.0
1099167872.0
-712670720.0
-1781992704.0
-522356224.0
775918336.0
-721198848.0
-1362049792.0
1943065984.0
-936094208.0
930930112.0
-56338884.0
1124196480.0
-846921600.0
-896702592.0
-1712016512.0
-1967391872.0
-1939036672.0
2060615680.0
1289227648.0
1200135296.0
1372148096.0
1327043456.0
1949669376.0
2113567872.0
-1619845248.0
1294507904.0
38227192.0
62597308.0
-1183972736.0
-537712320.0
1699443968.0
1265999744.0
-1698350464.0
-1707052288.0
-1113129216.0
-204052192.0
684303104.0
1209376256.0
1220003712.0
1694247296.0
-1066275200.0
732353472.0
-937364352.0
-820771456.0
-766320192.0
-1736843264.0
-1592646528.0
-458590208.0
1521142784.0
924093696.0
1852243456.0
780358144.0
756391040.0
-504648928.0
2050843776.0
2129953408.0
1732181760.0
609353216.0
-1536845952.0
237083872.0
-269777984.0
-659733440.0
-1529919744.0
-1889784704.0
-366630752.0
1629176832.0
357334688.0
1456750592.0
1184729600.0
-816526080.0
958445312.0
-1133191296.0
258701248.0
-1343376000.0
-1076347904.0
1888454784.0
-1233558912.0
-807172992.0
1809188352.0
1817778688.0
408320768.0
1327233024.0
-662409792.0
-497401088.0
-369139072.0
-1727564672.0
1397983488.0
-1554084224.0
1741883648.0
-722315200.0
1038610752.0
1897434752.0
669007552.0
-180001408.0
-540165248.0
1990941952.0
-56359512.0
-727280192.0
-1668940160.0
-1810874624.0
1303921024.0
-856176448.0
2015795712.0
-118826160.0
-429360960.0
-1796334336.0
-1303181056.0
-1067964608.0
1650797056.0
1227210368.0
1239417088.0
2021264640.0
-1713854208.0
-241850608.0
1281593216.0
-386341760.0
1556891904.0
336631104.0
1278315392.0
-1867539968.0
-1664823296.0
-125047776.0
-43814552.0
2078585216.0
-1477535616.0
-354164832.0
1862947456.0
995665280.0
1728797056.0
-771475136.0
-1428387072.0
-1239279488.0
-292019584.0
-1787163264.0
-553349952.0
2021696256.0
-1914487680.0
-2010335616.0
556059072.0
1115106688.0
1211364480.0
-635536960.0
1650515968.0
914793088.0
918488832.0
-1316715136.0
227493936.0
661090496.0
483209760.0
758431808.0
1603085568.0
1963467520.0
-355000640.0
264180368.0
876436288.0
1938004736.0
1501119872.0
-379807488.0
912508736.0
975698304.0
-198908192.0
-761404800.0
1166206720.0
-327379424.0
995536128.0
-2072607872.0
308932096.0
1299196288.0
-1206798720.0
1990234496.0
-482323776.0
-1347979520.0
793223808.0
-391486208.0
-1415033472.0
1889015040.0
-1091550848.0
-1802170240.0
88622880.0
-1331707008.0
-58454968.0
757869184.0
-562112128.0
-1460197120.0
1773560576.0
-1298821760.0
-936447232.0
1282930432.0
-625582848.0
-1990397952.0
1202410496.0
-1663200000.0
-1400160128.0
351427488.0
-8042366.5
1107674880.0
-1671615104.0
1430268032.0
-1072800640.0
-1828240640.0
408912544.0
-1455098368.0
473537056.0
-433992768.0
582571584.0
1644561792.0
185110432.0
1481051648.0
-225086768.0
-1753607808.0
-1342144384.0
687595456.0
2032350080.0
-570905280.0
-431367008.0
-334022880.0
-2113898368.0
-2095973760.0
2079895296.0
1061956160.0
-732659264.0
833684928.0
-247415808.0
-487511424.0
-1789929088.0
1189251840.0
889401088.0
-956921600.0
487592096.0
1980194816.0
354822336.0
989992064.0
-1483952256.0
-524952640.0
-1161587200.0
1573237632.0
1937341568.0
-1635197312.0
127323128.0
806260224.0
1164343808.0
942350912.0
2047906944.0
1155297664.0
-943569600.0
-1273660032.0
-1119080960.0
1786480384.0
122115368.0
439341184.0
2021109760.0
1387007232.0
730120960.0
-153704800.0
-1523569664.0
-704531520.0
1552404352.0
-1340531968.0
-1456445952.0
-1660748672.0
-527374848.0
-738097664.0
646084544.0
-291132832.0
-209942800.0
1324500480.0
-780080384.0
-329843936.0
-1396578304.0
1506017152.0
281698944.0
1149049472.0
-1511182464.0
-2161625.0
2001770240.0
1619066112.0
997241536.0
-1276792192.0
25659750.0
-1655179776.0
-1222015232.0
-133764432.0
1118518656.0
-43682904.0
-1506445568.0
463463584.0
1968273792.0
-1952098560.0
-54278808.0
1776863744.0
-1117662976.0
2023213184.0
-62973308.0
911674240.0
-1788028544.0
-2080691328.0
1124688128.0
70079872.0
-198022848.0
-2131376768.0
1584400640.0
-607184128.0
1614470784.0
992445888.0
-375918528.0
-355714560.0
1364926848.0
-2016685696.0
1818366336.0
1126647040.0
34715416.0
-765084800.0
-874108096.0
-1119784576.0
794775488.0
1061517632.0
-2123808128.0
1388253312.0
962572288.0
1210091136.0
-1051313536.0
-1760275712.0
150492624.0
-31663142.0
123416352.0
415868928.0
1054435328.0
382606464.0
-2075738880.0
1379992704.0
2112560896.0
-2088222464.0
-1507858688.0
1464859136.0
599301568.0
-57839884.0
-1203840640.0
1848950528.0
-479063808.0
-549652928.0
-1572054016.0
-1060178048.0
-71697768.0
698093312.0
43580688.0
-785218944.0
594120384.0
817180288.0
1138678528.0
1461074304.0
-2135065728.0
328207072.0
-363058336.0
-93928648.0
1953437824.0
1008883072.0
933129728.0
1764307072.0
-1838521344.0
-758781632.0
-1660135680.0
2036904192.0
-1886838016.0
-1539224064.0
-1435257856.0
-1631053184.0
-917038080.0
-1721947136.0
90638272.0
-441542112.0
-225070672.0
-880680064.0
146881776.0
1827431680.0
1365469440.0
-531088704.0
-1198675712.0
1003291712.0
-493659296.0
1459735680.0
-290471168.0
1022712320.0
-1184166016.0
1654343808.0
-767640512.0
-453955872.0
-1168310272.0
1347087872.0
1215298688.0
-1495690112.0
1431776256.0
-510795232.0
679210176.0
-1720438784.0
-1848131840.0
-374310688.0
-2080011008.0
-1757918080.0
191248880.0
-781192896.0
1030086528.0
-179003168.0
985200576.0
1767618816.0
783647232.0
-931900480.0
53685144.0
1086337664.0
-2119339008.0
-588524416.0
-1236900480.0
-127858984.0
-742602816.0
311090944.0
590931584.0
50399744.0
-1199656832.0
-931671296.0
-93485672.0
467976896.0
-379986720.0
-1419812736.0
1367842304.0
-1127165824.0
393801280.0
-174965840.0
1032869504.0
-1667790976.0
-285683072.0
2111926912.0
-767451456.0
1414821632.0
1582988544.0
-528160704.0
716574400.0
1892256640.0
-1849182720.0
-746365760.0
-877198144.0
-891955264.0
-875454784.0
-488191008.0
-1946736640.0
-48273860.0
1369175424.0
-1925863040.0
501095712.0
-1394113664.0
1324658944.0
-1206064256.0
-907158400.0
-1708869760.0
1150158080.0
1755860608.0
-1967895808.0
1214038400.0
1587144320.0
-76606840.0
203969440.0
-1101842176.0
-843447296.0
778550336.0
303162944.0
1429230208.0
-953490496.0
1858638336.0
-1971092608.0
-1255968256.0
1789243264.0
-2107071360.0
259367712.0
1678338048.0
887378368.0
-221839424.0
-1802996480.0
-1306176640.0
-355855552.0
-1848338944.0
873835584.0
-1597864192.0
-1726686720.0
-1377033344.0
-678699968.0
-476530816.0
-775949248.0
313078464.0
-189828864.0
1919673472.0
-585093184.0
1043195904.0
-826230784.0
-1391044992.0
-1688244224.0
-1156945920.0
-1222228608.0
1791507200.0
-884884864.0
1408741632.0
-2066432256.0
351613120.0
-1351137920.0
309878272.0
1690427008.0
2006745216.0
-1146766336.0
2129709184.0
-1396032384.0
1221963776.0
-1297795712.0
1506280192.0
1389412352.0
-645150656.0
2041225728.0
1435434880.0
-861815744.0
-444652352.0
-1447888640.0
-901753152.0
-1139475712.0
-2145033088.0
-316704000.0
1375487360.0
-1048852288.0
1003837696.0
-58870960.0
615322176.0
2130427520.0
-1808707712.0
-551298496.0
-1750134656.0
1175431680.0
-2051125120.0
-1790400896.0
-1816858752.0
1147198080.0
1942349184.0
1281981696.0
1769107968.0
-1387672448.0
1032374848.0
123118656.0
-1222074752.0
-38569912.0
1957786112.0
-860018816.0
493740544.0
800249728.0
-962011456.0
-47025740.0
-1258929024.0
1737879040.0
858852416.0
1184316800.0
-758874816.0
-1826023936.0
-33670368.0
-121697864.0
-1395585280.0
-1075014144.0
555696384.0
2043754496.0
1404228480.0
-1762374912.0
332464896.0
-1596877952.0
1930764032.0
-1782530688.0
-1091534208.0
2119640448.0
-1108757632.0
535853568.0
370351616.0
-216883104.0
1081549056.0
1807910528.0
-200893808.0
-2035981440.0
352635104.0
-817129536.0
-457410592.0
-163480896.0
-389854304.0
-1365438848.0
-1228687872.0
906883392.0
222613728.0
1673191168.0
-1146499200.0
1679065088.0
1341883648.0
310224928.0
1316054144.0
-646363328.0
1343002624.0
-1895803264.0
-1743275520.0
-617341504.0
-1868337664.0
-859526720.0
254493760.0
-338646688.0
-30954250.0
-2076879488.0
-1011902656.0
-1883626112.0
-2091103744.0
696505664.0
-78094320.0
1777216256.0
1691093888.0
488134976.0
554585088.0
-1503185920.0
1801184256.0
1097532672.0
-342690400.0
917580544.0
949212032.0
-1052305728.0
393749760.0
301629024.0
1608350592.0
1892432896.0
-408164192.0
333073344.0
-443158208.0
1762429440.0
1825957376.0
2099692672.0
817123776.0
819102400.0
-1120437632.0
-1152455680.0
1010775616.0
21417278.0
-1078795392.0
-1789375232.0
783824448.0
157507120.0
618072576.0
-1252157696.0
1133687552.0
-1251245440.0
1759452160.0
814589632.0
2134170112.0
-405899648.0
537899072.0
-545515264.0
1128778752.0
-1902190848.0
351235776.0
-267274912.0
-2010470144.0
862144576.0
-365131552.0
1235252992.0
-1616020224.0
1266333568.0
-1444667264.0
-1066579392.0
103702544.0
690850944.0
-69809896.0
-1992215424.0
384130112.0
932031488.0
196789904.0
576883840.0
-1303043072.0
1656721152.0
-247580784.0
18213948.0
2051749248.0
749857344.0
-241615184.0
-578747392.0
1259863552.0
746169024.0
457931552.0
-206814144.0
1540266240.0
1951151872.0
201594368.0
-116875456.0
-1595428480.0
-1369510912.0
66356260.0
-1938290048.0
1038642752.0
-1110754688.0
-1982063488.0
-901509824.0
2035391104.0
393771840.0
-71021688.0
1529047296.0
1673131776.0
-1787108736.0
-1573671424.0
-276919968.0
129960000.0
-865135872.0
1250339968.0
-1304862336.0
1434428672.0
1298211968.0
-1976922240.0
-269748576.0
-2060812672.0
-1324400000.0
-1037998720.0
-160739440.0
-1210101888.0
252647632.0
-1122244352.0
1347253248.0
-470443200.0
-867461312.0
-1735610752.0
423980800.0
219551616.0
1901865472.0
-1880476416.0
1392222080.0
-379845856.0
211749456.0
-176241344.0
-1338605824.0
-595149568.0
-1020054016.0
1481675264.0
-496123648.0
232789888.0
-1402960640.0
-287567744.0
385967968.0
1368852992.0
1382253184.0
-1238133120.0
2027867264.0
-1144988800.0
54359980.0
-681160256.0
785892928.0
1791283200.0
1902032256.0
-1265186560.0
-701706560.0
-1670002432.0
755937792.0
-618254848.0
1754270592.0
-91914592.0
-4612678.5
425569056.0
291729440.0
-873252864.0
-1796250112.0
146545552.0
1003464000.0
-1540258816.0
269301760.0
-990611520.0
373793120.0
488374688.0
1443768192.0
-1907287680.0
1423903360.0
1587399296.0
78166912.0
1206311168.0
1437126656.0
-536512064.0
670431424.0
590778944.0
880276224.0
-1923132416.0
-769210560.0
-114671616.0
-1028187712.0
1248051712.0
-1075159168.0
1450316416.0
-13320771.0
873550912.0
359247008.0
1214808320.0
218545792.0
-1013404096.0
-172166544.0
-1490818304.0
953182912.0
451183168.0
385720352.0
-415715872.0
1613354496.0
481111040.0
-1863584640.0
-418599904.0
-1901736704.0
-66113632.0
1323894528.0
2100107392.0
1865356288.0
668965888.0
-96816072.0
-1281988736.0
452793952.0
-964632128.0
1686175744.0
1292923776.0
784643008.0
633313472.0
203625312.0
1801144576.0
2094307200.0
-327477056.0
769052352.0
350496288.0
875119744.0
747371072.0
1202637312.0
829375488.0
-1075363328.0
-1749705344.0
-122568528.0
-491062752.0
-162652016.0
-651483328.0
-628010944.0
988349440.0
1298507392.0
190049168.0
960815232.0
1651435904.0
570489600.0
747512896.0
655544000.0
591745408.0
-1652612608.0
359705856.0
1266848384.0
-821576384.0
-2070217856.0
-34819820.0
881506944.0
163614032.0
919162368.0
106246080.0
-1878289536.0
-182603456.0
-1732528128.0
-266438912.0
-1970416640.0
-1179187456.0
-843198016.0
2054942720.0
-1139517824.0
-1053973440.0
1507218560.0
496664384.0
-565948288.0
1051441536.0
1602354944.0
394559136.0
905497152.0
275917696.0
23215476.0
1025517440.0
-269509632.0
-1242981504.0
1232351488.0
-2056206592.0
-947695168.0
1225743872.0
-1148335488.0
-1887003776.0
1863536000.0
1899832960.0
-1830720640.0
-1706630400.0
1597757184.0
-1842453376.0
-1827006208.0
-1235968384.0
-283140192.0
-2016303488.0
1365845248.0
819852864.0
-1644140160.0
-86488920.0
-2111060096.0
-972629248.0
1819350144.0
1287966720.0
252973712.0
-291909216.0
458369120.0
-354539648.0
1475316352.0
1025115968.0
-1032486208.0
1272435712.0
-1777180160.0
1971746304.0
983213248.0
787161152.0
-1611906688.0
2093558656.0
-1092012416.0
1954816000.0
291418016.0
1184132864.0
1995040512.0
1467083136.0
1515536000.0
2122574336.0
-243219248.0
2093244672.0
1741115008.0
1445732864.0
-692377600.0
-1998561664.0
1860466816.0
758571392.0
1464366336.0
1825152384.0
-1403983616.0
-359905536.0
1902002944.0
-1919861760.0
-1112636800.0
-36855556.0
-1456768256.0
1136281216.0
-771818944.0
1785575680.0
-320724832.0
-1299427584.0
1178482048.0
1154409216.0
1632364160.0
1884119808.0
1240409856.0
1444149248.0
-779973440.0
-1172109952.0
1545074176.0
615511168.0
-2102281984.0
-1366338432.0
1200105728.0
-1290226432.0
-1598776448.0
-1555447424.0
-846656640.0
473492608.0
-1882414976.0
971197760.0
-1261692544.0
39876064.0
383964448.0
994949184.0
-495889824.0
1905753088.0
-556016320.0
-498475712.0
-1178583424.0
935416640.0
618018560.0
1965811840.0
-1897268352.0
1448540544.0
-2039247360.0
-1748207.5
1134513024.0
606593280.0
1316815232.0
-696944896.0
-693214400.0
2107535744.0
40109568.0
1986182656.0
1030487744.0
-891772800.0
-530730112.0
-543984768.0
43448004.0
1234892544.0
817365504.0
-1771959552.0
1783097600.0
-963320384.0
-629643904.0
1547950720.0
1193023232.0
-722484800.0
2028248192.0
1444586368.0
975363328.0
725083840.0
201370480.0
-529891616.0
1389737472.0
1628598400.0
-1449605760.0
164289440.0
-814390464.0
158661872.0
645865984.0
-720714560.0
-342074048.0
652640000.0
1786290816.0
-342263072.0
867195008.0
1416837760.0
-2028766336.0
-1963283712.0
-1047091200.0
1476196352.0
1513060864.0
-2145745024.0
423119168.0
-310163616.0
-1864671232.0
-2040322432.0
956847488.0
-960777344.0
1123686784.0
2080381568.0
1459037440.0
94002248.0
-163283296.0
-484406656.0
1048017088.0
1745591040.0
-550090560.0
-461194592.0
1002617664.0
-997619200.0
444300000.0
-736766784.0
212018112.0
-494517792.0
1747095040.0
1236821120.0
-1316382336.0
1905890944.0
-1781985280.0
1065111936.0
-1070775296.0
825002880.0
-1645251200.0
-522067552.0
-15546629.0
-641116288.0
-910992704.0
-1573896576.0
-249214032.0
573844928.0
787862080.0
-446683488.0
-762906112.0
397414848.0
-1962579968.0
-1692725248.0
1945620608.0
1446599296.0
1071035456.0
-1856305280.0
1953296640.0
902586112.0
595307456.0
772916864.0
1912824320.0
412590880.0
-1231465472.0
1568369408.0
1195574016.0
-1533688192.0
-260980448.0
1170454016.0
1421362048.0
1014453120.0
1357403520.0
1674539520.0
-1241765632.0
-144968448.0
1586658432.0
-1244973056.0
-479268000.0
977780160.0
1195566976.0
-2089775744.0
1109710848.0
1135962496.0
-83242376.0
680076480.0
1248266880.0
-385664704.0
-2134256384.0
-835814848.0
591868928.0
404303520.0
-1399704192.0
1615853312.0
-1952417536.0
-694765760.0
-759227520.0
-848602304.0
-1232297216.0
-1318559232.0
1162383360.0
-1266269696.0
162950928.0
513071424.0
-423798048.0
519440128.0
-1126833024.0
500478464.0
878314944.0
1508410112.0
-750742016.0
1821196544.0
-161605232.0
1775184256.0
1787214592.0
30074724.0
-933690560.0
306550176.0
916499008.0
-1247232256.0
-1646085760.0
-1628345984.0
1639521920.0
-2089050496.0
1541948032.0
-887740416.0
956982272.0
-1973164032.0
1542318976.0
-1653865472.0
-1992045696.0
-1456410240.0
675230144.0
-54030808.0
442934304.0
325300032.0
134035160.0
-1372738176.0
1211917696.0
932106560.0
-2110019456.0
-437955744.0
2097863680.0
1225764352.0
1290303744.0
520545216.0
-228343920.0
-1012100224.0
1659020288.0
-859141824.0
717068288.0
1784500096.0
1235837440.0
641294976.0
-257347376.0
446845728.0
1272499072.0
-485648224.0
-957693696.0
1277659648.0
1576218496.0
1097252608.0
-1409492352.0
248290896.0
-1796291200.0
1988010880.0
1139626752.0
-981342208.0
-609349568.0
1355298176.0
-2130330496.0
1051169728.0
1651609600.0
-1360185088.0
-603042880.0
1283367680.0
-1486493952.0
1701493120.0
19087778.0
436186688.0
-101004128.0
-613297984.0
1603272832.0
1382516096.0
-1095927808.0
1938900096.0
-520619776.0
-329240736.0
653112192.0
-113773696.0
-2061694336.0
1951897856.0
-1278601088.0
1725299584.0
-1060655168.0
-1652024960.0
442735168.0
646190912.0
44694648.0
-311950176.0
-23433260.0
-356214592.0
-688999360.0
-1508707584.0
-1480250752.0
-1345519488.0
858970304.0
756741824.0
-411814592.0
1266360320.0
819403520.0
-203691072.0
-1167263616.0
729813248.0
1384769024.0
-137711456.0
-421696192.0
69319880.0
-531790496.0
-1767253888.0
1717751808.0
1443943168.0
133684552.0
-2010150144.0
-1665011968.0
-1529489536.0
-24791448.0
452749312.0
1995231488.0
-694984192.0
-1184460032.0
-594287680.0
1026045696.0
1783076096.0
1923505920.0
738172672.0
-2041665536.0
650109056.0
1337928064.0
-1678216064.0
68195384.0
-554231808.0
-517052000.0
-899295168.0
46920016.0
-115270632.0
-1526370048.0
-500977440.0
-5354546.5
-734042368.0
-457208608.0
-1162939520.0
-1152453760.0
-1684114944.0
166303776.0
-815098560.0
-869010176.0
-967189120.0
-1200178176.0
1535910528.0
376008192.0
-725850688.0
857470208.0
1725725568.0
-763884224.0
-308930752.0
-357407808.0
1824844672.0
865312256.0
1490663168.0
612251712.0
-1698273792.0
1974020096.0
-2126016896.0
-1504472576.0
557464576.0
-610892736.0
965705408.0
-1623528448.0
-919266368.0
1207105664.0
-2059876608.0
427411648.0
2091040896.0
-1986601856.0
109308808.0
1551676544.0
-1247675648.0
-644600128.0
-1837871872.0
-2101020928.0
976892224.0
-1804936832.0
-582115840.0
-1488411008.0
435854208.0
663215296.0
-872127232.0
-8115408.0
1816739968.0
-2005656576.0
-1218547840.0
-1754315264.0
-471431136.0
1729239552.0
179638576.0
-1066719168.0
-513788416.0
-925438720.0
1785264768.0
-1240118784.0
-1738255616.0
2008422400.0
1802604032.0
971767296.0
-637957312.0
2131419776.0
1077089920.0
-325740864.0
-1087933056.0
1995252352.0
-991464640.0
536107328.0
-1586280064.0
209703632.0
-1267800320.0
1523038720.0
1805074304.0
-2124189184.0
-2001335424.0
-1917715200.0
240757200.0
1349442432.0
144699344.0
1662199680.0
-1862720128.0
1678604032.0
400308064.0
628124992.0
1340371200.0
-1117621120.0
1331060608.0
1156509568.0
-409078816.0
-358255968.0
83927552.0
1363762176.0
-1205582208.0
-1854272384.0
-132315320.0
353031744.0
220938960.0
868697344.0
-2124040832.0
1925212416.0
-2128156800.0
1209095168.0
54167620.0
-1417900800.0
121095624.0
-971125056.0
1031436224.0
1716741376.0
2054408448.0
1108962560.0
460647360.0
165560688.0
1839291904.0
-1211251712.0
-65153040.0
69617768.0
394110560.0
-2030270080.0
-958085056.0
-1253422592.0
-447804608.0
-445020704.0
-1253818624.0
-1116024704.0
844828480.0
-1812763392.0
-284015904.0
504779424.0
-942616000.0
1869093248.0
1810502016.0
157996672.0
-1710081024.0
527400672.0
1566107008.0
-937274432.0
832531840.0
-1856138624.0
-1334308096.0
-76602608.0
-1167168768.0
767297856.0
2042163840.0
520544832.0
380248480.0
-1164818560.0
2128166656.0
1978469376.0
1790245248.0
-1958267392.0
-1964044416.0
1014903104.0
-1557138560.0
-1267094784.0
1461774080.0
-1601079808.0
1055020032.0
2019511936.0
1191822080.0
1757129856.0
2036619392.0
1596719360.0
-1958522752.0
1054958016.0
-1113031680.0
-1592520704.0
-434562080.0
726811328.0
-1485490944.0
-1776615808.0
557076992.0
-1080222080.0
1138571776.0
-1658812160.0
-1808078336.0
-587916544.0
-1781657728.0
-1942168320.0
1603723136.0
-276956480.0
841610688.0
-1737984384.0
710925440.0
243601136.0
1444760064.0
-1314102272.0
1451530240.0
-1101442432.0
-1410121216.0
-295584096.0
1713292544.0
1134125952.0
739108800.0
-1204159616.0
-1036780224.0
-846596800.0
-409418944.0
-1954353408.0
-705019392.0
-935068736.0
-1205612544.0
1469070336.0
720904832.0
1445445888.0
645678016.0
-464828512.0
346875712.0
1180307840.0
296039520.0
-1326888192.0
-1451755776.0
1257207680.0
188372432.0
615041536.0
-1629570688.0
455926656.0
-1052456576.0
-1537049728.0
-611000704.0
1118768128.0
1836520832.0
1556173440.0
-1650438656.0
414784448.0
-810067712.0
1392132096.0
-6133520.0
207768992.0
-1926089344.0
791226944.0
-222699584.0
-2021743360.0
-1442308992.0
-2014565248.0
1285695104.0
1493553024.0
-1712573568.0
327853440.0
1259674240.0
-1268551680.0
-1088551936.0
124471584.0
-1976640896.0
-1025324800.0
-1154072064.0
-459974336.0
491133376.0
1408369792.0
1381264640.0
-688085952.0
-1419841920.0
876549952.0
-1546233088.0
-1316037248.0
1736797824.0
818922112.0
658721472.0
1386684416.0
2042161536.0
-1955715072.0
-780284352.0
488041728.0
-1731183872.0
2038905856.0
-1049358848.0
585842624.0
-513125120.0
334206080.0
1571758976.0
476770464.0
-295129280.0
-1475210368.0
969589376.0
693771712.0
1958391168.0
773668544.0
1097975296.0
342333792.0
-633133824.0
-572404864.0
1694928896.0
-1327372672.0
2123913728.0
-937474688.0
-912343552.0
-1316528128.0
2102969088.0
-377127232.0
2080076672.0
-2083309056.0
-382158080.0
-1650696832.0
1471164544.0
1632915840.0
1695260032.0
-60148900.0
-549156928.0
1843895808.0
1685549568.0
-184538800.0
1669462528.0
1708539008.0
1545445888.0
-2055378944.0
-1821866368.0
1257139072.0
-734848576.0
-1386736896.0
851271360.0
1074628224.0
-1429565312.0
1310759808.0
2107767552.0
-1941263232.0
-200276640.0
992727424.0
-176601856.0
1059866688.0
823990784.0
-229958384.0
-996543872.0
1708495744.0
-1968882048.0
813747200.0
-516639456.0
-1649769216.0
-249188816.0
-1037204096.0
338274720.0
208787840.0
1670002048.0
-2027170432.0
1592534528.0
-306361024.0
-185300080.0
-459396512.0
998776832.0
-986469568.0
-1201465856.0
736915392.0
372934720.0
1270591104.0
410269280.0
-1222924544.0
-1607579008.0
1002073088.0
688543488.0
-1217977984.0
-1935189888.0
51374616.0
-481684288.0
2083415552.0
1610136320.0
369593440.0
-405528640.0
1604296576.0
1024046336.0
166773952.0
-2040621568.0
-2076446592.0
-1256000512.0
-1255592832.0
1716974336.0
-1158695040.0
325497632.0
-770004864.0
783304128.0
-1651154176.0
-1286519552.0
-1334535680.0
-1834169856.0
-945454528.0
-585787072.0
855825536.0
1538928000.0
1387254656.0
743066816.0
570122176.0
747925504.0
1922538624.0
1841896704.0
2024829312.0
1608273152.0
-2116465792.0
128221232.0
1452425856.0
1389061504.0
-1146342272.0
-1612862464.0
1139646208.0
-1263992320.0
1137373696.0
-1590568192.0
-651054784.0
-1254926208.0
1138567168.0
-622380480.0
-1578101504.0
522117408.0
1064774016.0
814045376.0
-711758016.0
-1064208192.0
-1975066112.0
2147035136.0
-507780864.0
1187356416.0
-136466928.0
1508773632.0
62876600.0
-1838785152.0
-397448192.0
-943200768.0
-193828064.0
538621056.0
-249784848.0
-1995387776.0
-1961416576.0
-538526016.0
618620672.0
-826638528.0
-1871568640.0
-2126444160.0
-1628534272.0
682732992.0
-579922560.0
837220352.0
695267584.0
-1900731392.0
-728356608.0
129554680.0
-1752134272.0
2070490880.0
1376581248.0
771834944.0
250190224.0
-58039488.0
598483968.0
-632497792.0
1799393536.0
-587845760.0
345179616.0
246479552.0
-1823333248.0
-1030930624.0
-460287584.0
-565767744.0
-1952020224.0
-1345827200.0
1061897664.0
-1382986624.0
-340243744.0
1883735040.0
1840599040.0
1683852544.0
1575328768.0
686690368.0
-971415872.0
-188438368.0
-1721154304.0
201856096.0
-1133139840.0
-801528832.0
962837632.0
221307360.0
269387680.0
-1417603072.0
-531390944.0
2092559616.0
-1676524672.0
-2021207808.0
-908445888.0
-1170842624.0
393249856.0
-1881273472.0
808574592.0
2031246720.0
652474176.0
1875635840.0
-363603232.0
1662495488.0
-588904768.0
-1920099840.0
2059286272.0
441766272.0
1243022976.0
-1052518976.0
600738112.0
327441408.0
333745888.0
629225216.0
702619200.0
-159071552.0
2037496960.0
-516447360.0
-1446483072.0
555704320.0
-1283740288.0
-2101335424.0
-2045895424.0
-1029867904.0
2000963840.0
-1548963072.0
2052056192.0
-1578435456.0
334424928.0
-894511872.0
-1152955904.0
589591360.0
1100108544.0
360285856.0
-316816000.0
-2122010368.0
-1272050432.0
1033118272.0
202408208.0
2025025408.0
-743781888.0
-24796004.0
747699584.0
-942543360.0
857577792.0
111956880.0
-368066400.0
605874688.0
-742249920.0
1555574400.0
-1904828288.0
147448128.0
2031700224.0
739603776.0
-1066943424.0
1866732544.0
-310500032.0
-513769056.0
-1282359168.0
-885168448.0
744570112.0
636575808.0
-1994692736.0
40297688.0
-1246784512.0
-1618861824.0
-2091863296.0
1082794368.0
-1183382528.0
1902471680.0
928398272.0
1109555584.0
-417606080.0
1607682176.0
1116814848.0
435678400.0
232790880.0
1729895296.0
1021622784.0
83885888.0
444781216.0
-1644506368.0
-50496448.0
272477376.0
1341166848.0
2119118720.0
-1693581056.0
-675620544.0
-1474650752.0
961253824.0
-1560152320.0
1007631168.0
-897211776.0
387048864.0
1930434560.0
-2135161216.0
1978307968.0
741112192.0
753949760.0
-1742053632.0
-234418560.0
-638052992.0
662082752.0
917664896.0
1124988288.0
76313528.0
484104160.0
1658510336.0
-836536192.0
1324790016.0
-386069952.0
297220832.0
1368923904.0
2041493888.0
1765545600.0
1125458560.0
1639473664.0
530721504.0
-978057920.0
908709376.0
1894591616.0
557466752.0
-1162727040.0
1161495936.0
1121933056.0
55985204.0
1832659840.0
-1744518784.0
-1400507648.0
-1002588160.0
1799818624.0
-522177120.0
-2002883456.0
621241920.0
-1515207936.0
-1653845376.0
-212729024.0
1239056512.0
1467659264.0
160029584.0
615165824.0
-33246044.0
160891872.0
-550742208.0
-181169072.0
-157614672.0
418310240.0
52366028.0
1010473984.0
341082240.0
-987203840.0
-2081210368.0
-250485696.0
1269903872.0
-1320138496.0
-1034408512.0
343858720.0
1794608640.0
1418537984.0
1206573696.0
2125962752.0
-529859552.0
-1815789952.0
-398560608.0
-1036715072.0
109434848.0
1673341696.0
-397174080.0
315348512.0
-391156224.0
592141440.0
1072150912.0
-1351241472.0
356130272.0
-172330672.0
1020188992.0
-269458016.0
832572672.0
-1134247296.0
-1739625216.0
193928432.0
-2049787904.0
1796992512.0
-2094404608.0
372604576.0
590258432.0
8022928.5
-986486656.0
-1254531200.0
-1933597696.0
-1510474880.0
-2139822208.0
697201536.0
-546642816.0
-1165632128.0
-1075982720.0
-1818585728.0
1747595392.0
-2039968640.0
934469888.0
-2017841664.0
-1487599744.0
-340298528.0
1742488832.0
1748427776.0
-1080833664.0
-2139437568.0
1337860096.0
257131840.0
-500992800.0
-1115704320.0
523160544.0
951043456.0
320093888.0
-1620388608.0
-1846672512.0
-1118149120.0
1825131136.0
2118400128.0
-887995008.0
-571291520.0
-1455666688.0
-410162752.0
-292994304.0
-213680384.0
-680811584.0
2119470848.0
-8056133.0
1182315520.0
-1212395520.0
-2145691008.0
-1861427584.0
-1347778816.0
-573162240.0
451191904.0
-85115416.0
-991267456.0
1518210688.0
-571677824.0
592219200.0
-1762585600.0
1400664832.0
1813331840.0
1888855680.0
-1579973120.0
-820612160.0
617692544.0
557565440.0
425043104.0
-1266899712.0
282796480.0
507062752.0
815238592.0
-1180826880.0
1556734976.0
-1160625792.0
408968864.0
1993580928.0
-1182412928.0
962356416.0
1242822400.0
2105375232.0
968421760.0
-1769986688.0
-107796984.0
1040632576.0
322665888.0
2026341376.0
-500356032.0
-921801728.0
-598236672.0
923899776.0
349492768.0
1005349312.0
-1017667008.0
1540183936.0
-799438080.0
-953280192.0
-1087730176.0
-412736992.0
396772256.0
-1878922240.0
851991104.0
2138553728.0
337097952.0
-107144112.0
339563168.0
-898235520.0
-947339328.0
41987352.0
-742223424.0
411678688.0
-1881276544.0
1801275264.0
-1695667328.0
-651066560.0
234748896.0
767390848.0
-1132432000.0
-396805024.0
693450688.0
-583574336.0
-1991878144.0
-654612032.0
803485632.0
-1386503424.0
1474719872.0
-2133017984.0
30258204.0
1254168704.0
2065134336.0
403358688.0
568408320.0
-2127687424.0
2140664448.0
-640159168.0
1447499520.0
-494951456.0
1506668416.0
945924032.0
308054944.0
-1646168192.0
358162496.0
-1615016448.0
-2014272512.0
-1718857216.0
837796096.0
891779264.0
-322017696.0
1537904512.0
495270272.0
4188425.5
-288329920.0
-867846464.0
-2077786624.0
2033990912.0
-933041088.0
-2005447808.0
595675008.0
1416493056.0
2017709312.0
-2069822976.0
-190269152.0
994399744.0
2127473408.0
926417600.0
-2004510976.0
-1268774528.0
-1860029824.0
-835382464.0
1204405376.0
562189760.0
474332896.0
758752256.0
-316079328.0
1794481792.0
539328064.0
-1779031168.0
-1270022784.0
-743008576.0
-1942592768.0
-1023399424.0
-922586880.0
1636379776.0
1174683136.0
4177505.75
-1353173248.0
-1623621632.0
2018215296.0
528440416.0
1305390848.0
-879836928.0
395038080.0
-1051309824.0
-1439714048.0
280282848.0
1164669824.0
927627648.0
-1141202688.0
282580864.0
-342764800.0
-1882326528.0
-975510976.0
-32962466.0
-1622067072.0
125728016.0
-402512096.0
-544117376.0
-560194432.0
-1886136448.0
1824676224.0
-1980336128.0
517539840.0
-459373056.0
230423104.0
-1894332032.0
1352793088.0
-151981552.0
1297379712.0
1397777280.0
1758664576.0
-872804096.0
-758796928.0
-1631868416.0
-1015312064.0
557005056.0
1394422400.0
-1005319936.0
-318477248.0
1005401536.0
-579093440.0
-302560768.0
-1186004608.0
743036032.0
-1908005248.0
1406177280.0
476298080.0
1428625920.0
196273328.0
-818589056.0
1603385088.0
2019212800.0
1857491456.0
1375509632.0
-159923376.0
2043829376.0
-763007488.0
970421952.0
-1828007680.0
1851497088.0
-137326064.0
-336785600.0
-1033916032.0
-1131143296.0
1107198848.0
1062718464.0
-1517004288.0
11178719.0
-224609200.0
88213480.0
-620813120.0
1838561408.0
-1680687360.0
-64908720.0
1986027008.0
106999880.0
-406913504.0
1427776896.0
2067518592.0
1112199040.0
1408653312.0
-1306364032.0
1917607296.0
2028248960.0
-2050109056.0
-1805944448.0
-587663680.0
-823724032.0
761812544.0
2051181824.0
588695168.0
705911360.0
1800471424.0
1406847104.0
799707200.0
-809897408.0
1597160960.0
2140245632.0
-75343264.0
-1198755200.0
-1955549184.0
78709272.0
-2034725376.0
-1891326848.0
110983784.0
-1282408960.0
-1241486720.0
1579536640.0
864725888.0
55001496.0
425875936.0
-417243456.0
-1838080896.0
1051353920.0
-334299136.0
1519985920.0
1464749696.0
2134067072.0
267891760.0
-1389516544.0
1932547712.0
-699157760.0
-1675788928.0
923712704.0
679971136.0
454861760.0
477120384.0
1774212736.0
1709078272.0
-415724224.0
960459648.0
212022896.0
502856448.0
-237477376.0
1086446976.0
1186421376.0
-1745304960.0
-1905447808.0
535520416.0
1296576512.0
-2062584960.0
1091901952.0
-622372224.0
1542311168.0
-876143040.0
-272513984.0
-1891696640.0
-1105725440.0
1652186496.0
-2079238400.0
1678480640.0
1764434432.0
-1017291200.0
580366272.0
-599156736.0
-966534400.0
1912364800.0
831759104.0
2064803200.0
802093696.0
1073310976.0
-1119726208.0
956273088.0
1945729920.0
920251200.0
1707089408.0
1608146688.0
-1439386368.0
1450098048.0
-1270436224.0
1239539968.0
-1659417600.0
97131280.0
1810452608.0
-2135008128.0
-1906780544.0
1217494656.0
823909824.0
-1446073088.0
5346155.5
57849636.0
2005496320.0
-1949618176.0
-512453056.0
-1350627200.0
1419482624.0
-495162240.0
-1245576320.0
98473352.0
-1030066240.0
-1587264128.0
-1935666944.0
1407488384.0
1938926.125
1022958208.0
177195744.0
643903744.0
524394464.0
-1178956032.0
-484384896.0
-822982080.0
1377333248.0
-1326464256.0
-1221592704.0
1018542528.0
-789612288.0
1570017408.0
-1695169408.0
-788552832.0
-959042432.0
456110464.0
-421611872.0
91849376.0
-314288864.0
-2034643328.0
391543872.0
-759267008.0
1932154112.0
396849792.0
-1969180160.0
1676292736.0
1793327232.0
14346667.0
-1769302912.0
792867776.0
-1056473856.0
218210160.0
-4635878.5
1416224384.0
-1220992384.0
-19912042.0
68908928.0
-951238976.0
-1193487744.0
1159159296.0
648812864.0
501960128.0
-815699712.0
224703552.0
-536280736.0
641193216.0
-317177504.0
1458006400.0
-1318435200.0
1117355648.0
-1222569984.0
-63394864.0
1787610624.0
1398396800.0
63073208.0
1190344704.0
542169856.0
588800832.0
2093161856.0
885077248.0
-928472512.0
1551812608.0
2067123968.0
-1564444288.0
-9574859.0
-1697442816.0
-2076720256.0
1968915840.0
-178126880.0
459533920.0
2057844096.0
1072998656.0
-1966703104.0
1596000000.0
-1326522240.0
-543390336.0
234456272.0
546165568.0
1237274624.0
-2052309376.0
-1178904448.0
-1944387072.0
1519334400.0
-172953120.0
1475487616.0
-891891264.0
1017976448.0
1249600256.0
1518406528.0
-1762124544.0
-441627264.0
-916759680.0
-862050560.0
533497824.0
-777799168.0
1250572288.0
-1966582656.0
-430722496.0
33053876.0
-1953783808.0
-161281056.0
-1082471296.0
-967179456.0
-2045783168.0
728248832.0
-1914836096.0
1758675328.0
2065379456.0
-1669194368.0
886129600.0
-1385224064.0
-1908231936.0
-1169734272.0
1605259904.0
-656329152.0
-448373344.0
778308224.0
-1173773440.0
-1578081792.0
683001856.0
-423777600.0
1668850048.0
98909944.0
1341628032.0
-1262118400.0
-725818752.0
1386630656.0
1533254272.0
-2016345600.0
-695227264.0
-165189808.0
-98358384.0
-1632526208.0
1057763584.0
962787072.0
-1663490048.0
-386603456.0
-2087758848.0
255716928.0
-1858894848.0
2108126848.0
1482124928.0
891118016.0
890989952.0
-1277820032.0
1100402304.0
1689388800.0
776569536.0
-366191264.0
1267308800.0
-259556048.0
512046112.0
-23710868.0
1844174464.0
-310012960.0
-1020175680.0
765056512.0
-746435712.0
1622377728.0
-601136832.0
1181405568.0
1699504384.0
-910230016.0
246345200.0
1736609792.0
2003444096.0
1134632832.0
265154784.0
-167640016.0
1783570304.0
-280950976.0
298455968.0
-1030062592.0
438814848.0
-1919942144.0
-497619584.0
307323328.0
1370398208.0
-1485213184.0
282822208.0
-600545152.0
1163913216.0
846141568.0
1858740992.0
-440187680.0
1290012032.0
-1842647424.0
-252789216.0
-1217797248.0
309194304.0
1335307008.0
1228488320.0
-795479936.0
948235776.0
-1294502528.0
-276074272.0
1192559360.0
-610855360.0
-1452960384.0
-1803990144.0
-2124165248.0
904647552.0
1831935232.0
-403183488.0
-295745344.0
-1467733760.0
1328797440.0
1760740736.0
-439790336.0
2068437120.0
-109915544.0
-1897290624.0
344432832.0
1018522752.0
-1158818048.0
-1696910592.0
543684672.0
-1433566208.0
-2016846464.0
-1862785024.0
-1731756160.0
672389632.0
312641696.0
-1236177536.0
996262400.0
-1994797952.0
115653912.0
-940658112.0
-2038653696.0
-192757600.0
89296240.0
-230614912.0
1052982080.0
900090496.0
-168356656.0
1063637824.0
556794112.0
-1790263808.0
-836880064.0
1044075648.0
2001580288.0
2058254720.0
371075168.0
-458401600.0
-916181248.0
-1723645952.0
-1380235008.0
1190133888.0
354553088.0
1792163328.0
1013198080.0
-1737961088.0
962677248.0
2007379840.0
1987709312.0
2120802432.0
1972455808.0
1693493888.0
-1184418048.0
-1721302272.0
-482705568.0
458528832.0
1260499584.0
-525753088.0
-1086372480.0
-658668928.0
-1858682496.0
-1620199424.0
77806904.0
-2013981056.0
-29726282.0
-50999948.0
-195915792.0
1631937408.0
-1199120896.0
-104079464.0
2069527680.0
-1600040832.0
-246954352.0
130665656.0
537477632.0
-1506475776.0
-1430627584.0
1837301248.0
1786693120.0
56852736.0
421352288.0
-350477184.0
997315456.0
1352967168.0
1603053952.0
-245522208.0
-947442304.0
-691527872.0
-2016104832.0
-635636608.0
-212795584.0
-1112130816.0
1690690432.0
262176864.0
644137344.0
965389248.0
112697120.0
-1025246656.0
-2046823680.0
-1419029760.0
181529504.0
721685568.0
-1862039424.0
1153163392.0
-1505620352.0
-2077915264.0
-1640241280.0
1847499904.0
1926233984.0
554316480.0
-1610063872.0
-703046272.0
-273076512.0
705314944.0
1739438080.0
-2115748096.0
42986432.0
1513295744.0
-178822272.0
379909600.0
-2070978688.0
-652780480.0
-1068668288.0
-1790008832.0
2014745344.0
-847865728.0
1428841856.0
2003753984.0
1021025280.0
-459308480.0
293781280.0
-1042176320.0
-548657728.0
-1800199808.0
579277632.0
1174841216.0
904315776.0
1200507520.0
-996302272.0
-1223084928.0
-497017216.0
1594424448.0
368495104.0
987191168.0
-1564065280.0
116696416.0
859738816.0
-1131258496.0
-18742242.0
790259392.0
81550728.0
-114564432.0
1673924736.0
701846080.0
322451808.0
-385262368.0
299253952.0
18525872.0
746235136.0
376162560.0
-948558016.0
-1284468864.0
1013120000.0
1518623104.0
-931181120.0
1183916416.0
687728256.0
-2045096960.0
-1484934912.0
-1568363520.0
764112576.0
634666112.0
-803392064.0
-1944211200.0
-682480768.0
1311360256.0
364872832.0
1135477376.0
-954733056.0
735579904.0
-277351776.0
-767502720.0
1682600576.0
352548832.0
1131182720.0
1431185664.0
98937960.0
-258185728.0
-2114538240.0
-1314158336.0
1792187776.0
-1404325760.0
39807124.0
994165120.0
1029700608.0
-503870624.0
30257162.0
910781888.0
-50357124.0
-805410304.0
-110875800.0
-532618080.0
-1072561.0
1281641728.0
383683840.0
-218222736.0
-317669728.0
-1121199104.0
-407772704.0
1939953024.0
-501713440.0
-1027234176.0
-363570560.0
-1292817664.0
83766888.0
71305336.0
-666275008.0
-727966912.0
-920366592.0
-1603242240.0
1039259840.0
-1270610944.0
-760902144.0
-625041536.0
1419473664.0
519452544.0
693905728.0
-2122212096.0
-1373801472.0
522825984.0
-1665776128.0
1507742720.0
1870165376.0
-976978112.0
-302534560.0
-591787648.0
420530272.0
1120415232.0
-554253760.0
1253517440.0
-309596832.0
294676736.0
1432326272.0
-361369344.0
-332830816.0
2000773248.0
109417808.0
-1063163520.0
-718878208.0
-1932411264.0
-864631552.0
-773939136.0
1733586304.0
-724298752.0
-805349696.0
362798528.0
747613312.0
1124654464.0
-1016436544.0
-550179008.0
301816448.0
-1334819584.0
-593023808.0
-657030912.0
1991376896.0
898523264.0
-1009236992.0
2079460736.0
1712863488.0
-696179840.0
1952980864.0
1897019136.0
1057297600.0
-970260416.0
94238480.0
135019536.0
-826870720.0
718653760.0
1431370368.0
1067355200.0
862996544.0
2005674496.0
-1271494528.0
-1861549952.0
-467379744.0
2106566272.0
-2140967424.0
-462897888.0
-786238848.0
-758960000.0
1849445248.0
564609728.0
291944608.0
673167936.0
-1849495040.0
1187594496.0
1232449664.0
464683776.0
-1485019008.0
1794653312.0
-731984512.0
471804416.0
474705504.0
154002272.0
-1395503360.0
515931200.0
-117842272.0
-378247616.0
-295772832.0
-427453632.0
-1194502400.0
-433707840.0
-1715925760.0
1670791296.0
-1079766528.0
-193523776.0
-1776493056.0
-606056640.0
-405897088.0
-395612608.0
1843120384.0
1336773248.0
-1385907328.0
-1085625088.0
1673739648.0
-2016192384.0
-1577509504.0
-1962494592.0
1677970048.0
-513688960.0
296621856.0
2126215680.0
-687190464.0
-852691200.0
-1103873024.0
531473056.0
1998174080.0
1016994304.0
562015168.0
1744962944.0
506391456.0
535058272.0
-1084118528.0
-101178320.0
23677628.0
-44064996.0
-149786096.0
-1578535808.0
200556112.0
597103552.0
-1973277696.0
-2057347584.0
260780992.0
746468352.0
-1594977664.0
-1121505920.0
-214881360.0
583102912.0
534280704.0
-1092436992.0
-1062065664.0
-1295255552.0
-1780475264.0
1517376000.0
1636258304.0
-1021507904.0
732651008.0
1916699648.0
-1877236224.0
1241233920.0
-41376508.0
21309364.0
1790250624.0
-296391424.0
-189970016.0
-1088855040.0
1312805120.0
-1550838784.0
179783088.0
-960656256.0
-1935184256.0
1456460288.0
-1908532992.0
-856085376.0
-1716132224.0
1444522624.0
121432496.0
1237162496.0
-810956800.0
-554139840.0
-2074731904.0
1525141248.0
-374997824.0
-1177089536.0
-981499392.0
-378308416.0
1499291392.0
-1758223488.0
1594647680.0
-1825864960.0
514008416.0
411170720.0
147714224.0
-2080214016.0
-804851200.0
21479386.0
-766068800.0
679211648.0
-533438496.0
2093018624.0
-850353280.0
-342293984.0
1104914304.0
-1395190016.0
1886467456.0
-1315726848.0
1975365248.0
1929688960.0
-1162549888.0
422510944.0
-2071724032.0
-1542393472.0
-1849884160.0
1728603776.0
-1052939136.0
-326654336.0
-1907620608.0
1021641216.0
1539190528.0
2142073856.0
649896768.0
371119552.0
1036444608.0
-878262464.0
1612548608.0
1353670528.0
-1532556416.0
-1410407040.0
1921907328.0
-168226384.0
-1823164544.0
-1430050560.0
-867655616.0
-1222449920.0
-954700032.0
-1977355264.0
-594304576.0
-2102838656.0
-1195589760.0
-920074112.0
-1029201600.0
772973952.0
1973251200.0
1135584640.0
1224539264.0
-736503872.0
-1491104896.0
137049872.0
284120768.0
-951691712.0
1909160064.0
1535546880.0
-776226432.0
522703040.0
353253536.0
-682211328.0
-1452097024.0
-460425344.0
1849677696.0
-1041938624.0
719173056.0
-1679245568.0
-976612032.0
1569717504.0
913989632.0
1690007680.0
-1618693760.0
2078131712.0
1364524800.0
-931498816.0
-1109585664.0
-1259014272.0
-1074987264.0
-540771840.0
-884642304.0
1883042048.0
1815505792.0
428955360.0
-976641664.0
-1956119168.0
-132887896.0
-1693139840.0
-691490752.0
-1402248320.0
-1010924416.0
-1111064064.0
-541984768.0
1924767488.0
2112730752.0
-332586432.0
-714054016.0
-249724656.0
-569840576.0
540138304.0
-357009952.0
-730053888.0
894388928.0
-1529973632.0
-1232483840.0
-1941090304.0
442192480.0
767220288.0
815539008.0
906941632.0
437023424.0
-1120552192.0
-999632192.0
-509675104.0
-1154540672.0
947479296.0
35722088.0
1113528320.0
1715532288.0
-1421868416.0
-1180654208.0
1338934144.0
-1360150400.0
829419840.0
-766595136.0
246522368.0
607233024.0
2038414592.0
-581302080.0
657881280.0
250427056.0
87795208.0
-1846347392.0
1453556608.0
50050592.0
2023224192.0
1891596928.0
269404832.0
1473970816.0
2066610432.0
-52365488.0
-665579584.0
2131259648.0
1502478720.0
984763648.0
-2101554176.0
-1638158336.0
1681869312.0
-1371340288.0
1792395008.0
-1319607424.0
1818147072.0
1372240896.0
1430084352.0
-796553152.0
-1415506688.0
494427264.0
-270075328.0
-518102112.0
1511810944.0
-2057483648.0
2017174272.0
1083519360.0
-669182464.0
893108928.0
1695334656.0
-1387454720.0
-1932638336.0
-198616912.0
319141536.0
1124914816.0
-451089504.0
-1787387776.0
-243425392.0
-179726896.0
1094471168.0
169593536.0
495554976.0
505089760.0
-1563019776.0
124147736.0
-564065280.0
1205885824.0
618715776.0
754950080.0
-2140566784.0
-845689408.0
2061206272.0
805641664.0
-823778688.0
626291712.0
392289024.0
2109328384.0
-200040352.0
1547079936.0
101849256.0
2041353856.0
227320000.0
1490128768.0
1185075584.0
910197952.0
227109568.0
-1997610752.0
-605640640.0
-1268138240.0
38604464.0
565211456.0
-605786048.0
858258560.0
1077818752.0
2127894912.0
2048035840.0
1885347200.0
-1837293184.0
1701423616.0
238321760.0
-1106612864.0
1691133056.0
-579933888.0
-1959361024.0
633994432.0
2056323072.0
127896104.0
998202368.0
-1358058880.0
-1891140480.0
72866024.0
-1448339968.0
-1158067712.0
-434024832.0
-340974816.0
1201106048.0
1558395520.0
1717736960.0
1822673280.0
1072105088.0
-734181696.0
1270487936.0
-1689310080.0
826262336.0
676879616.0
794620672.0
1494367744.0
-456940192.0
-496126784.0
-1792552832.0
1484809728.0
2050742528.0
-752675200.0
1435394688.0
-1384115840.0
1175354112.0
-236774960.0
1291521536.0
1221923712.0
586262016.0
1610033536.0
749394240.0
-1625489664.0
-486957856.0
357604800.0
1460238336.0
629980288.0
1318245888.0
-740307776.0
137364816.0
30481012.0
-881758656.0
-1312535808.0
-1142047616.0
1223142912.0
711169216.0
301233152.0
616438208.0
633872000.0
1227036672.0
-226679504.0
-631061056.0
622496896.0
-673879424.0
315645856.0
529932224.0
1597154048.0
1294987520.0
-1896280576.0
-78639696.0
-1209996032.0
1587830144.0
663079104.0
1734192768.0
-2024263936.0
1177629184.0
1183435008.0
1500210304.0
458904352.0
424423328.0
290083104.0
1117840640.0
2114001664.0
825527104.0
824004416.0
956236224.0
-494645408.0
-726877824.0
604858688.0
376838720.0
-1622314880.0
950755584.0
836567552.0
-674087104.0
1573259392.0
-878060800.0
290859264.0
-389630336.0
402616928.0
-1181285120.0
-597097280.0
-1436127616.0
458565568.0
122057600.0
712512768.0
149558208.0
668395008.0
1449774080.0
-618103744.0
125248376.0
-571059136.0
729822784.0
-1317009408.0
41079464.0
-161273584.0
-241247744.0
291890016.0
1011117888.0
1520224128.0
533533856.0
-625362880.0
-1588962816.0
500458784.0
1669980288.0
-1336810112.0
355836928.0
857922752.0
501246208.0
-1920957056.0
-319043104.0
929472064.0
1295625856.0
-2052450816.0
100588040.0
94425312.0
1280575360.0
1732443648.0
17227956.0
-900384512.0
2026865280.0
1701945856.0
1385437952.0
390968896.0
-1054184448.0
-1289190016.0
462233376.0
829898048.0
909112512.0
-1280982144.0
-2009251328.0
1014345728.0
-101571184.0
68956440.0
1939071616.0
-2050522112.0
-149883296.0
209026256.0
-1069471808.0
-311298688.0
1672592640.0
1339357824.0
1549607680.0
585188928.0
-638133568.0
1517314816.0
-204261936.0
-658061056.0
-2113903872.0
-1214519680.0
-1232875008.0
39857500.0
-1647233920.0
-586178176.0
1014032512.0
2116329728.0
-618483456.0
1289103232.0
1762653952.0
-1153140864.0
1195531264.0
-543420224.0
1599561984.0
-1228398464.0
-2073993344.0
-1732006272.0
118551568.0
157307728.0
-440175104.0
561808256.0
-964640448.0
1341299840.0
-1732374144.0
-2044370304.0
-1032564480.0
191151792.0
-577460544.0
247597744.0
-677992064.0
-109011736.0
-1714073344.0
1411783552.0
-1088456192.0
1149961472.0
-1577681920.0
947139968.0
309851936.0
2078756224.0
-1201350400.0
-1470786688.0
742531520.0
289106368.0
-872364160.0
1667432192.0
-2014403712.0
-267009808.0
-220712128.0
810945152.0
-237631216.0
-2097465984.0
-128775160.0
1500265984.0
-1464834816.0
1220822912.0
-1276027904.0
1720376832.0
-1052318592.0
-1361816576.0
-1535706880.0
-945627904.0
162579552.0
-1526596224.0
-393737984.0
452793632.0
1541689216.0
-1314655616.0
457002528.0
1121356928.0
-84763944.0
994189888.0
1356865408.0
-2110830336.0
341320768.0
1203663616.0
-1191483264.0
-2123924096.0
-939030656.0
560182976.0
1576368000.0
1653792384.0
744874048.0
1693651584.0
1601862528.0
1401821568.0
-1767051648.0
2125655808.0
-707775040.0
-889911616.0
-70856496.0
-1898294144.0
203954512.0
-531681440.0
-831923968.0
727539520.0
1010623104.0
2107770368.0
-308725376.0
1327717248.0
-2072563712.0
-771228928.0
-1488623232.0
1707147136.0
-560712000.0
1813425664.0
-1020050688.0
1121517568.0
-1278947968.0
-444570720.0
-2013751936.0
-1765494784.0
-40066264.0
-1187198592.0
509694624.0
2711995.5
-567256256.0
-321638976.0
-950133312.0
-391601056.0
492077952.0
1255657728.0
1856244608.0
146225648.0
1687859200.0
543315584.0
1125835520.0
1039840960.0
27892924.0
-584764288.0
1133180032.0
1133840256.0
1883861760.0
-1207927296.0
-1132791424.0
1482187136.0
-762884672.0
229552608.0
1515947392.0
-1529714688.0
85368568.0
610363840.0
656615040.0
-987207360.0
-575660544.0
1306803968.0
-2049664256.0
-940196160.0
-1202303872.0
-2094403712.0
-466736928.0
-431632160.0
-1692296064.0
-1587547008.0
-826423616.0
1039360640.0
487984416.0
123239104.0
-908660224.0
-1153206656.0
91138352.0
-1600948096.0
474478816.0
-1392920960.0
-30761274.0
2056582016.0
586380224.0
-1538119552.0
-851396480.0
-1622379520.0
1261267712.0
37439804.0
984532608.0
344249536.0
-1725542400.0
-1701734656.0
1130661888.0
1882896256.0
-892641920.0
-1089131776.0
-1046418560.0
1614105216.0
552756416.0
-447001728.0
-1083640320.0
2056598784.0
-777916544.0
449625632.0
-1100557184.0
553369344.0
-387120672.0
-1356577408.0
833953920.0
608798272.0
-556761664.0
821732288.0
2134500096.0
-1924186240.0
587220096.0
1421346944.0
-1864360960.0
-2072171776.0
-480601504.0
551448000.0
958322240.0
-1721003776.0
-190583280.0
2081597952.0
512622560.0
-1275181440.0
488648000.0
-184883920.0
-875729280.0
1711716224.0
-537059840.0
1894936832.0
-2044600576.0
2045929856.0
-1542555264.0
-1842096256.0
-361745920.0
287791808.0
-1243574016.0
-1914946560.0
-888101696.0
-1833175424.0
-586710080.0
519728704.0
-9354876.0
-1641326336.0
546046656.0
1531056640.0
1250740608.0
-1498743680.0
-1025569664.0
-808528448.0
699478592.0
1294032896.0
2032265856.0
802773376.0
-1477462144.0
2117555328.0
-230059008.0
-830378368.0
-539839168.0
2027227008.0
1710729088.0
1055607680.0
582597824.0
-1979084800.0
-1448532096.0
-1858504704.0
988145664.0
2080016000.0
1041454016.0
-259263968.0
-337024384.0
924852480.0
781150912.0
-1867185024.0
-1024640576.0
-251885680.0
2079689216.0
-1020283584.0
-2115854464.0
-1028831680.0
-410378336.0
-897375360.0
1487145728.0
-44028320.0
-1174455680.0
-1267055744.0
-332691392.0
1856337280.0
610491584.0
477417824.0
912195392.0
1741120768.0
-1476928128.0
-1452279168.0
2076289152.0
-807544192.0
834055552.0
-1899165952.0
1055227520.0
-1501394944.0
-1714094848.0
941516416.0
-811088704.0
-545302208.0
-421230240.0
-657819136.0
-1282176384.0
-1386121600.0
447894208.0
-1071176256.0
-1669470592.0
2128004736.0
-495900384.0
1474470528.0
556493568.0
1980838144.0
-733301888.0
-1352467840.0
-977679232.0
1356459136.0
1897022464.0
-869076352.0
184753424.0
-468504800.0
-642108352.0
1512449792.0
-1568406272.0
-1860509952.0
-1621789952.0
1144230528.0
1632790272.0
957940800.0
-1161811200.0
-1119372288.0
1278381568.0
1784354560.0
229067904.0
-452193312.0
1757689216.0
-972452160.0
-545609088.0
1315595904.0
-769357632.0
-1071975616.0
-1590722816.0
-345125536.0
-52891616.0
1016270784.0
-2136387328.0
-1548171136.0
-1855064832.0
-1670170880.0
1823486848.0
1304733568.0
-447341216.0
434855520.0
1504440064.0
-2053792256.0
-553630592.0
1134444288.0
-233673808.0
-30520714.0
-1071878016.0
1481928192.0
1779985792.0
-121690168.0
1353572480.0
4426169.0
-174715552.0
-1366398080.0
1509988352.0
-827258240.0
1204549504.0
-80803576.0
424929984.0
431174048.0
-2104426752.0
-868177920.0
-1785088000.0
-1528359424.0
1434791040.0
221592656.0
-1627976064.0
-2101471744.0
1249679232.0
1147243776.0
-13865520.0
421939840.0
553050560.0
-290881760.0
-1392317312.0
1651254912.0
706093184.0
-810486400.0
853928768.0
261616288.0
911799168.0
431246688.0
-490186400.0
-593851200.0
-1186213248.0
-1829320704.0
1665569536.0
1291438592.0
141527248.0
-1008719488.0
-2115542784.0
-1396453376.0
356384448.0
-190486608.0
1360367872.0
1069291968.0
-77611056.0
1465846656.0
1257933440.0
2025067904.0
1640395392.0
-135876032.0
745868800.0
-1701499904.0
-1719010176.0
1690404736.0
-1621661312.0
-349700800.0
-159680448.0
1509584896.0
966579328.0
-707771392.0
-1223774336.0
1766597888.0
177183520.0
-1562532608.0
1606936576.0
1898033792.0
-175393312.0
-602818112.0
-1712567296.0
1670824960.0
1058285696.0
716717824.0
1987289344.0
-123555400.0
1264114432.0
639431168.0
-281587584.0
1385152128.0
1767197696.0
-726130880.0
959695680.0
1406398080.0
517099968.0
1186110080.0
1742043648.0
1639066496.0
37259264.0
240479568.0
-1785512192.0
-238948720.0
-1825230336.0
-1401704192.0
663724608.0
-1232229632.0
1419662.625
-1004240000.0
-1620984192.0
772518400.0
-1156384896.0
2018112640.0
1960321024.0
-2003689216.0
1961474304.0
330736864.0
-241629200.0
280685440.0
1641573504.0
1898798976.0
-793134720.0
570242112.0
1847568256.0
-2018424576.0
1234943104.0
575964800.0
-428416320.0
-1077177728.0
-1010782784.0
329729664.0
298619680.0
-1699485952.0
-681387968.0
-745627648.0
506081696.0
-1354047232.0
-230772560.0
-1367823232.0
-1292702848.0
-1672832512.0
65542756.0
-1605379328.0
911444288.0
-795314624.0
1321467648.0
939425344.0
2076570240.0
-1567690624.0
1328455424.0
-2027513088.0
550874112.0
1733210880.0
-451154272.0
931424640.0
-193746288.0
-757523264.0
1806354304.0
-67555600.0
409945344.0
321509184.0
-1406805504.0
-942497024.0
640011456.0
-1231990272.0
-1462912256.0
-1338109184.0
-1300277376.0
1940803712.0
807063232.0
-929436288.0
558825216.0
-1338200064.0
1950262144.0
-1042311232.0
254424624.0
2037956992.0
1532341120.0
-1221361152.0
1668880896.0
1898728448.0
-268136464.0
-1523968512.0
2122024960.0
-37886528.0
2139984768.0
1327114496.0
1327489024.0
1420900864.0
-1908102016.0
-1978694016.0
-1893551744.0
1189037952.0
947636800.0
1121354624.0
2095207808.0
-771041920.0
869163072.0
370936992.0
246577968.0
857049600.0
-253089216.0
-1125942656.0
-290736992.0
1395919616.0
406952480.0
988545280.0
666796224.0
-1315602816.0
1984837888.0
1009747584.0
124333056.0
-1637065088.0
764357568.0
-992273728.0
1667112832.0
-776540608.0
1275275904.0
-255581008.0
1142032256.0
-968714816.0
1619610240.0
416606400.0
-130047536.0
-1857447680.0
-803696320.0
319717184.0
-431788608.0
1113411200.0
498906688.0
1137493888.0
1353794944.0
-1796802304.0
-1100306688.0
1895007744.0
-12836145.0
1254846464.0
-976324544.0
-1613943808.0
-816922048.0
815222848.0
-314947392.0
47711556.0
1692605056.0
-2053397248.0
-1449515264.0
-380079168.0
-508702400.0
599565824.0
254421248.0
99879648.0
426742464.0
870369472.0
-1464656384.0
611323648.0
684808384.0
-1414204800.0
1682520832.0
-1979206528.0
-1661267328.0
-1354215808.0
1131382656.0
1581083264.0
-141413888.0
-221722784.0
-1319664768.0
-1860877312.0
1386507392.0
-541118144.0
1682862720.0
299796352.0
1821816064.0
-592814848.0
-2061468928.0
-572505024.0
-1403167872.0
-379259392.0
988155712.0
828417728.0
1387327360.0
50540548.0
-957364864.0
1237931520.0
-1043308608.0
1951623040.0
-580255936.0
-477188864.0
-750496832.0
1210304768.0
-1979676800.0
-160920960.0
231735648.0
-562897536.0
455967776.0
-1073809408.0
-1096652416.0
1067458496.0
-1323443584.0
2029458304.0
166056816.0
1545419008.0
-166705856.0
1714225664.0
1172780032.0
495616544.0
585652544.0
2031456768.0
908662144.0
-1635083904.0
-1727128960.0
856671552.0
-1001663296.0
533316064.0
-893762432.0
-560404288.0
-2053176320.0
-1681388544.0
1917089920.0
1150653184.0
156347776.0
-1689186432.0
1403348992.0
-537945152.0
-408627584.0
1394686208.0
-1153018240.0
1627089280.0
1296433920.0
709014528.0
-143615728.0
-1220460672.0
661690432.0
-878669376.0
494489280.0
346482944.0
-585182784.0
-1453955712.0
582295744.0
-1002494272.0
1084309888.0
-131196656.0
-1653935232.0
1539624832.0
-894928512.0
1977026176.0
373768320.0
2052926848.0
1322404608.0
-243566112.0
25172532.0
1118385792.0
-112723856.0
-112629600.0
1923308544.0
-532824640.0
464021632.0
-2043696768.0
-1072891008.0
-1605114368.0
404657600.0
-994008256.0
178457648.0
-374847200.0
298364672.0
-1426226432.0
718147776.0
-831560320.0
1208083840.0
-682881408.0
151798800.0
199269200.0
-476256128.0
1008306240.0
-2058172288.0
1026504512.0
-501830496.0
-1897297408.0
1157046528.0
-931749440.0
634402752.0
991060.5
1608050432.0
1776569088.0
-711429696.0
101663960.0
1267691904.0
-762302336.0
1966875648.0
1038318848.0
992910720.0
-3501803.5
-207430176.0
-655846208.0
555631296.0
-1804648832.0
503642368.0
-1858128128.0
-893702080.0
412688960.0
-2044370816.0
-1810655744.0
-1632621184.0
1302599936.0
-546290176.0
354233888.0
1710669056.0
1785835648.0
1184814848.0
1274320896.0
-573819072.0
-1215463296.0
1707754752.0
-895349760.0
-837268544.0
1370703616.0
-567277952.0
-1513664896.0
1653780864.0
2051234176.0
1839622656.0
-1824128384.0
46466984.0
869443968.0
-83569104.0
-1858108160.0
1009211328.0
1051965248.0
471941856.0
543635072.0
1284160256.0
585783104.0
1841804032.0
1676221952.0
-885092544.0
64911964.0
-1345118208.0
230508304.0
955633344.0
-669410560.0
528743616.0
1875562112.0
-1726309248.0
-610203264.0
-1661012096.0
-366530624.0
1755820032.0
989510272.0
-243325440.0
1725924864.0
-252424976.0
-652290304.0
1603581056.0
1677126144.0
-2005345920.0
1288660096.0
-994501184.0
-2243855.25
-1158439296.0
-1232010112.0
819406656.0
1517044096.0
-751946752.0
1990901120.0
1270119040.0
1606767744.0
-1087070208.0
1065146176.0
-2027163392.0
629572864.0
535163744.0
499836832.0
175929760.0
-370268768.0
-939872128.0
-447078432.0
1565843200.0
-1203090688.0
452930784.0
-1105510272.0
-1272594816.0
-77151128.0
-513819328.0
287675328.0
1004456512.0
-181358432.0
2117096832.0
-516919040.0
-2129387520.0
-1321236352.0
-499418144.0
-715616640.0
-87844000.0
-303589248.0
644141120.0
1339931264.0
305209824.0
836953472.0
-1052742592.0
330043808.0
-1448044928.0
20252150.0
-1708203136.0
1755504768.0
-532876320.0
-52996604.0
-2098999168.0
853263104.0
1696861696.0
-1468309248.0
387843488.0
-1961110272.0
411319808.0
1997245312.0
1303596928.0
665476480.0
-1735271808.0
-459629632.0
1988316544.0
-256826384.0
-1054222272.0
-490465216.0
294994336.0
-17623778.0
1449959296.0
-1119896960.0
1644857472.0
1030581568.0
-514604544.0
1693408384.0
-1897319296.0
-806456704.0
1529325824.0
-1286332032.0
99157872.0
-84993648.0
121866960.0
1946183424.0
1327954048.0
-825537984.0
984978240.0
1583955584.0
-1232771456.0
-426584032.0
1329140864.0
1434211072.0
1571235584.0
-1110350208.0
-1214084864.0
453359200.0
848739200.0
813872896.0
-726495872.0
-599929408.0
-1794176256.0
-154580528.0
-2063381120.0
1428994688.0
1802776320.0
2105063808.0
-1661647232.0
-1142386688.0
1440551680.0
1327712384.0
682899328.0
-300859584.0
-924159232.0
-1323762176.0
860292864.0
-1030009408.0
452515520.0
-1290074496.0
2118982272.0
1873722112.0
722480512.0
-1627338368.0
-2042322304.0
1372310528.0
357392544.0
115174072.0
-575437760.0
-426460736.0
-538098688.0
75508120.0
-1343312512.0
1638638208.0
1179269888.0
-839777536.0
-1612988032.0
1414339968.0
-1370540544.0
281736704.0
241592624.0
272352192.0
2070512128.0
789868800.0
1403164032.0
844405632.0
-1338827648.0
1696604160.0
271600000.0
-1351249024.0
-1016693184.0
-1924950656.0
-2052338048.0
2095790976.0
1670989184.0
-325300224.0
-837165952.0
-585554112.0
-1006800960.0
-1848277376.0
-1906633856.0
1836951936.0
-685028480.0
-1424365568.0
-1378809088.0
-2038553344.0
716653312.0
1096964224.0
1256731520.0
-1940131200.0
471134176.0
-693582720.0
-360207040.0
-224377392.0
1790696192.0
377816832.0
1802432768.0
1340689024.0
-814352704.0
-631516352.0
1758389376.0
1209540736.0
-1146613632.0
1590518784.0
173864752.0
-1761592576.0
-140556560.0
394914048.0
1093788928.0
-1614891008.0
-1824363648.0
-1270350976.0
-1748153728.0
-1622295040.0
-1046904448.0
561158912.0
1329737856.0
523651008.0
1669275776.0
-630776512.0
1319955840.0
-702574336.0
259200368.0
1136676992.0
-1026765504.0
-316852320.0
619777216.0
-130123048.0
-1288327552.0
-1184529280.0
-1539506560.0
1844169600.0
42821076.0
-1567030016.0
-1187954048.0
111325256.0
1186036736.0
-2087439104.0
-1136025216.0
-2126872320.0
125760264.0
1107132544.0
-943713856.0
2034950016.0
1431021312.0
-1077350400.0
-1560306688.0
-160532016.0
-1001416256.0
-1476400000.0
1926413952.0
874139648.0
1860433792.0
-622523136.0
2126415744.0
-2104996352.0
-1717277312.0
581052032.0
-176511120.0
-1881206016.0
1819327104.0
-896783936.0
-1834502400.0
670629568.0
128588328.0
972539136.0
-2077929088.0
1272877568.0
-1462007296.0
-1525359360.0
317593312.0
-1473670784.0
-1374868864.0
410975808.0
-1785481600.0
-82970144.0
-1198077952.0
-1451817344.0
759888576.0
1975955200.0
-862053248.0
-1531828352.0
-892971200.0
1286919680.0
932440192.0
257892880.0
-1029701632.0
-584606848.0
1113243776.0
-998868096.0
-472809152.0
1860639360.0
253161216.0
891406720.0
-1273148800.0
615444224.0
-1357867392.0
363524064.0
-847699840.0
353903488.0
1661534208.0
841106560.0
-1910579712.0
-690255616.0
-952315008.0
-1570212864.0
-398781696.0
1895898624.0
-1351153664.0
26758698.0
-1853810176.0
1216984832.0
-1152236672.0
-1669603968.0
589861632.0
-1392187520.0
-446460992.0
-444774464.0
1920829952.0
2139275136.0
736945024.0
-295795232.0
1148446976.0
-1021414592.0
-2061263104.0
617839168.0
-278882208.0
670410240.0
-1830461952.0
1419261568.0
-1295490688.0
1336274048.0
550263296.0
-1518599936.0
-180099312.0
1087531008.0
952532672.0
-429238336.0
1292969472.0
1121446784.0
-1251521536.0
919605248.0
425063008.0
1922256640.0
1765721856.0
993364160.0
680409792.0
-1879296384.0
-1917039104.0
-515955264.0
159444336.0
550054848.0
-579754624.0
-1049005504.0
236029952.0
-1317522304.0
579646656.0
-549993088.0
-1266519424.0
1042965504.0
-588923648.0
-1700870400.0
-297690496.0
1300603392.0
1607880064.0
-409173088.0
254565424.0
533269216.0
767399936.0
1064376320.0
1478122112.0
651743168.0
1962827136.0
613913344.0
-483439584.0
-584126016.0
-224257616.0
-685376320.0
1073673472.0
264338816.0
-837709184.0
1054523520.0
1762991744.0
373414720.0
-1162026880.0
564279360.0
-541428736.0
-862027776.0
-626062144.0
-1203867776.0
-404070656.0
712590592.0
-544143872.0
-1868021504.0
-943886080.0
-454995776.0
2022945280.0
-1557314432.0
485979552.0
1094550400.0
1320692608.0
1665572864.0
1729452416.0
-1739241984.0
-1786663808.0
-1972279040.0
-1544500480.0
-30551254.0
1541168000.0
-718647424.0
-432670560.0
370075968.0
1854727168.0
2032180224.0
541733248.0
1095618560.0
2019307904.0
-1245599104.0
1337028352.0
8389664.0
1390755584.0
2129983616.0
679016768.0
-1795569280.0
-1633435264.0
-730227968.0
-1770773760.0
523510400.0
201259984.0
-971256448.0
-1066036352.0
2100731776.0
211900464.0
1845207808.0
-254928048.0
877621440.0
-1506966016.0
-1525024512.0
-650092160.0
1050874048.0
-537280256.0
1256716800.0
-950373504.0
-944313664.0
-1102227968.0
-63631900.0
-448177376.0
1283056640.0
-515232672.0
1544506624.0
-598261312.0
2111465984.0
1818285056.0
-364765344.0
185703920.0
-526225056.0
822954048.0
889779840.0
-328340160.0
-1363781120.0
-271884608.0
574225408.0
1327154304.0
-1044288064.0
1716784128.0
-1631471232.0
555135552.0
341913184.0
-1591455744.0
212398544.0
-1627469184.0
-758975936.0
-320342112.0
-383211424.0
-1570496128.0
-1457912064.0
-1356877952.0
409476576.0
-1382703232.0
-1505833600.0
197824960.0
249016256.0
-98028488.0
-605898048.0
1550916864.0
823552960.0
1404912384.0
-1774647424.0
1348862208.0
1516452864.0
-1940191104.0
-2046537344.0
-252840784.0
-1450393216.0
-1990182656.0
1371811584.0
1444169856.0
-1614449920.0
1622036608.0
873188480.0
1460276096.0
-328834720.0
1167063168.0
-1984650496.0
-1027228672.0
-630782528.0
-285574464.0
-1346648576.0
-801296960.0
1092823936.0
-553837568.0
938906240.0
-687384768.0
-1472037888.0
-2103757184.0
-1507209088.0
-794870400.0
1597732224.0
-1111514624.0
693498176.0
-894643200.0
94571184.0
973926976.0
-1533926912.0
1926220800.0
1177455744.0
-347463616.0
192311424.0
964905728.0
1852828544.0
-49475792.0
1639918336.0
1758348928.0
-1511741440.0
921528896.0
298591392.0
-554289344.0
697511488.0
1934273152.0
36481900.0
-1945285248.0
-1401458176.0
333241632.0
-418319744.0
-1098918016.0
312822240.0
1299333760.0
1108704256.0
-2076099584.0
659643520.0
771681024.0
1403456256.0
1026216448.0
1947627520.0
2025055488.0
-1405501568.0
399051424.0
-613506112.0
-1246505600.0
-217081824.0
-988717824.0
-935838144.0
224597328.0
-1667569920.0
-721967744.0
-194335152.0
-764748288.0
-609944896.0
-592671424.0
-392962176.0
942253056.0
1220566144.0
-1355685248.0
413516256.0
-1040998208.0
-1551590016.0
1356105984.0
-696547264.0
-808041536.0
229382576.0
1855065088.0
-2121130752.0
244922400.0
179263056.0
1212144640.0
1296138752.0
276182816.0
662697408.0
-1823580416.0
2045212800.0
603961024.0
-2031977600.0
1067998976.0
-2116738176.0
-1693665664.0
-1357798528.0
910383808.0
-2004215680.0
285585248.0
-235878096.0
1930475520.0
310734144.0
864337728.0
-278773632.0
1728250496.0
-1424925696.0
664249920.0
2096999424.0
1700186880.0
-1438413056.0
1438059008.0
-405326048.0
-870999744.0
1913475968.0
-686545536.0
-1553336576.0
121725592.0
68663512.0
-811295808.0
-77840080.0
-244087808.0
911303296.0
-149158816.0
-364595328.0
760150784.0
-17668378.0
233376640.0
607265472.0
1916994176.0
-1259906048.0
-1763071616.0
585365120.0
-1751277696.0
1914602240.0
-1465624448.0
-1819963776.0
2047226880.0
619673024.0
516560768.0
-1586920576.0
1309926912.0
256079264.0
-1969546240.0
-718527744.0
-1392505728.0
-418827488.0
-1209287680.0
-944878336.0
1092244608.0
-95984384.0
444527552.0
-54672840.0
-930818688.0
869515648.0
-789431040.0
169274256.0
1849913600.0
2075220992.0
-527425728.0
-1460908416.0
-538334528.0
-1384565632.0
-1307739392.0
-633826048.0
-1605688832.0
453065344.0
-78205712.0
302027072.0
-661042112.0
565986624.0
1608386048.0
1095012992.0
-1287984256.0
-231199632.0
539677376.0
166702944.0
238465328.0
986641536.0
274496512.0
-288726144.0
-109578056.0
-72780664.0
-1944183808.0
-445494912.0
-1623070720.0
-2138633600.0
-1718148352.0
-946732864.0
1816039040.0
1979782912.0
23906680.0
-1316448384.0
1161141504.0
878346432.0
-1960794880.0
916263872.0
659160128.0
1750486656.0
1964991104.0
648552000.0
-1496403968.0
2071874176.0
458328832.0
1688371584.0
-654648448.0
94515632.0
507454560.0
-1968743168.0
-595517312.0
1395327872.0
1470880640.0
1492645632.0
-1124234496.0
1551948672.0
1158020480.0
1426452992.0
566444864.0
1165233408.0
529148704.0
747135360.0
1888204672.0
117198552.0
-1260256640.0
-1233282048.0
-1053855808.0
-412373664.0
106895648.0
-1093182464.0
-925876864.0
-2069303424.0
1688208000.0
-1987801344.0
251870768.0
-1483099392.0
1288181120.0
819939200.0
-2031674496.0
21358938.0
1281147776.0
730450752.0
-222753088.0
55190956.0
1167671552.0
-1979115520.0
-1462211712.0
489967808.0
1472197632.0
1864790400.0
-2029101440.0
-340305728.0
-983105280.0
-2069317760.0
2006446592.0
442980384.0
31977018.0
-781389952.0
-1608458368.0
977665280.0
-48749348.0
-177950704.0
1301975040.0
1705905152.0
568075968.0
189253280.0
39732476.0
1648094208.0
940985472.0
-30675286.0
915275200.0
1108777216.0
-764020672.0
-15096847.0
-159508640.0
-1202690432.0
-1696232704.0
1948098816.0
-1470492800.0
-75803664.0
-649010304.0
-878277696.0
-310158496.0
-977532736.0
71524624.0
249350912.0
-838692672.0
999774464.0
-934931200.0
-1812222592.0
-131673304.0
1025050880.0
387160352.0
1362874624.0
-505541344.0
-408499456.0
1452451840.0
-1514964608.0
-174912160.0
714096576.0
-200285536.0
379912160.0
1747323648.0
1000659264.0
537419328.0
1677415552.0
-69376360.0
-1927705856.0
-535969184.0
-89591104.0
605286784.0
-1779035136.0
385223520.0
868310656.0
-2119166848.0
2009008512.0
-1036764736.0
1413399040.0
621469696.0
951371456.0
1490195328.0
-1717838592.0
-2133118464.0
-1199058048.0
1595453440.0
-1165622528.0
-1565205504.0
-1866539264.0
1478867456.0
-1823330944.0
515619648.0
-1280188672.0
559421248.0
-788424064.0
-1857835008.0
1523316864.0
-1522958592.0
-865389696.0
-749016448.0
1233485568.0
-1167057920.0
-2044573696.0
-1930249344.0
-1753186816.0
608227072.0
403868192.0
-1360367232.0
-1258601344.0
-84763800.0
-1371395584.0
2027844736.0
-1128702208.0
-1707119744.0
-565021312.0
-1286127488.0
-2035364480.0
-1078593152.0
-758767104.0
1929343488.0
-1636867968.0
-1151341184.0
-1265531904.0
64832948.0
1523813760.0
238870048.0
-395544288.0
1445659648.0
-1220919808.0
-1529156352.0
-1566147840.0
-1873941376.0
-954932160.0
2139873024.0
372823264.0
-252440688.0
-1212493824.0
565473280.0
333965536.0
1922632832.0
478579328.0
-410560256.0
-1959852672.0
963646656.0
908208320.0
-555755392.0
-1838846848.0
-334009536.0
-950061696.0
528275040.0
-1214257920.0
1031957376.0
-394777056.0
-919031936.0
2041361536.0
94999272.0
1014777536.0
-734535680.0
1036462208.0
1656157568.0
-6893894.5
-998849408.0
-1201875840.0
1632427520.0
711655424.0
-44468764.0
-1071360256.0
-931479424.0
1662972544.0
674118912.0
-1125411584.0
1325711872.0
-1432604544.0
406995264.0
58339452.0
-1917739520.0
1747480448.0
1361784576.0
283172992.0
1133575040.0
4181154.25
1652459392.0
221459312.0
-424390272.0
1799539712.0
-1265127168.0
-156203920.0
-1639121792.0
18238450.0
1428366720.0
2122163968.0
1770069120.0
-1408322816.0
-1483165824.0
-1624940800.0
-746479744.0
363411008.0
-811074816.0
1750468608.0
-872429312.0
-1299099904.0
-656278592.0
838423744.0
-1037883264.0
1989713408.0
1782891776.0
-855007744.0
-10908858.0
-320358272.0
-1184527744.0
-599826112.0
1603278848.0
-825638912.0
1952582528.0
716674560.0
406524512.0
-272718880.0
-1675804800.0
407768544.0
-2144099712.0
-28406310.0
-1519002240.0
-812394816.0
1297910912.0
-1941068800.0
-383315584.0
859514816.0
-840874880.0
-1809481600.0
52644224.0
1921894528.0
-2126579200.0
-1219780480.0
491776544.0
1809335680.0
1157472000.0
1067485568.0
1509372032.0
1346685568.0
1853288320.0
-750018304.0
-1656082048.0
510856864.0
918060096.0
-1275196672.0
-420238912.0
-1115766912.0
-1556270592.0
-1181842432.0
-1888008192.0
-2123972736.0
522776576.0
1083305344.0
-2129398400.0
-1626270080.0
-1496542976.0
927138368.0
577040000.0
-258158656.0
-735653760.0
-1544787200.0
-1426783360.0
169341424.0
1388458240.0
882917632.0
-653686464.0
-1137315840.0
176868752.0
-1747257984.0
-1577132032.0
2077903360.0
1549232640.0
1101080960.0
-1879337344.0
-1768287232.0
-1670562304.0
1069346048.0
-314776384.0
-11975683.0
1719851520.0
-1634816384.0
-1999277056.0
488558656.0
293087744.0
-2028811776.0
2047867008.0
-426671328.0
-5971868.5
-274301888.0
-1133457152.0
266400800.0
869400768.0
594881856.0
-438018816.0
433082368.0
-271232384.0
-2049263872.0
493136960.0
-122601936.0
-1642126464.0
-1804803840.0
-2140988160.0
749872896.0
1187851264.0
206211584.0
-2141700608.0
-211051632.0
-793604544.0
-426080896.0
543411392.0
-655959808.0
158320928.0
-1715631104.0
817510016.0
2074695936.0
461949504.0
-34888480.0
-148830400.0
1506833536.0
-1688211072.0
-1268029312.0
744696640.0
1913694080.0
1631720064.0
-1252527488.0
-1728780544.0
461944448.0
1478745600.0
1076707072.0
-1078432512.0
1340851712.0
1028398720.0
828261184.0
546157312.0
-466879552.0
-5257092.5
1904474240.0
25919966.0
-767623680.0
1985735936.0
1063073600.0
485004256.0
1642805376.0
1360173824.0
1570809728.0
1309117056.0
-1166861056.0
294382752.0
-1185243520.0
1057339200.0
1865440640.0
1328999168.0
897119296.0
1787172352.0
1504123008.0
649847232.0
172778368.0
-1234247680.0
897414016.0
1471143936.0
-794023872.0
251578720.0
-12867328.0
2129519360.0
-1821576960.0
686396992.0
-206025136.0
-1901395072.0
1317269120.0
-1421102336.0
-1071007296.0
542456960.0
1062908608.0
-1567656320.0
-552295168.0
-1953748608.0
475339264.0
2127233920.0
-1086866048.0
1694329472.0
-376112064.0
-535474656.0
1132764928.0
-1900464768.0
646868032.0
-1670094720.0
-2056185984.0
-1284141696.0
-1589987712.0
1378307072.0
-1274199936.0
1063938304.0
1275773184.0
-1377353728.0
1739286016.0
-657830400.0
-1632861184.0
-885020864.0
1240286592.0
1387830912.0
-102450384.0
-1490375680.0
-1470854528.0
-582544512.0
-836536512.0
1967115520.0
-507593792.0
1302793728.0
-340097920.0
-96303992.0
-1602031488.0
-1821271680.0
-731632640.0
141261616.0
396708224.0
-298695424.0
905312000.0
1123284992.0
-1853624320.0
-943303360.0
348577312.0
727984704.0
-751905408.0
-324416768.0
-798290176.0
-1090747136.0
-1173171328.0
-1535009920.0
1442247168.0
-265382960.0
-1085751040.0
322493984.0
-1315364096.0
1469690496.0
1631596032.0
614727744.0
-1116577664.0
441895520.0
-216392720.0
-2105496064.0
-1708961280.0
-2079063040.0
1868419328.0
-877360320.0
-1300997888.0
1551564032.0
1281510912.0
-172701056.0
279982400.0
822091648.0
506801504.0
-1197860608.0
-1924292096.0
85905440.0
1577109504.0
-599432448.0
-2090967168.0
1139313152.0
-2146821376.0
-1746058240.0
1949783040.0
1077142912.0
-1421553536.0
1300686976.0
1341206400.0
287981824.0
636888320.0
-856218944.0
-172232784.0
-99129808.0
801692608.0
-1427477376.0
405342752.0
1875017472.0
-1440291328.0
1461743872.0
-375048640.0
-792349312.0
257784112.0
-806959936.0
-1096135296.0
1117049344.0
-1290663552.0
454050304.0
-2090195456.0
-1840520320.0
-1307480064.0
1426461056.0
-1098827136.0
1826815104.0
1400498048.0
-172491248.0
359141088.0
-1136257280.0
207549312.0
1128936832.0
1807894144.0
1949980800.0
-34184696.0
531034176.0
-494203488.0
1743525120.0
988352768.0
-1800478336.0
978973248.0
1986327936.0
990160384.0
-551847616.0
1952383744.0
-789389760.0
590041920.0
-912436608.0
-314140800.0
1786492288.0
-346199328.0
-1936081792.0
-1950768512.0
-1879268736.0
1479435648.0
-1293029120.0
-1937570688.0
-1410002304.0
-1059962880.0
2036177920.0
1569646080.0
1729721728.0
1486877184.0
1636457856.0
1010808000.0
1158197632.0
-121120336.0
-1672331648.0
1738734592.0
1718233216.0
-248395776.0
-1940127232.0
1942518528.0
1314086272.0
-1545745792.0
-287182752.0
-210446768.0
988717056.0
25871596.0
1151633664.0
-332971424.0
1317141376.0
-238674016.0
-1985779200.0
-2067653376.0
-1402749696.0
-582666496.0
-1475527552.0
-1662514560.0
922047360.0
-2104135040.0
-1365057792.0
-1289226112.0
-1326283520.0
-919089408.0
2104742016.0
884002944.0
-79739672.0
62509308.0
206151200.0
-1326451712.0
-1361729152.0
-441620672.0
-732441536.0
-1889328000.0
-911241024.0
-1242166144.0
-747514944.0
1787499264.0
-1305834496.0
-1997772928.0
379449984.0
-865507328.0
992341568.0
724733696.0
-2138265856.0
655784320.0
-2045937408.0
-1245299584.0
984918592.0
1038576640.0
1807433600.0
763953280.0
984111808.0
190134448.0
736586048.0
-528784704.0
-1341363840.0
178506032.0
-1731739520.0
1716528128.0
-1491379456.0
453502880.0
-1341207552.0
-646552640.0
1524374656.0
775218560.0
1372348416.0
1902811264.0
82708440.0
-2068611840.0
1639678592.0
-851986240.0
598200256.0
-397111808.0
1909468416.0
-1020872000.0
-806782400.0
-1642484480.0
-194043968.0
-1662051584.0
1826907776.0
1668336000.0
1730923776.0
1630567168.0
1809704832.0
1241550464.0
391132576.0
-523041152.0
1408681728.0
-1181153024.0
-1006385152.0
-2086307328.0
-518718336.0
591529728.0
1059006912.0
1318205568.0
1217338368.0
-522318432.0
-740055424.0
-670433408.0
413990816.0
616446400.0
158692944.0
-209371888.0
1218332416.0
1089919872.0
-363590720.0
-102138944.0
7215312.5
-957608960.0
-2068636160.0
1716360320.0
1469929472.0
-338080544.0
371233664.0
1567139840.0
-1818892032.0
461582048.0
-559384192.0
1997541120.0
178591376.0
380274848.0
1280630656.0
2009631232.0
1417675392.0
-2116649856.0
-742392640.0
2022200832.0
-1718672384.0
-1566320640.0
256350160.0
1394450176.0
630645568.0
846213120.0
1435085312.0
1195417216.0
805873792.0
-864725824.0
436237120.0
-339810400.0
-1507370112.0
-1320247808.0
-1456079872.0
-1958194560.0
-1623253760.0
1325704960.0
80203392.0
-1832470656.0
-1249098752.0
-926656128.0
-1078151680.0
1478599040.0
-1014982592.0
919267840.0
1986310784.0
1228680832.0
-460672192.0
-2102010880.0
1615845632.0
395764256.0
2028881152.0
380469472.0
2064699904.0
1011846592.0
-672516928.0
377011392.0
-2058155776.0
1683610624.0
1226450176.0
643984704.0
-2067176576.0
688337024.0
1380144256.0
576319040.0
1290844032.0
2076260992.0
754147776.0
1335425408.0
-742640576.0
2111045248.0
1881908352.0
-510835136.0
1633344768.0
-842801856.0
945223872.0
-1938288384.0
2138630016.0
-438191456.0
607738944.0
-1705151488.0
-1071536448.0
-924457472.0
904653376.0
911548864.0
1417262336.0
272585120.0
-2093819264.0
28352438.0
621261632.0
79465056.0
804295936.0
865186688.0
-1042062080.0
424409312.0
-1596543232.0
291232384.0
-783817344.0
-1519143936.0
-1204750464.0
1647829760.0
1499403008.0
435231168.0
545030528.0
941432128.0
2094381696.0
-800933056.0
-1821588864.0
-2134200960.0
-1583642112.0
352805472.0
1485997696.0
-1791776128.0
-1685166592.0
2102367360.0
1264932352.0
10106888.0
1727334528.0
-1313075968.0
-1536852608.0
-1852395776.0
430177600.0
-2094684544.0
-715059200.0
1936889984.0
1578108544.0
1573737344.0
-853340224.0
-1894879616.0
1899811712.0
328064096.0
1416854784.0
-884827072.0
-1029025472.0
-276148768.0
982659072.0
-1194786688.0
454252960.0
444110080.0
-1068032832.0
2112573312.0
793628032.0
1535980800.0
-1240562304.0
-104363648.0
-655820672.0
840413504.0
-994308352.0
-1816204288.0
2016277376.0
717638784.0
-1097096064.0
-1275130240.0
2004400384.0
1735524992.0
-1688570496.0
-851721408.0
-2120575232.0
1347457280.0
135231888.0
1820216960.0
-904236352.0
-1880131584.0
1270614656.0
-888158016.0
-920303040.0
240439280.0
-1744269568.0
1378790912.0
-1198505344.0
-1181685632.0
-148953520.0
-991648832.0
1759838336.0
-900146816.0
-260538912.0
577982272.0
1327299840.0
-963137920.0
-1193589632.0
1944077440.0
-490852256.0
-1436846208.0
676271616.0
873613568.0
-1175134592.0
-685997504.0
-410645184.0
1682912640.0
2109576064.0
-1541099008.0
1746063744.0
-523762432.0
1578103168.0
348065280.0
-1552757376.0
-777732032.0
-891200384.0
1641077760.0
-1168746752.0
1780807424.0
-559797824.0
319081632.0
668512576.0
-1175206912.0
-1006593536.0
1529306752.0
574839744.0
-1953310720.0
145486192.0
1962110976.0
-666236992.0
792678656.0
1292071168.0
1310864768.0
-1811876224.0
-750551104.0
-1419259008.0
2027161728.0
722098368.0
-488472576.0
-294475296.0
255886000.0
-182247072.0
1198882816.0
739867200.0
-436307584.0
262704000.0
1438562688.0
-476014304.0
984560192.0
625299648.0
-659202944.0
-391593696.0
-1049768960.0
-2020638464.0
-712211328.0
263383360.0
-20408106.0
-591251520.0
1922621440.0
-398879072.0
-35654668.0
575062784.0
-538964864.0
-731129792.0
1805876352.0
2057078144.0
1232944256.0
2107612416.0
1246749568.0
1491353472.0
1513199872.0
1240760960.0
1263548416.0
-151493360.0
-289672448.0
-1658112256.0
-2128806144.0
-2090098176.0
1907347840.0
1783614976.0
-163392576.0
55578780.0
-1909826176.0
-1588224512.0
-1395790080.0
1143467008.0
1461516544.0
358501248.0
1263107200.0
-1774646016.0
1328393600.0
-1881434368.0
-668718016.0
-1833715200.0
-1851763968.0
-1640115584.0
178528208.0
-350626240.0
-1552975232.0
1159729280.0
436194944.0
407754592.0
-1237530496.0
175959296.0
-614875456.0
580197760.0
-476508960.0
1639498880.0
642197248.0
-1666420864.0
751533440.0
-250674784.0
1670335104.0
2047006336.0
646368960.0
346666624.0
1711902848.0
-1410399744.0
-1502941952.0
-458905888.0
861398720.0
-2034667648.0
-1532057856.0
1788001920.0
-574009536.0
435849184.0
1277435392.0
-397419488.0
-1374699136.0
-2078206336.0
898240704.0
1353212928.0
-1058806144.0
-1027468800.0
-1499288320.0
-286831808.0
-555412992.0
1603564672.0
1482078976.0
-363212160.0
394030048.0
-815461376.0
-1329527040.0
1550895744.0
-1422796800.0
-1054754368.0
280605504.0
503696448.0
-876029632.0
1687777920.0
1713338112.0
-1705238016.0
489165024.0
1099219712.0
792203648.0
-1471949056.0
361248864.0
-1429553920.0
1157201408.0
-1171110912.0
1416505344.0
614372544.0
1086863360.0
-1376136704.0
-521422272.0
696793408.0
1766867712.0
1599758848.0
-1706539776.0
-1474945920.0
113120984.0
-1371269248.0
-236992528.0
-179163120.0
-223740864.0
-1571633792.0
798602816.0
392630944.0
-2026185984.0
-1744556672.0
1494937344.0
1009839104.0
359273920.0
-1033049792.0
-664965248.0
-1728557056.0
1793710336.0
-182140048.0
2087451776.0
-1121275136.0
-470992000.0
-1039449984.0
1282027392.0
228632688.0
468062304.0
890768576.0
-1633990016.0
-1859965312.0
-1223826816.0
-919528064.0
-1284544512.0
372028512.0
1376149376.0
137962080.0
1508290304.0
-1345499264.0
-1219470336.0
-1857561856.0
-97298656.0
553185600.0
-761724864.0
-1285217408.0
1215313536.0
-806524608.0
1892046592.0
-2081532288.0
-1812960128.0
1663279616.0
-587384640.0
537141056.0
177319344.0
877953536.0
514642528.0
-1412212608.0
1116948480.0
1169122304.0
-843278336.0
-1918366336.0
1238001280.0
-1611371776.0
205152176.0
-1631758720.0
183281088.0
-356433024.0
375907360.0
-806686464.0
1071636608.0
-259696512.0
-861284480.0
-1174518016.0
168795040.0
-1370683136.0
-990453056.0
1467912960.0
-581960960.0
1927133440.0
1253890560.0
15654578.0
-1769995392.0
695705408.0
1122420480.0
-60257660.0
433148096.0
-1673918464.0
-2058180736.0
514335200.0
-1017766400.0
407619424.0
-1589906688.0
665341888.0
-513388352.0
-1587057920.0
-954742656.0
1458756480.0
-611569088.0
180783392.0
-516687232.0
1213544320.0
-1419200640.0
440928768.0
540829376.0
-908491456.0
-1774683136.0
-2138142592.0
-802655424.0
-444621088.0
-270756480.0
1483547520.0
-756011008.0
518857088.0
-883455168.0
-1804679552.0
-1883786880.0
1559817856.0
-164037904.0
-501194496.0
-1569359872.0
1733108096.0
402564064.0
-245605808.0
1263384960.0
1171410048.0
-550228160.0
-586968320.0
-334598976.0
-74018400.0
493293376.0
-2083427840.0
1115594624.0
-1583639424.0
-1541791744.0
1396371840.0
-737653184.0
215230480.0
-1599701760.0
-1144309760.0
1959896064.0
-1131852928.0
1114753792.0
-2001208064.0
-894391488.0
2035948928.0
-413096256.0
-87770752.0
314437504.0
1387362688.0
-1278353280.0
-166259024.0
1637236736.0
1824997376.0
-1470543488.0
-1291012864.0
1144598016.0
1673342848.0
-1632894848.0
572368320.0
931750528.0
1998546432.0
-1523550592.0
392401024.0
799947200.0
239841552.0
1139858560.0
-1071048128.0
825610496.0
-100141592.0
-219753424.0
-1033392768.0
-449252800.0
1359639424.0
-1875110784.0
-928597888.0
335694624.0
26582746.0
-526890976.0
1022647168.0
-1328049792.0
1446011776.0
1769849856.0
1784024320.0
-1271476864.0
1327820416.0
613804288.0
-722641664.0
-968692672.0
1626491392.0
1569440768.0
-1193197184.0
-1294608256.0
579271360.0
1282803712.0
-106147008.0
1490796800.0
325909568.0
2073664384.0
-254882176.0
811867584.0
885701568.0
-360596224.0
533145056.0
-1772415872.0
1228207616.0
-1684367104.0
-1137816704.0
157279056.0
-219339584.0
361760032.0
-984675584.0
1293092224.0
-874977408.0
-1162998912.0
1882576768.0
-117505432.0
2072621824.0
338186144.0
-1841577088.0
1338769408.0
-1876993024.0
1254048256.0
-1532337792.0
-2092306176.0
1452755968.0
-1257503488.0
-1904946816.0
-1133533824.0
1047130240.0
319682176.0
1701341696.0
2018474624.0
-1659325184.0
619842752.0
1089342976.0
1433341440.0
-160910752.0
-1951525504.0
-17024386.0
1919816448.0
-2084297088.0
890152640.0
-213069344.0
-1064124800.0
2127960960.0
-250016176.0
-1342399616.0
1758232704.0
-300822176.0
-1196269824.0
-537800960.0
-864543488.0
820945600.0
-821477888.0
-1293246464.0
995045120.0
-2080153600.0
83486104.0
726505088.0
-1055286016.0
729763840.0
-1353146880.0
-231096416.0
-714442112.0
803981632.0
337155072.0
627654336.0
-1016951040.0
-1882587136.0
349960416.0
-1244536576.0
-393599104.0
-1928689664.0
-1351860608.0
1604275968.0
-2124395520.0
-1733226368.0
-1519547392.0
1544246400.0
1499311616.0
1311886336.0
692185792.0
-1471437824.0
-1088665216.0
-798655488.0
-311160672.0
-435323904.0
-1842224128.0
-636159040.0
-1353224192.0
1472533888.0
-1211307904.0
458648768.0
1622173824.0
1831131520.0
1968648320.0
1627774208.0
2122961536.0
995190912.0
-107777304.0
914226240.0
1627589760.0
614158464.0
-1218876672.0
-251490720.0
98903256.0
988275072.0
551367488.0
1857775104.0
-1667650176.0
192527792.0
-631212224.0
-669393.8125
-231342016.0
17874962.0
1255751808.0
-258476096.0
-528803232.0
-1095562880.0
-2047784448.0
-348749472.0
-664270848.0
-1210599680.0
-1090551680.0
-1627060992.0
1593726720.0
174187920.0
739185856.0
189997392.0
1178275712.0
-1871306240.0
2096807424.0
-945038272.0
1069331520.0
-1546095744.0
1895342592.0
100149672.0
-551004992.0
-1827923840.0
642911616.0
671674816.0
-755870976.0
1054207552.0
769453440.0
-388949408.0
-1329799424.0
350247104.0
2012745728.0
-394021248.0
-1382237696.0
-480783072.0
-910556288.0
-860926016.0
637792384.0
806356928.0
401360672.0
50165408.0
-1752348928.0
-1166316288.0
923980416.0
-1577955968.0
-1289964672.0
-710774976.0
1440006400.0
-1285434368.0
-839167360.0
-1492325632.0
-2067949312.0
-1849699712.0
-599141056.0
1792878720.0
1170665472.0
-580559488.0
688979328.0
247020.109375
-2066561024.0
1224394752.0
663258624.0
-1022701888.0
234502448.0
775706432.0
-1574020608.0
1953532544.0
-190729760.0
337132864.0
-85442832.0
-583948032.0
-803760192.0
-522069856.0
2071043584.0
-1500148736.0
-2019112064.0
1399770496.0
1678797952.0
1612445824.0
-222587776.0
1111691648.0
-1243290496.0
1251748736.0
783987840.0
443117024.0
1989497344.0
56956072.0
1378497280.0
759564096.0
-598038784.0
-1746962176.0
-1337991424.0
1556991872.0
-668652224.0
114195048.0
1614196224.0
2049656832.0
1198006784.0
1052891392.0
-1844752640.0
-55706572.0
-843907328.0
-965757696.0
2100467072.0
1358623744.0
-1729226624.0
-1399452800.0
1616693376.0
1585513984.0
-202083872.0
734117952.0
1192812544.0
1162657792.0
-815674112.0
-1831027840.0
-1126876800.0
-1153995520.0
2016212992.0
-1042426176.0
-1023153280.0
260103616.0
870919488.0
182401520.0
1025234112.0
1125144320.0
-1816160256.0
853727744.0
667692800.0
2042965632.0
-1965882368.0
-2134985472.0
-564821760.0
621477184.0
-731942848.0
2090929408.0
77085576.0
2123497984.0
1708406656.0
37847456.0
1549574912.0
-108525600.0
-664746496.0
1303929472.0
-287290496.0
-1042529024.0
615648064.0
-1837124992.0
-2103599488.0
-976328768.0
-197636416.0
411451968.0
-1403714304.0
-1980247040.0
-2028916480.0
-730165440.0
1110002304.0
-463340448.0
-848799744.0
1097494528.0
-934064768.0
-146737024.0
250187808.0
333190912.0
-2043889024.0
-1438339072.0
-1716919936.0
1334003584.0
-850168064.0
-154482624.0
-1227851008.0
-553709568.0
-1479791872.0
-353107104.0
30468802.0
422974048.0
-232317344.0
-777720896.0
-736325376.0
-607392064.0
-1326600192.0
-624264704.0
1378419328.0
614363072.0
361756992.0
-550111808.0
-1853633152.0
-1152195456.0
1207750784.0
332527776.0
-2146435072.0
-1310007936.0
-8054761.0
533388512.0
-85532920.0
-1769822592.0
-644199616.0
-301340288.0
1603571968.0
1713796224.0
-538944896.0
1210318720.0
-1694399104.0
-1005604224.0
414979072.0
-1024913216.0
-765227008.0
-1932617856.0
-2014248320.0
-2063908736.0
-378206336.0
970977664.0
123215424.0
1373772544.0
-242747568.0
1058924992.0
1846961664.0
960419968.0
-1255070336.0
-862098816.0
1590247808.0
1139926400.0
1684826496.0
886243456.0
-1338262400.0
1884013056.0
-1907834624.0
1547400320.0
1062133440.0
531000832.0
-1869790464.0
1344113792.0
1973589376.0
-1858187904.0
411119712.0
-1682842112.0
-2049416832.0
669487296.0
1248992384.0
-399132640.0
-2037886336.0
-484604096.0
1171318144.0
1240075904.0
500862048.0
-148146720.0
1703843712.0
-546304256.0
-739788096.0
689831296.0
1215493248.0
-117492304.0
-1401385344.0
-764555712.0
806901696.0
828100992.0
1853016192.0
-700194112.0
1433558144.0
-261186384.0
-159182464.0
-1072259136.0
639101632.0
-1622594816.0
2107376000.0
1819996160.0
465809920.0
-785914112.0
1608173056.0
-402558368.0
-1185160064.0
1750556288.0
402762784.0
1575991808.0
-933448832.0
-219869904.0
1125496192.0
-1135295744.0
-927470208.0
-1018102464.0
1020348672.0
-1831643392.0
-1312505728.0
-1693673984.0
1529613312.0
605047488.0
1553823872.0
-914181888.0
104904032.0
-7153767.5
-1886502528.0
1516381824.0
-1792890880.0
-2021323776.0
711849408.0
-720212288.0
-680681216.0
1062113344.0
1476930304.0
-385737024.0
451879424.0
273550816.0
-1259373568.0
1308273792.0
-591229568.0
-1374100992.0
-1896423424.0
245116096.0
1185368064.0
32459856.0
251804848.0
-378189632.0
-1409969408.0
-103588624.0
1104645248.0
-2089697920.0
2044062848.0
-149928000.0
901747456.0
1313574144.0
121262208.0
1961980288.0
-1821296896.0
-544243072.0
-884041984.0
2040478848.0
443259584.0
977291520.0
-253261184.0
-214334640.0
-432536448.0
-675677568.0
328327232.0
-1491416960.0
982879808.0
1922537600.0
-858295552.0
-850674816.0
2034356864.0
710409792.0
689559808.0
1030857792.0
1001157760.0
-729505344.0
1586763392.0
282284384.0
-1942087424.0
-1569705472.0
-2089561728.0
-861071424.0
641157120.0
-1921453696.0
-2139063680.0
1966111232.0
1906693504.0
-370504768.0
738227584.0
1175101568.0
577728128.0
1890366976.0
61893756.0
1527725824.0
-1198286720.0
22221818.0
774035584.0
-1330097536.0
-1430542848.0
1589532160.0
-1573874816.0
442645120.0
1724753408.0
-961422272.0
387935072.0
-1706566528.0
1995067520.0
-430803456.0
859896192.0
1407490304.0
-1023347968.0
1399132672.0
335393952.0
-1100980352.0
-1490267520.0
1054549952.0
-586066176.0
-576198208.0
-688051968.0
854426688.0
-845445824.0
1931153152.0
307165440.0
-2096702464.0
1786540800.0
-1997538688.0
-2018152832.0
-1697477760.0
-1600036992.0
1207899008.0
236212432.0
-301807296.0
-1747352448.0
1675685376.0
1810684672.0
-923720576.0
-50686080.0
-1053258752.0
1216488448.0
-151691504.0
1069876160.0
1795372288.0
494976448.0
1456961536.0
750297664.0
1328604800.0
-983413376.0
-1738198784.0
321329088.0
-360199808.0
-845166016.0
-1043097536.0
1922749312.0
-1966899840.0
160906256.0
1010140928.0
-493625568.0
-76753008.0
-461611200.0
-756707008.0
-54849640.0
786718208.0
1284494464.0
111278000.0
-1743584384.0
783531264.0
-301861664.0
2129702016.0
1823758464.0
955676032.0
142520816.0
797209152.0
381497312.0
1832960640.0
-71451240.0
298344576.0
-1889732480.0
2756131.25
-880410688.0
-1154149376.0
-1354852096.0
392972384.0
-651501952.0
-939878016.0
1647385088.0
1606261632.0
-1519045504.0
513864320.0
-1702442880.0
1343866880.0
-2119600256.0
489462592.0
1669409792.0
1277047936.0
-1704612864.0
-1527121280.0
640948864.0
1818103552.0
-1714714496.0
-704741184.0
-107541384.0
-1534128256.0
2135187968.0
112234240.0
1150238080.0
-167046336.0
-708781120.0
-1070031936.0
1392312960.0
-823907648.0
741601216.0
1452853504.0
163342320.0
138758560.0
-172040352.0
299899200.0
-492286816.0
-1542692224.0
920020864.0
-1275514368.0
-389491104.0
78172376.0
-1936036736.0
-247669728.0
1541019008.0
-752097472.0
1616969984.0
-352545472.0
691769856.0
-1567957376.0
725878336.0
461062912.0
281124128.0
1718311552.0
938817856.0
220681936.0
-1395511040.0
1072052096.0
92845224.0
992825920.0
1000325440.0
1911772544.0
-1590672640.0
-1770967424.0
-1057613248.0
-664918016.0
823003520.0
1262079360.0
-2128719232.0
-578107712.0
-1525493248.0
-554601472.0
1898530432.0
-1638066816.0
-637723776.0
-1299044992.0
19440730.0
-1904045184.0
1489786112.0
1090373504.0
919292544.0
-644749760.0
775961600.0
-636977792.0
-329683424.0
-415381856.0
701777024.0
1335992960.0
2089625728.0
-1452608256.0
-1800387840.0
-1654270336.0
1898057984.0
-276908992.0
-861604224.0
204930752.0
903940864.0
-1296337920.0
-1813452032.0
-269027264.0
926328704.0
-1761405184.0
350770272.0
-430491232.0
424212096.0
1092735744.0
1470461568.0
-1412697856.0
-927714688.0
148602512.0
549322112.0
1356113792.0
-1322632448.0
1388646656.0
-1540484480.0
1941374848.0
-1624281.875
-2057745664.0
39114712.0
989455808.0
1275591680.0
388284672.0
1808229760.0
-983499072.0
2138942464.0
729187648.0
-15304352.0
286612992.0
199632896.0
-1899937280.0
-1845716480.0
-214404320.0
1218583296.0
-1319485824.0
1742709120.0
-1564601984.0
1044308736.0
-1065600576.0
-448166144.0
-1233820416.0
1138410752.0
-588962304.0
672284096.0
-1667896832.0
-1899754624.0
1110722560.0
1476893312.0
1120978944.0
-1308711808.0
-436562784.0
593425600.0
1545033088.0
685879040.0
-1350015872.0
-1705835520.0
-1731390976.0
1873014656.0
561279488.0
-854920896.0
-331790560.0
-1426982784.0
-1158872320.0
1188603904.0
863532608.0
-289941600.0
938920448.0
-766305280.0
-1368631296.0
-537335424.0
-321373536.0
199088608.0
1408035456.0
-807431616.0
-1270759808.0
923750272.0
-10675325.0
-1540699264.0
-499581152.0
-1470919168.0
-958607488.0
694457344.0
1932628992.0
-1714941184.0
1406733056.0
-1837981952.0
189103872.0
-1506578816.0
-1769901568.0
-552691712.0
1430206080.0
655850176.0
753664064.0
-2037569664.0
1899562368.0
-1460242816.0
-998580672.0
-1007282816.0
-1906715776.0
1300282752.0
1012812736.0
1986126080.0
-1498937984.0
-1599042688.0
-1655489024.0
-452272704.0
477599808.0
319760032.0
-2089018624.0
-1318694400.0
-1817797760.0
-649090880.0
86244192.0
-1064842368.0
2018766976.0
852959552.0
100732160.0
1197964544.0
1938385792.0
881042112.0
-720576320.0
-1341492480.0
45261496.0
-1331341696.0
-824927872.0
-996830976.0
1624459520.0
187663472.0
-877565696.0
414334272.0
-1465286912.0
-951204800.0
-2010425216.0
91014560.0
-2131963392.0
-1024301632.0
-1700186752.0
-1353999104.0
-171982240.0
1675312768.0
510997696.0
1939664896.0
-2077512320.0
1541253248.0
-373516512.0
-247071760.0
1511467904.0
-1329729536.0
-600052928.0
1725651840.0
1293257216.0
388988832.0
1307577472.0
408082976.0
14054961.0
710562112.0
-99596352.0
-1573586432.0
241634128.0
1262750208.0
-174578224.0
375086528.0
-1118650112.0
-483400352.0
375828480.0
647481920.0
-1670777088.0
-2021823488.0
-968579008.0
466628832.0
-708025664.0
1880994432.0
1237659008.0
432034336.0
-477910656.0
1533431936.0
1217714432.0
399738560.0
-1079485568.0
-1527854976.0
264807440.0
72296960.0
994240704.0
-1437193344.0
364080416.0
2037262464.0
-210187392.0
887777600.0
-663299136.0
230733056.0
1567278336.0
-204220544.0
-577009280.0
-1375670656.0
522529472.0
968434112.0
-961056000.0
-567969408.0
-2004903424.0
1228232832.0
-364473600.0
-1881340032.0
1955300224.0
564390784.0
-502085504.0
1986422272.0
-1388041216.0
711845888.0
931526592.0
-2072191744.0
1087912448.0
828428800.0
1993168128.0
-346879712.0
195431824.0
1033896768.0
1416994176.0
541695808.0
1055300672.0
-463780512.0
1692013568.0
1437372032.0
-1838189696.0
1307954304.0
-1844732032.0
1814499456.0
-812990784.0
120248296.0
869230144.0
-1173181440.0
1687016192.0
856964608.0
-163789760.0
808957440.0
1504754944.0
-774327296.0
228397024.0
117068576.0
-1408424704.0
-195850432.0
419227520.0
-1831822592.0
1775488896.0
-2083477504.0
-2130762240.0
-927222528.0
119774832.0
-1898739072.0
-246954768.0
291474016.0
-1214861952.0
-1591497984.0
-1851865984.0
2090557952.0
1691280896.0
1344235264.0
695241536.0
1429271808.0
-2070326784.0
1628259328.0
-673544576.0
1325578240.0
1598359040.0
86840416.0
-1675859712.0
-774044352.0
225811248.0
-881078784.0
1255836160.0
-946518720.0
1487920256.0
1447945728.0
-1042720320.0
-613084736.0
-512500608.0
1435360768.0
734923648.0
-328437056.0
1933528192.0
-2062808320.0
-507620832.0
657612672.0
1501289600.0
-628424768.0
1091773952.0
1440589824.0
-97192888.0
-819234880.0
970936960.0
1030045632.0
1257378304.0
264180560.0
-149446720.0
-1545399936.0
-802532544.0
1377631104.0
-266190896.0
1730440960.0
-518135744.0
-1558787456.0
-2106295680.0
1365025664.0
490485504.0
-222017232.0
-601823360.0
-1845974912.0
-1447207808.0
-1820761216.0
1648490624.0
-3919853.25
-356120192.0
537966144.0
-1398418560.0
-508838496.0
1446467584.0
-986081024.0
83146664.0
-1719994368.0
903090688.0
1373193728.0
-15084818.0
-1234853376.0
1249948416.0
-682309248.0
1065425216.0
789236800.0
-1841482368.0
538484672.0
-919625152.0
122608024.0
1832151168.0
-2008673920.0
943804096.0
-558120128.0
820475136.0
1346748544.0
-1565048448.0
858725376.0
2005021056.0
1703733120.0
-465678848.0
-901546112.0
-1366493568.0
1829928064.0
-2033997568.0
-397963872.0
-1598538496.0
1298472960.0
1480572416.0
-274534880.0
1528009600.0
696429248.0
1048776640.0
-1988476672.0
2038444672.0
640558784.0
722075008.0
245914480.0
-1793233408.0
-163864048.0
2058917632.0
-1282259456.0
-26795080.0
-127531968.0
-1611928064.0
-332124192.0
355479968.0
-1056252416.0
-799464128.0
-872585088.0
1113542528.0
571374080.0
1952806528.0
878593280.0
1402000000.0
-1355975552.0
-846222656.0
642750144.0
1977447424.0
-441515104.0
885946688.0
88413416.0
-36528588.0
2128144128.0
104500864.0
-396018272.0
426170944.0
316792576.0
1291542784.0
-901080064.0
1027554752.0
-594430912.0
631288256.0
403902400.0
-392544064.0
1174859904.0
1145758336.0
1461244416.0
-1057143104.0
1256966656.0
-766000128.0
-53987176.0
1533473536.0
1762133760.0
-339851808.0
854100160.0
-1670820224.0
-20386012.0
1428996608.0
1437237632.0
-905536960.0
1333039744.0
757710336.0
-1197429888.0
1075763712.0
610062464.0
-1107663744.0
2105486336.0
-1290855296.0
-1621755264.0
1042716928.0
345257504.0
484292512.0
906661312.0
1442409728.0
-500956256.0
-1639059968.0
-1914324224.0
-1605903232.0
72499240.0
-142989120.0
1295129600.0
2039392640.0
125809264.0
-107439344.0
-244272672.0
622604480.0
1452893568.0
1264745856.0
-25266514.0
-2068189696.0
1715492352.0
554266624.0
347737824.0
-897426752.0
-2036549120.0
2011402752.0
1332047232.0
1631848064.0
1287629696.0
-1273483136.0
85581992.0
1640047744.0
1877337344.0
-1728815360.0
-1551559808.0
-1323018240.0
944752192.0
1477525120.0
125936632.0
-1639244800.0
2037586944.0
2000177536.0
-2122719488.0
-136670400.0
927601792.0
-757389888.0
-523553184.0
1599528960.0
891333184.0
1083563008.0
966896576.0
-1533297664.0
2145273728.0
-1078387712.0
377262432.0
-341453152.0
-394657632.0
-685814144.0
-170520528.0
1042793536.0
-67410648.0
1852290304.0
1178485120.0
-1484515200.0
525889408.0
1969680896.0
1055488576.0
-931268096.0
599076224.0
808095296.0
-1080936576.0
1637049600.0
-1875671552.0
-708252800.0
792477632.0
-467259936.0
1212716032.0
-2025105408.0
-1181501824.0
-432660032.0
-139611552.0
421728736.0
-189248880.0
-685478848.0
1680165888.0
2043675520.0
1694074880.0
-1685640960.0
-551233920.0
-2138779136.0
2493027.0
99270408.0
1525091200.0
1808644992.0
-559536640.0
-1807875584.0
-1952345472.0
-1558523776.0
-1779285120.0
1672217984.0
-783694976.0
1340231936.0
1825441408.0
782876736.0
1375065472.0
1766164992.0
256388720.0
-966554112.0
2140932864.0
-630242624.0
56589624.0
-1755669888.0
-784258816.0
2047428096.0
1804599424.0
1517864832.0
-497921856.0
-1850704128.0
-1069489344.0
-1702236544.0
-538970624.0
-1653720832.0
1030277632.0
1960448768.0
509382592.0
-1549633536.0
-1411718144.0
1103499392.0
-1147497472.0
963483584.0
1148823040.0
-314560512.0
-214632720.0
348862752.0
-1454927232.0
1970248192.0
2130687360.0
-1468317824.0
1949305728.0
-1770824320.0
-2134927360.0
345607264.0
604303168.0
-1581558912.0
1904531968.0
1074328576.0
-1969816192.0
2137833728.0
1920918656.0
-195850432.0
-1351902592.0
-756309696.0
163280944.0
2087981056.0
1830695168.0
1926980864.0
1577765888.0
1935778560.0
-73241016.0
-1639463296.0
-1784326144.0
-1609667072.0
-1222602752.0
1595733760.0
-192208224.0
1415632896.0
396776000.0
942630208.0
-1625101184.0
978938304.0
-274084640.0
1904628352.0
457448864.0
778555584.0
-1582046848.0
-1106679680.0
1662114688.0
-1771694976.0
1102325760.0
-1151072128.0
2085233792.0
-804231040.0
584333120.0
-1735676160.0
-1592509440.0
-946317888.0
-317629920.0
-2133693952.0
34641448.0
-2089205504.0
-520583072.0
742278848.0
-1023047040.0
1191630592.0
1859946496.0
-61501296.0
1042700864.0
621504064.0
-1295190272.0
821563136.0
-1098364416.0
1280728192.0
-671632576.0
-1218099712.0
1937728384.0
1203574528.0
-527672128.0
1727443968.0
-260507792.0
-1263017856.0
-842503680.0
-13358844.0
1443899008.0
1709424256.0
1520106496.0
898764032.0
-540324480.0
703267712.0
-1466841088.0
166942880.0
208491632.0
799108480.0
138901952.0
-209387856.0
891505280.0
-1294472832.0
780411904.0
181852704.0
1254802816.0
-1111006464.0
162130224.0
-854141952.0
1720830976.0
-113060560.0
-961372480.0
-850792896.0
-897696384.0
-1822861440.0
1145370112.0
1439106048.0
1617141888.0
-1884289152.0
-146301664.0
-1866681984.0
1455318016.0
1266785536.0
810974080.0
-1784502016.0
-1714007680.0
568082112.0
611353920.0
439738784.0
-1477258496.0
-1197769600.0
50923980.0
-70572584.0
315310112.0
1516675200.0
1743134976.0
-648845760.0
1159442816.0
71697208.0
-316322784.0
1202694784.0
-1432282880.0
515575680.0
-1422012800.0
-14018050.0
200384736.0
195460688.0
1844503168.0
1341634560.0
1261474688.0
2098820096.0
1010522176.0
1337842560.0
1283354368.0
-1892249216.0
-793828096.0
-1271199360.0
1839992448.0
-1479827712.0
874485504.0
-2072354688.0
-1900141440.0
417871872.0
-356355328.0
1155624832.0
-1671421952.0
-1111611776.0
-1420255872.0
1617924736.0
-1214217600.0
-974532288.0
-793337280.0
-72412920.0
632607360.0
1254936320.0
2128646400.0
1015587328.0
-1241200128.0
-1134724992.0
1397953664.0
1155917312.0
1815051136.0
-1269251456.0
1656673536.0
-216901472.0
-180926704.0
-1882406016.0
-1159796864.0
-1622283520.0
1526293248.0
942568448.0
1852138496.0
690098304.0
1639553024.0
1779372672.0
-1902208512.0
-1871354496.0
1222568192.0
-1420649856.0
-1826804992.0
341949760.0
1147450.5
2147007232.0
78246584.0
940871040.0
1697482368.0
-1301047168.0
-1381912320.0
1343310080.0
-462980096.0
1041126976.0
1219977216.0
1955014016.0
-677513728.0
957149120.0
1721558400.0
749207552.0
-359376032.0
1929103872.0
577560128.0
885182464.0
-1231714176.0
-875376640.0
702101312.0
125395200.0
1009243392.0
1784276736.0
-707568576.0
1883198976.0
-361163808.0
772853248.0
2107331200.0
-128914272.0
-2082492928.0
431633504.0
-1052609088.0
-2096233472.0
-1767059328.0
1100050944.0
759470016.0
-1809315072.0
-973369536.0
-1584489856.0
855525952.0
-1391443968.0
915798656.0
-1942368128.0
347998368.0
1466581632.0
-1314124416.0
-1104345472.0
28672080.0
916143424.0
-50634420.0
-878555584.0
-1224189952.0
-1284938368.0
1860470144.0
492947296.0
615795584.0
-110170760.0
1596738816.0
477843520.0
-686157184.0
-806991104.0
-218231632.0
-424309376.0
275415072.0
1497243776.0
941238656.0
960965440.0
1301251968.0
1564196736.0
219293200.0
266008352.0
-1717649664.0
1475920768.0
385523776.0
474666848.0
-1149494272.0
1820757248.0
-345414496.0
1347244160.0
-659118400.0
752641088.0
606802624.0
-1174920704.0
-253306512.0
-104377368.0
-1924489984.0
56150656.0
-339788768.0
338009024.0
-18136524.0
-1541137152.0
-1948269568.0
-666519552.0
-2109978624.0
-582032128.0
894582208.0
-147011872.0
654962304.0
-225803488.0
502030784.0
1649221760.0
1267807744.0
-45233276.0
-274005376.0
-989056320.0
549943296.0
2039097600.0
-291786528.0
-786246144.0
1924595200.0
1983868928.0
-1574914688.0
-1142549248.0
-934538560.0
-1188716160.0
-505427872.0
804111168.0
1156431488.0
340545376.0
-1881509760.0
204317792.0
110203128.0
-59808372.0
1067465664.0
796229312.0
-1035283776.0
2056831104.0
1060794432.0
881171264.0
1722494592.0
1258681728.0
391790720.0
-1478540928.0
-1026322752.0
-560461824.0
899228352.0
-850147968.0
-1817145984.0
-248786976.0
-1769003648.0
2079946752.0
1283446016.0
-1889978880.0
32924130.0
2093639296.0
-2026088448.0
-1102398592.0
61425380.0
-1434643712.0
404459264.0
641214912.0
-1250852608.0
1921443968.0
-1714690432.0
-1509711360.0
-268406944.0
-1650186624.0
1040433920.0
468881632.0
-1885835648.0
-1979089664.0
-559676736.0
-1693807744.0
615627520.0
1062710464.0
-664831040.0
329789120.0
-881526016.0
-47442280.0
-1265330688.0
-914737920.0
-1975218816.0
-1607276160.0
1920535552.0
1176235776.0
933646016.0
-2052278272.0
-1815179008.0
-1385501440.0
1227218560.0
191784000.0
-143456672.0
1845516416.0
-1593320960.0
1800330112.0
-1320838912.0
-718372480.0
-108168312.0
-473743840.0
852461056.0
-931715200.0
44266896.0
138256288.0
-1521036928.0
2053346688.0
-34360156.0
-225754880.0
-1093728512.0
-1254451968.0
-1433056512.0
243569216.0
-1870386304.0
-708444096.0
-1739199616.0
-782601536.0
792552704.0
1354597760.0
-485979872.0
-840450496.0
-1910812800.0
-691939264.0
-1270699904.0
1710567296.0
-810204992.0
-443620352.0
404086112.0
896696896.0
1193454080.0
359888992.0
1472082816.0
-2010975872.0
-1086306688.0
-2134989824.0
-787780544.0
-1669966080.0
-575443072.0
1021514048.0
2028919552.0
-633884800.0
-132478504.0
721346112.0
-1449437952.0
562315520.0
690409664.0
96061896.0
1220909184.0
1525747840.0
816461568.0
-1800894848.0
-1085349504.0
-87846832.0
1021779264.0
1595388032.0
1532730240.0
2145713792.0
75988744.0
746840448.0
-879306176.0
-1001783424.0
292045504.0
883750784.0
2046933248.0
274254880.0
2041006976.0
-668031616.0
1995984256.0
1449071872.0
125273288.0
-1712367744.0
1288929792.0
-584398656.0
-551374272.0
-457375584.0
-1080327808.0
-1688034560.0
-1527259264.0
307849696.0
1768368896.0
899425920.0
-850783104.0
-97661736.0
1107604480.0
1441514240.0
641392960.0
1962126720.0
1283676032.0
-2042825472.0
-2091124352.0
-958478976.0
-874009472.0
1888337536.0
1779306752.0
-448113760.0
799158912.0
-241754896.0
-220001840.0
-734646400.0
-1069042304.0
610996544.0
1694062464.0
-1598300928.0
-407895392.0
59930316.0
1018309696.0
1842279168.0
698744896.0
803121536.0
-777655488.0
-13877006.0
-597002560.0
-1042195072.0
-587099840.0
-328139168.0
-881555840.0
1905580416.0
1379278464.0
-2027883008.0
-1199329024.0
-56881256.0
1242149120.0
1806667520.0
253506304.0
-1178594688.0
-33527684.0
-1374718208.0
-2033891456.0
135672352.0
1873356928.0
2065294720.0
-77468160.0
-2061801216.0
806153408.0
830028800.0
-479556512.0
-1980715648.0
1450750464.0
-688069824.0
773860672.0
250125424.0
840802752.0
872621248.0
-828018304.0
1306889984.0
-1057781952.0
889303808.0
1589095168.0
-498363456.0
-97499496.0
-1380695424.0
-1688917760.0
-822392064.0
-1735560448.0
2076109056.0
-1510368640.0
917982272.0
-447953312.0
-1135900928.0
-173530144.0
1363629696.0
-1677775616.0
-1302759296.0
-1956105728.0
-996753216.0
363795872.0
863430208.0
379120192.0
443430464.0
-1088936576.0
-1455149056.0
1896392192.0
1130003584.0
-1208469632.0
635725056.0
-654532608.0
65037396.0
-1472107776.0
-1007452352.0
2013869312.0
-1520107392.0
1929784960.0
-1378560768.0
-210991872.0
1903875072.0
-1831698944.0
1804135168.0
1410529408.0
1502031232.0
-954330176.0
1503043968.0
-987050112.0
356883232.0
136760176.0
295480800.0
225101040.0
544995264.0
-2098888448.0
-272751136.0
-1200717440.0
-1154573568.0
-1309810304.0
-967029440.0
-918924672.0
-910191552.0
-868141888.0
188241088.0
1942665216.0
1842124672.0
265346592.0
1482486912.0
-313207392.0
-2082776960.0
1640878592.0
-2127692928.0
-207617040.0
1271687552.0
1754259200.0
-2058324352.0
16111820.0
133426616.0
1120354304.0
751234048.0
1981774464.0
-46068412.0
-1903031552.0
-68217920.0
-86141688.0
207552080.0
1082318336.0
-35179536.0
-1467796736.0
484740320.0
1934037504.0
-222750080.0
460534208.0
1678678912.0
-1044288768.0
243140768.0
860511104.0
1620146304.0
-378514752.0
1320089856.0
-1712157952.0
-458104640.0
-632101312.0
969224512.0
2019821824.0
1817678336.0
-1633751168.0
-1473427968.0
714238144.0
-230708080.0
-2048240896.0
1099560704.0
120564656.0
-214490032.0
-217979024.0
1958955008.0
752905280.0
821591488.0
1481901312.0
1887258240.0
1180333824.0
-1621976064.0
-1566204544.0
67128760.0
-2105407872.0
1733195008.0
-24415734.0
1943391104.0
796763456.0
-1735085568.0
1725496832.0
-12010275.0
-1539392256.0
1005999616.0
2059657344.0
344369088.0
504949280.0
-1193132544.0
1736216064.0
-755788736.0
-1979852544.0
440877152.0
2089282304.0
1335732864.0
-905593792.0
-221086336.0
1505568128.0
-877044480.0
1550786816.0
1403817216.0
635199424.0
548331264.0
723918400.0
665974080.0
-163756160.0
1526872320.0
-135931920.0
503801760.0
713366912.0
-811159168.0
-2040100992.0
-742023488.0
-1781723520.0
-1343114752.0
-310438880.0
-1890249088.0
-2118367872.0
294456992.0
-1389367808.0
-1999190784.0
-2107745536.0
1776211200.0
1779776512.0
1424864640.0
781749120.0
256495008.0
-1086319488.0
-869564544.0
1937113472.0
-1818874368.0
1783900928.0
2046672000.0
1996738304.0
-827862784.0
-244926304.0
2133822848.0
1707503744.0
358084608.0
-2125880448.0
1604483456.0
-1407994496.0
1894727936.0
-816400768.0
-1466808832.0
1788570496.0
-1431568128.0
317197568.0
-527864160.0
-1596142848.0
-371329536.0
-1964392192.0
842225024.0
-823122176.0
984102912.0
1205985664.0
-1365641472.0
137354048.0
1673251840.0
1977342080.0
954830400.0
-999209088.0
-1974477312.0
-1857323264.0
1366812544.0
-1042295168.0
693545536.0
990618112.0
-538320448.0
-1580458880.0
-1474536832.0
541017664.0
-1563242496.0
1506066304.0
90289288.0
-1815059200.0
-116839736.0
-2113087616.0
630114112.0
-212086768.0
-77998352.0
1217832832.0
1736085376.0
-2024235520.0
135468592.0
390609856.0
2116058624.0
1213465600.0
-978284800.0
-1239920256.0
-1715926400.0
1250603904.0
507034496.0
996265728.0
-49253080.0
844174976.0
2072025088.0
-469180672.0
-209514624.0
-27175574.0
-2040386304.0
-1235921280.0
-394586528.0
-690337728.0
2107117568.0
73582832.0
366248736.0
1025131584.0
1803002240.0
-2029538560.0
-837007040.0
348092576.0
1226700800.0
497348480.0
1602080768.0
1504645760.0
-1281674112.0
-1321708288.0
-761001152.0
1523197824.0
-1302023808.0
509004064.0
275089184.0
1574873088.0
-2086059136.0
-1932253056.0
185535184.0
1539024896.0
459902400.0
-412678624.0
-1521520768.0
-579022720.0
946079616.0
-724442560.0
2047318528.0
857566464.0
-1705768320.0
1632180096.0
824388544.0
1786222080.0
-1163476864.0
-844624960.0
1428397568.0
2073933696.0
538259264.0
-948701888.0
-1000751936.0
531524960.0
-106402472.0
-1210619264.0
2003220352.0
1671888512.0
-641644800.0
-2025070720.0
-1103275136.0
-4919057.5
151803104.0
-818009216.0
-807867520.0
-169462576.0
1729617024.0
774327744.0
-461520704.0
1788800000.0
-1019487488.0
-1500953216.0
1446501376.0
-100900720.0
216711168.0
-244746400.0
-836090304.0
1935340672.0
-2050089856.0
-1636257280.0
-1389170176.0
-1787148288.0
1549537792.0
684108288.0
-2037187584.0
1736036224.0
-474029.875
1122901248.0
951405760.0
-914049856.0
1627137792.0
-1685130880.0
-560150400.0
-140939264.0
374618400.0
-1529177984.0
-1515378176.0
1623956864.0
-1758135808.0
-1058461504.0
-435905152.0
1597106816.0
1321874688.0
873986560.0
1972157312.0
-1839600640.0
-1201955200.0
-1739393664.0
1815412224.0
-467467488.0
427085248.0
-1393180288.0
1215366144.0
1623296384.0
-1211854720.0
1749009280.0
-742634240.0
-446427904.0
-806400832.0
806240384.0
208950512.0
-1908241408.0
-1425304832.0
303601312.0
1685218560.0
-1146007296.0
-1788077952.0
1396796544.0
-330525632.0
-1984398080.0
-138635680.0
1070230272.0
1657656192.0
-1400216960.0
1691450368.0
-1393536512.0
194102832.0
506367008.0
-2007528320.0
-1374332672.0
-1993052800.0
326386464.0
1506527872.0
1485662336.0
1821090816.0
-1467568640.0
-795857152.0
-1436117632.0
-71886088.0
2124918528.0
-1821191040.0
1588111488.0
-1376230400.0
1101905536.0
-841315392.0
-2012267008.0
-426366496.0
900440000.0
-1017524480.0
1788530176.0
23511544.0
-1723958400.0
-76941352.0
-669133760.0
-1138134400.0
1831671296.0
-1226171008.0
476752256.0
878793792.0
476214432.0
-1984089984.0
271432576.0
-91233976.0
253338608.0
-1588705920.0
-614426112.0
-1530957824.0
516247648.0
-1151084032.0
2033174016.0
1916951040.0
-1227593216.0
1100251776.0
369590368.0
-1451928832.0
76954320.0
57090468.0
1247479808.0
-976402560.0
1566790656.0
506079456.0
884252416.0
1751368192.0
-109232856.0
-1510537984.0
264100880.0
1690540544.0
913207168.0
2078433024.0
-53982352.0
-213746544.0
877164672.0
830526464.0
-1981308672.0
1990886272.0
1828910464.0
1355418240.0
687278464.0
1216650752.0
-569547136.0
-1957378560.0
435322496.0
1174523264.0
-1628686720.0
678640640.0
-1751256832.0
-709870336.0
-719884672.0
-760012608.0
1926985216.0
-1788639232.0
-1335384960.0
1906849408.0
-897930880.0
570782528.0
202491072.0
-1334338048.0
-694821120.0
1204829824.0
1121214336.0
169883792.0
1668506880.0
-1559743360.0
1177741312.0
1405471104.0
-2146684288.0
-552166016.0
894716864.0
-739098176.0
961053760.0
1669647232.0
-107043096.0
270082368.0
-189434752.0
-961648256.0
-1085814784.0
1632167040.0
-461617376.0
-562399808.0
-328296736.0
-1034531456.0
-1272299392.0
-1612695936.0
-1161986176.0
-653443520.0
1940875648.0
-678354368.0
1999117184.0
-2050989824.0
-1856433792.0
1764115328.0
-1344934912.0
1468677376.0
-183427376.0
496715392.0
-1628397568.0
312441824.0
1630802304.0
721888768.0
-344130368.0
-1155452800.0
221429824.0
92357824.0
791341376.0
1171745792.0
-1565397376.0
-20668274.0
176545760.0
163098560.0
1750315648.0
-1268332672.0
869175744.0
1540717440.0
-130289992.0
-712859520.0
-1977281536.0
-399584128.0
1329399552.0
-1579579904.0
-390365056.0
1036042560.0
1298119808.0
-14839641.0
1999218304.0
-508494688.0
-484281408.0
232720736.0
1848545792.0
-1565948928.0
1147920768.0
1217231360.0
-1753686016.0
190893392.0
-273748864.0
1668233984.0
-826499520.0
1266595968.0
898553536.0
2093306112.0
2031984896.0
-1219330432.0
-249192112.0
275227776.0
-496704064.0
1104359808.0
584024512.0
-167631424.0
1247147136.0
-834049664.0
-1966168704.0
-2085548800.0
345346912.0
935644992.0
-1475444224.0
1488832000.0
-1818932864.0
1720543104.0
61146520.0
-1387077248.0
-211132368.0
-1836874880.0
-160168592.0
1674478976.0
2066019712.0
-740659904.0
847363584.0
-1490752256.0
-1502125696.0
-123545264.0
-799695488.0
-1594641920.0
-2063282048.0
-96229280.0
608240640.0
1683763584.0
-2014321408.0
353037568.0
939776320.0
-158104368.0
459599264.0
-1346038528.0
-244702944.0
-382700256.0
979617792.0
509125312.0
-1643807872.0
-276737280.0
-327362528.0
1643447680.0
-2126854912.0
-424647712.0
914896512.0
-1795321984.0
-1462998784.0
1196954368.0
213479856.0
-260683600.0
-362638112.0
1482551040.0
-614255680.0
1383011968.0
833611520.0
1698888320.0
1818768128.0
-1017300032.0
1842708992.0
503199360.0
1106349568.0
1898758912.0
2095141376.0
1736570240.0
159095568.0
133741344.0
131020400.0
1990622464.0
-843389952.0
-1826887808.0
1240138368.0
-879333184.0
510384544.0
-1001602048.0
-1106029824.0
-144225184.0
-1868902528.0
-1382288640.0
2109976832.0
-2100556800.0
-1020840448.0
244703936.0
1853590784.0
-887451008.0
175718944.0
-413728064.0
-465321760.0
1102163072.0
-1655713920.0
-244601440.0
-1261313024.0
1141040512.0
2070251008.0
913772992.0
1644081280.0
-1021777920.0
-1297135872.0
449496896.0
167721712.0
-369250656.0
785857600.0
1746081152.0
854126208.0
-1662926720.0
-123804128.0
1027119104.0
1138386816.0
1630375936.0
858883904.0
832220672.0
-749891264.0
-412404096.0
-1215916672.0
186934032.0
-869183872.0
-1423163648.0
-1050767744.0
1511405696.0
-1103709824.0
773059648.0
-311920608.0
137190288.0
796691520.0
-133827696.0
1675843584.0
1311523328.0
888626112.0
259389008.0
-1988344320.0
-66666680.0
-240963760.0
484982560.0
-273365248.0
-432504320.0
-184193472.0
-1246742912.0
-1007217088.0
-2052544256.0
2093675648.0
1611786496.0
561774656.0
655618240.0
-893384064.0
-312603680.0
1541659008.0
554588544.0
1231927936.0
426861440.0
-1075284352.0
-1905828480.0
328518144.0
823676864.0
1176198272.0
-1287391104.0
559336128.0
-1023605056.0
1475497984.0
-2068692864.0
-1477822336.0
-1906866432.0
-148742304.0
-1993498624.0
-1683272832.0
1105374720.0
-1044313984.0
386094528.0
169499760.0
394091104.0
-374943072.0
301812096.0
1528301056.0
1945685376.0
-1724963968.0
740949056.0
-1692646656.0
883251584.0
541139072.0
1871929728.0
58815048.0
-373033184.0
-1374572800.0
-669392384.0
-1517027456.0
-1176494208.0
487202592.0
517432768.0
-387239520.0
848464000.0
1816454528.0
-87763368.0
-848385408.0
-1267562624.0
9310199.0
397649056.0
-2043667328.0
-374130336.0
-898036096.0
-1499806336.0
1983088128.0
-1709410048.0
-898387072.0
1930921216.0
-855955520.0
-169067424.0
66454852.0
422541888.0
1915593856.0
-2068391168.0
1326409856.0
-1800828544.0
-1824648960.0
-1469723520.0
-1606990080.0
-710859648.0
-2090975616.0
-381582976.0
-1992137216.0
343202880.0
916396416.0
166712416.0
-1958154496.0
11804532.0
2104744704.0
1633825280.0
1483443840.0
63115912.0
1837709696.0
1345666688.0
-308106912.0
151426848.0
1693837824.0
-1111698176.0
392230848.0
992719040.0
1510927232.0
-1164771200.0
-625708224.0
1007547968.0
-846115392.0
-324175648.0
515271968.0
1811686144.0
65110596.0
-279032672.0
814195584.0
-1444400384.0
-1578957184.0
-1412329216.0
-371825440.0
-927689792.0
284475136.0
-1991181440.0
1438289920.0
-1901899392.0
923675712.0
446671840.0
-1774892928.0
627706176.0
365837792.0
-99728048.0
1788213760.0
-1637674624.0
-108424472.0
677946560.0
-1630975744.0
1561105280.0
1538520320.0
1499142528.0
-1720049664.0
-1545901312.0
847724352.0
-830177664.0
1442860800.0
1235898496.0
-688599232.0
259258560.0
-1493505792.0
-267011552.0
1824604928.0
-396632288.0
1773479424.0
605103552.0
1824845568.0
-1025041408.0
-1895983488.0
200745920.0
126671616.0
-653705664.0
1177688576.0
-2100179712.0
267114000.0
963373184.0
1129125888.0
177377920.0
1320110592.0
1861809152.0
854589888.0
-2055687168.0
385303200.0
-420369664.0
-845534528.0
1903292160.0
-105391736.0
913579840.0
-1718232576.0
-1878163968.0
1579433088.0
-617893376.0
1577764992.0
-52424844.0
-840694848.0
787142144.0
-1710502400.0
394179136.0
-733525568.0
-1356788096.0
-159714368.0
1433904896.0
797970112.0
-431195200.0
-1029223872.0
1594055808.0
1003242112.0
-1482041216.0
9862899.0
-350735488.0
-2132389376.0
331885664.0
-227318528.0
844426624.0
-1525345792.0
-1976375552.0
875814976.0
1823153024.0
166814672.0
2124837632.0
1558947200.0
-223982784.0
997345088.0
736023616.0
-1577098368.0
-1081911040.0
1739509632.0
131760224.0
155893200.0
-1337047552.0
353472544.0
-429739968.0
1941671936.0
-127687672.0
-745885696.0
1897882624.0
-2140677376.0
-1539967104.0
410555424.0
-222382336.0
-427378400.0
679062912.0
-706745472.0
-1887943680.0
-957808576.0
-634389248.0
-581806592.0
-539762240.0
1560157440.0
-1459359872.0
-396950240.0
699562880.0
-137147360.0
-468412000.0
-1185367552.0
488115264.0
-909538112.0
-477623456.0
49943248.0
-1959274752.0
-905203200.0
1730797568.0
-1261158144.0
-1965529088.0
302906432.0
1149422208.0
-307445536.0
-105769112.0
1381219584.0
-1610212992.0
-95787184.0
-1904572928.0
-994845376.0
-1607637376.0
1133007104.0
1328223360.0
2126526720.0
-999331776.0
1012582336.0
853381120.0
623005632.0
-1530722816.0
-921773184.0
-1374440192.0
269908672.0
1533303040.0
-1138497152.0
-530620352.0
1699301248.0
128738456.0
2125578112.0
-154874448.0
469570368.0
-740027072.0
-1459756160.0
-1409097728.0
1260558208.0
-553117696.0
-1259500032.0
-294300160.0
553029184.0
7121834.0
-250068624.0
926005568.0
1430461696.0
864638400.0
-1468143360.0
-1081389312.0
2043411840.0
617121024.0
1790581760.0
1944597376.0
-851751872.0
505013824.0
1165937024.0
-74025952.0
-1764193408.0
1741354496.0
230561504.0
886177472.0
-930434368.0
340342976.0
1087229056.0
-1265920256.0
-1670763776.0
1486490496.0
538626368.0
489389408.0
-378873024.0
-1249511424.0
-1255081856.0
-1133611008.0
-1161341184.0
-1924039424.0
759532352.0
-234484432.0
-1792024320.0
-1478038016.0
1734731008.0
111341352.0
-140763968.0
814863744.0
-1658174464.0
-123772640.0
-1793398016.0
591146176.0
799652992.0
-31205898.0
1854674304.0
-444734592.0
-844328128.0
1553086080.0
1206929152.0
-1661461888.0
-582804096.0
668988608.0
2100746240.0
-307224416.0
1608690048.0
-1543426048.0
-724582016.0
-1108430720.0
1346348416.0
-1689643520.0
-1538728704.0
-788072512.0
-1409164032.0
-1948115072.0
-1085285376.0
-973331584.0
-957953536.0
1535998720.0
696734720.0
1899545216.0
-614934464.0
-276347360.0
-28676976.0
-741719360.0
1261864704.0
-870916160.0
-273715872.0
-1503709056.0
-1891983744.0
1387322880.0
-1574702592.0
-705053568.0
1816610176.0
-804541824.0
-1904827136.0
-1433141888.0
-402666624.0
-1487006592.0
1832045568.0
-1452891648.0
-2063881344.0
-518658496.0
-949270592.0
-882745280.0
222524544.0
1383094272.0
1373619840.0
1752029056.0
-495243776.0
-1307624064.0
1411337472.0
468710624.0
2007594496.0
-963187264.0
1192300928.0
-1589215488.0
747188096.0
-728343232.0
-481780544.0
910480128.0
1199869440.0
-1420494848.0
-412039488.0
-582357120.0
151740304.0
-921979456.0
1059961664.0
42106356.0
1572344448.0
-1607092736.0
1535172224.0
1676256768.0
1850492032.0
-1124172800.0
837943040.0
1715353728.0
434206496.0
1839415296.0
-856907008.0
-1397031680.0
-344781216.0
-1844776064.0
-1860759936.0
-1937094400.0
-877291456.0
1753185024.0
480932224.0
1965455232.0
458441632.0
-1563914880.0
1637434496.0
1557111040.0
632811840.0
-2138144512.0
1253631744.0
676896064.0
-973704768.0
1701767296.0
293518976.0
-2064451712.0
-411344064.0
-2118550528.0
1767746304.0
-146408704.0
-2085339904.0
916536256.0
15128595.0
-1380147456.0
1503982464.0
-1227392000.0
-68243672.0
-676045760.0
-1957655808.0
1867688832.0
-247192720.0
1970266240.0
93658456.0
857147840.0
-1138427008.0
-1732042112.0
-1681930752.0
1771438976.0
51377844.0
-1967487232.0
725614720.0
1724779776.0
-1552944128.0
-2048570368.0
985854592.0
-1896089856.0
-1349620480.0
174049824.0
1230054016.0
-480065696.0
-955134912.0
730734208.0
-215651632.0
-394400096.0
-638172736.0
-1859259264.0
-734814464.0
-1639927936.0
1449888512.0
-1900863872.0
185510688.0
573494848.0
-1463308800.0
1522547712.0
2002320000.0
-1798721408.0
1980581120.0
326578528.0
-1355776128.0
1591309952.0
-1453681280.0
-766494784.0
-1503168128.0
839998912.0
-137770624.0
-548204160.0
-740303232.0
-113973520.0
1241528704.0
-1600025344.0
1908366208.0
-969115328.0
-805281216.0
-209849424.0
-310773216.0
435464192.0
-1406611584.0
-1983060480.0
-2097484672.0
105684984.0
1973143936.0
713103040.0
1997165312.0
-1551393920.0
-1026536768.0
2076770816.0
1611037184.0
-522487232.0
-297907456.0
-992947136.0
-1036291008.0
2109038336.0
-434859744.0
1001526784.0
139369920.0
384763712.0
1428999808.0
1888453632.0
263299968.0
-2108908032.0
2018320768.0
1692662016.0
-2137306112.0
126682760.0
-1299574400.0
955833216.0
301064352.0
1427929856.0
-199661008.0
696183168.0
416097792.0
815431104.0
1427086208.0
762536000.0
-647306432.0
2085131520.0
-843318144.0
523229088.0
-2019210496.0
1958580480.0
1961091840.0
792029248.0
89271648.0
1573844608.0
-455509024.0
1885223680.0
450526944.0
-202093040.0
1560689152.0
-810786944.0
573253056.0
1673035520.0
-1557629824.0
-2130321920.0
-263274208.0
-250657712.0
-985737280.0
-1286815872.0
-1459881984.0
-304276320.0
-1994303744.0
659079296.0
-551207936.0
1043576576.0
1300267008.0
1952597888.0
-901503360.0
-2047728512.0
-1488364544.0
-1257083520.0
514279264.0
1008301824.0
-143690208.0
-1618532480.0
-553361280.0
2134891776.0
1540476288.0
1056022400.0
1311367168.0
-585960896.0
-185865296.0
967462464.0
-1404497024.0
-2066705664.0
1078931200.0
-1600932096.0
47609972.0
-911893504.0
2028597376.0
166167744.0
-1477720960.0
-1083762688.0
384894400.0
-1048843200.0
1297435904.0
-1583187840.0
616189504.0
-881072640.0
1753020928.0
-1765591424.0
-697194880.0
1873821312.0
-1042507264.0
-970703680.0
-356449888.0
770112768.0
-1177660800.0
-214913600.0
736390976.0
714289088.0
1897070336.0
-817011776.0
967274240.0
-1972831872.0
-1931466752.0
-465664832.0
-2139993216.0
-2018831360.0
-196378272.0
2033672320.0
-377180064.0
1542622720.0
-107511968.0
-67037252.0
1275406080.0
2068212864.0
983467712.0
-67301176.0
-614396672.0
1983466624.0
2057166592.0
-1550042240.0
-495428032.0
-275924160.0
-1669436032.0
441018944.0
1205005184.0
252411552.0
19759402.0
1291417088.0
-1617317248.0
-1658902144.0
1020647680.0
1689425920.0
-1558376832.0
383102144.0
739550080.0
-2016382464.0
831344384.0
-2145636736.0
1349897728.0
1184692480.0
-1853191552.0
-2036332.625
1674465792.0
538599808.0
159663184.0
1518568704.0
1267206528.0
1229519616.0
1748469888.0
2146469248.0
1365826432.0
-62490564.0
-239414736.0
880668096.0
1077611136.0
1161180800.0
-1440055424.0
2066263936.0
1992634112.0
-1858799104.0
1433478400.0
974667136.0
1242369536.0
-1449519488.0
311428256.0
-45066212.0
75564848.0
2071653504.0
-1782650240.0
525072160.0
1589792896.0
318276704.0
-1824279296.0
-620221312.0
2027917184.0
1685121792.0
-2091215744.0
-268192320.0
1577595520.0
1482810752.0
1376492672.0
634856064.0
-1824416640.0
1005897472.0
-562791744.0
2106702208.0
927539520.0
172500016.0
-1491903488.0
-369888384.0
2041367424.0
194247488.0
-195163504.0
-1763967744.0
25557004.0
-1775192320.0
1884941184.0
939962624.0
968648000.0
-295994432.0
-90002952.0
996755328.0
-567379008.0
210625824.0
-297766368.0
-64639316.0
-1892155904.0
-766820608.0
925801600.0
-1405566464.0
572483392.0
893536256.0
307123264.0
858030272.0
1051571968.0
2021447296.0
-2093136384.0
1331066368.0
-181689088.0
622009216.0
-1395760512.0
-352037888.0
183154416.0
1017018112.0
-2134356096.0
746725056.0
-1151213184.0
-306484128.0
1970198528.0
-10550946.0
1285993088.0
-1063029376.0
1758886528.0
-1039326528.0
-417097920.0
1775106432.0
-1237740288.0
-1632248320.0
-1253969024.0
1963829888.0
-1214202880.0
948472064.0
601081408.0
947810240.0
-1715062400.0
-1016639552.0
-1522160896.0
-634935040.0
-1345912704.0
-784137664.0
22778760.0
1272426240.0
696700480.0
-699828160.0
110888856.0
1547220096.0
481709152.0
681758464.0
2017286656.0
1875795328.0
56214676.0
-1566359296.0
617383040.0
-2119202816.0
9470261.0
1445064576.0
-48878068.0
-504824544.0
1427214848.0
-797345600.0
1693605888.0
-995007488.0
-257835072.0
-1359810944.0
-657033664.0
1616725504.0
-1531239040.0
1665030272.0
2139772032.0
-1776427264.0
846129664.0
2120490624.0
159273072.0
-1146738432.0
2137209216.0
-1232142592.0
-1216658944.0
-563074560.0
1856966016.0
1920999296.0
481033248.0
-1536628992.0
510395648.0
-1211025920.0
-923404480.0
-438468832.0
-1230108800.0
-226492112.0
220203584.0
237409344.0
-1736507520.0
403153440.0
1301569792.0
487506368.0
940967616.0
-1047047424.0
-1773346560.0
-1807565056.0
1321190272.0
-428126496.0
674244288.0
115040624.0
-1774241536.0
-1874533120.0
260432560.0
517272096.0
-692588032.0
1708416768.0
-1510248192.0
533139872.0
308909152.0
-533220768.0
-927411648.0
-443800704.0
-1110884864.0
668964864.0
-664651072.0
1215147776.0
1779300096.0
491490304.0
101814120.0
362282016.0
6051413.0
-1966601088.0
1113044352.0
-936069120.0
-104341848.0
-765947904.0
326284000.0
2135297920.0
298591904.0
1591730048.0
156914880.0
-1958681216.0
-632267520.0
-180832432.0
-1239728256.0
1085951232.0
1795794816.0
-463582720.0
-1665170048.0
1920668288.0
-1824357376.0
-1425410816.0
-731417728.0
-935736192.0
948322752.0
-1198212864.0
493755360.0
306720704.0
-2068063872.0
-280232704.0
177616080.0
-1354061952.0
-964105344.0
339026176.0
-778027456.0
-446313344.0
518494496.0
1712678272.0
-1276929920.0
-790008448.0
1144970624.0
25275488.0
-1544609280.0
-211718800.0
1959577984.0
-565422976.0
898312704.0
-428808864.0
-575994880.0
-809662976.0
240591472.0
934084608.0
2145997952.0
-2080500864.0
-1488219520.0
264861520.0
-682491264.0
1786422528.0
-1727249024.0
-1124966400.0
37443744.0
1131745536.0
1366732928.0
886557888.0
165743952.0
-2044735488.0
-1237026816.0
105873056.0
267610288.0
-338234784.0
519805536.0
-64478892.0
1540869376.0
197893072.0
1401394176.0
2031410560.0
-720138048.0
-2093484928.0
-1648369152.0
-846394048.0
1512429696.0
407604736.0
2113545472.0
1816034176.0
-1058504832.0
899809280.0
-1912551936.0
-1683555072.0
1917200128.0
1747801472.0
76642184.0
271547776.0
259588256.0
340765664.0
381475712.0
743112000.0
-792270912.0
544160576.0
-961698304.0
-142183824.0
1988260224.0
1547203328.0
1798555904.0
222104608.0
864579008.0
1113371264.0
-1176221184.0
-1806367744.0
-2104067328.0
1709016960.0
479135168.0
-859493248.0
-586252416.0
-1435347840.0
95749112.0
1492136320.0
-1922981632.0
-1760827136.0
145912272.0
158157936.0
-1309433472.0
69121088.0
296097056.0
-137025536.0
-1804533760.0
-1762647552.0
-372327168.0
278607552.0
190210032.0
1580420736.0
1588316928.0
735601216.0
-1612331904.0
-1249325056.0
180276528.0
-1075689856.0
994098048.0
652823744.0
1726651264.0
159446992.0
87838568.0
-1577545472.0
-1058950336.0
-292459296.0
1045006592.0
247725040.0
-520521664.0
-1246527616.0
1058310656.0
-819909504.0
910636992.0
802383872.0
-88702776.0
-624171520.0
-1158529408.0
-142907280.0
-1913045888.0
850943424.0
1931972736.0
98256120.0
668986688.0
-111140448.0
2087912704.0
718633664.0
705703616.0
1914340864.0
-1718381824.0
1115340544.0
-162885328.0
-2033729920.0
1695938816.0
-1934555904.0
-1666587008.0
1654168192.0
-1898798336.0
-1834781056.0
1202402688.0
-595448192.0
-481386240.0
925471488.0
-2026281344.0
-2041376896.0
-81398840.0
1779300352.0
2070274432.0
-1539188992.0
1080408832.0
-726193088.0
1679263872.0
-822165184.0
524098912.0
-1450175232.0
-349991616.0
-717888448.0
-1626223616.0
615537344.0
1637307648.0
-572064448.0
-759685888.0
1295461888.0
-2136396416.0
186192864.0
-72481784.0
1174711168.0
2006336128.0
1455029248.0
2008200576.0
-1707817472.0
-1733829504.0
1125233408.0
-1186854400.0
-1706140160.0
279002816.0
297580736.0
-1953012096.0
37693780.0
-1001117760.0
731154048.0
522466976.0
-1657242880.0
-604830592.0
1853948672.0
-312753728.0
735694656.0
43402808.0
-1317856256.0
-136247440.0
-1979412992.0
-1438630784.0
855716928.0
1571278848.0
596526016.0
979641536.0
1667650944.0
-1710634240.0
-1089661184.0
706306432.0
1029080128.0
207404352.0
-982731392.0
777310080.0
-275599488.0
223404144.0
1040475456.0
241768672.0
52543848.0
-1216619392.0
-1428298368.0
428363968.0
1105689344.0
-1125699840.0
-11363740.0
1725961472.0
-726870592.0
-168972800.0
-1390422912.0
2112767232.0
366345056.0
1282349696.0
-286669248.0
2135208448.0
-1017302912.0
1510614272.0
1037346944.0
1389458176.0
-1213710720.0
-886537728.0
-1016060800.0
-415358496.0
123160480.0
2003075328.0
-511675584.0
144464624.0
-620200320.0
882468672.0
-262132512.0
-1170870528.0
-1453774208.0
1972047488.0
-917184768.0
-1652859904.0
-382790464.0
1819680000.0
-1729542656.0
-1069891520.0
1617686656.0
979576768.0
-1938605952.0
-926524864.0
1371333632.0
1726402560.0
352675776.0
832873280.0
-267988896.0
-148663664.0
469076128.0
732065152.0
703652544.0
-1843408384.0
1670631552.0
-2117378304.0
481875712.0
416912704.0
192785600.0
-314767648.0
-1688941952.0
-78884824.0
-1884281472.0
1885627648.0
-1565945600.0
1423666560.0
-1516219264.0
-514473280.0
-246219600.0
-1530308608.0
548052672.0
74972392.0
-586443968.0
-1370512896.0
-942062016.0
-510097824.0
1666845056.0
-1504219648.0
-1053706240.0
-1583787008.0
70012200.0
-1024000832.0
-1923396096.0
-1151510272.0
-928762624.0
-952830016.0
1046686272.0
694585728.0
1407617664.0
744071680.0
-305966912.0
1095138176.0
-2145182592.0
287906784.0
932415488.0
772164800.0
-1868668672.0
-1810120960.0
1311374592.0
-580080832.0
-633649088.0
472503328.0
-1359675776.0
-490219872.0
1865748608.0
2143195648.0
-1490977664.0
-1159317888.0
478957856.0
-1428164992.0
-63534156.0
750875008.0
-1138175360.0
2606252.25
-1505169536.0
-734029568.0
-1305203840.0
-717905344.0
852753856.0
-421738752.0
-1310219648.0
-1586138368.0
610362112.0
944148864.0
478262400.0
-2010402432.0
455247136.0
1169216512.0
-503994400.0
443975424.0
-827776832.0
168485872.0
1326105216.0
340764800.0
-1705968768.0
1126669056.0
644034176.0
-1916556288.0
-1600182656.0
1915645696.0
442847904.0
-610662400.0
-1293838464.0
1885821056.0
-1063479296.0
-1885633664.0
1739875072.0
-728396928.0
-197080048.0
1846985984.0
-392422240.0
-287818976.0
981261376.0
-411515136.0
-1113877760.0
178402912.0
-1992100864.0
68621048.0
209560368.0
1903140608.0
358317024.0
-1751572352.0
470517216.0
1775462400.0
-2117303936.0
-1916921600.0
1703227008.0
928864960.0
927674368.0
763598400.0
2129050240.0
-1132787584.0
-80704464.0
-1253582464.0
1391695872.0
-1569243264.0
2126843648.0
171915824.0
-781407040.0
1730048896.0
-2038272000.0
771073664.0
-1799950080.0
1455708288.0
1954251648.0
627251712.0
-389166720.0
-983171648.0
941142976.0
1704634496.0
1428005120.0
1880150144.0
-1873520128.0
1738442752.0
1018036352.0
521651136.0
-233858752.0
-1006501056.0
-537865728.0
1417291904.0
-333111520.0
-541790080.0
-1635492096.0
350370112.0
973202816.0
1095004672.0
1544392576.0
1054715200.0
-1890477312.0
995212672.0
-2082950784.0
-1404317824.0
140905984.0
1667131136.0
-1622639744.0
816589888.0
-1100442496.0
1564515968.0
-1303891072.0
1878476672.0
-2055229184.0
-1053389056.0
198489488.0
-442936384.0
-807761344.0
438490432.0
-827417856.0
395743712.0
574211328.0
-1866857344.0
-1889110016.0
1254561280.0
-1253265536.0
1109899776.0
297606496.0
-1880787200.0
-504069632.0
365467072.0
937757120.0
-309597184.0
-1233828224.0
-385127552.0
-988910912.0
914515072.0
-1750606208.0
-1471886080.0
-953469440.0
992301952.0
-1203282688.0
2114025216.0
-1917617408.0
-874524736.0
-999323648.0
1726222208.0
-751234048.0
-1326556544.0
425404928.0
-557487808.0
1580960512.0
1799890048.0
381429824.0
-1833583488.0
-919219200.0
-1827320704.0
1170104704.0
1220129536.0
2038341632.0
1745104256.0
1440045824.0
-1348064768.0
1104620032.0
-1913354240.0
-449063200.0
1770700800.0
76879736.0
-1229287424.0
-1314398080.0
1418040448.0
1650767104.0
-1724294272.0
1940015616.0
1813870976.0
1471401856.0
571236736.0
-1304995968.0
-312039776.0
-453562144.0
468389696.0
-1870187648.0
303845760.0
1628102912.0
352429440.0
479221184.0
-1541214848.0
1565581696.0
699371072.0
1176523904.0
7137390.0
1792237440.0
-121634464.0
-1482906496.0
-1592233600.0
468381088.0
48621104.0
-426793696.0
1127158784.0
-7691648.5
1656197888.0
84519664.0
-848173504.0
1222004608.0
1768010752.0
-808142144.0
-1630362624.0
527331104.0
1632165120.0
-466056736.0
1546530048.0
-542547584.0
-1713265792.0
124259272.0
-606478080.0
902201344.0
1247743616.0
1185680000.0
299703360.0
1509008128.0
799207616.0
-1901987456.0
1343604864.0
1411244416.0
-334528448.0
668353408.0
1638716672.0
-735206784.0
469456544.0
-961767936.0
734187712.0
761720128.0
1278390016.0
334493632.0
1698144000.0
1584854656.0
-61049888.0
502207648.0
2082996608.0
2023918208.0
2098963712.0
2083131776.0
-1623820928.0
-661314944.0
-1932651392.0
-1646113536.0
-994963264.0
-1783439616.0
1570673536.0
-1047069248.0
-495243872.0
-1727542912.0
-954236672.0
481692736.0
777183488.0
1440769408.0
-2057789696.0
-490195008.0
2120615808.0
-1711507840.0
-1369980544.0
1422154624.0
870267264.0
772479168.0
1117995520.0
1115958656.0
-494980544.0
-1488640256.0
1562067200.0
-1417753984.0
-91048536.0
-1004473088.0
230099456.0
1125942272.0
581652544.0
287884160.0
1222735104.0
-1533342976.0
-2130781568.0
-1692651392.0
-2012829824.0
1995792000.0
-322220640.0
1447737984.0
-290477600.0
772701568.0
-231797024.0
1308146432.0
806534400.0
759379328.0
-1778131072.0
384521824.0
-1643463296.0
983428928.0
1214458496.0
-537465728.0
-2117807360.0
1913332864.0
-1238976128.0
222797072.0
702620544.0
1676098816.0
62973660.0
2038036864.0
1435731456.0
630018688.0
1551567616.0
-422984928.0
644947968.0
1141393408.0
27243144.0
1152854272.0
1366397312.0
-442261120.0
-1898054400.0
1742174848.0
596537408.0
393257568.0
-298977568.0
-1523268224.0
1567168512.0
-891392640.0
315511392.0
-485024256.0
-662169152.0
-402243648.0
899011712.0
-1898001920.0
1884902400.0
-771467136.0
1072875648.0
1778612480.0
254560064.0
-1048856768.0
438120256.0
-2048162432.0
1409044992.0
-2018592512.0
881742784.0
-1670355968.0
-972157824.0
711382528.0
772728320.0
-1072578624.0
-169841792.0
1719591808.0
-328177664.0
-393851072.0
-657930560.0
-2116601472.0
765809664.0
1047521024.0
-292025952.0
-485337920.0
1703545728.0
-216028432.0
439967008.0
1122085248.0
922860288.0
479647168.0
38272508.0
-1444536192.0
-1255393024.0
-816688640.0
-970133184.0
945897472.0
266609968.0
2053422592.0
906767872.0
1745080832.0
-66853740.0
1133716608.0
879601920.0
326806752.0
1565242368.0
-1203580416.0
-982781248.0
1384306432.0
-1040155648.0
1558722048.0
623364672.0
928223744.0
224131968.0
1708796160.0
-566393216.0
-1944467968.0
-330129568.0
-1390010112.0
-337182336.0
-1731560320.0
-237415472.0
457459648.0
660226368.0
842968000.0
1722063744.0
451138560.0
697303296.0
-1914436480.0
481505056.0
1152100480.0
1932220032.0
-1259837824.0
-895927872.0
-2111541760.0
912612608.0
809462016.0
-1572148992.0
1967911424.0
-1334599680.0
1950952960.0
2132152832.0
-929637120.0
1213000192.0
1927658624.0
1587603712.0
-346485600.0
-1921871488.0
1714711040.0
1566742272.0
460922272.0
-1169328000.0
2056817792.0
-1788097664.0
-15778567.0
-1774090112.0
-565396352.0
-885981760.0
112861168.0
819047808.0
1749034880.0
-261787792.0
54854276.0
28821244.0
-2004222208.0
-1251818240.0
-1216649984.0
-1612760192.0
-1851940736.0
690628288.0
-1432911616.0
541440128.0
1985720192.0
-1035259712.0
-1124185984.0
-358365824.0
-873556544.0
-514881120.0
-1252894464.0
1267076096.0
-787724800.0
-1490436352.0
-1147070976.0
1454901504.0
-1083402240.0
1273443584.0
-1624402944.0
303338592.0
-878048704.0
-1694102400.0
-538024128.0
1033232320.0
387226240.0
1829712640.0
-1867087744.0
-705147776.0
-370602464.0
1062952832.0
413315168.0
-1740323712.0
-496753088.0
-2065469440.0
-671637696.0
142704320.0
-585365952.0
1258553728.0
-1808600192.0
1375517824.0
570796288.0
-2116796544.0
2001850368.0
503184288.0
1757770112.0
1855700608.0
-1123199104.0
689535168.0
-1186438656.0
-1555684480.0
111667264.0
-832159104.0
1537339520.0
-1852359424.0
1671613952.0
-640754368.0
1253782528.0
636840832.0
-2100759168.0
-161558592.0
-921982080.0
42509992.0
894502912.0
-1122584832.0
-509312800.0
1505923712.0
-1949279104.0
307097696.0
-212486240.0
-1609320192.0
-101371192.0
-685505344.0
-1437799168.0
-509070624.0
-1087208320.0
1068815360.0
1703825024.0
716124352.0
-288798816.0
-2120390912.0
260954400.0
112652624.0
1167936512.0
1204418816.0
104870840.0
1205823488.0
-182647120.0
-275289344.0
322250016.0
1682387072.0
-773632896.0
-852483136.0
1468067840.0
-870191168.0
-219769696.0
995771456.0
-1280593920.0
201936672.0
-840365760.0
-11931482.0
1313441664.0
-1915840256.0
1349307008.0
365106048.0
-1713333632.0
1060728448.0
-438285344.0
-540424192.0
-787828096.0
-1030791424.0
112094984.0
170333296.0
722159616.0
43439712.0
-37265836.0
465273856.0
-2050739200.0
167180576.0
1381312640.0
-1837516160.0
1208830976.0
-1985248640.0
-2067960448.0
1999828736.0
-267278688.0
-369355520.0
1334996224.0
-1877786240.0
932455872.0
1951133056.0
-1926785664.0
-600091648.0
-907447936.0
1076357376.0
-1181143168.0
576638016.0
300625600.0
807322432.0
-423323648.0
1313812480.0
1940181248.0
-797385856.0
-1991438080.0
1976500992.0
-816384960.0
-607013696.0
-1785689216.0
1744995072.0
-313944160.0
1729718272.0
1091508864.0
774207616.0
-1537385600.0
661220032.0
-115146000.0
-548211008.0
-138095280.0
-2144163200.0
2006089216.0
1381749248.0
-588282880.0
653815424.0
-1779298560.0
-417739744.0
14469455.0
-1018704064.0
433059904.0
2037655040.0
971795392.0
2021400704.0
1388712576.0
436471360.0
-717225344.0
857871872.0
559767936.0
2003722240.0
21055248.0
1110732928.0
-507695392.0
-77077112.0
682300608.0
-1270447104.0
-1472634880.0
553904512.0
-626850368.0
-1676205952.0
696763264.0
-1537440000.0
1438189440.0
-619878848.0
-1991449216.0
-1751410176.0
1832910464.0
855308736.0
-305131456.0
778036800.0
1249489024.0
1203177728.0
-904525312.0
-1968900480.0
272553344.0
252586640.0
-1663468416.0
-8898703.0
417879456.0
2138182656.0
-712298368.0
1407305216.0
1639002624.0
-1924122624.0
102656888.0
-930003392.0
-2092473856.0
753148160.0
-1351191040.0
2014823296.0
140361392.0
1029030016.0
-810315328.0
-1180346240.0
454336352.0
-378549344.0
-712840512.0
-119484784.0
-596164736.0
-731860352.0
1774172800.0
-1141143296.0
-1991136384.0
-1267346560.0
-318366912.0
-342083904.0
932490752.0
-1835945472.0
-351840576.0
185406624.0
515859040.0
-166369904.0
132477008.0
1931737344.0
-78104608.0
1618400128.0
1464403712.0
666541888.0
-1144271744.0
1247192192.0
1154457088.0
202731872.0
-1709740544.0
-2104861184.0
444679104.0
228256784.0
-1439292800.0
-506076320.0
-1008728576.0
650455296.0
1838874752.0
486606304.0
-1010827072.0
-1418106496.0
1343497600.0
1448431360.0
-1207874688.0
1220542592.0
2113263488.0
-520024992.0
-1899437056.0
415616416.0
580921920.0
821262848.0
1381337472.0
633037632.0
-1259035520.0
1098953728.0
1716117248.0
-764619584.0
322963968.0
1520193024.0
214316672.0
-555973504.0
-1327936128.0
581125952.0
-1096050816.0
524704800.0
111066264.0
2073094272.0
2131889280.0
598925696.0
1784988032.0
643361856.0
-1123547008.0
-203024784.0
-1813678336.0
2177141.25
249951840.0
-833400128.0
1916036608.0
145218432.0
-373253152.0
-1271413376.0
152648272.0
1137674112.0
-58626132.0
-1141075456.0
-2072134144.0
1905826432.0
2112480128.0
-917351424.0
-782678080.0
-1458624896.0
1499131520.0
-1053694144.0
-1895325312.0
1405001856.0
-612963072.0
-1168785536.0
2069321472.0
1051323328.0
-2110598144.0
1510353408.0
1128369024.0
-1709468800.0
-764382016.0
1963589376.0
308715744.0
963094208.0
1241324416.0
-1017086144.0
1621288192.0
1569773184.0
-596257600.0
1575065088.0
-210269664.0
-1679829632.0
-272753056.0
1066458944.0
-1150217600.0
1887603456.0
-1039323776.0
2072480000.0
-2056256896.0
2053718400.0
342854144.0
1952599808.0
238915488.0
-1234587648.0
2110900096.0
1658609152.0
-1413545600.0
-380852480.0
-823149888.0
-1126625024.0
1907394048.0
-1730833280.0
1559386752.0
556488640.0
-1355372672.0
-194235776.0
539032704.0
1771062784.0
1024386752.0
1343127552.0
1707622528.0
-658455424.0
-889613888.0
476557280.0
1831022208.0
-321802912.0
2106194944.0
374232736.0
1690435200.0
-163250384.0
-716170944.0
1899060480.0
-1031519808.0
393373472.0
-2146060928.0
956581312.0
-1741549056.0
2007178752.0
1375728000.0
41225716.0
-99611304.0
1121048064.0
574539648.0
1369997824.0
-858546432.0
-363863520.0
-979982656.0
1835888256.0
-477775328.0
-1812231296.0
1310465536.0
-1594832768.0
176656000.0
524256640.0
-1213887104.0
1671532288.0
-859504064.0
54946512.0
-1936452992.0
802823744.0
-1132866688.0
1426907136.0
421587584.0
-1948023552.0
-10511134.0
1017903104.0
-521847968.0
837500928.0
-632983232.0
-209321888.0
1298476544.0
1028073600.0
1485481472.0
2061852928.0
1126919168.0
-514992032.0
243433792.0
795940480.0
1033344000.0
1569904384.0
-846933760.0
1845194112.0
-820909504.0
1556601472.0
1031549248.0
-190566208.0
-1877998464.0
180246896.0
2023000960.0
-131927664.0
-1606272384.0
-1748087424.0
1881745536.0
1851935360.0
1432345088.0
1068193920.0
-1206373888.0
-1665522816.0
1813365248.0
-798871424.0
2092428160.0
404973984.0
287216160.0
150877104.0
-1006029376.0
1157913856.0
-1724293504.0
180441280.0
1433975680.0
566844480.0
1901266688.0
-1723345280.0
1926200960.0
1176452864.0
105863536.0
-801624768.0
-393058176.0
-91570408.0
2110881920.0
-1477427840.0
-1474202112.0
-1689366784.0
-1479276032.0
-477406208.0
-498949184.0
-909936512.0
1265667072.0
-1905060992.0
486030336.0
-1174436992.0
-753509184.0
-444427264.0
-980094912.0
1960790272.0
21579302.0
524519392.0
449971840.0
1174349440.0
1624656512.0
1718014592.0
55299600.0
284940800.0
1225883392.0
-1487980288.0
-1772867072.0
1409344640.0
626945280.0
-323029088.0
-1966946304.0
1890685696.0
1026700864.0
-150270752.0
-2090012416.0
76214696.0
-1003227392.0
1389494656.0
-1629280640.0
1999138560.0
494034624.0
-1119281152.0
1188063232.0
-1971758336.0
1070414464.0
1529956480.0
-377945952.0
18070560.0
1405191680.0
-1929674112.0
1700725120.0
-2144807552.0
-1702042880.0
708391808.0
1258286720.0
1922715008.0
-2069335424.0
-42639944.0
-1480567552.0
1234661504.0
118289736.0
944542848.0
-1859844352.0
630327872.0
1570492800.0
-337242688.0
-1430023168.0
-867278016.0
-528884704.0
-429947904.0
1453127424.0
-1242607488.0
760631680.0
-420834752.0
-28036642.0
1962533.5
1182964352.0
-1129385600.0
765172480.0
-338411744.0
1921279104.0
-1799632768.0
-500224096.0
-32142588.0
-327340800.0
-1977241216.0
-305781024.0
724389696.0
1233764352.0
701107712.0
1734839552.0
337083136.0
1956388864.0
-2078777728.0
164092784.0
208572848.0
1810710272.0
858712448.0
-783577792.0
-1379244416.0
-669598656.0
-3327541.75
721353536.0
253281824.0
1321077376.0
2071156736.0
1986636416.0
1843200256.0
-1131441792.0
-814793920.0
-632123456.0
1466642816.0
-380808064.0
1954077312.0
1178623104.0
-49214556.0
-1457837696.0
-336599808.0
-307506208.0
1597764992.0
1542396288.0
496328896.0
-317933568.0
1105518336.0
-1613322496.0
-506582144.0
-415684416.0
-1498802560.0
1000333376.0
-1395053952.0
1428388864.0
-724115776.0
156665936.0
10985168.0
-1635253504.0
2112972032.0
924405056.0
-1730302976.0
1661008384.0
135826736.0
-146995088.0
205584928.0
-786760256.0
-1099877120.0
-1364997760.0
83927400.0
706779264.0
-467457120.0
2074425600.0
185494672.0
1567375104.0
-1267396096.0
-2125738496.0
-1699133952.0
190657936.0
-433673696.0
-311143808.0
-1886047872.0
1744362368.0
-446573600.0
211784656.0
1126615808.0
1849448192.0
878823296.0
-1091687168.0
-1680563584.0
-89721952.0
2091097472.0
1280999808.0
821551744.0
1706782848.0
-145315776.0
376390912.0
605529728.0
-776693184.0
-844070976.0
121222720.0
-173375920.0
1741448448.0
663113920.0
-1814658432.0
1995886720.0
1596346880.0
1232435072.0
1175252992.0
-211849232.0
-824077312.0
-1393029888.0
15748690.0
-36835212.0
-617392704.0
-1469846272.0
-710613760.0
-1070963712.0
1557342080.0
-1278585472.0
-1509724928.0
183611248.0
-597312512.0
1611617792.0
1902901248.0
261902896.0
-964947968.0
394716352.0
1321829504.0
1537799552.0
-42119736.0
-1002492544.0
1546627328.0
72381480.0
-58909204.0
-716212864.0
-1326346368.0
1039399360.0
951829440.0
-1126307584.0
-1843858432.0
-116279824.0
1342172416.0
1560317312.0
902822464.0
1646517760.0
-1632062976.0
-2016722944.0
-1334064000.0
-101731816.0
-566813888.0
-1235821824.0
-349844544.0
-1481347584.0
178379872.0
-277054304.0
-1475976832.0
819185984.0
1384009344.0
-572403712.0
1255123200.0
1856015616.0
314311392.0
-2108730112.0
-994618240.0
-1576026496.0
200201568.0
1422358912.0
905771840.0
-864964672.0
713933632.0
233524640.0
822726848.0
-1689388928.0
-259939104.0
394979616.0
341295648.0
1615924736.0
-1283341056.0
896588992.0
-1728194048.0
-529634496.0
-1124484224.0
1533791104.0
-1320493696.0
1453594240.0
-1939380224.0
-1712340736.0
-590438528.0
-1385790848.0
417052096.0
1070641280.0
146081008.0
171123520.0
184359264.0
529079040.0
-1150098944.0
1409875328.0
711276608.0
1334335232.0
1203998208.0
-217419920.0
1441567360.0
170018992.0
687788224.0
1339195264.0
-2076614784.0
145933232.0
-15129358.0
-194821152.0
-1419763328.0
1085589760.0
1822016384.0
543374464.0
-907383424.0
1739988736.0
336530240.0
2107687808.0
233659168.0
453900320.0
1924925568.0
1619722112.0
-732381568.0
-1724028928.0
1235229184.0
-1774939776.0
-1631499904.0
1664496512.0
1320019712.0
-1393151488.0
182898960.0
1502878464.0
314365120.0
1709782272.0
69108280.0
-2040752256.0
741871488.0
-1140251904.0
-956174848.0
-2106763136.0
1201900544.0
1795185792.0
-1388022784.0
-1219711104.0
-2072561280.0
1073941888.0
-356462144.0
-580438656.0
168639056.0
1380872064.0
-27473974.0
-118373712.0
-1960637696.0
1609598848.0
407767712.0
-1092226048.0
1493915008.0
917121600.0
-2046103040.0
-37642776.0
-1253349376.0
1172257024.0
-1151285504.0
1956276480.0
1954160640.0
1156893056.0
-705563968.0
-973131456.0
1341912448.0
429777504.0
-919866304.0
-1765924736.0
-1642341248.0
1623400576.0
-1969089024.0
490459168.0
-1168377216.0
1603103232.0
629180736.0
-670171968.0
-1152952320.0
-2051551744.0
-1545110272.0
-1614898944.0
1274053376.0
2110220928.0
1688801536.0
338705344.0
169449184.0
-1811458944.0
-1427300352.0
1791245696.0
-517551456.0
-1298816896.0
1993325184.0
-1109619200.0
1684729344.0
11960963.0
9314157.0
-975594816.0
486402784.0
-2134468864.0
1407370240.0
200695072.0
531078304.0
-1539282048.0
-576687488.0
1071275264.0
-1786946688.0
258882896.0
81266888.0
-667373568.0
-993028480.0
561492672.0
785116416.0
-986149184.0
-551316608.0
-1067008448.0
1883608448.0
-1533211136.0
1083875200.0
67202408.0
-289018784.0
2073202432.0
-539926656.0
-1252535040.0
990144320.0
-126022344.0
-1546350336.0
1285025280.0
440598496.0
-1720030848.0
-2078702336.0
1915906944.0
-1817634048.0
1800895360.0
671291648.0
-1821289856.0
126065080.0
-30265452.0
978871680.0
2107323648.0
-732960512.0
698814272.0
1264471680.0
1849555840.0
709798208.0
1524570880.0
-511437920.0
806198336.0
-889785600.0
607885120.0
928989632.0
904940288.0
-1143949184.0
-1046155136.0
-750530880.0
1480465536.0
2073676032.0
650512064.0
830380672.0
-1456934784.0
-120435648.0
745159168.0
1470670976.0
-569252416.0
1132963712.0
1010470912.0
1729578240.0
-570383616.0
362597920.0
-2113834752.0
13985634.0
-1005142464.0
-1793968384.0
-2025800576.0
-704558976.0
1533933184.0
545550464.0
938532928.0
-1030541184.0
-481261760.0
-105218280.0
1109478528.0
793291264.0
408610208.0
1713656832.0
-1854681472.0
1192831360.0
-363385248.0
-402588384.0
-1412695680.0
-722416768.0
1259748608.0
-774925504.0
-220707424.0
952667392.0
1437656448.0
-1510781440.0
1872638976.0
-635086144.0
2062577152.0
-312347040.0
-625918016.0
792262592.0
-203362976.0
-286347424.0
-1080593536.0
-1917282560.0
951228416.0
1855631104.0
225495920.0
-934341952.0
-2040579200.0
1504702976.0
181864768.0
316135808.0
-1930232832.0
-2005455360.0
1713289984.0
-513416224.0
2133345664.0
-1707751808.0
-100485528.0
-1622758016.0
1123773696.0
-1821386624.0
-2094258048.0
-45305280.0
-517271968.0
-126474424.0
-945173312.0
16355714.0
1801099008.0
1476876928.0
-1453152512.0
655972992.0
-93744320.0
-1268764544.0
-753199104.0
1597510016.0
-584519424.0
-1290867456.0
370177984.0
-1879901312.0
-1251983104.0
1272427264.0
1967880960.0
-1234973312.0
2058749184.0
-1809735680.0
-1098001536.0
526965920.0
182026080.0
1822003584.0
595706112.0
1963318144.0
972710336.0
1977133952.0
1444186240.0
1872850944.0
1250906496.0
81683832.0
-1018445120.0
895847488.0
-669681024.0
1348086400.0
79865920.0
266617712.0
213703344.0
-537001664.0
710420544.0
-1260233728.0
-307904768.0
-1466105728.0
984307008.0
-493174464.0
810600832.0
1874583168.0
-1096332288.0
-1412669696.0
535722880.0
648003200.0
-967981120.0
924370304.0
-1509740032.0
-709829184.0
197067424.0
1288877824.0
-1968167808.0
-2045298560.0
276636064.0
1455158272.0
2076012288.0
-1709796736.0
-559136000.0
-400072704.0
799200384.0
1297778432.0
234290896.0
-1377165440.0
553179264.0
-406871904.0
-1638046592.0
1602034432.0
1372189312.0
925484224.0
-2138133376.0
1455003392.0
-1378315136.0
-1600745728.0
1453390592.0
-1472141312.0
2062387072.0
1530853120.0
-2054244864.0
966353728.0
-1364013952.0
1138875008.0
-1155529472.0
643140736.0
651932288.0
218149424.0
-1197787520.0
-412958880.0
-1244142080.0
-2036494592.0
416274240.0
956082624.0
237772992.0
1883654912.0
-1235675648.0
-524009536.0
-463604704.0
-1834193664.0
-1881061504.0
797729856.0
723794048.0
924223104.0
-503658528.0
1985368448.0
298018080.0
535584768.0
988097856.0
494471296.0
828359360.0
419300864.0
-323921568.0
605824704.0
-1638063104.0
1774131456.0
-686239232.0
290335776.0
817956096.0
921281792.0
486606176.0
625568128.0
-204438928.0
22719736.0
-1937129344.0
-2136464384.0
885937024.0
239137296.0
-622532288.0
1383859840.0
-318833632.0
1690849280.0
-235910960.0
1040552768.0
988986496.0
-1006859712.0
-1997391104.0
-1629435648.0
2087121536.0
1896376576.0
-2110602624.0
1592716288.0
-1798451968.0
344942016.0
806259712.0
-1550850688.0
638296512.0
148141632.0
-919393728.0
-1257249792.0
873433792.0
-763824960.0
-623973504.0
-2077367168.0
-1376396928.0
1677175296.0
1435774592.0
-1274696704.0
-977628096.0
179584432.0
1907701888.0
-129055384.0
-949749824.0
-962177600.0
1581926784.0
-410835200.0
1924839296.0
1350274816.0
-2062953216.0
1490154368.0
1165961088.0
1914370944.0
-1711222400.0
-1890572544.0
-1855308416.0
1747815424.0
977671872.0
1435771776.0
-1440297472.0
-1908224896.0
-1084675072.0
-1404435584.0
223017072.0
946921280.0
-1722327424.0
1742198528.0
1088355712.0
1681298816.0
-1736160000.0
-377636000.0
-1421938816.0
-309458784.0
-1394784896.0
-26021616.0
1589412096.0
1098133888.0
2045704448.0
-2046585984.0
729138176.0
1234032256.0
-63527292.0
-197287584.0
1158782208.0
-1295651968.0
2011849344.0
249928144.0
-580492864.0
475996960.0
271368640.0
1463497728.0
-1908613504.0
-621527040.0
555825472.0
1724368640.0
-1017430400.0
-1231943680.0
734973120.0
-1711319296.0
-1797295616.0
-1716832256.0
-2048178944.0
767391936.0
-438231616.0
528195584.0
82693776.0
1429873536.0
1481497600.0
1496876032.0
1082530816.0
878856128.0
-591374784.0
1404930688.0
-2061241088.0
-1779389952.0
-244282192.0
-2026444160.0
142059152.0
1594096384.0
-1510318080.0
188986832.0
2008910976.0
-1233656704.0
-137690704.0
2026443520.0
502260704.0
1651266048.0
1994806528.0
1616595584.0
165890608.0
764465152.0
1373850368.0
-762013056.0
1222343552.0
-626616960.0
551377792.0
160360688.0
-766337600.0
1775663104.0
-1884100096.0
-834053888.0
-1613223296.0
268993472.0
-2062594304.0
430685120.0
-359271072.0
892590272.0
1796219648.0
900462272.0
1039544448.0
307419840.0
-1034331648.0
-1308508544.0
-2040629120.0
-1017990592.0
-139540000.0
-508304928.0
1912623360.0
502981504.0
2077431168.0
-1547725184.0
534141728.0
-2133668736.0
429233440.0
-1440784000.0
-1234022400.0
2093061376.0
1453578112.0
-764280768.0
1175636864.0
913034176.0
-2039353856.0
-14661041.0
-728041472.0
-888012800.0
1467767424.0
1164463232.0
577203456.0
-1215064576.0
-691023488.0
-1352535168.0
-1231806208.0
883973504.0
-996604352.0
799820544.0
-1204825600.0
-1334428288.0
-1593163264.0
-1104436992.0
-403285248.0
-1072865024.0
2071343360.0
1584850176.0
-2023401728.0
-1951408768.0
693103616.0
-1211920256.0
-552105024.0
320454496.0
-1045520448.0
-1850216832.0
-947492800.0
-297526400.0
1450415488.0
1442259072.0
1599040000.0
166863392.0
-112567784.0
-255660912.0
1796119808.0
1170244992.0
-1529718784.0
-1489978368.0
-1555724288.0
360652192.0
1192280192.0
-559391104.0
875658624.0
-970354752.0
-997854912.0
1797395584.0
-614699456.0
524506624.0
1122758272.0
329611488.0
1030154688.0
-419493856.0
1990901504.0
-303112192.0
-1133052288.0
-2106818944.0
1459614336.0
-1554069376.0
-862849024.0
1377266432.0
476074944.0
2049642880.0
-184329504.0
-1827890816.0
-1379169920.0
62074316.0
723153664.0
-1699010688.0
1445331584.0
988818432.0
888248448.0
1988699520.0
1716701312.0
758271168.0
1943194752.0
-826258624.0
-1677579776.0
183755728.0
1410523776.0
-1686151552.0
1971535360.0
-1470327296.0
650525184.0
-1084110336.0
578221440.0
669789120.0
1483741696.0
1910566912.0
1108569472.0
-1784789504.0
1239724928.0
-453939648.0
-1600253312.0
497560960.0
-119052152.0
-2093440384.0
-105306168.0
54004468.0
837892544.0
98315272.0
-1825164928.0
130193768.0
-1364767104.0
1202142720.0
4781554.5
487246848.0
568239168.0
-195550464.0
1003347456.0
-2132563328.0
809463936.0
1716459392.0
815382016.0
-2065575808.0
-283868032.0
1097237376.0
646869312.0
-566716224.0
944720192.0
1685806592.0
-1407163520.0
-1617439488.0
-1211465216.0
-2006932352.0
1600880896.0
-2083564672.0
2016441472.0
1057243840.0
118737648.0
-1861097216.0
-666526784.0
-2082526208.0
-1901751040.0
-829020032.0
-2066184192.0
984825984.0
-565517888.0
-1888487936.0
-436734784.0
-1362821888.0
-2072642688.0
1268145792.0
-1182577024.0
804420352.0
1694338816.0
2110767488.0
-1101873536.0
457358976.0
-269740768.0
1401797248.0
-15708314.0
1790443776.0
-216408336.0
1170179072.0
976186176.0
-173158944.0
341529504.0
734761024.0
794209920.0
-266895248.0
610545472.0
-830968512.0
923122240.0
-1554239616.0
-177175984.0
2040007936.0
-250520112.0
708553280.0
1032618432.0
-1817827072.0
2109283072.0
-1637441664.0
-1130480512.0
1562961024.0
-2113050240.0
1617860224.0
-1455792000.0
-1371276032.0
-962439360.0
308039200.0
-699728960.0
45141856.0
1507272448.0
1842612864.0
-923464000.0
-701070336.0
-2145344768.0
-1802761984.0
1236703744.0
2055148800.0
-1040682240.0
-1074035968.0
1862516096.0
1479686272.0
-562375360.0
-132745312.0
1332037632.0
253432256.0
2036870016.0
-1656205184.0
1649058560.0
-653504896.0
479171616.0
1057141888.0
828902848.0
1618459392.0
-356482816.0
396133120.0
-807927552.0
-148176384.0
-552013760.0
-2005365632.0
527700512.0
-164074272.0
1311132928.0
-1574355584.0
-455289664.0
1403656448.0
1899404672.0
1517054976.0
1624178432.0
1027432128.0
1208134400.0
-955184896.0
-1810094592.0
-1142742656.0
-1071367616.0
-897718656.0
-163548928.0
1140238080.0
-1774139904.0
-1310581248.0
1246198784.0
1806893696.0
1623382912.0
-1898259968.0
504307968.0
674542272.0
-447615680.0
2076789504.0
-296386400.0
892891392.0
-189483040.0
108992952.0
571359936.0
-1013629248.0
371960896.0
-1655469696.0
-1989810688.0
1348880000.0
-986191552.0
-1175434368.0
-1838217856.0
-2034422912.0
598641600.0
204668304.0
-255647808.0
1827808128.0
309270464.0
599148160.0
-1722611456.0
-2142446720.0
-214911696.0
-262883744.0
-298924256.0
1185230720.0
535778816.0
-264845680.0
1592065536.0
-256444208.0
-2083893120.0
132494040.0
-1399462912.0
611514880.0
1009699840.0
1127614080.0
-265023696.0
-91909856.0
1928086528.0
-329663040.0
1926051328.0
-1789947648.0
-1661623296.0
171471184.0
1191363840.0
-1174335616.0
-1518673792.0
-1292472320.0
1924655744.0
-1011738368.0
-1109181568.0
-1529351552.0
-2125832320.0
-2133422208.0
931694784.0
-1491783680.0
2012567424.0
1704789376.0
1875186944.0
-1268413440.0
329067584.0
189796192.0
-1343572352.0
1280947072.0
-1036683584.0
-1914391040.0
1458168704.0
-223980656.0
2073596672.0
1486431232.0
-1085399040.0
422561984.0
-850274752.0
-415461920.0
-926784384.0
-737946240.0
-1770708864.0
251185984.0
26407182.0
-694665088.0
-1398166528.0
1175830656.0
-1256054912.0
2079182720.0
1482572800.0
-1880150016.0
-1983058176.0
804596800.0
348314976.0
-795958272.0
1410973696.0
-1065997760.0
2056541696.0
531409312.0
-694242176.0
-1148646528.0
950140288.0
1915762560.0
1010018432.0
257652672.0
575050880.0
1029992064.0
-1668660224.0
-1991884160.0
-107322712.0
231860032.0
-263122256.0
1387365888.0
-299124000.0
-1622986240.0
-94791688.0
-935829184.0
-1489573760.0
-431243328.0
-273650688.0
1862599808.0
-1849725312.0
728286336.0
1039147968.0
1924770048.0
-2090044928.0
54298392.0
-925800640.0
-66928276.0
832047680.0
687375424.0
772885376.0
1120886912.0
1211093632.0
-1608073088.0
1237863424.0
-733589824.0
944861248.0
-124951544.0
-1288809472.0
-186677824.0
996463424.0
-1228803712.0
1350383488.0
-1661680000.0
-505786720.0
895479424.0
1777537024.0
994615104.0
176849696.0
-949135232.0
1602994688.0
1749610752.0
1238738432.0
-2076097792.0
-619105152.0
1124911872.0
-1973581440.0
1706464640.0
-940418816.0
-629717248.0
643235776.0
-2122095104.0
-897531008.0
995359680.0
-708581440.0
1790065024.0
-648067712.0
-499711680.0
760260160.0
2057177344.0
2053044480.0
-1563294336.0
1522837504.0
-220041792.0
1149014144.0
-64622504.0
886770624.0
-1880104576.0
1618154240.0
149463072.0
-652273280.0
1847072896.0
-147080560.0
-115377728.0
-1348983168.0
2057229568.0
1161650944.0
-2105558784.0
1467777920.0
-1158347648.0
-983345600.0
-1375666944.0
316418528.0
1436074496.0
-2096898048.0
-155223376.0
897667264.0
1527795200.0
922748544.0
2105223296.0
-712458112.0
1888715008.0
2046196480.0
-1588034048.0
170476048.0
-944931008.0
1365213824.0
1298904960.0
702782144.0
1338171904.0
1812246016.0
1203499648.0
-1953980672.0
239790080.0
283163008.0
-296614912.0
-844472512.0
-1680745088.0
490442048.0
-484641792.0
-2066111872.0
-899975104.0
834862656.0
-1348747904.0
1138464512.0
264785504.0
645155456.0
-1635851136.0
1058476672.0
-1806244736.0
-122693248.0
1677067776.0
1155627904.0
1115056896.0
-1492102272.0
1914709632.0
-2135772288.0
1289871232.0
1081493120.0
1342649216.0
-693748160.0
886429824.0
1864471552.0
-1455362048.0
-866008576.0
838893440.0
-29790712.0
1734155136.0
825859840.0
1707922432.0
-1961599232.0
-2130331136.0
-526246464.0
-279871840.0
663039936.0
476122272.0
1561505024.0
-1049592768.0
308559744.0
-1260329856.0
1907449856.0
-820693760.0
-1363316224.0
539858368.0
1756927360.0
2122492288.0
2072691712.0
-1394209152.0
-1959168128.0
-876106432.0
300405376.0
-497373568.0
1095571584.0
2095337472.0
628357248.0
221455184.0
1518062336.0
-1040222336.0
1773872000.0
-1412439808.0
456889024.0
1041159040.0
1809235840.0
1065977088.0
1407264384.0
946721856.0
-832712512.0
282719904.0
-131648232.0
-708799552.0
1991088000.0
-1438909568.0
-669302592.0
-1519561728.0
-117326760.0
449051872.0
-40611104.0
-1544091392.0
1555912064.0
137497248.0
1357046528.0
161620368.0
352257952.0
1710082432.0
1015363776.0
-250663504.0
-680073536.0
-381569056.0
-286621856.0
-1206670976.0
1545616000.0
607470656.0
1841863936.0
-1995007360.0
1599672704.0
1321408512.0
-818979840.0
-641033472.0
-499100064.0
1484077440.0
287663552.0
355591872.0
1407631616.0
528159680.0
-1827215232.0
-85534216.0
409405760.0
-1828558464.0
657806528.0
394482944.0
1657162752.0
-2021868544.0
372572768.0
-1395086592.0
1867858560.0
102059552.0
-2103947776.0
233263232.0
-1853201664.0
-1187874432.0
334010592.0
1688334976.0
-1829126016.0
1112790400.0
1657106560.0
539018048.0
916382784.0
-1062409792.0
1516414464.0
1652856064.0
-1879587072.0
2121725440.0
-307778432.0
748246656.0
-1962788096.0
1252152192.0
-304380832.0
-709519168.0
-1072529792.0
1933905280.0
1864484864.0
984799936.0
1959496960.0
-311322144.0
1162214400.0
-312484128.0
700878208.0
962245120.0
-882391232.0
1980590464.0
1657052800.0
-779333440.0
687194432.0
-421519264.0
1340613632.0
1056979008.0
1462953856.0
-2029833472.0
1045810688.0
1183500288.0
-1829938304.0
-262039504.0
395902400.0
376118240.0
-591404288.0
-1028248384.0
2111120896.0
1708797312.0
1072857216.0
-1274462080.0
871663936.0
976920704.0
-2028902272.0
1845689216.0
-1412163072.0
-75590648.0
1786774528.0
-982195712.0
65517344.0
758262208.0
611674240.0
-316791232.0
1005572928.0
-487708480.0
-2008284928.0
1094276608.0
981850752.0
-1395923968.0
233698240.0
-1922560640.0
870593600.0
-1669756928.0
1483997184.0
-1109065600.0
-1963561856.0
-948240128.0
461333760.0
2014896768.0
-1224754176.0
1074228608.0
-1289006336.0
787090240.0
590936640.0
1475708928.0
-1062166976.0
-1338879744.0
19117588.0
492585312.0
43093260.0
-1229290240.0
624706432.0
25046158.0
-649843968.0
545004096.0
1090239744.0
1891580032.0
-1070196096.0
-1921439104.0
-1204252416.0
1734483712.0
-830881920.0
338976288.0
-781985088.0
-2091778176.0
635126720.0
984885376.0
1949926016.0
-1205797120.0
-676168896.0
1417096832.0
1341432832.0
614840256.0
1841483136.0
-1428445568.0
-1627998976.0
1234865536.0
275749920.0
175510128.0
-1111727360.0
-87807080.0
-1826480512.0
-2113705856.0
-177567328.0
1958171520.0
262320544.0
-549038976.0
-1193851264.0
-1933269120.0
1114011520.0
968119552.0
1568140544.0
1345117440.0
1744120448.0
1184975360.0
-1346894464.0
-70376672.0
-1138874368.0
221628128.0
141267472.0
1985871744.0
1361711488.0
757672064.0
1319202944.0
-230826224.0
123510728.0
2112748288.0
-2054265344.0
2034301696.0
-791883392.0
-1626424448.0
-1555422336.0
-1917533568.0
-502203840.0
-1574862336.0
1705862912.0
1558586624.0
1564817280.0
-1985368320.0
1836127104.0
301507744.0
-1981522176.0
-1176798592.0
-1871940864.0
1419479296.0
1346283776.0
-1533360512.0
-931202752.0
782848192.0
235286912.0
-1841300736.0
320615232.0
1424020224.0
-1340365952.0
-1218798080.0
1857352064.0
-1681387776.0
-709935936.0
30241492.0
-612752448.0
-1337118208.0
-1137533568.0
1573101696.0
953383552.0
674682816.0
466572576.0
-1224929408.0
2143810432.0
-248924016.0
1397930112.0
-1316638336.0
1038225792.0
-2003650688.0
351856608.0
1387147904.0
75342880.0
-1171085696.0
-701964800.0
-1297611904.0
1874382336.0
488259040.0
302321664.0
-220660272.0
-1166425088.0
1294826240.0
-1449509632.0
470058528.0
-1223170176.0
715259840.0
-1146862336.0
312257600.0
1302599424.0
1625338496.0
-1114240128.0
621533632.0
-2016225920.0
-981285696.0
-602447168.0
-278546080.0
489635744.0
-223398752.0
1073232640.0
-1986317056.0
-298776992.0
-1316925952.0
1796452352.0
113449512.0
-1073945984.0
-633515712.0
615074880.0
-722429952.0
1453557504.0
429342528.0
622865088.0
-1260996608.0
1988249856.0
826038912.0
354030688.0
-1850763136.0
-1768835840.0
1361554816.0
113396504.0
-816981952.0
-259460144.0
1984718464.0
1347548416.0
175393152.0
1276317312.0
1320609024.0
-2119688064.0
-2109634944.0
-1419561856.0
-1017538496.0
622368896.0
-492813408.0
-2010111616.0
-895362496.0
-1835870848.0
-2123707392.0
-321126784.0
122606576.0
-328440480.0
-1236217344.0
-65170800.0
-594301184.0
-128063320.0
847033088.0
298141792.0
252022352.0
1051271296.0
-2018430464.0
-1286643200.0
770884352.0
-1609580544.0
-1466198016.0
-1094391808.0
-1075650304.0
-275716064.0
-819837888.0
-1897672192.0
246009824.0
-1550908416.0
1958632064.0
1279181824.0
-1538135552.0
182417728.0
1092409728.0
-1754070272.0
1902795520.0
-489540704.0
869232064.0
-1981989504.0
-69283600.0
-1677581184.0
1281534464.0
-1267382912.0
-1772523648.0
803794176.0
-277777440.0
-1572909696.0
-1241282432.0
-1027943232.0
1764731648.0
2057951488.0
-639067712.0
1962566912.0
1366694016.0
1833366272.0
1997070464.0
1810249600.0
789628416.0
335964000.0
-1509774592.0
1010953920.0
1181082496.0
-540064128.0
-2105816576.0
-1518077184.0
1975294592.0
501847200.0
606531136.0
-1728082304.0
-190781792.0
-1201351808.0
878784192.0
-1334540160.0
-1770532352.0
-1434336000.0
1677694080.0
-809058048.0
-843616320.0
-527041312.0
911945344.0
147848320.0
556310528.0
-552426176.0
986741504.0
865367936.0
-1787208832.0
72799744.0
1140180352.0
1671690368.0
50034768.0
-1704677888.0
-932272192.0
1156812288.0
-2008618880.0
1619753728.0
-767311232.0
1944739200.0
-1973274624.0
358017568.0
-595157056.0
-1523237760.0
-1458194560.0
-251106864.0
-939540672.0
-1078411904.0
-1504569088.0
824897856.0
-1102908032.0
-1383215872.0
-306949824.0
624243712.0
-413081440.0
-139964992.0
1596322176.0
-616557312.0
-1976936576.0
-1043193728.0
285618016.0
-1124144896.0
626352064.0
-1129966336.0
-1499293696.0
-1855323136.0
-1116687104.0
218457680.0
146074336.0
918714624.0
419089152.0
525473920.0
350553696.0
1921347200.0
-1134578560.0
-670028288.0
4172275.0
-1645934464.0
-418617792.0
819332608.0
1991088512.0
1708131072.0
1886103552.0
-1387285248.0
1835097216.0
1806088704.0
1963394816.0
457332896.0
434063232.0
296354976.0
1397734400.0
-384323968.0
635384512.0
-350434496.0
-194070240.0
917855808.0
-1197427456.0
-1996090240.0
1118169856.0
-1231574656.0
1048244992.0
969189632.0
79790240.0
378440736.0
2007526016.0
54647972.0
-1412812032.0
1627090176.0
-316344640.0
-1304305280.0
1781834624.0
-114621136.0
-1043900224.0
-540289600.0
478154784.0
1072078400.0
1299711872.0
1532955264.0
-1176097664.0
171457936.0
559081408.0
585569984.0
-839712512.0
413552256.0
-407250816.0
-1170506752.0
1548129920.0
1714682752.0
-1737985792.0
-543199936.0
-777295232.0
-1633002240.0
409418208.0
-533757312.0
-772531712.0
-1633091712.0
1609292672.0
1824566016.0
336052288.0
428216544.0
415070816.0
-1985820416.0
-1250529920.0
834080064.0
-2070375552.0
1249950720.0
2005023872.0
521320704.0
-1240514048.0
1721178880.0
544241152.0
1632887168.0
-1310723584.0
526952576.0
-659554816.0
-297280736.0
-702315840.0
-1867053056.0
501221920.0
-1427005440.0
1054463616.0
691248256.0
-557549248.0
1150555392.0
-1589156608.0
-1533042560.0
810041600.0
1056086784.0
1809888128.0
1553891200.0
8672937.0
1039442944.0
595381696.0
1743631488.0
-622155328.0
-1212929920.0
-3873784.25
-1429304192.0
-66769888.0
-14450494.0
2145223936.0
-1678402048.0
1918838272.0
1275304704.0
1345939456.0
-1996208640.0
-409655616.0
-1602318080.0
579707392.0
1161250048.0
-113316096.0
-1026606912.0
1861186688.0
993539904.0
898543040.0
16605897.0
-834884224.0
-1484648192.0
-75649144.0
-2004602752.0
-563600000.0
-1298622208.0
698806912.0
1205090944.0
-968052416.0
-1133694592.0
-1906286336.0
-225944496.0
122849920.0
56469604.0
1138359424.0
1690225792.0
1795880192.0
389190944.0
385083712.0
1564483584.0
1813501952.0
1503938816.0
-1070220800.0
42676884.0
-8821274.0
-201109920.0
-1519686912.0
-291929920.0
-1842260608.0
-612827904.0
983103936.0
-294914080.0
-1475835136.0
-1792412416.0
2122667648.0
-579593024.0
-235348384.0
1043865280.0
-1966299648.0
-372590624.0
-2021590272.0
-550868544.0
-300960608.0
-653517760.0
-1225953408.0
97906528.0
-1531392000.0
1364348160.0
1495780096.0
1773435520.0
-1618426112.0
1657837568.0
-812448896.0
-2008592768.0
-1500381952.0
625552576.0
197316288.0
575935488.0
-413780384.0
669846272.0
854062912.0
2105310208.0
-1555983104.0
-1409293568.0
1487648768.0
-732685824.0
1781927296.0
1133983616.0
1125747968.0
93445512.0
1851722880.0
-2048165376.0
521574912.0
326582656.0
198740480.0
1093779968.0
416582176.0
-1962836352.0
-1906489472.0
-1277621248.0
-63742212.0
-1975918720.0
169458128.0
1818525312.0
-2072531968.0
1109077248.0
-1036217344.0
-1392724992.0
-1427448192.0
1806819584.0
1429070592.0
-1517443712.0
-1578926336.0
-880300224.0
222488368.0
283476128.0
-305719616.0
600120832.0
-297215872.0
1139198208.0
-1285177600.0
-812439744.0
-1917706752.0
-1837623808.0
-858404160.0
613191872.0
39273704.0
466052896.0
871230080.0
80357464.0
235258272.0
301055136.0
-511213920.0
-1318299392.0
1273284608.0
1207275776.0
-926130880.0
-2114574592.0
911664640.0
-1121214592.0
1921726336.0
12948590.0
1825120256.0
-689659200.0
108252928.0
2037425664.0
-389510112.0
1497277952.0
-751534784.0
1541801472.0
648607296.0
-216047808.0
-1514254976.0
-454398880.0
1758034944.0
-2085979264.0
-837099008.0
-827048704.0
-764559680.0
-451966816.0
-1480830720.0
2028276224.0
-1093735680.0
1673318144.0
-1841039232.0
-271350656.0
1475650560.0
-1905332736.0
-1810817408.0
875709696.0
986303104.0
51312192.0
194041216.0
-1585639040.0
1680896896.0
-317728384.0
1909613056.0
808741184.0
1806676992.0
644395584.0
404419424.0
-1507412608.0
1916273024.0
-1537831808.0
-1229945344.0
679292416.0
-263765920.0
-1907235712.0
-1455866496.0
1918365568.0
485017408.0
-1084103808.0
-340223712.0
1665349376.0
361465568.0
1710293888.0
-2046936448.0
-1381874176.0
2012265984.0
1171832576.0
479896064.0
17232238.0
1570890368.0
1556716672.0
-1115751168.0
938360768.0
1823331712.0
336095840.0
-860189120.0
-1929016064.0
1151647104.0
-1340691456.0
737921600.0
208309168.0
1784792064.0
-1711125632.0
592194752.0
712039552.0
1212531840.0
238071664.0
-267242416.0
-1587421184.0
-252740736.0
-1068893696.0
-140268336.0
1833472256.0
223063488.0
-2050581504.0
1844739840.0
1590314624.0
-206267968.0
-1558320128.0
-1293917952.0
-1730339712.0
-163582160.0
1304526336.0
-492128768.0
121851064.0
617732288.0
1784324992.0
527215680.0
623178624.0
-1485752448.0
1214179584.0
231378896.0
1662616832.0
776777920.0
-511199104.0
1680281728.0
1144370048.0
-2128405760.0
-860152192.0
2008581120.0
402458176.0
-1696456192.0
412868352.0
-1103256192.0
-65738296.0
678552000.0
197380784.0
-1792186496.0
215594032.0
-1738385280.0
1762033280.0
716540736.0
-1545717376.0
1495331328.0
-1500055680.0
-815688512.0
-724548544.0
183362352.0
-100993736.0
738959680.0
-609928192.0
1350347648.0
-1512985216.0
1170601600.0
-1668629888.0
-575914816.0
-1399481216.0
-1563481600.0
1984459008.0
1198495360.0
-109921752.0
-1073514624.0
-1136683008.0
-609237056.0
500674944.0
1426609280.0
1394371456.0
-1609585280.0
1624749056.0
1930310144.0
-275921344.0
-1330322944.0
1932946304.0
1725032192.0
112645880.0
-374671776.0
-2141922560.0
1961962880.0
1764745344.0
-302994240.0
592060480.0
-1171992832.0
2005877504.0
154585040.0
2032075136.0
-485615456.0
1653480832.0
678275840.0
308532672.0
76072104.0
1270040704.0
91814696.0
-218501328.0
1759545472.0
757406848.0
-1366877696.0
1361194368.0
-1333644800.0
880356800.0
-2087686784.0
-773952128.0
876634944.0
876205248.0
734747520.0
-28580512.0
337524096.0
-1925743872.0
-1425473792.0
387815904.0
-1998199808.0
2001619328.0
1836691840.0
-1868134784.0
725981120.0
-1726067584.0
-1925520768.0
-1186083584.0
-1393192192.0
1008743552.0
1207799552.0
362565504.0
1886761856.0
1969457152.0
1563214848.0
1737211264.0
857933376.0
-1309414784.0
-885712768.0
-1571249152.0
265926640.0
-1343716864.0
-679668800.0
641616448.0
1349069824.0
-501045152.0
1424779648.0
-1078120320.0
-1427518208.0
-192254448.0
16984470.0
1307194240.0
1894506752.0
441122240.0
-181694512.0
2108706560.0
1170518272.0
1217350016.0
-1646215936.0
-235954320.0
-1629088000.0
-1809432064.0
-1253178112.0
846356544.0
751793792.0
747937600.0
2018454528.0
1749729664.0
-2114646784.0
-537733760.0
-1202479104.0
-1287570048.0
-1247676160.0
1832104448.0
1335158400.0
467781280.0
1832176768.0
1109080960.0
851976832.0
-1895601408.0
-1692907136.0
-744571968.0
-1901556224.0
-263164784.0
-1798596992.0
-2089664128.0
1889121280.0
-1489156608.0
893979712.0
-1465109248.0
-1153817088.0
470812800.0
-2006705152.0
1611875456.0
1280223360.0
226045840.0
-1210912384.0
-279640704.0
-539875072.0
452594080.0
-1820493824.0
-1681327872.0
-345761312.0
-2107606400.0
2080660352.0
-2131080192.0
1976541056.0
649160640.0
-1784202752.0
-309373344.0
6114849.0
1167647872.0
-1283849856.0
-344636832.0
327835776.0
1017543552.0
-1401628672.0
-2001437056.0
-713792640.0
-1565915776.0
-1947677312.0
-882606080.0
2108443776.0
-946551872.0
-1073129344.0
1233241984.0
-1664312448.0
-228995312.0
1944629248.0
742926464.0
2067376384.0
813916224.0
399895904.0
-2033414144.0
239558832.0
-816018304.0
-2144598272.0
-992476096.0
-176879280.0
-1384988288.0
2055854464.0
43802140.0
1757551616.0
967431296.0
-934554368.0
504402464.0
-1319773952.0
-753098944.0
1212453760.0
-894114816.0
1045644096.0
-1206020224.0
185020624.0
-227975248.0
109773752.0
1831106944.0
-1379867392.0
-1122309376.0
879627776.0
-1365421184.0
-1780923776.0
1486269568.0
-1410423552.0
-1314685440.0
1440063360.0
483825344.0
-419499680.0
-1636844032.0
-607874112.0
1989501952.0
1268311296.0
-549498624.0
1160811904.0
1775994368.0
400559392.0
-1385074048.0
1193710592.0
-1197114112.0
1473134464.0
-641640576.0
1500581888.0
838358592.0
-1333014272.0
-2142463104.0
-1728192512.0
1370032768.0
1233217280.0
-1006415296.0
-639680576.0
-467606976.0
-165054016.0
-642435136.0
-662438208.0
-480467424.0
1413899008.0
-1461754880.0
-761333120.0
-1446153344.0
55738368.0
-1768109312.0
-1445552256.0
822992128.0
-1874471168.0
1037427840.0
-252837312.0
-1042084416.0
1907867264.0
-10780122.0
-1012301568.0
-239073632.0
1135634560.0
-913888128.0
740508992.0
862720192.0
1345251584.0
-1515343360.0
-1382690304.0
778579392.0
-1444546688.0
-2042472832.0
1173827200.0
-1397792384.0
-221364496.0
1666152704.0
-2075795328.0
1899421056.0
-1231695744.0
1311593472.0
1541611776.0
2068906496.0
-1422219264.0
-344286176.0
-199728944.0
2066039296.0
1051402112.0
1450390272.0
-94847008.0
-697183872.0
-1475683968.0
-520447872.0
-1757557248.0
-1191841152.0
-1329011968.0
1016416832.0
-509721728.0
-452508064.0
2094909184.0
-1824774272.0
-1760962944.0
-1855384320.0
-1887144448.0
684625728.0
1914793472.0
-2127321984.0
-319906720.0
-2099745920.0
-211329136.0
399580192.0
1321506944.0
-329321568.0
1360272512.0
-1798141056.0
-614206336.0
-141770832.0
-1717387776.0
-784151488.0
-2013435776.0
-661190656.0
660840000.0
2118219008.0
-990521472.0
-587980160.0
-858972800.0
1433293184.0
-560843968.0
2054074112.0
-2098259840.0
-1506754176.0
475936992.0
910464832.0
-122847544.0
1152590848.0
-1530263552.0
1837970176.0
1419872384.0
-1593005824.0
-280676768.0
623336832.0
1845334528.0
957352384.0
481935488.0
1188224640.0
1711576576.0
-1220916608.0
-1631872000.0
-1894357120.0
-1810006656.0
1513111552.0
1257496448.0
1111396480.0
-1046583296.0
582991104.0
-1864344448.0
1877864064.0
-245692224.0
1434921344.0
1513727104.0
1651939840.0
921690304.0
1631164416.0
678698304.0
1590434304.0
394351008.0
-1525982976.0
-494109408.0
924251520.0
-863644864.0
-618006528.0
1202482432.0
29108212.0
-1085507200.0
-1830137344.0
743165504.0
785903488.0
-511108960.0
611329152.0
1454363008.0
2136262528.0
-194383056.0
1946782336.0
-1801146752.0
-1123744384.0
-871152960.0
533593088.0
278013664.0
-1137464448.0
1124663552.0
257531904.0
-1142701312.0
1828868224.0
-1165734656.0
2003580672.0
-1732830592.0
-712952064.0
-1064363072.0
474770592.0
-1222708992.0
-543398016.0
1789063040.0
545094720.0
1989601152.0
1626769536.0
2070727936.0
-518397760.0
-129737664.0
946466368.0
1684288896.0
1529439104.0
501976224.0
-1471310592.0
1251788672.0
-1468485504.0
216631184.0
-1913703680.0
-1458740736.0
424722272.0
-156296720.0
-375843104.0
-1684591360.0
1450255232.0
-870986560.0
-996478144.0
1285118720.0
1426889856.0
2135040640.0
-1341491456.0
-15625845.0
-1623160448.0
1350821632.0
-510087776.0
-859613888.0
718729152.0
380507296.0
1068452544.0
1754874880.0
1450535808.0
699104832.0
618486720.0
730440832.0
-920425.0625
1265158144.0
329444704.0
1079661440.0
1426404736.0
-602914432.0
-865292480.0
-1695869824.0
-1136027008.0
1455875328.0
-2049620096.0
-1124826624.0
-1462836352.0
1501205376.0
1828218112.0
-785225280.0
-745903040.0
1554220544.0
-283960064.0
-1390304384.0
1335702144.0
-1652551040.0
-2085494016.0
1879191168.0
220727600.0
645839296.0
338195296.0
1863753088.0
-1178842880.0
-892401344.0
1171186304.0
1646703488.0
1817287424.0
2075113088.0
-1407191936.0
-580561472.0
1499626624.0
915508160.0
842513152.0
266619776.0
58098628.0
-560321472.0
-446699040.0
-1393370496.0
1273241856.0
-1716304128.0
-960416256.0
450928544.0
-157643952.0
1789646592.0
1082979840.0
-446058176.0
2029753344.0
-666902592.0
-920319616.0
-2136170624.0
41034252.0
-1984217600.0
77406888.0
488985504.0
601470208.0
-47875932.0
-1738038144.0
-1179876480.0
1562026624.0
419538784.0
812663296.0
-616379392.0
-127384920.0
1397708544.0
77204232.0
942375936.0
-1973887360.0
255042272.0
-565860224.0
1651483648.0
-853663936.0
-994800000.0
1793922816.0
242686944.0
1108261248.0
1920201472.0
-1416395648.0
1539439872.0
-1937388160.0
-221801472.0
1495225984.0
351324736.0
-1945792128.0
1273621888.0
1215865984.0
-315069824.0
1198181760.0
1594321792.0
1193676416.0
-691962816.0
-786270784.0
1350154880.0
-1823513984.0
-707983872.0
1378116352.0
-1708408320.0
1494219136.0
-1777096832.0
1832043648.0
1762248320.0
-247789008.0
-1526444672.0
171491168.0
-812166208.0
-257604000.0
815100864.0
815805056.0
-681135552.0
-601769088.0
918791680.0
-2079838720.0
-50222224.0
1040636800.0
-1230203136.0
1453277568.0
-1802339584.0
-511337088.0
1091140736.0
8239301.5
1740743936.0
-2137090688.0
-1449006336.0
1674673664.0
-1298846848.0
1571975424.0
20373316.0
-429507584.0
246194576.0
-1673863296.0
1777637376.0
1476803712.0
-1017449216.0
1525993088.0
1845019648.0
1822116480.0
1282150912.0
-1353296512.0
64871800.0
-1366310528.0
-928981888.0
1589646848.0
-422605920.0
1640921600.0
1577936256.0
-884509440.0
558379776.0
1762638976.0
-1120372736.0
457077248.0
-810748608.0
1539702784.0
-1560732544.0
-257337408.0
-1258042112.0
1923638912.0
-78715016.0
-960091328.0
-1501168640.0
-347593408.0
-1597566592.0
1932320768.0
1123856768.0
-1223376768.0
-1141137280.0
-2068709376.0
-290655104.0
1205860864.0
86695848.0
-2121081344.0
-697332736.0
1423223808.0
-2066442240.0
-591681408.0
-1220691840.0
1350556544.0
-1691318400.0
-530380672.0
-93804920.0
428002336.0
624594944.0
528417056.0
-1309933056.0
-1995885696.0
2105294080.0
79360720.0
-1600507520.0
1411140480.0
1657376512.0
1590057600.0
840705472.0
1423257472.0
773578368.0
-2023439104.0
1004446528.0
333271904.0
179993248.0
-762643712.0
1140288768.0
-199072032.0
-315693536.0
-1071583872.0
1105565440.0
813861440.0
-7762816.5
-1634649984.0
-1475102080.0
1151486848.0
1175611520.0
793683776.0
498130080.0
-1131597056.0
1661796608.0
1457725056.0
500752064.0
-151528944.0
1377479040.0
2028162176.0
1792935808.0
-1609783040.0
-858135872.0
-302554048.0
-1592708352.0
-1556488832.0
326607808.0
-1508966528.0
1467428864.0
100030736.0
1510472192.0
1028032640.0
-1260911104.0
-1827768704.0
788157120.0
-1508431104.0
-11519354.0
-1584283776.0
-1046391808.0
-135912656.0
1732105728.0
516544192.0
1573940992.0
302666336.0
-1772261376.0
1700848768.0
-1984707584.0
19004278.0
1423661568.0
-549768128.0
-646208640.0
2136978560.0
924547136.0
1726530176.0
1468500992.0
-540378048.0
-1589413632.0
1606665472.0
-1229520000.0
1479791360.0
-1365719424.0
1564862208.0
-533246240.0
-714907648.0
858431680.0
1844804608.0
669497280.0
1987570432.0
-1405918592.0
843561216.0
-2129209600.0
1945182720.0
-1460083584.0
190858096.0
913781120.0
-600153408.0
472064288.0
-1179088768.0
1678044160.0
-1662665600.0
-525790912.0
255658832.0
1202958976.0
-2025302528.0
136727248.0
-1551622912.0
-1845152512.0
994333760.0
-1248900608.0
861706432.0
236321472.0
-1808006272.0
379092864.0
178521056.0
-261150528.0
-333615072.0
1721651840.0
-1043002176.0
1293691264.0
1782265472.0
-1870356224.0
1938425984.0
-1925466880.0
-20276802.0
590676864.0
-331108512.0
-636225920.0
-729796736.0
-1912303872.0
-501331360.0
1331251840.0
-1094539648.0
-1260822272.0
-1850655872.0
1471249536.0
1718509824.0
725027392.0
-11389455.0
-248122576.0
-110726304.0
1129766656.0
-1239218816.0
1867795840.0
14809270.0
-924269696.0
1055818624.0
-38842236.0
124463504.0
884362304.0
1873446784.0
-1666705280.0
-972058560.0
612699008.0
907436736.0
587899776.0
358952768.0
-192314160.0
-1852553856.0
423447616.0
818659008.0
-503450976.0
-1292738560.0
-1434067840.0
-1072625152.0
1331120640.0
93951136.0
-569663552.0
-108632400.0
652114688.0
1657465984.0
1822092544.0
-81245096.0
153320496.0
-1767099904.0
834979904.0
1429979520.0
1172960128.0
671976512.0
-1548163456.0
1392502144.0
883142848.0
-1362079232.0
-2026493440.0
1315995392.0
-631420160.0
1227379968.0
-1149504384.0
1988068096.0
1804148992.0
1067410560.0
1349282432.0
1538165376.0
2136766464.0
-2037721472.0
-1705883520.0
2144818560.0
-1704544128.0
-636649344.0
-452333952.0
362146720.0
-1159569664.0
818410624.0
-1861061760.0
-1297200512.0
-1930732416.0
-707497408.0
266535936.0
470641280.0
1458039680.0
-1463002752.0
1501836032.0
-1995992192.0
1543525120.0
-405239456.0
1498493184.0
254014272.0
-153568736.0
-79341272.0
-1034280064.0
-2020855424.0
608466496.0
-770563072.0
625526656.0
-1410579968.0
-1050275328.0
811871040.0
-1742583296.0
-1733994240.0
1274895872.0
-865603584.0
-1699545472.0
1809659776.0
631722880.0
-1484920576.0
68916528.0
-326558944.0
-825575424.0
1430539392.0
460014336.0
666102272.0
-1395510144.0
1388026496.0
623323584.0
1082738176.0
-1113975168.0
-1857266432.0
114972032.0
-799706752.0
-69115496.0
-506462016.0
697313664.0
647390720.0
944174400.0
262178000.0
-1964569216.0
-1752023936.0
283574304.0
-363464800.0
145949696.0
348764576.0
-1318489088.0
-157146064.0
426803648.0
2002437504.0
1761536000.0
-1025678784.0
1185414016.0
-357676352.0
1666390400.0
1939073536.0
1743314304.0
675404544.0
1486414336.0
747680448.0
-347799712.0
313890880.0
1226368768.0
-1049728384.0
829686848.0
-1102544640.0
1269682048.0
-1536013056.0
780038528.0
-2019789440.0
-1916862720.0
387395968.0
17603890.0
-1474815232.0
1252828544.0
468470720.0
-2055547520.0
-2135745920.0
-535420672.0
-1702204160.0
1302981632.0
187957808.0
1217137280.0
1885206400.0
223574080.0
607913152.0
2119899136.0
-78089496.0
-1211376896.0
170807760.0
-928003072.0
881482240.0
-980934464.0
-1265465984.0
1596173056.0
670160320.0
653577280.0
-849949504.0
1501158400.0
1154094208.0
1784629120.0
-148334480.0
-2117601920.0
-1501723520.0
-1273298176.0
615623104.0
-1253802624.0
136629600.0
-1701777152.0
-1760470656.0
906411584.0
136307952.0
-1587150464.0
947249408.0
-264566864.0
763590976.0
611556544.0
-1353604864.0
-1378838016.0
-876234688.0
-1763235840.0
1342049664.0
-975136768.0
-1687283584.0
1969979392.0
-1293664512.0
23840362.0
-550021312.0
2033312256.0
1350935424.0
-995702528.0
703958144.0
-1711634688.0
-987676864.0
135764912.0
1917822720.0
1660574208.0
-2112849536.0
505228896.0
1737069824.0
632713984.0
-251261424.0
-651686400.0
-900590144.0
-674342208.0
2065247744.0
1151543680.0
645934912.0
-1278293120.0
1692635392.0
-1778420352.0
-1148160640.0
1363632640.0
1862513536.0
1141561728.0
526222624.0
802171264.0
238398880.0
-1794069888.0
-73714768.0
643647552.0
-1322390016.0
1310480896.0
228590784.0
-653345600.0
624767360.0
244400688.0
-1522467200.0
-387031520.0
-2111306880.0
-639388096.0
2094154368.0
-2000559616.0
2006063104.0
-749682368.0
1801081088.0
2014605952.0
-274716928.0
-1185547520.0
-599552960.0
-1734021248.0
540880128.0
-1911043328.0
449023328.0
1231090304.0
-1132842112.0
-193928016.0
170406016.0
1646721920.0
2042875008.0
-1850881280.0
1339539584.0
1593646080.0
69133608.0
-1915629696.0
1349725952.0
-1319213952.0
1826000768.0
1120303104.0
-1566273920.0
1825510016.0
469611328.0
-1838585216.0
656161280.0
-1585202560.0
1911061632.0
-1179394560.0
-1648938240.0
1832692352.0
1081541248.0
-1504449024.0
1720717312.0
872808064.0
-760463936.0
-1490883584.0
-320372160.0
-345135552.0
-1662918784.0
-1534665728.0
-1970802176.0
-331523968.0
-1136305664.0
1704669696.0
1012656128.0
916977856.0
1234527232.0
1492420864.0
-2022900992.0
227331184.0
-339465696.0
-813347136.0
1691453440.0
-2003821184.0
-321071872.0
-961819328.0
219445792.0
-969105792.0
-330401056.0
-1241536640.0
-1398688128.0
587592896.0
568623616.0
-1067619264.0
-1164962432.0
-100070552.0
-752892160.0
164533616.0
797334400.0
1373166464.0
-441780704.0
-2005435136.0
923099840.0
-600942656.0
1991681536.0
1538919424.0
141961920.0
1462319232.0
607129856.0
715722560.0
1247703296.0
-1555577088.0
-1304825856.0
-552723328.0
1129633920.0
976456320.0
39025420.0
-563275840.0
-376613088.0
-595848256.0
-391280512.0
-59691496.0
-800687360.0
-1141616896.0
1342778496.0
2058202112.0
-1077177600.0
-411332352.0
1981439232.0
1216063104.0
2058995456.0
-542877888.0
2070749568.0
-793208000.0
337772608.0
-1138562944.0
-1281145344.0
-237750848.0
-1383009280.0
-157671968.0
-1586072576.0
1885518464.0
1924757376.0
994316.3125
-216491424.0
-88306328.0
157169568.0
193057648.0
146908000.0
1009353408.0
979068672.0
-1093471616.0
980819776.0
-1250347904.0
249794960.0
-1158494336.0
1220714240.0
2036474368.0
395040320.0
-1175873152.0
-761995328.0
1997866496.0
1269499392.0
1366645248.0
-1631775360.0
1303558400.0
-1553924736.0
474250368.0
-1287382016.0
1715856384.0
-323409664.0
961081344.0
247473376.0
-1911905024.0
-850995648.0
911009088.0
2098907904.0
268801024.0
1343021312.0
-388254048.0
306438400.0
1063017920.0
504680288.0
981119808.0
-950180160.0
-1692123008.0
69437640.0
-13169457.0
793042944.0
1199482624.0
-1878514176.0
933302528.0
-1297286528.0
1525293568.0
-816641280.0
-1479014016.0
1227359360.0
-932905984.0
1589529088.0
-799253440.0
951955392.0
1761772288.0
715817664.0
1764798080.0
520337856.0
-851180608.0
-1935386368.0
-1980375808.0
1483955584.0
-561779328.0
-1605550720.0
292208160.0
-1119320704.0
1619419136.0
-372925664.0
1153081984.0
2127252096.0
-222712800.0
679589248.0
37317056.0
-803642304.0
1381734016.0
521951168.0
1898603776.0
721476416.0
982497344.0
-30287810.0
2138723456.0
-1120061440.0
-1112550016.0
-1884436736.0
-2013887104.0
2062658944.0
-958355328.0
1546316672.0
1641264128.0
-1990932864.0
1920632192.0
953657344.0
-1327400704.0
-444982464.0
1652593664.0
897964416.0
1173298816.0
870916992.0
-1860481408.0
1837094656.0
-1699114368.0
704521856.0
1070708800.0
-1365091456.0
-159723952.0
-1001312384.0
2094623360.0
-2314749.25
-1179921664.0
-1764467328.0
-1569345024.0
-274228032.0
-1779786112.0
-742752832.0
1714650496.0
-435570720.0
-2020761472.0
1076679680.0
-2024353536.0
-688352000.0
-2022269440.0
684385408.0
-257349184.0
-1354411520.0
1924462592.0
-922119808.0
-975404928.0
-1245029632.0
-13152642.0
2068502784.0
2048897280.0
-1552637696.0
1449302528.0
-648612416.0
-59046300.0
-1050913920.0
566843328.0
1443201280.0
875850752.0
239441808.0
-678413056.0
843431680.0
890934976.0
-540013760.0
1391831552.0
-1041605696.0
-1318693120.0
-190367264.0
9531792.0
-1439256704.0
2050779776.0
568738816.0
-1068773888.0
1353459968.0
-358096736.0
-156373136.0
434317824.0
1731496704.0
-1142778624.0
-2034756224.0
-1081032320.0
-845031936.0
-1641616512.0
418717632.0
-1907589248.0
-534913888.0
511241440.0
-1120793728.0
2005259520.0
-1783825152.0
-2078220800.0
-1680043264.0
1470055552.0
1840902400.0
10568791.0
1976953728.0
-1704046080.0
-474122624.0
1303470592.0
-888186432.0
-1615214080.0
-1320492032.0
511473920.0
1219468928.0
960020608.0
-305436224.0
-1818411264.0
1652671360.0
-1994378240.0
-2031394432.0
-429299232.0
350070944.0
-1057454336.0
1428194304.0
-1745318400.0
753353344.0
694826752.0
-475891328.0
1713598592.0
-487559712.0
-1109787136.0
-2120633344.0
988131648.0
97111344.0
1718839168.0
-30298544.0
1751350400.0
858451072.0
626678080.0
-1426422400.0
157693248.0
-1549064576.0
-76832760.0
-1925671808.0
-590185920.0
1934998144.0
101449360.0
-1587826944.0
-290916704.0
815707456.0
876693120.0
588589824.0
439375040.0
-604561152.0
-819111104.0
754480256.0
1255877888.0
937562432.0
-1164475520.0
-1559435520.0
-1487990528.0
-1022514624.0
-1677188992.0
1063709696.0
2088603008.0
213274976.0
-2134572032.0
-639873344.0
-1329868160.0
-948227264.0
924774592.0
1213130752.0
2102429440.0
1123030272.0
2120241536.0
-2093315328.0
-551601920.0
-1803674752.0
345798592.0
1664872064.0
1188267648.0
943342656.0
1932113792.0
543012352.0
-987753216.0
295134528.0
-2096933120.0
-165167072.0
-629083456.0
1681789184.0
-552236672.0
-1787464448.0
1535245440.0
1312423936.0
-982267648.0
-1737008000.0
2125061760.0
166108688.0
1194523264.0
-577179328.0
-1043794240.0
-860783872.0
-439040832.0
19467588.0
799440000.0
-2050476672.0
-940531584.0
-1218596608.0
2060777472.0
-312302496.0
1157456640.0
-224284528.0
383868960.0
-1777194496.0
868299328.0
905084672.0
1032616320.0
768347392.0
-1982709376.0
-2097966592.0
-2134963840.0
-1221151488.0
2065842560.0
271865952.0
477688064.0
1176007424.0
1233459328.0
374954880.0
-273866880.0
845366144.0
-1012836672.0
612816064.0
-1221071872.0
161183136.0
-1845716224.0
839151680.0
1247566336.0
-1102041728.0
1546427392.0
-1854675584.0
-1208245760.0
1615842816.0
-263313808.0
-364502080.0
1109528192.0
226572416.0
-1653812480.0
-1806046976.0
-637893568.0
-1839094912.0
1837835520.0
-1147809024.0
-1070121344.0
1449515008.0
-836782528.0
-119275088.0
1383228928.0
152893728.0
1405210368.0
-1368426368.0
-1606348800.0
905095552.0
1550567040.0
-402488704.0
1035817536.0
-1754827648.0
201025168.0
2116322944.0
-537900928.0
702508864.0
-155404944.0
2054044032.0
-2046557824.0
-1031170624.0
-1493556096.0
217702448.0
791742272.0
-804231872.0
-966277632.0
-182334448.0
-834548160.0
566048448.0
1037388544.0
2132719232.0
787762496.0
1057930368.0
-499752512.0
-1926985984.0
1109316736.0
-1825588992.0
1632196224.0
808822336.0
-1800497280.0
232883664.0
-1925153792.0
-156289712.0
670677440.0
1508089216.0
669300864.0
1816349568.0
1256525824.0
-419443328.0
-1580761344.0
343390784.0
-1002800704.0
-1104272768.0
-2053553280.0
-842826112.0
-1035387776.0
-1896668288.0
1510440832.0
-527666528.0
420029408.0
-393204096.0
-1168208000.0
-2011039104.0
-137382288.0
87889512.0
670712128.0
168573936.0
1820122496.0
316743392.0
1063209408.0
779342656.0
-52361680.0
222677632.0
-808127360.0
1126467328.0
-958097920.0
1392470144.0
1749053056.0
42826204.0
2131489408.0
208191648.0
-787258176.0
601094144.0
-1052960384.0
2071155328.0
-1012695744.0
-1857136896.0
-1773403392.0
-2061272192.0
-6685194.0
456855328.0
-372691520.0
-2050745984.0
-356963584.0
-226078736.0
625778944.0
1480930944.0
1148561408.0
1516998272.0
1418702336.0
-1819297024.0
700199744.0
1876642688.0
677888320.0
-106403000.0
-291584544.0
-1028068480.0
-1258418560.0
-1228814464.0
-104835224.0
156426544.0
-1910608256.0
92089784.0
-1443476864.0
936364032.0
97282784.0
-248550064.0
1231050368.0
-553189568.0
750559552.0
-141149504.0
529694144.0
-581743680.0
1554106496.0
1247468800.0
834221696.0
156368864.0
-410999520.0
-1298101120.0
1021338880.0
-213327872.0
-783995200.0
-1941473920.0
1115988096.0
-932075200.0
102133928.0
-1072654400.0
-1433877504.0
-1790459264.0
295004736.0
-1345828224.0
1868244096.0
1307209344.0
-1997119488.0
-1300132864.0
824420608.0
-1246871936.0
1318049536.0
-651444672.0
-710635584.0
319295008.0
-77753256.0
552342400.0
804605440.0
1349977344.0
-131404848.0
-1238740608.0
-300548480.0
-1241383296.0
-549129792.0
465922688.0
421006624.0
-1547857024.0
964057024.0
-1594861824.0
1281013760.0
-1883090944.0
-21590700.0
1894832256.0
-78658920.0
-751176512.0
458485760.0
-1622046208.0
-1756434816.0
-991653824.0
-1440617600.0
-892947136.0
-1273151488.0
666306432.0
1418860672.0
-1938721280.0
-1280429824.0
440425600.0
-395372608.0
-611588736.0
-1768135296.0
-837441984.0
1051704640.0
-482204896.0
-1351564800.0
-960110528.0
-1728024320.0
-1785532800.0
-1331437056.0
186668752.0
-161949360.0
-391709984.0
-1567465728.0
-342347104.0
-385803232.0
500532160.0
-196181584.0
393801888.0
-1061924032.0
-1476588928.0
-1363245440.0
522945888.0
607661696.0
-1194170368.0
564079104.0
-1607155712.0
1458231552.0
2003777792.0
2034780032.0
-596262144.0
-851232384.0
478735008.0
540235712.0
68643120.0
-802489088.0
1769852288.0
-89973168.0
-614193536.0
-2075796480.0
-1690859776.0
-144735744.0
2021573632.0
391897184.0
1467704320.0
2126995456.0
18108764.0
-981455040.0
-2121432448.0
2132645760.0
1933634432.0
-1443205760.0
-1856574976.0
-1634649216.0
-534228448.0
-1012257280.0
-1849679616.0
837178688.0
1194709888.0
1704484096.0
1339682560.0
-1559724416.0
2090809344.0
-339666336.0
-439931936.0
-317185280.0
-1872361600.0
1967824128.0
-70123576.0
411784288.0
-734166144.0
650160128.0
1179059456.0
-1080019456.0
2128514816.0
1074804736.0
-1310737408.0
1080555392.0
1166067712.0
-290016000.0
821949312.0
1695417600.0
862512512.0
713485504.0
723464192.0
2117244416.0
-1201502336.0
955881728.0
230270352.0
150862496.0
1957386880.0
387870816.0
191386064.0
1753293440.0
917201280.0
192347520.0
-371872416.0
1627593472.0
-1669866880.0
931033408.0
1368585344.0
-184550192.0
1630983040.0
1026773824.0
-492835104.0
-1033015360.0
867762368.0
2015293184.0
868733696.0
-192708032.0
-1210760064.0
-141483472.0
-1058495936.0
1983017472.0
-119719104.0
2101742080.0
-879163968.0
424686016.0
-525257440.0
-856305280.0
-1179534208.0
-1512877312.0
-1460023040.0
-404959456.0
-1984800512.0
1334364800.0
246921088.0
-1137273856.0
276051712.0
-1940654592.0
-375106816.0
834918144.0
-2134269312.0
-1031248832.0
2137482240.0
-1606537344.0
257314832.0
-1105084160.0
-2013892224.0
150351296.0
2003440000.0
-183206752.0
1474446848.0
-680981504.0
-272269760.0
-1155399424.0
1735667968.0
730851136.0
-680101248.0
975355200.0
361374336.0
796099136.0
181961344.0
102803408.0
-1064964928.0
-697112768.0
2064233856.0
-590735168.0
70228776.0
-152556928.0
-588121088.0
1517707520.0
-1361246848.0
1727011200.0
-204093328.0
-365342688.0
1396617984.0
-1756645888.0
838676544.0
1175634944.0
-1637458944.0
1032505024.0
1807254144.0
2061232256.0
1550861440.0
-1149192448.0
1103501568.0
-1066864256.0
1869371648.0
1183329920.0
1814994816.0
-836177984.0
420505344.0
-929732608.0
-398477184.0
443563968.0
2058079872.0
-686605312.0
1193666560.0
-1031766592.0
1390343168.0
1112606848.0
-466610560.0
-1968307584.0
1126025856.0
286963680.0
1188662400.0
1921093376.0
923023232.0
546293632.0
-768899072.0
1776548608.0
-918287040.0
43519828.0
872047744.0
924000128.0
592985600.0
-86921848.0
-1398334336.0
-1122148608.0
-306139680.0
102920096.0
886634048.0
-223714080.0
2023481472.0
-1190826624.0
1475142272.0
-497037408.0
-317011424.0
359061152.0
1337538048.0
-1352309632.0
1006256768.0
531147456.0
-149290032.0
-2143571968.0
1799264768.0
350992000.0
-956756928.0
1647287296.0
1610414208.0
1423812864.0
1303846528.0
-2073338624.0
909962816.0
1129865216.0
-1956654592.0
-621011008.0
1566454144.0
1811387392.0
1341145600.0
-1805559936.0
-1117740288.0
-1780517376.0
-357622304.0
-794756352.0
-828391488.0
-1392855040.0
101031056.0
-1970840576.0
977271296.0
456531136.0
1382678144.0
-1930478080.0
-1968330240.0
-1225857024.0
339401440.0
-379342400.0
-1416014848.0
1025975808.0
283060352.0
1349662464.0
1015368064.0
-1930822400.0
-1966521728.0
-619671872.0
-886729856.0
-1816764672.0
-1714717824.0
202393520.0
871307840.0
2024818432.0
977758016.0
596113280.0
-129922728.0
-1938452352.0
-1210675968.0
1288770560.0
-1077948160.0
-288672064.0
959927424.0
1117391488.0
-1351098368.0
1345522048.0
-1664105216.0
1629072128.0
1738259712.0
-1555273472.0
-1784435328.0
-1525547520.0
1623141888.0
-610252224.0
1878904704.0
-928325952.0
-15047246.0
1505156480.0
983775488.0
1629754880.0
1638267776.0
-1204057984.0
-1422751360.0
-1856427904.0
1336473856.0
815883904.0
2083873152.0
-940854848.0
-518635680.0
-641106368.0
-845298112.0
462936096.0
-1556487680.0
740502400.0
-2000491008.0
529824160.0
-660508544.0
540632512.0
-630790720.0
-1879633024.0
2005320192.0
1719398784.0
-1840328576.0
-37063808.0
-1248640384.0
2091819776.0
-1483557504.0
1540114176.0
-233335856.0
-1470921856.0
2142366592.0
1943496064.0
552586880.0
1076242432.0
-663369216.0
935836736.0
-1457361792.0
1926591360.0
311850816.0
-536931584.0
1814550528.0
772997184.0
157377760.0
187505808.0
-911630144.0
1812082432.0
-1772109824.0
1527871104.0
490961504.0
-789654976.0
-1520790144.0
-975308800.0
1861730816.0
1502835584.0
801852224.0
1796242432.0
-2129435520.0
-60617772.0
948510784.0
-411195712.0
-693103296.0
287545728.0
-1123344256.0
-1827016448.0
478317024.0
-610830848.0
-1049357376.0
-2126068352.0
1346666496.0
1146849408.0
393144896.0
971520320.0
2018732928.0
-1777205504.0
119268088.0
754892992.0
-943968256.0
752309888.0
-748969536.0
-1663072000.0
132427512.0
818442560.0
1974226048.0
-229705216.0
-1355690496.0
-903749440.0
-338772192.0
-1859691008.0
1018752192.0
-450547520.0
-785091200.0
11331821.0
-532302304.0
133380696.0
-448780448.0
1470796416.0
797340608.0
637868800.0
-1843579904.0
-418728832.0
-664637760.0
679156160.0
-1009712512.0
-1807946368.0
-1058144896.0
-703189952.0
933825472.0
-1903537536.0
554397440.0
498901024.0
843192960.0
-69500808.0
375536896.0
-312957664.0
727086784.0
246104640.0
-1857591168.0
697182720.0
1490526208.0
1574198528.0
-976825920.0
-393248416.0
377212512.0
-1187221632.0
-992454016.0
1333763968.0
1505359616.0
815895616.0
-1113094272.0
176280688.0
-498312768.0
-1883860224.0
2002247552.0
-2032575616.0
-1926848512.0
2095338496.0
-1025423552.0
-565877632.0
809119744.0
1715779584.0
-252870320.0
634882112.0
785965120.0
1569552512.0
748931648.0
1382223616.0
58264116.0
738227136.0
-780273536.0
1602700928.0
-1550314112.0
-1892934400.0
-860058368.0
-1562703104.0
-1649575040.0
1503978240.0
1408099584.0
-656929024.0
1417291392.0
-575782592.0
-1010843264.0
-678917120.0
415940320.0
-896933248.0
-2102846592.0
-754870720.0
2005451008.0
-1633420928.0
-2110993152.0
-1496305536.0
-1022177408.0
-1842526208.0
371596096.0
-1750897920.0
565909056.0
-475736064.0
1268670976.0
1274411904.0
-1921411328.0
-609980992.0
-1399537408.0
1263639552.0
-1745552128.0
885310208.0
-1964534656.0
-155840432.0
-1335278848.0
1440738432.0
2106568448.0
874666752.0
1872671360.0
-909834432.0
-1757847296.0
1970222848.0
1926062464.0
-1847878272.0
2023924096.0
1981373440.0
-263618672.0
690752192.0
577442304.0
-1755102464.0
1125701376.0
47550732.0
553470592.0
565968576.0
684005760.0
-698252480.0
359005472.0
1686115968.0
-2042152448.0
-143545072.0
-410164224.0
-520622144.0
-10126366.0
1055507904.0
-554084736.0
465082400.0
560301120.0
459352384.0
-226082928.0
321709568.0
1214606848.0
-402485920.0
-2122259328.0
117501584.0
1502987136.0
-957855232.0
654664320.0
788311680.0
910699712.0
917516224.0
1950103040.0
-1543400576.0
-1440406400.0
-656414784.0
687864256.0
1924049920.0
2068885760.0
2051927808.0
-337106688.0
1810738816.0
1837135616.0
1652952192.0
-1739359104.0
1511150848.0
743430272.0
1806841728.0
-1937847808.0
400540512.0
1780238080.0
-1136252160.0
210232960.0
1618200192.0
-1258250240.0
356851680.0
1445290368.0
-2000140928.0
-379403552.0
-281704544.0
-1286443520.0
-599552064.0
-1502982528.0
-1648069248.0
-1362562048.0
-1055543680.0
-2114796544.0
1941024768.0
1581869440.0
-1912652800.0
-533957472.0
-1068841344.0
-1737876096.0
-491657184.0
1126258048.0
-1585700224.0
965781760.0
533430816.0
-1649047808.0
-1201681664.0
1799025792.0
-1632437248.0
-1891105280.0
-160139280.0
-403272416.0
86969480.0
-265726960.0
-440166240.0
1898016512.0
-14492957.0
368599392.0
1887404416.0
1458992896.0
211416256.0
-894614656.0
8555816.0
-223471296.0
1581971456.0
-622922688.0
-1717045760.0
-971013120.0
-724465920.0
38442204.0
1339679104.0
1874941824.0
1363465984.0
-1147212160.0
1610201984.0
-1093863168.0
413458816.0
178792304.0
-843238208.0
1692232448.0
-335343424.0
-1484554496.0
891736000.0
-956857728.0
-1395716992.0
1011809280.0
-1591986048.0
-1415164800.0
-2024884992.0
-793660672.0
-1461152256.0
-1837401856.0
1566734336.0
-1646712576.0
-1533966592.0
1950186880.0
-726671680.0
-2136385280.0
-976518720.0
-1552489728.0
536980480.0
-982750144.0
1500700800.0
671355328.0
526499680.0
1560640512.0
-567648768.0
-846913536.0
-1367759104.0
1711695232.0
507281376.0
-460087360.0
-1283955200.0
-1302802432.0
454088000.0
-146120816.0
1705353088.0
1664735616.0
-1517394304.0
621537728.0
946663424.0
1843663488.0
-1914684160.0
-1009376960.0
471570208.0
1713273344.0
1979108864.0
792922304.0
-1257949696.0
2123877248.0
-1570486400.0
292926880.0
1176002176.0
-117311760.0
834096512.0
-576714304.0
1980118144.0
602469120.0
-1587993984.0
-1464471424.0
659733120.0
-1828488576.0
1832712832.0
-1682049152.0
-455859168.0
-1284071424.0
1974596096.0
-1822913536.0
913364736.0
652899584.0
-2023053568.0
1957737216.0
637373888.0
-126347304.0
1151478784.0
-965457984.0
-268121248.0
-160712352.0
-1634591616.0
1311578368.0
-1991505280.0
381375392.0
-1160580608.0
-450343584.0
1452654080.0
1858402560.0
397899552.0
-949062720.0
1066712128.0
-1276412416.0
-1944886528.0
-661997312.0
-2114310528.0
953456576.0
-516217888.0
83672176.0
-1214125184.0
1497887488.0
1605668096.0
1553122176.0
-1026805440.0
-905925952.0
-2136225664.0
-714818944.0
-1331619200.0
492282144.0
1335762944.0
-646401344.0
-1827328512.0
1663853952.0
-2032867584.0
-1548913664.0
259650112.0
406565760.0
875657024.0
1607445760.0
1711306112.0
1810288256.0
-469451264.0
-33676232.0
1318515584.0
-2120489984.0
1240332288.0
1377406976.0
21363456.0
1815288320.0
-1464930560.0
-53300228.0
-188878000.0
-1869512832.0
1054910592.0
1946435584.0
1285861504.0
-889387264.0
1207166464.0
-383109120.0
1762274176.0
1744292096.0
-1536864000.0
-212044096.0
-459004160.0
-1472896640.0
-615529920.0
-956618240.0
467209312.0
436222432.0
-521497696.0
-85373936.0
533075264.0
301151072.0
1006451072.0
1211986944.0
-62337356.0
2042623872.0
480625792.0
1334295552.0
-394405024.0
378931136.0
-594560512.0
-1450917504.0
874007488.0
1223131520.0
-1162669312.0
-1612773376.0
-712585344.0
1303310080.0
-1891586560.0
-1487629312.0
-1903473152.0
1652670592.0
-429803296.0
-1802515328.0
1000636992.0
-1838461312.0
-2082195072.0
1094855808.0
571643456.0
217989248.0
-1315534592.0
493663840.0
1401350528.0
-1242530304.0
823321728.0
-1517239296.0
235566208.0
1741966464.0
782312064.0
1405697280.0
-1194133760.0
-174862800.0
-988577472.0
1013334144.0
1523205632.0
1150213504.0
-1023125632.0
1640666368.0
101439288.0
1271487744.0
-1249034880.0
-852411456.0
-812484032.0
194620688.0
-1495092992.0
1761783936.0
319741984.0
1427365760.0
-1317999744.0
-1547067392.0
1294488832.0
1714435456.0
1843506560.0
1667924352.0
-1349300608.0
523403072.0
-671739648.0
618079680.0
592740352.0
-2047058816.0
-4277690.0
-882177600.0
288391712.0
1404745600.0
991246464.0
-2021670528.0
947297792.0
555635136.0
-1970261376.0
-399096672.0
1479702656.0
-1660019584.0
-1041778048.0
757273088.0
432813280.0
-766558592.0
551992128.0
1373714944.0
-1962958592.0
419733312.0
1457709568.0
-449533664.0
-1807163008.0
483590368.0
-955093248.0
-1453935744.0
-602896512.0
-1304360960.0
-1620045184.0
1464641280.0
319594912.0
-1089234944.0
-1860436480.0
-2025690624.0
1408756864.0
-376860192.0
1206791168.0
613145152.0
-1009040768.0
-960433344.0
282348256.0
-1027011136.0
-853152768.0
666927616.0
975340480.0
23562262.0
-649604864.0
1942150784.0
1232915712.0
1041684864.0
-1658429440.0
929085888.0
-321639936.0
-1542081536.0
-716139520.0
-1631390208.0
-418630368.0
-481524672.0
760302976.0
-2090292736.0
-486659296.0
-1978845312.0
-528729696.0
953011968.0
-2060479872.0
-1952428160.0
114648712.0
1784031744.0
-1641883136.0
-1252692864.0
-1493646464.0
775712512.0
1013523520.0
209044240.0
2132210304.0
-1999776640.0
-63934352.0
1810504064.0
1995163136.0
-1140271360.0
2016577408.0
627463616.0
173625072.0
1446629248.0
-1213986432.0
92778176.0
1889299072.0
-1540857856.0
1234717696.0
-1914066560.0
1777781504.0
-1175915264.0
-1237375232.0
1878463488.0
1194250624.0
193212288.0
-1528702592.0
-497394944.0
1364362624.0
-1792879488.0
-746117056.0
-797935744.0
-1724855296.0
1991995392.0
243074240.0
1269652480.0
-697128448.0
-1782235520.0
-29644152.0
-1905984128.0
-168469536.0
-2027890176.0
-1888516992.0
2006390912.0
95177680.0
-1045060288.0
1524783360.0
-1436855424.0
308200352.0
1953849344.0
1108977664.0
-1779227648.0
-307807456.0
408600416.0
8967473.0
-835102016.0
459531424.0
-1662286464.0
-2077100928.0
-250571600.0
-1862551040.0
-1338076928.0
794551872.0
1262842880.0
810142464.0
1847740672.0
-653180608.0
1292913920.0
-237222464.0
2037163520.0
-363393760.0
353801344.0
361762336.0
-1846138880.0
50593140.0
1962884736.0
1574716800.0
379173248.0
-1733986688.0
1077380480.0
308204928.0
-1297778176.0
1983072640.0
26145244.0
504849760.0
1243389312.0
1791268352.0
899206144.0
-1995996928.0
-1299289984.0
1101750144.0
-197153440.0
1503530880.0
-82173272.0
-1803465216.0
1857160704.0
1418831104.0
-1696889600.0
1408413056.0
1274371584.0
-1823276544.0
737791104.0
1742786304.0
1877195520.0
-804631296.0
-2017225344.0
-2078048256.0
1991547392.0
1393734528.0
1568247552.0
447418496.0
-2146719232.0
804599808.0
-722824768.0
-1081117440.0
2119059840.0
651774720.0
-895093952.0
-644217088.0
1452588160.0
1585499136.0
2054178944.0
-1398468608.0
327630048.0
135156016.0
1727339776.0
1282971392.0
1299337600.0
-1832121600.0
2019997440.0
-1056016896.0
-1371219456.0
-1762285312.0
-510186240.0
507478400.0
1024369216.0
-1872399744.0
-1601262336.0
-82495136.0
-1810844160.0
-1882112128.0
1449465088.0
-1034197248.0
482418656.0
-1210556416.0
-2048629248.0
-367790624.0
1220574848.0
-1086052352.0
-1095572992.0
-1630678912.0
-2064719104.0
-518617696.0
-1501845248.0
-589353600.0
1671401728.0
-1096534656.0
256608832.0
566192896.0
-605721024.0
-1066858112.0
-997084992.0
1557153664.0
1434312832.0
661286016.0
-1179062912.0
1383385472.0
-658696576.0
87041384.0
490804736.0
-495910176.0
1948237440.0
-1327832704.0
-1376152832.0
1570227840.0
1485458432.0
472812768.0
1878903936.0
981859520.0
-365695872.0
-25804902.0
-1155042816.0
708748352.0
-727107584.0
-1878200192.0
1474332672.0
551644096.0
511541600.0
1749239808.0
-1700734208.0
1320986880.0
-1139392512.0
-1528873984.0
384314464.0
-689002496.0
1487661824.0
-950359104.0
526333568.0
1262123520.0
-1292169728.0
-1545445760.0
1290059904.0
827698496.0
-1567462912.0
-1900213632.0
-874168000.0
1010754688.0
-1421929984.0
1042756544.0
1494990208.0
-644234304.0
-114288312.0
1612981376.0
575524544.0
-674848768.0
1602929792.0
636639616.0
2083156480.0
-1998597632.0
-1505285504.0
-257197008.0
-2089772032.0
-1045920256.0
-600975424.0
1303642752.0
679974912.0
-949603904.0
1585421696.0
-451718464.0
-1201636736.0
901937792.0
-1192573696.0
-1693740032.0
-1229155072.0
1130680064.0
1712433792.0
-1788325632.0
614016384.0
1661404032.0
-1502753920.0
-416607264.0
-1078452736.0
641474816.0
1933006208.0
-633704128.0
-753332096.0
-1102411008.0
-1405103744.0
-58614976.0
13765421.0
-1227444352.0
142700160.0
-1166490752.0
2075014656.0
868589824.0
1758655872.0
-545206912.0
-1215802240.0
206910560.0
-1365035648.0
-1804683008.0
-768275712.0
261638784.0
1405854208.0
1067582720.0
1590038400.0
1246466560.0
647782528.0
-871502272.0
452600000.0
1019292800.0
1501426432.0
-1154406144.0
82402368.0
-169511696.0
1409496192.0
2038099456.0
1652532096.0
440828256.0
1480984832.0
-1385845888.0
907079744.0
-1562391168.0
2026888064.0
-852157952.0
399871456.0
-1359780480.0
-1838019072.0
-591186304.0
501878880.0
-352123584.0
-107418008.0
-1632538880.0
-1327172480.0
1464194176.0
1010713920.0
-347891872.0
-1986001536.0
-1778072832.0
-641492224.0
736981248.0
-645713920.0
-1253661056.0
-50982084.0
-1085858048.0
-292263040.0
-542089600.0
-787072384.0
1352189184.0
-1703081728.0
-333101920.0
1590266752.0
1853772800.0
1355723776.0
-1396264576.0
-182455824.0
-469143392.0
-1960998144.0
-464555808.0
1405206016.0
729607936.0
-1984021760.0
-336586880.0
-1347557504.0
949539840.0
-831619456.0
-451513024.0
-1387896192.0
360511136.0
1921577344.0
2111019136.0
-1269878400.0
226357168.0
-1481952640.0
847596096.0
298066656.0
-1981078144.0
-787917184.0
-416426464.0
222657968.0
1275761792.0
-1185187712.0
-306872832.0
-364343456.0
-1347873280.0
440437312.0
-944746368.0
1857012352.0
1654801920.0
-494109728.0
-1285617024.0
-1161608704.0
561745024.0
966129536.0
1009777088.0
1259062912.0
-1852599552.0
2121850880.0
1118419328.0
1594501376.0
576589824.0
1832619520.0
-1885060736.0
-678159360.0
501697632.0
-1058313152.0
1018917696.0
-117153360.0
842608512.0
1868624768.0
-202606576.0
432001632.0
-2127377664.0
-286870016.0
-1501234560.0
1851630464.0
1584071936.0
-1133572864.0
680659136.0
884579840.0
-1206426240.0
89993800.0
-267961120.0
-569270208.0
911063168.0
-1718347776.0
-1007150976.0
-579610304.0
-133068512.0
1087968640.0
553383680.0
432469984.0
561495360.0
714344576.0
-497653024.0
-1314888960.0
-430097888.0
-439540224.0
-437197728.0
1037179136.0
184852064.0
681770048.0
-1821171968.0
1629512192.0
-903318912.0
-1779142144.0
-1852338176.0
345257696.0
-1917324928.0
-1171143296.0
1266584192.0
-859305280.0
-1061566400.0
-1590915840.0
1093010688.0
-795168448.0
-1298857088.0
1047087808.0
-1683156864.0
-1410851840.0
320817632.0
-1815171456.0
1057793600.0
228404224.0
511799616.0
1222454784.0
869323648.0
-833332736.0
872507456.0
-1444949888.0
-102055336.0
-1795366144.0
-1332202112.0
951601600.0
1088559488.0
807253184.0
1046169920.0
-107677304.0
-748357760.0
2019616768.0
507159072.0
-682864832.0
-74972048.0
1434321536.0
-1784363776.0
1927400576.0
705187712.0
777498752.0
-593248704.0
1412970880.0
264756352.0
-657543936.0
1988848256.0
-472757440.0
-1778600960.0
-1032372672.0
-1088012160.0
-1824212352.0
836126464.0
-400165312.0
-490730848.0
1487041408.0
1689065088.0
732661760.0
-831930304.0
-961165696.0
-2000482560.0
217286848.0
883619008.0
-71125040.0
272630784.0
1801754368.0
-754500864.0
448345888.0
620068160.0
-896182656.0
-953848128.0
1375101056.0
-1144548224.0
1337325184.0
1812821504.0
1157107840.0
-133246608.0
-1212232576.0
-2092068608.0
-1770192256.0
-1507901696.0
-278607296.0
560826944.0
-484139456.0
-991544064.0
-1312220288.0
1764477696.0
-1442457600.0
-1503281408.0
296225888.0
2100612992.0
995425280.0
-1724458496.0
268771648.0
-1257600128.0
906784576.0
2087507584.0
-148487104.0
-25429152.0
-1861230976.0
1066364416.0
-1971973248.0
-757398976.0
-1375354624.0
459655712.0
1614662272.0
-2051080704.0
1231529856.0
1556666624.0
-474038176.0
-1703039872.0
-1803310080.0
438986016.0
1085019776.0
-256496016.0
-1660076416.0
-1777584000.0
50350736.0
-1026661504.0
902272768.0
-1557242752.0
-1927046016.0
-201897968.0
-1275024128.0
-2097319040.0
-2083309952.0
-1707401088.0
1478632960.0
149178176.0
855378048.0
-638290560.0
-1595104640.0
1900372480.0
1280861952.0
989533696.0
-1185053824.0
-2102998656.0
-255286528.0
-1352544640.0
-1772909568.0
1782990336.0
-409809056.0
90263000.0
348713248.0
-1363988352.0
-1743863168.0
-2010350976.0
-1632284800.0
1549948544.0
-1195246848.0
-169366960.0
728669440.0
-296514048.0
1178502912.0
1953628672.0
-1730797440.0
-546469312.0
706939328.0
-1803285120.0
-1627479552.0
1957689344.0
1106380032.0
-2380043.0
2081236096.0
533097376.0
1666242432.0
670416000.0
1711227776.0
-1530231040.0
-910392960.0
-1128598528.0
882535808.0
-1222365184.0
-740812224.0
370681888.0
1753689088.0
-374825856.0
270272512.0
112296928.0
1965117696.0
-347191840.0
-1785457152.0
-803695104.0
1560700160.0
192255216.0
-1408648448.0
-365080128.0
-1264220416.0
1527415552.0
1053466048.0
-1247453056.0
1201023744.0
-21262836.0
1184254080.0
2140514816.0
-1587194880.0
141232416.0
1313282432.0
1925927936.0
1742537472.0
608876608.0
-470920672.0
-1235590144.0
2129501184.0
-1221457920.0
-2002364160.0
209519616.0
-406155008.0
-1339320320.0
151532192.0
-758378368.0
-451150976.0
1151083648.0
813376640.0
-884756672.0
-1886956928.0
-1499617408.0
-525825248.0
-1675302656.0
-1308071040.0
13318063.0
-92680088.0
-1432098560.0
-96942224.0
1764327040.0
-50901400.0
747863616.0
399413824.0
-1029303360.0
-988891008.0
1265994496.0
-1518403968.0
1966687744.0
-1895950464.0
-947928768.0
1486521856.0
-1238361984.0
-291835552.0
-1399764864.0
-1093394560.0
-777529280.0
1214753664.0
122461360.0
-1767661440.0
-453750880.0
680364416.0
-1748294656.0
-542392448.0
-312847840.0
-596483776.0
1185949440.0
-1106667520.0
1554056704.0
-1091910912.0
1009900672.0
2045459328.0
1244434176.0
-260640592.0
-228507424.0
-403862272.0
1718121472.0
2015295360.0
-356976032.0
370668192.0
-1840338048.0
1530500992.0
840160192.0
2045437312.0
-1183365632.0
-1923404032.0
1645446912.0
16739692.0
-424493184.0
1223955584.0
-1577688960.0
-992718656.0
-604959424.0
1971182976.0
45870648.0
-496431936.0
-1628527744.0
582130304.0
-1211525760.0
-1041684224.0
-1163510784.0
-1811441408.0
1073285248.0
1601630592.0
1322268160.0
-164737632.0
-1643156736.0
61454348.0
1010653760.0
-1682721152.0
-587357504.0
-1933408512.0
1363516928.0
146701040.0
26145038.0
5242493.0
379868832.0
-11841800.0
1373339136.0
-1592820864.0
-1882165888.0
502470368.0
-1433234304.0
-1079008896.0
-1694992512.0
1563679616.0
-33010540.0
2117357568.0
-2126724096.0
1731983104.0
-2045592192.0
1048308672.0
733432960.0
667451776.0
514758432.0
-1173767680.0
772197760.0
-1904491136.0
-2065372800.0
895458176.0
-1932545024.0
1392912000.0
1644741120.0
-975774720.0
1105380736.0
-1711400192.0
3234858.5
367725760.0
-511411712.0
579718656.0
-2089437824.0
220320752.0
975831040.0
-1766924288.0
-2053181184.0
-175417040.0
1853149056.0
-1736180480.0
1310268416.0
52704416.0
-388121184.0
479658624.0
68873768.0
356645888.0
995712832.0
1471825152.0
-1220986112.0
2129625088.0
906818816.0
1697025408.0
-410208384.0
-2001309696.0
1889318656.0
-4660158.5
-1284556160.0
748240192.0
558753728.0
-222495168.0
-1348794240.0
1628505344.0
313477472.0
1261776896.0
-996101504.0
-271852352.0
-351621568.0
-1461563520.0
-374756672.0
1861455104.0
-1197542400.0
974330752.0
945166144.0
1284822784.0
992993280.0
648072832.0
-1693790464.0
2096914944.0
1956275200.0
839619968.0
-395453312.0
1075335680.0
811467456.0
209167408.0
2039649408.0
-1108376960.0
-2117739648.0
1377823104.0
-2035338624.0
1288507008.0
-1612569728.0
-1764397440.0
1584413952.0
876206592.0
1302693376.0
1459262976.0
2005006464.0
-1183901056.0
-971453312.0
244060736.0
135192208.0
1528526208.0
-988001216.0
-801100864.0
-1380393856.0
-204177792.0
-868543872.0
-1431003904.0
-1480862080.0
1387018240.0
214413648.0
-546068672.0
933738176.0
1616646272.0
-98895856.0
1223037056.0
450956576.0
940132096.0
834918400.0
-1156480384.0
674491328.0
-1701705728.0
1265687808.0
1493942272.0
2072536832.0
-205277696.0
-1780999680.0
-792352704.0
349138336.0
-1364542720.0
1728011648.0
-605883648.0
1831478272.0
-2129993088.0
1127147136.0
-79625752.0
-351730176.0
1360912000.0
-1002690816.0
2078348672.0
-2145032192.0
-1081137152.0
1058013696.0
556236992.0
187357040.0
1065613760.0
1440205312.0
-316596320.0
1497958528.0
-419844640.0
-1723597184.0
-431433984.0
1286430336.0
641115136.0
1121444992.0
387177856.0
1199723520.0
760880256.0
-548645376.0
-1793402496.0
-1545471232.0
682777664.0
-1154641024.0
-747327936.0
-1802903808.0
-312037344.0
680242176.0
-247822544.0
1805685632.0
1584535168.0
1542777344.0
-334491040.0
921014848.0
-1855909120.0
2106149632.0
-2066336000.0
897329216.0
966902784.0
-1266896768.0
248043648.0
-748986944.0
-2004707456.0
-1060216448.0
-1580567680.0
1046067392.0
671654528.0
69533904.0
-468271680.0
1087895296.0
1974541696.0
554370560.0
-1983985664.0
502353888.0
2128109568.0
-1116472960.0
-941288768.0
-2042070656.0
1437006080.0
1865072128.0
-1743950464.0
1364200320.0
-1038956160.0
-1962843776.0
1562552704.0
1447388032.0
435160768.0
-1705801344.0
697804544.0
1626826112.0
-942144512.0
-599174272.0
1685782528.0
1318402688.0
921174848.0
1103632768.0
-1234633984.0
576925824.0
-2013867392.0
-526565600.0
-320084960.0
31897732.0
-1082656384.0
-1168308992.0
1689125376.0
177466176.0
1888879360.0
-634559424.0
1608053504.0
1560012800.0
-1514501248.0
-2061575040.0
-1427155456.0
1782707456.0
-1396641792.0
-150626336.0
742153280.0
658511296.0
-423536928.0
-2058817664.0
873423616.0
-1265938432.0
-245597248.0
-1735480064.0
-1115092224.0
-321746784.0
1545140096.0
-1206922880.0
1780053632.0
-1798413056.0
1507040256.0
-1712160512.0
-1526455808.0
-2026698368.0
-196066768.0
-1682417664.0
1763828224.0
-815781056.0
-482462528.0
-1670970112.0
943430912.0
-1964984.875
-850823872.0
-345197696.0
1515820800.0
869737792.0
-447189024.0
-982602240.0
942010176.0
-542905088.0
616230208.0
1698934400.0
-351636896.0
1208550528.0
-1459695744.0
-1787484032.0
-1082164096.0
-2020657920.0
1462282624.0
625021376.0
870452736.0
-437671488.0
927638848.0
-1019480064.0
1820825216.0
-1803768192.0
-1747542272.0
2000429440.0
-933267136.0
-1992506368.0
237777024.0
-823398784.0
-800410432.0
-925447040.0
1080596992.0
-1973849728.0
-1509135104.0
-1270537088.0
-1761614848.0
-1035547712.0
-726412608.0
-521821792.0
-403282112.0
-1866381568.0
-1738867328.0
1865528704.0
-550476864.0
975108032.0
-350969312.0
1266420992.0
-654726720.0
2049455616.0
-1219269120.0
1407580544.0
-1130076672.0
1721772544.0
-596571136.0
410319712.0
-202216496.0
167659888.0
912910976.0
-570415424.0
715422464.0
499620352.0
1990466944.0
-1127189760.0
-1743806336.0
-1131726080.0
-1067479296.0
-378754048.0
651357824.0
161047488.0
2081176960.0
-989796288.0
-908551680.0
686405824.0
-736409088.0
-1530006144.0
-727551360.0
-1663125120.0
920958528.0
815635328.0
1461369856.0
-1976802048.0
-1743637888.0
-1357053440.0
1009087680.0
-1913295872.0
-2093822592.0
1587820800.0
925452416.0
-1788771968.0
-225753616.0
-1767975808.0
-1983316736.0
337109984.0
-107696304.0
-611489280.0
-440272864.0
1889392128.0
-836292864.0
653588736.0
477065760.0
-1929906304.0
-305416448.0
1561200896.0
-916072704.0
-694876672.0
884163840.0
2061425408.0
1518058112.0
1447826816.0
-1324537600.0
193616448.0
-335593728.0
-1546865152.0
-410178016.0
2042986624.0
-1527972864.0
110447056.0
89732472.0
1467400448.0
1355997952.0
1113340928.0
-216396688.0
892533824.0
332753920.0
395186912.0
1329170944.0
92999720.0
1777545472.0
-909282176.0
-1810955520.0
121079376.0
653169088.0
195921728.0
-80137400.0
-2048579072.0
70735656.0
-1281772032.0
-1855680512.0
2108833664.0
-1540823936.0
1701261184.0
-1707498240.0
118286216.0
945849216.0
-798490752.0
1909379456.0
-410388416.0
979762624.0
-192334032.0
1207979776.0
-900187136.0
-242429872.0
183143392.0
808227200.0
1807719936.0
319908640.0
939470976.0
-1338653568.0
-130687584.0
527260512.0
623256448.0
-2123536640.0
609786880.0
-1506166272.0
-689863872.0
2082910848.0
1560349184.0
-813333120.0
-1908706944.0
2033997184.0
192462576.0
1580514560.0
1449650176.0
178041728.0
-409693216.0
1307277440.0
1607197696.0
1226502400.0
-1389912448.0
1233145728.0
1010285632.0
-205863008.0
547669760.0
-1880884480.0
1091898752.0
-1158459008.0
397181504.0
825140544.0
-852775232.0
1707900416.0
-290153888.0
388743712.0
-1632102912.0
-2139300096.0
1280804992.0
725848064.0
-1935923328.0
-19024156.0
1208875776.0
726203264.0
1586280192.0
-1741441792.0
1965052544.0
-620169152.0
-1743721344.0
700442304.0
-322949504.0
-1163722752.0
-135660208.0
-924504512.0
-348064736.0
-1505035008.0
-1619055872.0
-228841376.0
634180480.0
784059264.0
-1051629952.0
74933792.0
-1491848192.0
1753583104.0
-1430086400.0
731790464.0
-230130800.0
-1119728896.0
-1252846848.0
510858464.0
-598262848.0
277134144.0
-744125760.0
-1388483840.0
-1228835840.0
-140810832.0
-570076096.0
530665696.0
-328034400.0
394204000.0
-1823313152.0
1791878784.0
1812922112.0
-1944260992.0
-1035703680.0
-1125000832.0
539844672.0
-1195501184.0
-307966368.0
220545392.0
-540164416.0
533671872.0
1849145472.0
1861846528.0
-1192668544.0
-680675392.0
702270208.0
1918520576.0
-331740544.0
-1778864000.0
38113296.0
1044856704.0
-298861504.0
-248438848.0
-282874144.0
-226528128.0
-1162766720.0
-1941431936.0
-1746972928.0
-2069206144.0
-7339939.5
-307511648.0
-1771936768.0
2088107520.0
501838144.0
1087254400.0
-209735088.0
-1576495232.0
-1278253568.0
-2042532864.0
-2127738624.0
-2138099968.0
-625628480.0
1037594496.0
1783087232.0
-709689536.0
1126557824.0
682532800.0
-131431928.0
-1392691200.0
2074248064.0
134635088.0
1673818752.0
-1297640576.0
-1172828416.0
1982303360.0
1491267584.0
-168701808.0
-757537216.0
-328250400.0
1819721728.0
-1225002752.0
-776709952.0
1479317248.0
2106364288.0
-1913515648.0
-441512000.0
-1227768448.0
932677760.0
-840518336.0
684297728.0
837063872.0
2077426304.0
1699016704.0
475073952.0
-2128056832.0
-1284571904.0
1054639680.0
1535657856.0
-1809260288.0
-476451584.0
-656483200.0
1328752128.0
-625078912.0
-1591897088.0
1894018176.0
421176480.0
1786934272.0
381530496.0
-740004608.0
1078468224.0
-1888833024.0
655972800.0
695365440.0
1020145536.0
1220283136.0
-417730848.0
1142151040.0
841131648.0
-966199744.0
-1097872896.0
-1086123904.0
-1102221952.0
748184576.0
-2006459520.0
-1180838528.0
611079424.0
-294229184.0
-1429818112.0
28070602.0
-1252447232.0
-1404053888.0
-710156736.0
-1072623744.0
-2057815040.0
339657664.0
1859384704.0
32030276.0
-2129910528.0
-3596553.5
906883520.0
1982999680.0
562622912.0
1326092672.0
-1498078208.0
-141809888.0
-1247026048.0
1186927104.0
-1906798592.0
411959872.0
1958653312.0
379795904.0
541615936.0
-310193632.0
-609111232.0
-1141043328.0
172063920.0
-431193280.0
802933248.0
936610112.0
629401536.0
-2073540736.0
1024197632.0
1410153984.0
619478720.0
1012836224.0
-302302688.0
1899744768.0
1070361728.0
-1521404032.0
-785049216.0
917327168.0
-144103040.0
1564824832.0
1675330560.0
-90011360.0
-943199680.0
524383552.0
905168384.0
-231493472.0
-953302528.0
-1990909824.0
911797760.0
-740777408.0
2052113536.0
-223027792.0
-741140864.0
1215766400.0
-517222304.0
-1412600064.0
-1542012032.0
1055732928.0
635171968.0
-1186842496.0
204475376.0
-222209472.0
-331257984.0
711769920.0
-1183179776.0
6795455.5
-1683836416.0
-1248799104.0
1268831104.0
1463407744.0
1280589824.0
18777058.0
-617189632.0
1052624192.0
-648876032.0
2070008704.0
-1818201600.0
-1655379712.0
-1582023296.0
1546396288.0
2063105536.0
-1968241664.0
1560784768.0
964253376.0
1874932608.0
-601830912.0
-1436565376.0
-120635192.0
1941129216.0
568003072.0
-86440912.0
402957088.0
1597522432.0
-1969832704.0
921820160.0
-1392587520.0
558642112.0
-1606844928.0
1018778624.0
-1141299968.0
-343438624.0
594722176.0
-1330921856.0
-139575760.0
-503908512.0
843781056.0
1951152384.0
436695680.0
-1107529216.0
769957824.0
778454144.0
-371234976.0
-307517120.0
1309073024.0
-1899574912.0
1325075712.0
-1880247040.0
904518464.0
-763858048.0
1994129536.0
1923268224.0
1712378112.0
1462777216.0
126792944.0
1384194176.0
341758976.0
1470549120.0
5808663.5
-1277593600.0
1265088512.0
831238464.0
-378734208.0
1289936768.0
-392405792.0
649761152.0
-450678240.0
-316937568.0
546652672.0
-1352462592.0
-708062528.0
-771514048.0
1734403456.0
-612606336.0
-1837444736.0
1903861760.0
-1045850688.0
-1055303680.0
1259611136.0
190422464.0
-476975872.0
348090432.0
731552256.0
-26530634.0
900920448.0
-1806280448.0
1879522560.0
-1219298688.0
2049928448.0
-1112216576.0
-1413508736.0
1043526976.0
-2033147264.0
-1086012672.0
-1930658560.0
-1368008832.0
-1549255936.0
1049729472.0
59029984.0
-1440666240.0
-1066035648.0
-599531200.0
-1757017728.0
1266282496.0
2032366976.0
-1895227776.0
-837884672.0
184414832.0
847438144.0
-916296960.0
1649827840.0
1452824320.0
1581770496.0
458511840.0
-808315776.0
-938216064.0
-1854472448.0
999321344.0
1847988864.0
-1257039872.0
821537664.0
-1578465280.0
-1319932032.0
1367947904.0
81043216.0
-197619280.0
1330157824.0
918536192.0
2112321152.0
739138752.0
1274960256.0
215099264.0
1584902144.0
-169016928.0
1439203328.0
1374294528.0
-739501504.0
-1796875904.0
1850602368.0
-1540915072.0
790557504.0
-226526960.0
184445936.0
-1713924608.0
2127312768.0
-424038976.0
-123437304.0
1122411520.0
28989662.0
1017596992.0
1997575552.0
1073501824.0
-56216700.0
1435695616.0
-1824884864.0
-1339467264.0
-1690840320.0
-943102080.0
1054842048.0
1973003008.0
-1416723840.0
-435013280.0
-817115.9375
-1196316672.0
185270112.0
-785981632.0
116317488.0
-1331168384.0
2112722048.0
1174446976.0
-631732288.0
-1293713408.0
1060372608.0
90457248.0
312532928.0
-1550190208.0
165776832.0
781923008.0
1628757248.0
1250943488.0
616137216.0
1469398400.0
472500000.0
481482784.0
-232086912.0
-76883536.0
889988864.0
200430928.0
-1027804992.0
100530240.0
-392758560.0
-1922786432.0
-1519157504.0
-648545920.0
1698396160.0
-1360235776.0
764774144.0
-756825152.0
248087552.0
-525924960.0
-1797068928.0
856019712.0
1418287104.0
-233717936.0
1202947584.0
1170940544.0
-101048752.0
-1819657856.0
-102791408.0
667014976.0
-1766197760.0
1203172736.0
-876203648.0
-1720672128.0
-1939812224.0
1711393664.0
-618079552.0
-1170806784.0
883673792.0
9148082.0
-526177952.0
1933665024.0
8298067.0
-501914432.0
239171776.0
1696931456.0
1227481856.0
1928802176.0
-1070470464.0
140656816.0
-1305747712.0
386818016.0
371998112.0
1643669632.0
796914304.0
-717123456.0
-1884422272.0
-1721986304.0
-1371056000.0
-2049318528.0
1514592000.0
226207216.0
-574659328.0
1832629888.0
-2119396224.0
-2022066560.0
-1226764800.0
1271798016.0
226885888.0
579115008.0
-1025365184.0
357497440.0
1622084224.0
-724312640.0
696091648.0
-272992960.0
396269184.0
-737186688.0
-952191104.0
1374321664.0
958274560.0
2119087232.0
1030112192.0
-776690496.0
384423232.0
-915055616.0
-235570080.0
-78724376.0
-687316032.0
708506368.0
-1976230400.0
-416593536.0
480930304.0
-603852288.0
-977397824.0
-1785804672.0
-410577696.0
167796704.0
532825088.0
-932401920.0
-996152448.0
-622363200.0
140892880.0
-2010883584.0
-1420695680.0
1581919488.0
-471288672.0
-1555227776.0
1130652032.0
1727869696.0
1666881536.0
1115201664.0
561872192.0
1026509504.0
549894656.0
1169713920.0
1250513792.0
62408340.0
1000328000.0
-1011749312.0
-592986304.0
1777121664.0
-1197741184.0
-1083089920.0
1391660416.0
2041224832.0
2134727040.0
1680965376.0
-1433839488.0
-158254752.0
-1320185600.0
-1716607872.0
1837215360.0
-1393747072.0
1838009088.0
55408896.0
810984768.0
-1513011072.0
-1155338880.0
346811616.0
-385528256.0
-1668879488.0
-1407586048.0
396425088.0
-1800998784.0
-1321580416.0
1640131328.0
-1832923008.0
1668648960.0
-1806929280.0
367043936.0
-750597760.0
-563438528.0
-1822461056.0
2139001472.0
-1943767296.0
-686160576.0
-1667235968.0
-1207094784.0
1543512576.0
-542777664.0
203216400.0
-674218240.0
-1314892160.0
-787194240.0
-2118611328.0
-1589905024.0
566645440.0
-1872366976.0
59698472.0
-186764384.0
1486268800.0
-1503159808.0
-1456504832.0
-85237352.0
-1597657088.0
939371456.0
272576096.0
-30562624.0
1098973184.0
-208665536.0
-1890870144.0
22965784.0
-1955062656.0
1954423040.0
220364240.0
-2075022464.0
-1260511232.0
1117645696.0
-423855104.0
589805504.0
532946688.0
-795333760.0
1572247424.0
-545824384.0
684304640.0
-1907883392.0
-252584096.0
-29355796.0
800050240.0
-739004544.0
1646180864.0
-1643451136.0
-1162489216.0
-1905309440.0
-182543696.0
-752321536.0
-683807744.0
-1609521280.0
1929225856.0
86122872.0
-1495026304.0
1331268608.0
1298566016.0
1856715520.0
-1440543488.0
1416490496.0
-1392921344.0
588141184.0
-3831175.0
656739008.0
-747496384.0
-1394259328.0
1329197568.0
-826278400.0
-2116466432.0
2019506176.0
1273356672.0
705518464.0
578991936.0
2099583104.0
-305380864.0
-1553632128.0
445866240.0
1057861248.0
548364864.0
-493468128.0
-2005949824.0
-1220215296.0
-1680488704.0
777470528.0
-1512089728.0
1581176832.0
154103376.0
-789266880.0
530307296.0
443494272.0
1910283264.0
-909268864.0
743819072.0
-599658432.0
909966720.0
-1349326080.0
-1282155776.0
589105152.0
1464889472.0
1228294016.0
368480320.0
816799744.0
-393728960.0
-344507936.0
1944754816.0
1758034688.0
393758976.0
198705456.0
-1654123520.0
1398447872.0
-398215552.0
1197231360.0
-1506544512.0
1294787584.0
794836480.0
-1315696512.0
-1504855040.0
-163195424.0
-1473428736.0
1024751488.0
1714961152.0
1770228352.0
2052228224.0
810619584.0
-673702336.0
-592529856.0
-302389504.0
-501637024.0
105309416.0
-1942348032.0
-2024443008.0
1143877760.0
323836768.0
-409035680.0
2026002176.0
-353651616.0
-645518400.0
266883600.0
1252038784.0
326248000.0
-1654401920.0
1218636928.0
1311804416.0
1046673920.0
-165564336.0
-2120100736.0
65700260.0
-920206848.0
-784657536.0
-404264160.0
-817394496.0
1883492608.0
1488768768.0
-1093629184.0
-1974197888.0
1916709120.0
394540896.0
204714400.0
956605248.0
685251904.0
-2074579712.0
-300621792.0
1118646656.0
1378040064.0
-1261668224.0
67219872.0
929514624.0
346943744.0
1905841024.0
-382607136.0
2098560384.0
1528733952.0
-696492224.0
783620160.0
643002624.0
1829828736.0
-351757856.0
-42020836.0
-541587968.0
-219174144.0
-505146720.0
1727701376.0
870094720.0
-1137049472.0
-1314362112.0
-1989255296.0
-1402003072.0
978706560.0
-83249256.0
1529620864.0
-1044267904.0
-1131502208.0
-318851008.0
-652590208.0
724562624.0
388645568.0
1440536576.0
-1580262656.0
505816032.0
864559232.0
-1099306112.0
-1640017536.0
-1192353024.0
1170982400.0
-443565696.0
-151222128.0
-1656798080.0
-181262688.0
717186560.0
1749168000.0
-812593792.0
-433552640.0
-1909149568.0
1500231552.0
-330721408.0
286904384.0
1122319872.0
888976768.0
501328640.0
1585521920.0
1025165760.0
-612803648.0
306575392.0
-828667392.0
2042811776.0
1561456384.0
-1725061888.0
-1529547648.0
1480230016.0
701783616.0
632812096.0
873134080.0
-100388328.0
789452352.0
556810112.0
-1259910144.0
1359411328.0
-1817853312.0
1550785024.0
-862678080.0
-644505792.0
-1113231232.0
1217253504.0
386821216.0
1406354304.0
590660352.0
395524768.0
-1503641472.0
-1809250176.0
1313306880.0
-575622336.0
1980311424.0
-802324096.0
-73937064.0
77965008.0
588196928.0
-10457846.0
920825664.0
-995838016.0
-664763648.0
-506883616.0
1951203072.0
86238104.0
979187648.0
-1302140544.0
-551983808.0
-1658230784.0
-1878777856.0
1257472000.0
2146323840.0
1002948352.0
-1788780416.0
352456096.0
1749438080.0
-1471003264.0
264130656.0
-2112869760.0
570150080.0
702305856.0
621620608.0
-1438192384.0
413616704.0
-999531328.0
546976320.0
-1262215040.0
159877008.0
579457984.0
-536004096.0
1988501888.0
1309669888.0
-1649948416.0
-1169906560.0
167579456.0
1940470400.0
1325399552.0
1314239872.0
980955136.0
-1096935936.0
-210011600.0
-76451280.0
-268392688.0
348400384.0
1979874304.0
1336673280.0
1428404864.0
-89681152.0
1384525824.0
-1701253632.0
1251650944.0
357412480.0
-1871800448.0
1617284608.0
105999328.0
-706721920.0
410977280.0
-216029216.0
673184896.0
790079616.0
-1659677312.0
540356992.0
1838863616.0
-340007264.0
-533251712.0
-563019776.0
-375377984.0
847738816.0
1127609344.0
-1128403712.0
-1600674688.0
-689695488.0
-968188736.0
259668112.0
-1334181632.0
-1379301248.0
-199895488.0
866035264.0
681201472.0
-644546240.0
-1010706432.0
49482748.0
480859392.0
-1265233280.0
1121440000.0
-1039605824.0
1929872000.0
1828584064.0
-2130086272.0
-1638456448.0
213187920.0
396423488.0
1797134848.0
-1952962176.0
1908903424.0
1485680640.0
2092615040.0
-1367205376.0
1929397376.0
81766536.0
1148191872.0
-1563449600.0
-1945589760.0
1694818304.0
2013799680.0
1373623936.0
-258294064.0
-1194981504.0
-858327168.0
-1588455296.0
273583936.0
919769408.0
1840683648.0
-991137408.0
907769728.0
744763008.0
169016512.0
1264114304.0
-909372608.0
1588987904.0
-722526592.0
-464386880.0
-650161088.0
2049681792.0
1386884608.0
-1588584192.0
-471631264.0
1424293504.0
955903168.0
-734915776.0
1563673472.0
-972300288.0
1656713856.0
1779632768.0
802965248.0
-1280913024.0
-605706496.0
-134170512.0
-1431522816.0
-704227328.0
-1132565504.0
-174858912.0
-1297285760.0
-1579221376.0
1716035456.0
-1908602368.0
992031040.0
1481532288.0
-745483008.0
-114411904.0
581450752.0
1772818176.0
-228006048.0
333446496.0
1883168512.0
-1530147200.0
-744602560.0
-1844822656.0
197820080.0
-1896793600.0
-1379139072.0
988601600.0
-1976420480.0
-2091789952.0
1458457344.0
1669014528.0
347623712.0
-1215335680.0
-1660261504.0
-1868930944.0
-841394048.0
-1943399936.0
-1564590336.0
451179424.0
-224033392.0
-706432384.0
1903416320.0
563232768.0
-731880448.0
-1022225664.0
-68844584.0
-1902848768.0
47284072.0
-54632736.0
-1059419392.0
-646508288.0
-541937856.0
-450413152.0
1870634240.0
-1423180160.0
1918555392.0
415308864.0
2146633344.0
-1841755648.0
417142944.0
682733440.0
-1410065024.0
1198125696.0
259958688.0
-315301024.0
1820343808.0
1416877696.0
1700687616.0
1697193600.0
-1115869952.0
423655104.0
680138688.0
-1534048384.0
-1943241216.0
-1626140928.0
782857600.0
1024324352.0
1916665984.0
-978430272.0
-1341855488.0
-1981772672.0
352622496.0
348948800.0
11077128.0
-813853952.0
-846293568.0
2071004928.0
-1905504512.0
1542338560.0
1212796928.0
-201833968.0
-2021152896.0
-1899972992.0
2080788864.0
1197460096.0
1479571072.0
1925043328.0
870405440.0
-1715918080.0
1152390272.0
-1494155264.0
-347957472.0
-1127625600.0
-1658795264.0
-1583494528.0
-811980800.0
-868562496.0
-2101624064.0
1920047104.0
156711712.0
-1754887040.0
828435456.0
8844174.0
-1023668352.0
-1071500160.0
1127510144.0
1069956992.0
1596023424.0
-1735450496.0
-2053389184.0
-941891328.0
248882224.0
1782035072.0
-1412205184.0
-48165776.0
1516748928.0
-424051968.0
-1003408064.0
-770776704.0
1529889664.0
-1792673920.0
1174070528.0
-961226176.0
188556112.0
-541337600.0
789883968.0
603329856.0
876376384.0
517069952.0
-1359215360.0
604043456.0
-227923904.0
1998508032.0
-974205504.0
433275904.0
616125056.0
284362400.0
-947962688.0
104568504.0
617922240.0
-979205696.0
-1278971776.0
-1948807552.0
1236788352.0
220870752.0
-2146418816.0
-2146035456.0
1519634176.0
690982080.0
-1973187328.0
2058853632.0
-1817530880.0
28178826.0
1536275328.0
-2127475712.0
1953328128.0
-1560444928.0
1575658368.0
-1637535616.0
182318000.0
-2117454592.0
-1717827840.0
1726040320.0
-819178624.0
-1723778816.0
-1664472064.0
2043400960.0
639130816.0
122410808.0
-2091189248.0
-413417824.0
-2061244800.0
24818022.0
980246144.0
2059318784.0
-108552088.0
-1657855232.0
78021984.0
-1688425472.0
185395024.0
-2124341120.0
-1374669056.0
-1516532736.0
890137088.0
476002464.0
-819189888.0
552107456.0
-1567261184.0
-496905344.0
-1472653056.0
757582784.0
1931714688.0
749504256.0
1231011456.0
-1411939456.0
-1656547584.0
-234564384.0
1468667008.0
-510753216.0
201863936.0
737851840.0
736734400.0
1822212352.0
1603413504.0
317621536.0
465014336.0
-1301792128.0
-1658599296.0
1159617024.0
-406959744.0
-1630295936.0
1500564224.0
1523812864.0
-1853318784.0
-1920521856.0
1665754752.0
-296403648.0
-643436992.0
1608652032.0
1645812224.0
-1344254592.0
-1583528192.0
-1111671680.0
1444224512.0
1834148480.0
73238928.0
1762215296.0
-357411584.0
-247793200.0
976887488.0
1861412608.0
988313024.0
2138331648.0
109518720.0
-10708990.0
-429071360.0
1566132096.0
376487392.0
-396676192.0
-1860379136.0
1920464128.0
1884631040.0
-508217152.0
2014431872.0
-919436864.0
1469063808.0
-1613453824.0
227982368.0
2076902528.0
153038032.0
-2142752000.0
1540357760.0
1088403200.0
-1041341248.0
284772192.0
457880224.0
-964287872.0
-1746489088.0
25863204.0
-766338368.0
1751447168.0
-559948864.0
-211241040.0
-1593366016.0
-1114002944.0
1677956224.0
395173696.0
985522880.0
1443936768.0
416432960.0
266319056.0
686894912.0
1819520256.0
-1727365888.0
1840200320.0
1660296192.0
-1390506368.0
1413441280.0
-2051813504.0
651074816.0
-1853916672.0
762039488.0
-1502778368.0
-912744256.0
-938553088.0
-575803776.0
1181511168.0
303897344.0
-1159120768.0
265642928.0
-1795309184.0
-1835235456.0
1690373248.0
135717840.0
1151588480.0
-514850592.0
67474792.0
-901907264.0
-1389579520.0
-757598272.0
2050582656.0
-2055755008.0
-24445412.0
-1129498368.0
970304576.0
-569510016.0
-239453680.0
-381604032.0
-862353920.0
2013809024.0
-232029472.0
1414734336.0
-766363264.0
1298408320.0
-93550848.0
-465859584.0
-1378513792.0
-1610369408.0
-614228736.0
-254403824.0
-1109231360.0
1586767616.0
-524786752.0
1471394304.0
739759488.0
-1505398656.0
250918944.0
-164896816.0
881294144.0
190175728.0
469474720.0
890045376.0
771593856.0
1227248640.0
1006629248.0
492079232.0
259579072.0
-1654977536.0
-1404402048.0
-1356770048.0
-1151211776.0
-1316454400.0
1222141696.0
310943200.0
1294024832.0
-788297216.0
-1327723776.0
-907099200.0
-1943192064.0
-528950656.0
918742208.0
1062298432.0
2052826496.0
80536944.0
1644259200.0
1590260352.0
-1892576128.0
1670001920.0
-564486976.0
-1423067904.0
-1674478976.0
-342044384.0
1666988288.0
-63758764.0
765338240.0
814916224.0
-952475200.0
-106973400.0
-339825984.0
969664768.0
-1455837952.0
1164937344.0
-1109144064.0
1343164288.0
2018691840.0
-27844788.0
316288384.0
117630496.0
-1188618496.0
1005563584.0
1942416768.0
1415880576.0
1601808384.0
368674304.0
1576910080.0
427843808.0
-917910208.0
-1566483200.0
-153656112.0
963063552.0
-1931704704.0
1742616192.0
-803570688.0
2017074816.0
-938464384.0
1607215872.0
1665525888.0
-137489536.0
-1103306624.0
1881408384.0
-758978624.0
764069632.0
348398240.0
135398496.0
-757193408.0
-1608191872.0
4732628.0
-1962801920.0
886274624.0
472380416.0
-999856768.0
-2002116480.0
-287400000.0
687125312.0
2104720896.0
388411200.0
1076237824.0
1405175296.0
1847028352.0
1261818752.0
278218784.0
1037532672.0
-1638179200.0
-132973280.0
-1653964672.0
958733056.0
1487203840.0
-379445952.0
37877584.0
1138103680.0
-294420928.0
-1454817024.0
-1543366272.0
-375564544.0
84827080.0
1747597824.0
-1558445312.0
-903574272.0
-1859578880.0
1790364672.0
-1159714944.0
1102828032.0
-1760906112.0
1549777280.0
-2136156928.0
-1142571008.0
1489069824.0
826740544.0
620351744.0
-1231145728.0
386086176.0
1706644992.0
1934007424.0
623251008.0
-1261304192.0
-1773536256.0
17575114.0
1125091328.0
-1300655488.0
961658304.0
-1722231680.0
2090968576.0
1501557120.0
1630017792.0
218490336.0
1854091520.0
313621248.0
-1344876544.0
-1053505856.0
-1901170432.0
-756670848.0
1785127808.0
-288904288.0
74817792.0
-1349436672.0
95276888.0
-921938112.0
-675540480.0
-588356928.0
1654610560.0
-1751267584.0
-1827995136.0
-1134493824.0
1208783616.0
207642928.0
-107013008.0
985967680.0
2000154368.0
-1435028608.0
276040480.0
-990519488.0
-1092802560.0
-1468483968.0
1161154048.0
-1805922432.0
1044691968.0
682772736.0
2078924160.0
64171224.0
767638720.0
1876932864.0
-1075587840.0
-1744363136.0
326199168.0
-2025384704.0
1057556928.0
-1706175232.0
-1868172544.0
-937790528.0
-1181628544.0
-1750989184.0
1466369664.0
-1243889920.0
-1311105536.0
184708640.0
-81227624.0
-611791360.0
810415616.0
854532928.0
1038713408.0
-717506432.0
2103202944.0
-2099215360.0
-2126304128.0
-146617952.0
921335104.0
2030554624.0
900519680.0
-2002236032.0
-632301824.0
-1354690944.0
-1008852224.0
1864703232.0
-1175574656.0
2125157632.0
-753586944.0
-438249376.0
-918331264.0
1882422656.0
-1466195840.0
1932509568.0
-1118115968.0
-1974204928.0
-937471744.0
1983453056.0
860680448.0
-484496064.0
-1370306048.0
-53680784.0
-586861184.0
817186816.0
-1259538560.0
1883162240.0
-1194690688.0
-1935216512.0
1755864064.0
1546246912.0
-287807712.0
-441525216.0
408422272.0
-1079544320.0
-774662208.0
-463054336.0
-21165944.0
479010752.0
464572096.0
602944320.0
-385094208.0
-1882175360.0
-1707822848.0
942248704.0
1929171968.0
-14245050.0
626476864.0
957743680.0
-154278384.0
-643853824.0
-1593083008.0
-1420704640.0
478648928.0
-107741872.0
-986354496.0
-167048336.0
177701824.0
-1853890560.0
-1117348480.0
869476544.0
-2010960128.0
-1665257344.0
1933630848.0
-1321294464.0
-560493568.0
2059199872.0
-1970100608.0
-1998626816.0
-2043852416.0
-971778688.0
1278836864.0
779181312.0
-1450141184.0
-1688804736.0
1009251136.0
1811556224.0
467626528.0
-1895342720.0
260493008.0
1304270848.0
1621127680.0
-198520432.0
-1567804672.0
-92279480.0
-978317760.0
-1016937856.0
1482186112.0
1145047296.0
1503388800.0
-1619496832.0
-1191657216.0
-683648896.0
773370240.0
2118414080.0
-241936704.0
-980454528.0
1105276160.0
1519315072.0
500456992.0
1145942656.0
-1821117696.0
-2029099776.0
266791728.0
793525760.0
-1621092736.0
-961228672.0
1647462912.0
-2055843200.0
1079931008.0
-1205485184.0
-2065276672.0
148149408.0
1930922880.0
-945714368.0
536072480.0
1253222272.0
-1744557696.0
-1629493760.0
988380160.0
-739542528.0
-1015617856.0
-8566587.0
-1234319744.0
1096600064.0
1233776000.0
1344683008.0
490917248.0
789649088.0
1089633024.0
730761280.0
1555386880.0
1367839744.0
1881670528.0
-358802656.0
-1850706816.0
-1633256960.0
-1414997504.0
-675840896.0
1533190144.0
-966816576.0
-1642936320.0
566732480.0
-1927299968.0
-1692183680.0
182203600.0
-705625984.0
672826048.0
-356357632.0
-1810655232.0
715712960.0
-74648816.0
-1635866496.0
1160147712.0
911689472.0
1954561408.0
-258786752.0
-1740746496.0
-2127257088.0
-2007184000.0
-1369710976.0
-1990848256.0
1194246016.0
-655562112.0
-1989576320.0
-709142336.0
-13404501.0
1556351744.0
-1222451072.0
229344304.0
-460001728.0
-1274025728.0
1806585344.0
-1043750720.0
-1085497984.0
-894096064.0
793918528.0
-1202285952.0
919870208.0
1374927360.0
648798144.0
2146176384.0
-1946383104.0
1731031168.0
-1684294144.0
-1760044288.0
-1671685888.0
1039782208.0
756111936.0
1365196160.0
1504378624.0
-1806977152.0
1695535488.0
-1105737216.0
-7630724.5
1078206208.0
-1131589760.0
-314801152.0
1752622848.0
561617984.0
-1155152128.0
-1401532800.0
520118432.0
1137183360.0
1261237120.0
-354971328.0
-551217472.0
-267212496.0
-1690411904.0
-1760048896.0
2043539584.0
-1489037056.0
-1555065984.0
219389904.0
1123969024.0
402510912.0
-5499609.5
248225296.0
-767329792.0
1715718912.0
-1635032064.0
-2095330944.0
35170028.0
1827353088.0
1912506624.0
117592504.0
-307686016.0
482009568.0
1457507456.0
-1175148544.0
1324107776.0
-1793354752.0
1060639872.0
-1188863488.0
-1229639936.0
-1028079424.0
-233925392.0
36505880.0
972260160.0
-1360675456.0
1268448128.0
1072913088.0
-1722733568.0
-2098489600.0
-1730430720.0
-1684057344.0
289577664.0
1602089600.0
1557369472.0
-7725995.5
2106320384.0
675399616.0
718212096.0
858558848.0
-1309539200.0
-17947916.0
736129536.0
1292325248.0
1817709312.0
1432120960.0
667801728.0
-595287168.0
422181312.0
1046844544.0
561626112.0
387525888.0
-916464448.0
900160576.0
-1277798912.0
14994881.0
357567520.0
-259400704.0
395193024.0
1613843968.0
-92187336.0
-814235200.0
-1189830784.0
-1038038912.0
-2089063680.0
-882119808.0
664832000.0
1379960064.0
1398742784.0
-1629184768.0
-477007040.0
765224000.0
957642752.0
1609964928.0
-679343744.0
-262582624.0
-1775581952.0
-1391247104.0
-1969367680.0
911891840.0
-1979882880.0
1421299584.0
-2046321792.0
-398805408.0
-1957770752.0
-1884763520.0
-748268160.0
890156096.0
-711100224.0
-1977184128.0
-1365712640.0
845145536.0
2125632512.0
268888928.0
1141300992.0
1543357184.0
1468590848.0
1996949760.0
728870784.0
-12400861.0
1361751680.0
2079495680.0
-677736896.0
-2059960960.0
-1869327104.0
-1226910464.0
1074111488.0
-1952809728.0
-1558613248.0
1271680768.0
1918166016.0
-1212144128.0
832034816.0
25005208.0
1963656320.0
-1852361088.0
-161692896.0
-923700800.0
-475353632.0
-1633681024.0
131545888.0
925327616.0
793691840.0
1718486400.0
-911704320.0
182928848.0
-609034816.0
-977044672.0
-1755078528.0
2100400000.0
1225193984.0
41599536.0
-318055680.0
-1310089216.0
1732192384.0
719047424.0
-323812992.0
-1797952768.0
1764478208.0
-1619519872.0
-645412288.0
-820783616.0
1860195328.0
-333477408.0
-841425472.0
453026272.0
1126125952.0
-1987762432.0
1456415616.0
-1832941696.0
-429884512.0
354169920.0
1920266496.0
-1083361792.0
457587744.0
1031996992.0
1160152320.0
1986716928.0
-1493394560.0
1884129664.0
2113572736.0
1818403584.0
-648974016.0
-1137765888.0
-1311991168.0
1520638720.0
503140544.0
-69103104.0
-1758610688.0
-1372607488.0
-1628125440.0
1942620416.0
240692048.0
-437394016.0
454595648.0
1208362368.0
-1267410560.0
-2143627136.0
-171910336.0
1790404096.0
2097193728.0
-241230656.0
495267200.0
-1435042816.0
263876032.0
-1304408704.0
2051113600.0
1000250624.0
-564902336.0
1040629248.0
-1088387840.0
2006382592.0
-315324512.0
-1960392576.0
1912097024.0
-1917427968.0
-257322816.0
1614654592.0
-1397053056.0
917554432.0
1518383488.0
-464921088.0
-661059200.0
257553424.0
-1047632320.0
-206048720.0
-921028672.0
-1563467392.0
-193775952.0
-1381599744.0
1683689472.0
-1808576896.0
218689856.0
-1027724160.0
1225555072.0
-1675861376.0
-1896255744.0
-223727104.0
-1949074688.0
938608768.0
797888832.0
403644384.0
-1251355392.0
1757085696.0
642465344.0
2146888192.0
-1029435968.0
-1755640576.0
-1906108800.0
1424213376.0
210037488.0
459002752.0
-1580168832.0
-1368227456.0
893729088.0
2001477248.0
505500384.0
1436833536.0
-1034978048.0
-329043776.0
2008067840.0
897196544.0
1110631040.0
-973345216.0
1908662272.0
-1756318976.0
772917696.0
-1378097152.0
99174672.0
1538305792.0
293054496.0
1583397120.0
-591820352.0
-670834240.0
904618048.0
-2000007808.0
1035722880.0
-1774529664.0
2093033344.0
1703793024.0
-394747168.0
-588448832.0
2043944192.0
-783369600.0
-1096235520.0
-1158704384.0
-382593984.0
-365970208.0
1077609472.0
-364103456.0
373578880.0
-1602621184.0
2042554752.0
98598648.0
719298112.0
1421830016.0
-583798016.0
-379396544.0
191298112.0
-11671070.0
-1801537792.0
-608438528.0
1004667776.0
-1487156992.0
1622971008.0
683010304.0
83008624.0
863790272.0
-1994130944.0
-1574415488.0
536226016.0
2061161984.0
-1356167168.0
-631739584.0
-1141284736.0
2107522048.0
1794410368.0
-1141557248.0
1904579200.0
-1810939392.0
-40256476.0
-551467968.0
1633538432.0
-1694660480.0
-809117120.0
-224163872.0
-1332934528.0
-2046803584.0
-154522912.0
-908313152.0
-1877164544.0
-1893636608.0
1805954944.0
8367471.5
-2137340544.0
-56674660.0
1787913088.0
427253568.0
1843310976.0
1425267456.0
392239040.0
456301248.0
-776630080.0
-1907638144.0
1012234368.0
-49143532.0
-326636320.0
-1492815232.0
-901069248.0
-374417984.0
876626688.0
718773824.0
1642311168.0
1842869632.0
-172508528.0
1896168320.0
2007190528.0
-598487168.0
146028784.0
-117168120.0
1789799936.0
66256576.0
-586104640.0
-1949471744.0
-411220768.0
-528379040.0
2011195520.0
1023893248.0
1877484032.0
-53483640.0
-1637233024.0
-1125662336.0
-765927232.0
1224324480.0
-100165320.0
1094023680.0
122565608.0
449982240.0
-1713255936.0
1970354688.0
-294373824.0
239608368.0
-1639945472.0
-577277504.0
1011587264.0
923778368.0
-1750175616.0
757606720.0
1123544832.0
-515435840.0
-926014848.0
1739699712.0
1605316224.0
-2107685120.0
59283704.0
-172725504.0
-1067518272.0
-735207808.0
-1513147520.0
-25507084.0
-293972928.0
-1148206208.0
160776528.0
-1731360000.0
487248256.0
-1880682880.0
-1861978496.0
-441667584.0
-657027008.0
1099069440.0
-257989552.0
1711651200.0
1262482944.0
-1652575616.0
-377269024.0
794897920.0
-999820544.0
889316608.0
-126889064.0
-1853234816.0
1998388224.0
-1277664128.0
-2136970368.0
424645792.0
2056498048.0
173689360.0
892155008.0
-1024821824.0
1292910208.0
796198208.0
-102245656.0
989013312.0
-111528528.0
2075741696.0
1974354688.0
-179141584.0
-2033774848.0
1025287680.0
-35535876.0
-1446773760.0
295662528.0
-683595712.0
214667216.0
-1915819392.0
-836980032.0
-390678368.0
-793566848.0
-866974272.0
726060672.0
-447554272.0
-2057948800.0
-151595744.0
1151080320.0
-1327792640.0
-815266368.0
-562494848.0
-251482096.0
-1163558528.0
968010240.0
-311820832.0
1349474432.0
-1692455168.0
-1056561600.0
-1229262336.0
-1794143232.0
1842136320.0
1369725568.0
-1784761344.0
-45529488.0
1529718912.0
-98133904.0
-1667853184.0
889707328.0
-1856457472.0
-361306368.0
1845068160.0
-849021696.0
-1041577664.0
1396325504.0
-1831621632.0
-607692032.0
1051516544.0
-993442496.0
1777514880.0
1002098752.0
-1463177856.0
474555808.0
-696897280.0
-344722624.0
-1865642240.0
1229540096.0
357025824.0
1951005952.0
1698263936.0
638318144.0
-1408266624.0
562367936.0
-1783101824.0
-2059955840.0
17521658.0
2124704256.0
-1715317248.0
-1118312704.0
-469224192.0
-741613504.0
699740032.0
-263461392.0
-1855608960.0
1971109632.0
-1052337984.0
-1629211264.0
1046220736.0
-1033796992.0
1859061376.0
1186056064.0
-1932961152.0
-1487459712.0
-1390988928.0
-1192869248.0
1982265856.0
-193580464.0
-1037781696.0
-331862752.0
-2108331520.0
-244922528.0
-1974920320.0
589217920.0
-1260796416.0
-2003456000.0
-474490976.0
1520763904.0
-1935002752.0
-1785814784.0
1189481088.0
613573952.0
1175953792.0
-1831725184.0
-536739104.0
-139728576.0
-989267776.0
-1679940992.0
1001436416.0
-572067136.0
-144357760.0
-1638409472.0
1345037440.0
1782003072.0
864631104.0
1549202048.0
-1729874304.0
1977699584.0
-294625792.0
-694229312.0
579177344.0
-1843173632.0
-46979920.0
1049705216.0
-140400944.0
-750850496.0
156999584.0
183334912.0
-897062016.0
-1952271616.0
1092265600.0
179969280.0
1636164480.0
-1951098112.0
916949056.0
-120398800.0
1795539584.0
-1144406528.0
274452736.0
1112192384.0
1144757760.0
978946688.0
1336637184.0
-1198395392.0
-1687996928.0
259794592.0
-8232549.0
-717394560.0
-1719236224.0
-117896968.0
-2143736576.0
806449088.0
1489643776.0
1820869248.0
-537942144.0
-1011735360.0
-1735465856.0
-1393659776.0
833848512.0
-1443649408.0
-152092512.0
-413916992.0
-1196107520.0
-1873271680.0
1528530304.0
-1953913472.0
-1037183232.0
-138627152.0
1576595456.0
783162048.0
-799366272.0
-1742975488.0
-1005856576.0
82461056.0
-806617472.0
1943687296.0
-144615952.0
-331039584.0
1978870656.0
214775168.0
-23077846.0
-878140160.0
1250505088.0
-100466784.0
365594976.0
-1057776512.0
1722958848.0
1608522752.0
-665904960.0
1439361152.0
1648502656.0
-1201729920.0
700749376.0
-459447072.0
655395520.0
-852200704.0
195079008.0
-209023744.0
-278675488.0
297397216.0
2033215872.0
231683632.0
1517775616.0
-546571200.0
1197443456.0
545479040.0
821352576.0
443223872.0
619600832.0
305289120.0
-2044056448.0
-1197672832.0
-469221024.0
-2092936832.0
131671464.0
27992862.0
1973781120.0
843052800.0
-691997568.0
449764352.0
399837536.0
52828620.0
-123184128.0
-966699200.0
-30442354.0
-465832000.0
685216128.0
964065728.0
561726272.0
115898856.0
-765551296.0
1350829312.0
-728878784.0
-780799552.0
506809440.0
132048872.0
-400253632.0
-926947456.0
63099272.0
-1730609024.0
-1895704704.0
1108076160.0
-1165965696.0
-1864404736.0
-1394404480.0
-1517577728.0
1222096000.0
-467181760.0
-742007104.0
753622208.0
666764992.0
1301326848.0
1050820096.0
-769873280.0
32653582.0
793893760.0
-1909564288.0
-1152464128.0
6821594.5
1181006080.0
1159542528.0
1157239040.0
-649878208.0
-750480128.0
488074560.0
-371298176.0
-290380032.0
-792605056.0
-1977637376.0
704927744.0
1048215552.0
1817794176.0
986710400.0
-12548972.0
-1449048960.0
1527625472.0
-815717888.0
1029603392.0
-25549738.0
206517280.0
-1781902720.0
-606472000.0
1489093888.0
658564160.0
-139398112.0
873962304.0
-1456069760.0
-384384832.0
-2123498240.0
1549072640.0
-352524096.0
-1406303488.0
337040064.0
678207808.0
-760142208.0
1948092544.0
-898384448.0
1768583680.0
-1443010688.0
-925401792.0
-744586304.0
-1843523584.0
-1302304640.0
-619519936.0
-1687744896.0
-1532002176.0
-65178492.0
608327296.0
-1129148928.0
-2014988672.0
-180841152.0
-291349184.0
-1391465344.0
-1135159936.0
-747164224.0
1903767296.0
259336048.0
-135091968.0
28534888.0
-573975552.0
1929983744.0
-1095689728.0
-1200943744.0
-342906144.0
-523719808.0
1081776512.0
-442950208.0
-211196640.0
140116816.0
-1271472256.0
1523545216.0
649097088.0
896792832.0
1368428672.0
1763574912.0
272967168.0
66118284.0
-80470552.0
702401088.0
2034614784.0
373544192.0
-609044608.0
1358141056.0
1563586560.0
-7655123.5
-204053760.0
-1307788672.0
-997330432.0
-738402880.0
-1217741568.0
-375916032.0
1245280512.0
1357860096.0
1932981248.0
28607708.0
1208562432.0
-1005116800.0
969702720.0
1975651328.0
-76520168.0
468002112.0
-1517524736.0
1572948096.0
-363431488.0
-114822640.0
-30088420.0
-614897728.0
-1462482688.0
-428536160.0
-1599145984.0
1598826880.0
2073394944.0
-1131045632.0
-2125481344.0
-710831936.0
-1599077760.0
-572728256.0
-989130688.0
774768960.0
-1149427712.0
772125952.0
-2086601728.0
395995488.0
90694656.0
-1873638656.0
1158760704.0
438792352.0
-1232311552.0
380333056.0
-1716796288.0
1007789888.0
487347424.0
-199591456.0
445416608.0
1134053888.0
-1835934976.0
-1815196288.0
-1534750080.0
-2038050432.0
1190289024.0
920171904.0
-779171776.0
766963648.0
-4869832.0
73717368.0
1666987776.0
473942592.0
-1009452544.0
1363655808.0
1837023872.0
-876444608.0
2036457600.0
875773568.0
497646176.0
-2079137792.0
-1957382912.0
-2101290112.0
-1904041984.0
1402060672.0
2138660608.0
1206181760.0
826115584.0
-1640836480.0
528954400.0
1284518528.0
1456704000.0
-439019712.0
1600929280.0
-387067360.0
416262432.0
-431302240.0
-499129888.0
2006068864.0
2020771328.0
-943512576.0
-246047872.0
1115653632.0
1698699136.0
-1350930688.0
-1316394752.0
1576996480.0
-411059936.0
138710912.0
635383488.0
-1291562112.0
-448830432.0
-1446925440.0
-1366654976.0
-2027609472.0
-2011921280.0
1330381952.0
-1923587200.0
-66172476.0
1179217920.0
1334299136.0
-799930432.0
2055970176.0
627430912.0
-138173824.0
1553921024.0
1373169664.0
-49066032.0
-464376320.0
2002541696.0
1753751040.0
-1103715456.0
1512281216.0
1893539072.0
690021248.0
-1333745536.0
-1670314752.0
10032434.0
312390464.0
1234410880.0
1753399808.0
-1846496768.0
1331497216.0
1767226496.0
-462578688.0
1832870016.0
1907378304.0
667905792.0
-882094464.0
-898688896.0
-1922013440.0
824400448.0
-504513280.0
-570495872.0
322859328.0
-1150074112.0
-1455997568.0
1255919360.0
-1739902720.0
282602048.0
2022687616.0
1455005952.0
1313028096.0
1666960384.0
-1141662080.0
-1545982976.0
932493184.0
-764905984.0
-417157568.0
1882545152.0
-1840077056.0
503799616.0
-163123056.0
301857984.0
189408832.0
276677856.0
1868832000.0
1029886016.0
175224672.0
228225040.0
833393408.0
303409280.0
1454568960.0
1966000896.0
-113993040.0
-1531105920.0
1207160320.0
1995604352.0
566652608.0
2052407040.0
-1581963264.0
-2017908224.0
-1252233216.0
-782415872.0
-2027755520.0
-1846787200.0
-1282773632.0
-353845504.0
629575296.0
-693283584.0
-1364840576.0
2133501952.0
1059433280.0
-2073586048.0
1455018880.0
1910924544.0
-16002282.0
-537656384.0
461325728.0
-549323968.0
-1251063168.0
1230709632.0
-1881371136.0
1688719744.0
576906048.0
-46627012.0
1344330240.0
175597136.0
1675227392.0
1856022144.0
-193006960.0
1535409152.0
1289007104.0
1307767808.0
-110010848.0
-1788266112.0
-210546256.0
-1116992128.0
460341440.0
-1350162304.0
1399866240.0
2079788032.0
1779242752.0
1819739520.0
253017552.0
-184144976.0
-1265606912.0
1229293312.0
-852773376.0
2136199296.0
1903754752.0
-1019002880.0
908509376.0
-656196800.0
1754466176.0
1402067200.0
-2112662016.0
-1168273152.0
204092192.0
-1363087232.0
-422565312.0
-14125098.0
1189782656.0
-736986944.0
-1308985216.0
-756757696.0
-66445044.0
-1802908544.0
-1068687360.0
-1561815936.0
-1217533312.0
-979827392.0
-1990394880.0
1879818880.0
1564181120.0
-450625440.0
-1334761600.0
-1440587136.0
-231642496.0
807965312.0
-1121710080.0
1312507776.0
-1261840512.0
275662496.0
1126003712.0
1201577472.0
-174840272.0
716291648.0
-849172416.0
-1926454784.0
537978432.0
1990536960.0
1166487040.0
1080982016.0
1723227136.0
-1134609792.0
-23357240.0
-1876694400.0
1043938240.0
2008772736.0
930512000.0
1877105152.0
740954432.0
951081920.0
1433932032.0
-187683904.0
1371590528.0
1161826688.0
1608555904.0
-494398112.0
-1238037248.0
-1633308544.0
306762272.0
97943032.0
-1574065024.0
310959136.0
-162442176.0
465352128.0
1443465088.0
-162179488.0
1911930240.0
-528770176.0
224541888.0
53518572.0
-46969380.0
-1893031168.0
647985792.0
737259456.0
664443456.0
1341735296.0
595515776.0
661151488.0
1186410880.0
398755040.0
1592872960.0
-1415107712.0
1693677312.0
-379724768.0
325765184.0
-1997929472.0
45246352.0
402304160.0
581891072.0
-1433089408.0
-1887146880.0
-223143200.0
1254679808.0
-2064516096.0
-1932872832.0
-141866928.0
-782005760.0
1712842112.0
-179513856.0
977329152.0
-1322119680.0
1496055808.0
-1258006784.0
-420118240.0
-841780800.0
-980534848.0
-1583473920.0
1725854720.0
1506797568.0
-979610560.0
872813568.0
-590824384.0
-441846112.0
1968429824.0
1785395072.0
-15288746.0
568129408.0
466779104.0
1757896704.0
40509392.0
1689025152.0
1763934592.0
1378539264.0
1828606464.0
-264628496.0
967825920.0
-1293554176.0
835267968.0
-450935776.0
175477920.0
1198846336.0
-548374080.0
-1993106816.0
1804821120.0
755976960.0
67211344.0
1235396224.0
1603119616.0
-1926875776.0
-1500048256.0
-1264545408.0
1767649280.0
1154934400.0
-2093174656.0
-679890560.0
-531184160.0
1555256832.0
201267392.0
-220599280.0
-1544876800.0
-45937576.0
71399592.0
75321584.0
-1543356288.0
-1110503424.0
-1047511040.0
2081245440.0
1975191808.0
-1720408448.0
1879804160.0
-153860448.0
-36600428.0
-1305260160.0
46072780.0
1309103360.0
-342691200.0
-1211437312.0
-1111318656.0
-228117776.0
-1959491584.0
1115334272.0
-985220672.0
161085296.0
-590605952.0
-527392992.0
-626717888.0
586609792.0
1912041472.0
-1958941056.0
-1126018432.0
-1697344640.0
1313780096.0
1003001344.0
-2108224512.0
-298993664.0
-766069248.0
588431680.0
434688160.0
1554878976.0
-2028302976.0
-2103292672.0
1799573888.0
1585842688.0
-2023447040.0
-1634859904.0
-528005504.0
-1463042048.0
991163584.0
-493304224.0
2090447488.0
-691599296.0
143411344.0
2138941824.0
1760619264.0
69421600.0
1658011008.0
1905861120.0
943856128.0
1778047744.0
-1410864256.0
1327841280.0
-1515515008.0
-354689280.0
2082861824.0
726326272.0
2032876544.0
-1950605056.0
-849499776.0
1682361856.0
-751059904.0
-197018128.0
588106560.0
626848832.0
143862096.0
-874909888.0
1212725504.0
1463777152.0
-232447504.0
-1775810944.0
-1419496320.0
1710219008.0
-1101080064.0
64783516.0
-1858619520.0
-1518616448.0
252539680.0
-1667354112.0
-674722304.0
-626730560.0
856548032.0
435353408.0
2064854912.0
-83696584.0
1438621696.0
2059420416.0
1939020800.0
-2138851968.0
1189447040.0
395042240.0
-688682048.0
-266279440.0
-1318265728.0
-1025284992.0
-467582176.0
966345792.0
-2686280.0
-1552753664.0
-1597683584.0
909662208.0
-176494416.0
-1437016192.0
327903040.0
1933781504.0
612320768.0
-2011351552.0
371714112.0
714275200.0
851447232.0
138331440.0
-273987392.0
-159771744.0
170852800.0
1357702144.0
-1511603456.0
228727248.0
-467954656.0
-908857344.0
1852037760.0
125629568.0
1214043136.0
1311908864.0
1682895232.0
-2111295232.0
-341596704.0
2108120960.0
1751065472.0
-1993806976.0
747289856.0
1722615808.0
-1703229696.0
552880960.0
477149472.0
-357186592.0
-1753243136.0
283407584.0
1114498560.0
-1706975104.0
-1541631104.0
-330477728.0
-224459856.0
766270592.0
-817039232.0
-1121973248.0
1192367104.0
484114048.0
1431385344.0
86201080.0
635961344.0
-586523712.0
-2068101504.0
-1476031232.0
1791858944.0
-245992976.0
511854752.0
1305977984.0
-237044128.0
1023959424.0
273094336.0
-636460992.0
-1418166144.0
-1503767680.0
787434880.0
387760480.0
596815296.0
2097587840.0
-251084576.0
-58391948.0
-2112854656.0
885467200.0
-1755420928.0
416862496.0
1970328704.0
-1681208192.0
1302513280.0
-1415009536.0
395166784.0
1588990080.0
995865536.0
442480512.0
171819984.0
-1039377792.0
-311530944.0
237342352.0
-1302093952.0
107291760.0
-1440076672.0
-1440800128.0
-2064278912.0
-1156791040.0
729236928.0
243957408.0
-795910400.0
-982555712.0
-1305062272.0
4756947.5
1327271552.0
1747847040.0
459132992.0
1131426816.0
1566190976.0
-1958161792.0
-2004305280.0
-2137156608.0
1169794048.0
1302415232.0
-321030944.0
943169792.0
-1361045504.0
-2012548352.0
1625741952.0
418014944.0
-1870349952.0
142227808.0
1530433792.0
-899561088.0
1250789376.0
1119496320.0
344887168.0
1692949760.0
-1324406272.0
-737338112.0
310089344.0
-1925207040.0
124428376.0
1297394816.0
-692036160.0
1122852992.0
1165711360.0
-2071540224.0
-269039648.0
416957024.0
-2122130176.0
1326758272.0
-1551037184.0
102762864.0
-884039808.0
556154048.0
-1148762752.0
567344896.0
1572658944.0
1077885568.0
1419454592.0
101262368.0
-818308480.0
2025548160.0
1999412480.0
-103300488.0
858551104.0
896426240.0
1803530112.0
972263488.0
-1491309312.0
1855476096.0
17485646.0
-2001073920.0
-1899578368.0
-770944384.0
1781289088.0
231238400.0
-701003392.0
1854196352.0
-1461259136.0
517451552.0
-1261607168.0
-159985904.0
227924832.0
-710187840.0
2009284608.0
1589754368.0
329614400.0
-1636560000.0
2046054272.0
1241234304.0
-478936384.0
-696464576.0
-270330080.0
-711153152.0
1029021248.0
-949159296.0
2117497088.0
656003328.0
-428138464.0
-1168949632.0
1435037184.0
1680200832.0
-772206272.0
2024320768.0
-362226400.0
916006400.0
675402560.0
-1563420416.0
-1904566784.0
1498255744.0
1079346944.0
174144128.0
437278112.0
211692000.0
508222496.0
2029158400.0
2076863872.0
-138488048.0
1561006208.0
-1383438464.0
-1141237248.0
1311043712.0
-1723177344.0
-1918228736.0
-2096188672.0
1340008960.0
-670418688.0
1248086272.0
-429840128.0
-1807882368.0
688142976.0
104997680.0
1208970880.0
1222167296.0
-950946752.0
395759232.0
1295632256.0
-915750976.0
662794176.0
830288896.0
1959066240.0
-1939154176.0
1349570432.0
-173577.796875
152455136.0
1117028096.0
-1806169472.0
714212352.0
-1065379840.0
-389986176.0
1158020608.0
-2043750016.0
-1125045632.0
-1795450240.0
8954208.0
-373015808.0
-100687256.0
126365536.0
-814425984.0
510728928.0
-303213120.0
-180954896.0
2125154688.0
-1645530240.0
-1910339456.0
-1108882432.0
201988992.0
925105088.0
1820648704.0
-1005056640.0
-1029418752.0
2057047040.0
-1468126208.0
1676360576.0
1069691776.0
968130944.0
-1456869632.0
979743360.0
-456948672.0
1962902912.0
148187664.0
849718912.0
121762664.0
-720875584.0
524427008.0
1188828928.0
907944960.0
-902649664.0
-2144278400.0
1254889856.0
-25992282.0
1498311296.0
-1600089088.0
-979932544.0
402290144.0
364775264.0
445902528.0
571518336.0
-762832320.0
133113848.0
-1355600512.0
1465306368.0
-653287680.0
-1588766976.0
1919125632.0
822727040.0
1360503040.0
1840227200.0
1453851520.0
-234326992.0
-1602758144.0
-1312943488.0
-1996307712.0
-1809491968.0
-949875712.0
-874252096.0
564681152.0
-673365440.0
2055283456.0
462305504.0
546792384.0
-1745133696.0
-1500878592.0
250012288.0
2141235072.0
-531860544.0
1825873152.0
-96792328.0
861027328.0
1430052736.0
113518840.0
1768764160.0
2146628736.0
-31043910.0
2050674816.0
1737356928.0
2006893696.0
1014895360.0
-303440896.0
-1805021184.0
755344192.0
204166592.0
-29580518.0
1422898176.0
-395518784.0
-178695296.0
-424899104.0
-162265632.0
-1106441088.0
430172768.0
-1269338112.0
-1661261056.0
393601248.0
1087292032.0
390190464.0
225440992.0
-938728192.0
1387173504.0
-607982848.0
-578320512.0
-1462593920.0
-961551808.0
2022228992.0
-2046956800.0
471119424.0
1322698496.0
779387904.0
290498048.0
1271326336.0
-1207482496.0
933632960.0
186304912.0
942487680.0
1859634560.0
925311296.0
-1350386688.0
1469700736.0
1263697152.0
1340930432.0
1845883648.0
1433908992.0
-776608384.0
218297552.0
-1823285376.0
-1675124992.0
346802400.0
61989920.0
338917216.0
1896175488.0
-1505499520.0
-499475776.0
-1230886912.0
-1423602944.0
-1150242304.0
1097570944.0
1904342016.0
-36792016.0
63539712.0
1451496576.0
-1259528576.0
595821120.0
1712232448.0
-1834099712.0
2025650176.0
-360914272.0
-2084364672.0
1158719232.0
-1759156608.0
9210537.0
1828470912.0
156815008.0
531667392.0
437662368.0
-1985867136.0
-2050688384.0
462912960.0
-1475887360.0
1198140416.0
62251376.0
734491776.0
425449024.0
-1527648896.0
730751616.0
1357794432.0
271469728.0
772920832.0
1700775168.0
-738863104.0
174588752.0
-1413544320.0
-71006552.0
-1684825728.0
-520297696.0
-2083199744.0
1649741312.0
-1067843200.0
-595887104.0
-93616464.0
-975701056.0
-310493376.0
-1869594880.0
1455108096.0
1755725568.0
-813423232.0
-372249792.0
-681264448.0
720708800.0
79599368.0
-125560536.0
1793515904.0
-1499319040.0
71410592.0
2145412736.0
-925498240.0
589802240.0
789995200.0
-527920480.0
-558491712.0
232726992.0
1972799872.0
636278656.0
-1285311488.0
-266273744.0
-752958208.0
960651264.0
568440704.0
157875840.0
-1320960512.0
691740608.0
-1879750656.0
1115857408.0
-62706572.0
-563847104.0
-214453184.0
-1979808000.0
-1244835840.0
1669137280.0
-954813568.0
138436272.0
-2032795520.0
1634382080.0
-1445392128.0
-1655313408.0
670888192.0
1033531136.0
-1492481408.0
-806667008.0
1888384384.0
-1833668736.0
-1471858816.0
-568952768.0
-1602540544.0
-637897984.0
760659584.0
-1454936576.0
470944096.0
219438672.0
-1419819008.0
2112143488.0
1347296512.0
216310848.0
-2065176448.0
-2144547840.0
2096382208.0
137657424.0
-1753405824.0
-596207616.0
-1585544448.0
-405470912.0
-1048403200.0
1455644544.0
-1568869632.0
1687925760.0
223407184.0
-1079058176.0
1102820736.0
1860329728.0
701884480.0
-1451062144.0
1721738752.0
468872352.0
1010297536.0
684290112.0
-1209702528.0
-2116242048.0
-921751232.0
-917447872.0
-1916829696.0
158990224.0
725399104.0
478210080.0
2090046464.0
2111539584.0
-536443104.0
-1994926848.0
232195392.0
-303648928.0
850307776.0
212719392.0
-1851674496.0
1668346368.0
2049115648.0
-2027835648.0
1574574976.0
721564288.0
-670024256.0
-823038528.0
367779488.0
132409376.0
527728608.0
1071717568.0
1633371264.0
-1371881088.0
-1807454720.0
-795073728.0
-1933045888.0
-1450032128.0
1560424448.0
823936704.0
-735033152.0
426526016.0
1316809344.0
-242123728.0
-838703488.0
1433859328.0
-795233664.0
1840143232.0
-799314368.0
1242312576.0
1236348416.0
-1545120768.0
-637952960.0
-922084032.0
1603801728.0
421570080.0
1599840640.0
-124704464.0
-1940287360.0
-200256800.0
1746438144.0
-1872563200.0
-327437568.0
-219503872.0
783809600.0
644092544.0
-870550464.0
376039424.0
371141696.0
-1109175680.0
575386368.0
270032640.0
464436640.0
-1543647232.0
529132032.0
-376411584.0
785576000.0
1776564608.0
505020000.0
-998779904.0
-322636864.0
-668952640.0
-1444091392.0
919217984.0
1381040896.0
-1323243136.0
-319966752.0
-197965824.0
490613632.0
-1818285184.0
338686848.0
-98680.2265625
1437106688.0
1156413824.0
-11715713.0
-371460384.0
1532318464.0
51135076.0
-642783552.0
-275002144.0
-371884672.0
-61564876.0
753485760.0
-738869952.0
1614564992.0
-1144834944.0
1867302016.0
1058539072.0
-456799232.0
1726738944.0
1817583616.0
1288244096.0
-852817664.0
-1549495424.0
-972612288.0
1791957376.0
-262870512.0
1263189888.0
1133681024.0
-289097792.0
1075495552.0
-739541504.0
1445087488.0
599586560.0
-951113728.0
-591656640.0
-278058176.0
1003505088.0
944428288.0
-447232224.0
-1428448640.0
-590552512.0
1743248256.0
779237952.0
-2058922880.0
1220558720.0
1906900992.0
866228224.0
-384534432.0
1787943936.0
-713388800.0
-1389435648.0
-900638720.0
-1714667392.0
1279337088.0
-1792113280.0
-1595162752.0
1413561600.0
88437616.0
1118249856.0
193583232.0
1986665856.0
362049984.0
545226752.0
847758784.0
1966654848.0
76698176.0
1884475008.0
578250176.0
-164624384.0
1070851328.0
-1250817408.0
885249088.0
-1336254464.0
-171486688.0
-1122699904.0
-1746827904.0
-1394427392.0
1930574336.0
1929795712.0
1291832448.0
-1736741376.0
2007079808.0
-197765312.0
-1435579264.0
571109760.0
1085502464.0
-1987817984.0
-949088512.0
-9896011.0
42429500.0
1568164352.0
-2146070144.0
-1908654592.0
487990720.0
-1109421696.0
-1758739968.0
-431894208.0
1819616384.0
-740523904.0
444156512.0
-87760496.0
572181120.0
-2004963328.0
1065612224.0
-555255872.0
1961926912.0
-1497599360.0
973252352.0
216671408.0
1741334912.0
-1895937152.0
-777389312.0
82455472.0
-155284544.0
-1642476800.0
1839038848.0
1880327680.0
1681380992.0
1687563904.0
1334373248.0
-1603930368.0
995519936.0
597120256.0
-459636128.0
-2146409472.0
-2006244864.0
809305792.0
-1107734656.0
-211832576.0
1184410752.0
2119501696.0
195260304.0
-1053606400.0
878561728.0
1654914560.0
-279328672.0
-1944947840.0
1762637056.0
1702909824.0
-790071552.0
-1534856832.0
1341006848.0
-1427556224.0
-1792826240.0
-548223872.0
-1316050816.0
-1161864320.0
-264242496.0
68196264.0
314053760.0
-228422064.0
319735328.0
-203350336.0
936505088.0
46711580.0
20619200.0
-835050240.0
376562048.0
2002761088.0
-1931257984.0
-1151731840.0
-493556448.0
1657710464.0
-935042944.0
-1028656064.0
-1872054912.0
2057445504.0
777477120.0
1369630848.0
-1600014720.0
-1181128064.0
-812680640.0
-1803807744.0
-1719699840.0
165275680.0
275136064.0
-614534272.0
157144992.0
755135936.0
-1069000896.0
-1274739712.0
-1272948608.0
1863731840.0
-1379577728.0
-1953927936.0
1539967104.0
-1268612864.0
1739992320.0
623863296.0
1793905280.0
1008824128.0
1939987456.0
-441589152.0
1394527232.0
127551000.0
905790528.0
1412192640.0
338923840.0
1257808384.0
-1103505408.0
1736553344.0
1467601024.0
-1293902592.0
-540159104.0
808585472.0
-856336192.0
80090720.0
735373632.0
597363264.0
-1806760576.0
-1223888256.0
-434411648.0
-2112336128.0
1910098816.0
-2093483008.0
1149239040.0
-2042377216.0
-941196672.0
1284562432.0
336892064.0
-550489344.0
-158510480.0
-1702437760.0
-1935279872.0
513109920.0
-658494656.0
-1460648704.0
1734601216.0
-231133408.0
614004992.0
202927568.0
-1800458752.0
1679187456.0
1626655232.0
-413377600.0
-382464640.0
581263296.0
758962752.0
-1972693248.0
1446084736.0
-512284736.0
-541262912.0
734421952.0
-1787203328.0
1621651584.0
-1946201600.0
959575680.0
1163490304.0
-635373760.0
404608320.0
1965463680.0
1403674240.0
-220107344.0
-1012631936.0
-1115565312.0
1127806208.0
-71847856.0
1365985408.0
-1308381568.0
-169917616.0
-789125120.0
1213537024.0
532027136.0
-1790621056.0
1931191424.0
-610611328.0
1436942976.0
-385545088.0
-745002304.0
-1585831808.0
1644405376.0
-131570816.0
748224256.0
666474688.0
1582005504.0
1913868800.0
131280832.0
-1949627008.0
1081401216.0
-229370448.0
-1256036224.0
1932970240.0
1709989248.0
-146550016.0
1169616896.0
-971418688.0
704136640.0
85346112.0
1462191616.0
756798464.0
-865379072.0
1272773120.0
314620896.0
-1393695872.0
1318635392.0
-1489653760.0
-1655337600.0
347726304.0
1914719744.0
-87002368.0
-1950929024.0
-964373952.0
-1168159872.0
2035519616.0
209826320.0
960575680.0
-1532418304.0
1726324096.0
-991238464.0
1261346176.0
331617760.0
735423360.0
-479015200.0
-452163744.0
-2087799296.0
-1248473600.0
283112128.0
-958490688.0
1834538880.0
614640000.0
-2085503232.0
-117519200.0
-1113324288.0
-759454592.0
700458432.0
1979062656.0
-1881907072.0
528664416.0
-47964676.0
1835161344.0
-1768587008.0
887819136.0
-123139888.0
1635914624.0
-861317120.0
1613669888.0
-1310148992.0
1972916864.0
1030357568.0
1467646976.0
344204704.0
901070784.0
-1012315264.0
-1201394560.0
2110921984.0
-315119808.0
521217088.0
1473937152.0
74663104.0
68150120.0
966566848.0
-618741056.0
-986343488.0
-350514592.0
1282712064.0
-1466065792.0
138594624.0
1312861824.0
-2014392192.0
-34305008.0
-1737463168.0
1676930048.0
-1815219968.0
-1104921728.0
1321312896.0
-1782002304.0
69920680.0
-1361444480.0
400230528.0
-811173184.0
-921462272.0
-55187452.0
-1344698112.0
1286245504.0
-584722944.0
-1540811392.0
636779200.0
-1445828224.0
-553840192.0
-108365640.0
1864371712.0
-729359488.0
997475136.0
1753552768.0
-1987171840.0
-1253385856.0
-259609280.0
1620135680.0
908894848.0
306302912.0
907198528.0
1131359104.0
260077840.0
-1254429952.0
1747988992.0
999425280.0
477635104.0
-1785870336.0
399830176.0
630898944.0
457021856.0
-2118285056.0
-647465280.0
878570432.0
810650496.0
-158484336.0
434492832.0
-256919168.0
292624832.0
411102912.0
1799898624.0
1626804992.0
1992777472.0
-1908233856.0
-779377280.0
856463680.0
-857776448.0
502373184.0
966378048.0
-1080470784.0
-1196448896.0
-1441833728.0
513236448.0
-67854632.0
1893131776.0
1322827520.0
618979904.0
225859936.0
-1285652864.0
-1637206400.0
1588049280.0
-823976256.0
1284023168.0
-1131389568.0
-1590613888.0
354522592.0
42349240.0
-1606239232.0
-421100800.0
1080050560.0
2124675968.0
346018848.0
1737325440.0
-725746048.0
-1832727552.0
-880115456.0
-1604843520.0
2093993344.0
-175158000.0
-1393703808.0
-1413902848.0
-700125056.0
-702353600.0
1331325184.0
570485952.0
-876745024.0
2030562944.0
1434161536.0
-764946368.0
-247219216.0
1645225984.0
1731164160.0
-1887274240.0
147655968.0
594458240.0
-1891773056.0
-1059998208.0
550038720.0
-1125371136.0
1591560064.0
-1328269184.0
350433056.0
-810638784.0
-1736417152.0
-2111718272.0
693550208.0
-594354752.0
153976960.0
1793142016.0
1528168064.0
715432512.0
-401077792.0
1516675968.0
469118240.0
1286346368.0
1794429696.0
-397336192.0
-1929065728.0
-307993600.0
426252704.0
79712768.0
-1951856384.0
1314897408.0
-2097576960.0
1809841920.0
668219136.0
1769943936.0
1520975744.0
-1715551744.0
-731577024.0
71863520.0
-1482747904.0
462869376.0
343794944.0
-1799274368.0
-1069613184.0
-699407808.0
1764559872.0
-1918621056.0
1361647104.0
1677426048.0
361155488.0
-229387056.0
917365632.0
-409220320.0
1728651520.0
-880385344.0
-1757869568.0
2103131520.0
672842240.0
-724710464.0
-1070581312.0
-1679373440.0
-970224256.0
659097664.0
487290496.0
-1453434752.0
-690301440.0
-1982678272.0
711831168.0
1119559808.0
-1862206848.0
-1706020992.0
1549405056.0
-969455616.0
379149568.0
384733312.0
696037056.0
1299276544.0
-1704625920.0
-120349184.0
-1031728320.0
-67471840.0
1500061568.0
-1777570944.0
580877440.0
-419892352.0
16278561.0
2142728320.0
-358760960.0
-21768500.0
-1417299328.0
483194304.0
-992164928.0
-802692736.0
2139947136.0
-2145441920.0
960263936.0
-1574360960.0
-299187008.0
1434712960.0
1841575168.0
-1470244096.0
-925912704.0
-1862125312.0
215311648.0
-1278084608.0
-968712768.0
354280352.0
474849408.0
-564089024.0
1069586112.0
63916276.0
-2119722496.0
-1138071552.0
-1349489408.0
1120875648.0
1293867520.0
452171168.0
1014529024.0
-888125120.0
-652765376.0
-777894080.0
-1395511552.0
1404621184.0
1591079808.0
-1599499520.0
-706261376.0
-2033158656.0
-280839392.0
-858960512.0
-1763438336.0
497162944.0
-2362370.5
-1864782976.0
-450210144.0
-1041743360.0
499874368.0
481874464.0
-1255754880.0
-1399900032.0
330132416.0
310332256.0
-1414543488.0
1085143936.0
688791488.0
2127064064.0
44142660.0
-1458703616.0
538533568.0
-614334336.0
195262496.0
-1429619584.0
-363785472.0
-644344064.0
1949843200.0
798350080.0
1382473728.0
-1200800000.0
-575203008.0
-1972866176.0
1272213760.0
2110992000.0
1474241792.0
1301498112.0
611663616.0
-2050871680.0
403238368.0
-1063298368.0
-882229376.0
1868847872.0
1721974144.0
880624768.0
1399269504.0
880657408.0
-220493456.0
-1730181376.0
726928896.0
-1297612160.0
958829376.0
-1912991360.0
-951018112.0
-1327569536.0
-1557425152.0
-824694464.0
630743744.0
-2100902016.0
284134880.0
-1994773888.0
929751744.0
177489520.0
972491200.0
565052032.0
1488371712.0
1391172736.0
527658528.0
-1118935424.0
-18661106.0
-896170816.0
1228104704.0
-1633588224.0
1187800832.0
1653941120.0
-1209831680.0
1315354240.0
-538209792.0
-1712021120.0
1463625216.0
1890001920.0
-1112642432.0
-1834703872.0
1562938880.0
2086980224.0
-2090009856.0
882659136.0
-1361948288.0
1336506368.0
-1699208832.0
1186297984.0
-1420463488.0
421521312.0
1444983936.0
-760233600.0
333837184.0
275830880.0
-1405039744.0
-147548848.0
-93212544.0
-519499392.0
2066871808.0
-2142509056.0
1090319104.0
468638048.0
-1291784192.0
-1419500160.0
1151681408.0
1882638464.0
1705650816.0
348444128.0
-595915840.0
-741512896.0
-532682624.0
2123602688.0
-1305866240.0
49119060.0
-339932576.0
1930629248.0
-1171027456.0
1940356352.0
380710848.0
-255763264.0
246676992.0
-704088320.0
1170443648.0
-888422656.0
-1956627072.0
1804241664.0
-1637524096.0
461954816.0
1479532288.0
-1659842688.0
-292456960.0
-2110421120.0
-1416633088.0
152455184.0
-2123748992.0
-1540228736.0
-1868038528.0
-142284064.0
245564576.0
-700074240.0
-1984361600.0
-1961779968.0
1353025536.0
-860912768.0
-660118464.0
1966848000.0
-1546164992.0
1683880064.0
113314768.0
-1306773504.0
2100933248.0
1342538752.0
-386120736.0
-1014050816.0
-62122684.0
-2109893248.0
921154432.0
-747194368.0
496377952.0
840006528.0
-1123416960.0
-762158592.0
-106119032.0
-1781379200.0
2094111616.0
1370444160.0
1228637568.0
1387967488.0
-1763497344.0
-1018131008.0
-1107980800.0
-911743936.0
1761934592.0
-621586432.0
-201375264.0
-218199984.0
-1834588416.0
1115118336.0
-922518592.0
-31552002.0
304392384.0
2034367872.0
893807680.0
1730136832.0
509962816.0
2085352320.0
360848000.0
1687960960.0
1692394880.0
699243776.0
907294976.0
2139866112.0
1392736896.0
-73303280.0
1177696128.0
-2108436864.0
-1276659840.0
-1070354112.0
-1496283392.0
336468384.0
-1067361920.0
-2122370304.0
-1644698368.0
-1020308544.0
-870048320.0
811478656.0
1759946112.0
-750832704.0
-1058728448.0
-1682770560.0
437633536.0
424893472.0
-1489318016.0
-1658258816.0
1102533504.0
-538064128.0
1613413248.0
-377536096.0
-442535200.0
-256333216.0
-875233472.0
1452967936.0
337525088.0
1650019328.0
-1341928448.0
-569696768.0
640890304.0
1434051456.0
165988064.0
906665984.0
2058264704.0
-1064029184.0
-428245728.0
-1019384000.0
-112980648.0
2094235008.0
-1418007936.0
-2025152640.0
-1583798528.0
-1999163136.0
694779712.0
395615968.0
-1636241920.0
649676928.0
187289920.0
-722564288.0
-971507904.0
-503600416.0
1370881408.0
1097494400.0
-94754504.0
-1165876480.0
699964672.0
943799872.0
-318501984.0
46780444.0
1055395520.0
877421440.0
-18838652.0
-1384433152.0
-181147744.0
805509568.0
1215829632.0
-1629124352.0
-299953536.0
1067086400.0
1202574848.0
1015184064.0
-1563776896.0
547347904.0
483346144.0
-1077927424.0
-391947936.0
1105213952.0
-808861440.0
-1839274752.0
-389212128.0
1784947200.0
1519854720.0
679206976.0
-1309864576.0
1085611264.0
385042912.0
-300778368.0
-129765240.0
1578934912.0
1740455424.0
-1565768576.0
771761600.0
-1291678336.0
-285009536.0
1202780416.0
1052932480.0
-846903296.0
1846813696.0
1671720448.0
1951037312.0
1344510336.0
930571264.0
-1943716224.0
1918034816.0
1331016576.0
-879966720.0
-498990688.0
-1738100224.0
1669592192.0
2122155520.0
390995744.0
-486577056.0
-854152576.0
-104314840.0
-850521920.0
1773627264.0
1218900096.0
951071104.0
1059159680.0
1661293952.0
-1051770816.0
-81046584.0
818707456.0
476071072.0
-433901216.0
-212086384.0
-1863723648.0
-1716244096.0
1563395968.0
-1422341504.0
107368232.0
726086848.0
126319440.0
997809344.0
-110316120.0
-776966016.0
-314606944.0
204430176.0
-488670528.0
1540727040.0
-1957300992.0
-411750464.0
-428429536.0
-1671763072.0
600098560.0
992187904.0
-2089698048.0
-353978304.0
-2056340992.0
-426772384.0
1351620736.0
-1963566848.0
469481536.0
1879621504.0
-1130412544.0
-216557840.0
1127138688.0
-1073847552.0
189168880.0
-1208819968.0
-1391741696.0
264676672.0
-1104442368.0
-1592183552.0
-928991808.0
-1916631552.0
524998816.0
-1419660032.0
-465192832.0
-415154656.0
1186058368.0
640686848.0
1947573120.0
1519923072.0
1471458048.0
-1920890112.0
-1786220544.0
670623744.0
1452294912.0
-1428473344.0
258018976.0
-392204480.0
288350912.0
1436854528.0
-1285817472.0
1241142144.0
-1992409344.0
2039005184.0
-1190284672.0
825658240.0
600445952.0
1019607680.0
-732038912.0
925998080.0
-1036951872.0
646109376.0
877934976.0
1666957568.0
967298432.0
1452441856.0
-663667328.0
-1419322752.0
1486072320.0
1189426432.0
-2066702720.0
-911791296.0
-1584037248.0
247425680.0
599209024.0
-236666976.0
-615703104.0
1474377984.0
106065464.0
-786746944.0
1576073728.0
-2035426432.0
-466938720.0
1671770240.0
-980694528.0
-2055966336.0
-2037538048.0
-213824096.0
-202089936.0
616708736.0
-347292640.0
1538824192.0
-1765514496.0
1689420032.0
1110378752.0
-341658656.0
511764800.0
-1735723776.0
232484976.0
480104384.0
1192068352.0
-838341696.0
2126774912.0
1596398848.0
1620187648.0
-890315200.0
1389765248.0
-1788323968.0
-268360368.0
-1243860096.0
880358016.0
1698849408.0
-1762568960.0
106821624.0
1529359360.0
1676815744.0
-1872786560.0
-1727190016.0
-110152464.0
-356692544.0
-994960896.0
-750683712.0
1882158208.0
1172300288.0
-587708096.0
-498010336.0
1298897536.0
-815966336.0
-1256981760.0
921213120.0
-797729216.0
1176799360.0
-1883918464.0
-656935936.0
889982400.0
-1554847488.0
-1243810048.0
118998968.0
-1461369856.0
981201408.0
1024152576.0
1375424000.0
1957815424.0
13310663.0
1692393088.0
2033488768.0
-321744416.0
-1189666560.0
-2065856640.0
1251205632.0
-1845199232.0
-1606611712.0
1358865152.0
-944821056.0
1364720512.0
-1803680384.0
-1075093888.0
1168080512.0
1807052672.0
1620087040.0
-1277792256.0
-1334586240.0
-1159142912.0
-1132180992.0
-1378157696.0
1906340992.0
-975708736.0
1662726400.0
1538902784.0
-1260616320.0
1566717440.0
92690128.0
1371073792.0
2068579712.0
-1821747200.0
429670688.0
-79464920.0
133722656.0
538930624.0
-933107584.0
804233472.0
1552341248.0
-480197824.0
344067424.0
-1958146816.0
1519938304.0
-1673875072.0
-1865708416.0
-688111936.0
1767172480.0
1494743552.0
-728854208.0
1703673472.0
529605760.0
-158243536.0
-1538980608.0
-163329136.0
1203301376.0
1112797312.0
1563920640.0
-1083870848.0
-648691712.0
-1075781504.0
1646274048.0
1702051072.0
1289307008.0
818990592.0
-662198208.0
1780607232.0
-258172080.0
775776576.0
2140629888.0
196392928.0
1182617856.0
672192576.0
-601048128.0
-816022912.0
-1082919552.0
214052224.0
-1072266560.0
76888056.0
748989760.0
513555136.0
1255301888.0
495473120.0
-2114413568.0
1536744960.0
883200384.0
859470400.0
1855683200.0
529677472.0
-1086079104.0
1351093248.0
2064735104.0
1210212224.0
-721572352.0
-1715734144.0
-1750721408.0
-1191886720.0
-110894712.0
-1007453568.0
1951858304.0
519702432.0
404605280.0
1399206784.0
6369618.0
-571879808.0
187044496.0
-690438080.0
-2133691648.0
934605312.0
2046657664.0
1849119488.0
1949966976.0
-945968128.0
1136626944.0
-1157808640.0
90079632.0
392952352.0
-162664416.0
190282880.0
1494541440.0
-14045744.0
957429120.0
-677996352.0
1023804608.0
418472448.0
1646300544.0
6032016.0
-1849569024.0
-1821101184.0
1317059712.0
-407270528.0
767906176.0
-868312960.0
-227131312.0
967256320.0
1456521728.0
1541022464.0
-1806723200.0
-1211590912.0
-1355942784.0
-988344320.0
-1982449152.0
394392832.0
2062251008.0
-1190576128.0
-71750424.0
459135392.0
-1276109696.0
-2009806080.0
-229216048.0
-1038353664.0
-1829788800.0
1680214016.0
-1266272384.0
2105605248.0
-1839627520.0
1725306752.0
1311246464.0
1920882944.0
-1240626944.0
-1950400896.0
306068160.0
-316048160.0
-347849632.0
1551010304.0
628522368.0
196253648.0
-1835092480.0
-2064543744.0
1241277440.0
-2132973312.0
-157792288.0
-1598270336.0
982280832.0
-957333440.0
-1361505920.0
1617427072.0
-1066376192.0
-1157252608.0
404488960.0
-417783680.0
-2020846976.0
28875726.0
714255040.0
2095881600.0
2027377792.0
-83223664.0
-1427969920.0
357647360.0
-1728386816.0
-425126048.0
-306917664.0
-995352768.0
370238624.0
-1168224768.0
-1929183616.0
-366157856.0
-249544416.0
-313050752.0
-1718939776.0
622806080.0
-1794513408.0
-1971599488.0
-670846144.0
1918089088.0
51877268.0
-1478209536.0
774913408.0
-1640746112.0
974355904.0
737693568.0
1330873600.0
500487200.0
79341424.0
960322880.0
1189640960.0
-745048320.0
1084452480.0
800674304.0
-423517568.0
-2089371776.0
-1433178880.0
546013888.0
-89543432.0
-465420544.0
1070458880.0
133399920.0
1187881856.0
-299015328.0
-1802417536.0
-1432467200.0
31398502.0
107259528.0
517513920.0
-612267072.0
-137758624.0
-568291776.0
940244160.0
-235867232.0
430670304.0
-2000281344.0
1279426944.0
-191103696.0
1890473088.0
-516342.15625
-1909403904.0
583405376.0
-1282672128.0
-1665994496.0
1268233600.0
1740882304.0
1231916160.0
-1993246208.0
1637633920.0
2013423872.0
467010176.0
116842336.0
1425361280.0
-266900192.0
1139452544.0
-214284608.0
1919187968.0
-1182937344.0
-2144316672.0
388975840.0
1878521472.0
-706412416.0
-901626944.0
-1549239552.0
477624160.0
604230976.0
481858240.0
1818189696.0
-903372992.0
-543436224.0
550723200.0
-533832544.0
-1070815488.0
-1346902528.0
484762112.0
229158096.0
-477562528.0
-1441481472.0
-2041111552.0
-852459904.0
466809824.0
-945124736.0
203242720.0
-1162029696.0
95459264.0
2052407552.0
-14480376.0
1416980096.0
1340985600.0
-331164224.0
-1231602944.0
-1994140672.0
-1479302400.0
2077101312.0
673923968.0
-702296960.0
-769274944.0
-2110312832.0
-328811648.0
-2003499776.0
1564889728.0
-739778496.0
-1684898304.0
804774784.0
-496181184.0
-1919726720.0
1359517952.0
-2043456896.0
1946088960.0
1618894464.0
959985984.0
-1188733312.0
1238842112.0
1932202368.0
-227406256.0
-1064908160.0
1803139456.0
1214906496.0
-1611212928.0
1426458752.0
-1037283264.0
-643738112.0
109123536.0
683250560.0
-557748800.0
1857363328.0
-170935824.0
625975104.0
1307837184.0
-397742592.0
186391184.0
-1182959488.0
-1305154688.0
1490899200.0
-631680576.0
-1003705856.0
-1172122496.0
-345703200.0
1040744064.0
909020928.0
-194432192.0
1945392256.0
389376960.0
785028032.0
-1708286848.0
1716999680.0
-1490484736.0
267579232.0
89823248.0
352888128.0
414765792.0
1296023936.0
-2114331904.0
1153225088.0
1559527552.0
-1962613760.0
1370682496.0
-386841312.0
-279937504.0
268985280.0
-2111161984.0
1773300096.0
-304197120.0
-2076199680.0
-742556608.0
2131431936.0
-1440192128.0
-496469792.0
532875296.0
-1464566272.0
-423278368.0
-471619648.0
220675216.0
-1255814784.0
-1072542016.0
-584262464.0
2101518848.0
1769924096.0
1818530560.0
-1817823872.0
-1080188416.0
-1334018560.0
2076174080.0
-2119903616.0
-26313864.0
-107254640.0
365738240.0
-531335296.0
1379816576.0
1560705792.0
2103496448.0
1126400768.0
-1606149888.0
-1953602176.0
996731712.0
-395032704.0
-91207488.0
-1827639040.0
1109096192.0
766937536.0
-1070180992.0
-514252704.0
-578997504.0
895402240.0
1468978304.0
1474250368.0
-160995568.0
1234277120.0
609457984.0
1367971968.0
787501056.0
-1908712704.0
605038720.0
-305174592.0
163907440.0
-343421184.0
-1905654016.0
-152079488.0
1123086208.0
1482544000.0
758857024.0
-1061154816.0
-114106208.0
1320688640.0
-2053791360.0
361716480.0
-61874384.0
-1550683904.0
-895101568.0
-1063486400.0
1659220736.0
1772791936.0
763840640.0
2055659136.0
2028301824.0
-1621442304.0
-1703721216.0
403225344.0
2132958592.0
-1491608320.0
-324312864.0
-229132576.0
-1238019200.0
153212800.0
1084709504.0
-906949312.0
1517446656.0
-20470834.0
-583092224.0
-517380992.0
931986944.0
792043072.0
-1255404544.0
-1961171456.0
1278236160.0
131907272.0
670458496.0
1349964160.0
1633112960.0
655321792.0
-1027525632.0
-111953072.0
1427790208.0
490211328.0
479367872.0
-1185207424.0
-836009856.0
-651941184.0
-997847232.0
1307837952.0
-748382720.0
233707648.0
59637768.0
783649024.0
1316146176.0
-1145081856.0
1183028352.0
-65701808.0
-416874912.0
-1402149120.0
-679068096.0
-2121387264.0
-1829543680.0
1579611136.0
-748838080.0
-1788889984.0
-759587392.0
-1744640128.0
852216896.0
-271454752.0
1936663552.0
-482493344.0
-1900808704.0
460507712.0
1226257024.0
-1291197440.0
838202496.0
255276336.0
-1908902144.0
-1637401216.0
509301344.0
1428689152.0
-296312032.0
2062953472.0
853339520.0
-1692738560.0
-133130856.0
-978780416.0
1281070976.0
1614355712.0
197331008.0
871187584.0
-2027941248.0
1494889472.0
-1239356288.0
1237408640.0
766400064.0
682147072.0
884816128.0
575252096.0
-1849710336.0
238457728.0
839250112.0
-235564800.0
-5645679.5
-1624484736.0
1889162112.0
-1587743232.0
1484309376.0
37172560.0
-1203082624.0
146944592.0
-162099728.0
-893365376.0
-350099744.0
244648336.0
-755943360.0
2118326272.0
76544152.0
-1322061952.0
698607616.0
-675928128.0
-1097266304.0
882409856.0
-2097627008.0
439711712.0
-2034197888.0
720758912.0
163271920.0
-661078848.0
1683032576.0
913024960.0
457118816.0
-1469043200.0
-1756628352.0
-435717216.0
940437952.0
722806592.0
-123360592.0
-1301436288.0
1583181824.0
251213360.0
1299472896.0
457010080.0
1056298944.0
-440313568.0
1566900096.0
-1416264960.0
-1628686592.0
927603648.0
-609786944.0
-1316067584.0
-315767200.0
1790499072.0
-1028992768.0
-1227547776.0
-1713786624.0
-539157440.0
-5513089.5
-1119498112.0
1289672320.0
837379648.0
979819200.0
-170339792.0
-512423424.0
-1647986688.0
472901792.0
1876970496.0
-1133492736.0
1931706880.0
8194015.5
864964032.0
1268838528.0
1322096512.0
489576032.0
406325856.0
-1145340928.0
1365668352.0
-1982891264.0
60524748.0
-109308392.0
-2065092608.0
-1954383360.0
1063843648.0
-286951200.0
-659402368.0
-968862208.0
2092067328.0
-1411251072.0
-1659163776.0
-1678963072.0
1413736576.0
1153378560.0
-1486802944.0
714837824.0
-1890543872.0
-1120185728.0
-1819217152.0
629044992.0
1902983680.0
1693050752.0
-1116558208.0
-1962055296.0
-530871968.0
2036461568.0
478779424.0
94624880.0
2121530240.0
870017472.0
-858129920.0
776108032.0
-350327552.0
427000672.0
-1522278400.0
-709418880.0
-1363212416.0
938852608.0
102529392.0
-81660960.0
249098368.0
-682992704.0
2011307648.0
1200734592.0
-1312700160.0
-77804168.0
923387328.0
1928223360.0
-1143501824.0
2083691008.0
1822868608.0
-1251761024.0
-77108320.0
1438074240.0
1142452864.0
-1879890176.0
-6264362.5
1434922752.0
277305312.0
805374528.0
2084802304.0
-1465486848.0
1157068672.0
-638094400.0
754818048.0
-968909696.0
-572861312.0
2085049984.0
-661909824.0
-2123378816.0
-1087845888.0
-344624608.0
1032544128.0
149819424.0
-1934262528.0
-597189824.0
1007955968.0
123355536.0
113809896.0
-1369370496.0
418233344.0
-83300656.0
-1222450304.0
-995347264.0
-1851868800.0
-1684400640.0
-367209856.0
952119360.0
-1127272960.0
-2005067648.0
465686688.0
-978238528.0
-744172544.0
-1794482176.0
1082575872.0
819725824.0
723129152.0
1836768512.0
-1664686720.0
-216764624.0
-1896500096.0
714589120.0
2115318912.0
-423141760.0
258500864.0
-1049170944.0
-2144240768.0
1758153472.0
-81522928.0
1509544704.0
1688522880.0
-1499708416.0
-16658319.0
1043085312.0
451865280.0
-82036112.0
-370794752.0
1628345600.0
-1055720064.0
-1626412928.0
1897932416.0
140433472.0
1807151872.0
266286128.0
-1462775680.0
-677126080.0
669847232.0
-735952384.0
1789802752.0
-2028883840.0
-522650208.0
-1887816576.0
-1113202176.0
611379328.0
1342423552.0
-1170374016.0
-1412759168.0
-605951040.0
-1021489152.0
599581312.0
1835137664.0
-554162048.0
1539770496.0
149116976.0
240543200.0
899055424.0
-1949832064.0
-1187656064.0
-1683371392.0
1975281920.0
-1210181120.0
3937956.5
-448064800.0
-802841152.0
362675072.0
-1758107648.0
1393537408.0
1963809664.0
-910900160.0
1452816768.0
-1239641344.0
-2057799296.0
-1733119360.0
-74553112.0
-1001423616.0
314139904.0
1236072576.0
-218637568.0
517483520.0
-1873441024.0
289408544.0
539349312.0
-2117723520.0
-1440662144.0
630149248.0
-1224979840.0
-1020759168.0
-144869904.0
-323431744.0
1847256704.0
-494427616.0
-1358271488.0
-1842135808.0
-654371520.0
-438100128.0
548210432.0
139374160.0
-1329344128.0
1885348480.0
-519269216.0
1013359680.0
671183424.0
738853376.0
-697624448.0
1156054912.0
-736533824.0
-1562464128.0
2087501440.0
-1845873280.0
-378687296.0
-1830944512.0
-1900438912.0
1345460224.0
398513920.0
39197676.0
828112640.0
-406402176.0
-574060672.0
-1389357440.0
-366065856.0
1689005824.0
-1870689792.0
853358464.0
1906525184.0
1628871936.0
1978409728.0
894808768.0
337430336.0
-1669072896.0
-1402001024.0
289261920.0
-880130880.0
-905834176.0
-730444096.0
-954049024.0
-990536448.0
-392763424.0
1947225216.0
-540883200.0
-1002620608.0
1390224256.0
-1729448064.0
925901696.0
1070595072.0
-500773504.0
-1130490752.0
1673110016.0
-1562708096.0
-685201280.0
1599430016.0
-2099227520.0
-1563091200.0
-274326496.0
-1720824576.0
-403427584.0
-1431594752.0
1115332352.0
-1029993664.0
-657453632.0
-93969520.0
-772773504.0
-389762752.0
514710720.0
1600318848.0
1229698048.0
-1058494144.0
-1538753536.0
-2103668352.0
891044672.0
2045805056.0
-530233920.0
-986083392.0
-945556672.0
1180516224.0
-1880498432.0
171453264.0
2029740544.0
1418630144.0
617040256.0
-2108455936.0
-1637216256.0
228260096.0
-1581981952.0
-1485185024.0
-130958152.0
-970604672.0
-1701468544.0
-2023349888.0
1291724672.0
1054082048.0
-1397528320.0
1500579840.0
-585324992.0
-1856444544.0
1849794304.0
-1765753728.0
546035712.0
-1047812416.0
1860254720.0
598612992.0
-1154068224.0
-60560432.0
-1573620864.0
-1335345536.0
-1976455296.0
165128592.0
-165107296.0
-267520960.0
-259531408.0
1175708544.0
228553664.0
1460728704.0
-1294089088.0
183824000.0
462304224.0
-1272112128.0
303670176.0
-2144785664.0
1322066560.0
1575783424.0
-2023868032.0
1764105728.0
-273143936.0
-1525157376.0
227556432.0
-1317777536.0
-1722860800.0
-1026579200.0
-753990464.0
-811681728.0
975022912.0
572561664.0
463054048.0
832880896.0
-1359336064.0
1227208448.0
682559680.0
-1965013888.0
1493776256.0
1715741312.0
1335254272.0
1543876608.0
-2130109440.0
-634227648.0
1847231488.0
1875946368.0
1636556672.0
-82857048.0
588167040.0
-58169176.0
-433725440.0
-204450864.0
-1390799488.0
1049014272.0
65786348.0
-124930904.0
279989152.0
1626396288.0
1118523392.0
-647380608.0
326336736.0
1576812672.0
1182814720.0
102640752.0
177747472.0
1555260544.0
512778400.0
1594547328.0
2103285120.0
-1250685696.0
1629935872.0
315926784.0
-374875136.0
1161872640.0
367549536.0
-1593780864.0
-2137188096.0
242865312.0
-606480320.0
-1946752512.0
1103874432.0
-1346683264.0
-1044432320.0
2129094912.0
-792188352.0
1999837184.0
-391942528.0
-937100032.0
-996273984.0
613059904.0
-36294252.0
1690462976.0
2145339776.0
1956920832.0
-382389440.0
1854584576.0
479227712.0
1079056512.0
890886848.0
-973833216.0
674891456.0
1430051456.0
-195685008.0
751904768.0
-1505191552.0
-2066600448.0
-1797595264.0
-1766423680.0
-2135999488.0
-2142559104.0
-1172942464.0
-1181755008.0
-1257506688.0
1892523136.0
2021533696.0
-1298146944.0
375377760.0
816117632.0
1868436096.0
1466913536.0
-739433216.0
-120744536.0
-2127781632.0
-1142470272.0
-873909440.0
1405618688.0
-1212544640.0
-370172224.0
-1655643904.0
1994987136.0
75036128.0
-1198501632.0
1192906112.0
-429504000.0
-699284032.0
1743642624.0
397480256.0
1014076224.0
-1799132416.0
1256528256.0
-882852544.0
39774832.0
1728716544.0
-1619777920.0
1963929984.0
2138471040.0
-887710976.0
-828319616.0
1094351744.0
-1253918720.0
255017232.0
1392581760.0
-509451104.0
2006961792.0
1546670720.0
-1408910080.0
-384279360.0
789126016.0
872258880.0
965557952.0
1407584256.0
1202941568.0
480368544.0
731420608.0
1588914688.0
-167418240.0
1794838784.0
2054194432.0
1625622784.0
2095371392.0
2012805248.0
545971136.0
421554208.0
1462538240.0
794691200.0
-1250344320.0
807324096.0
-683183360.0
-2032448128.0
701496832.0
1822877312.0
899937920.0
1590660096.0
1815954944.0
-1356972672.0
-1493814912.0
-109220224.0
1421290496.0
-1949817728.0
1525579136.0
733885504.0
-2120240128.0
1560500864.0
407291680.0
2057676416.0
-2122217856.0
1421974528.0
261742752.0
-1548211200.0
607835520.0
-185127712.0
-713816128.0
1411953920.0
1168270336.0
1257799552.0
-1978110208.0
-444874048.0
515622208.0
-2075171712.0
-1794763392.0
-654261824.0
-193305488.0
-1753757184.0
1844394368.0
2127596672.0
-1815915520.0
1564393600.0
1944844032.0
-1334900992.0
-617148288.0
-1395849984.0
-1469065472.0
-1148629760.0
-1416700416.0
93327640.0
371769664.0
1504946304.0
255247888.0
10081765.0
782234304.0
561019584.0
1477822720.0
957817664.0
1784010624.0
543704960.0
1192146304.0
-1326841984.0
-1653699712.0
1060263232.0
-1319574400.0
26318870.0
-164566128.0
968773312.0
593865024.0
-748325248.0
-1050340160.0
752962496.0
-1968211840.0
1755063808.0
-955489728.0
-1372113280.0
-393300352.0
-1780034304.0
-2134096640.0
-215085776.0
-1882145408.0
-1215067776.0
-1157235072.0
743172416.0
-1536761856.0
-50174640.0
1061757376.0
1313446912.0
913885760.0
-698228928.0
-1193255808.0
1643191936.0
-781651200.0
-1220038912.0
1439295104.0
1190071296.0
-1100894080.0
759143168.0
-1880499200.0
400912032.0
-974421824.0
84154312.0
385857920.0
-191498000.0
-63172724.0
1648335360.0
1566974592.0
1042977792.0
857669248.0
1670267776.0
-1994092032.0
-878181312.0
822990272.0
894025344.0
1683312256.0
2117765120.0
-1618898176.0
1974523264.0
417996128.0
-998463680.0
638487168.0
-1186473856.0
-725025536.0
-938281472.0
-1305966464.0
1341484672.0
443445824.0
232766768.0
15232922.0
56722448.0
1385947776.0
-819111680.0
559917504.0
498906944.0
1454316288.0
-1092242048.0
1617217280.0
773155648.0
1726445824.0
-1163768192.0
-775879296.0
855272768.0
-436925472.0
1240298112.0
-1480325888.0
442092704.0
-911249216.0
1035173120.0
1569229312.0
387761760.0
-1718589056.0
2051335808.0
-1238611072.0
47878888.0
-825834048.0
-1627153920.0
-1574712832.0
349460992.0
233479568.0
1663795200.0
1914750336.0
2112899712.0
-1582172032.0
881422016.0
-1610486272.0
-678645248.0
2084716160.0
-329345888.0
1287888000.0
-972549888.0
-1074377728.0
1325303296.0
1461128832.0
-1823659648.0
343947456.0
2032001024.0
-1248720512.0
-1974780544.0
-636434112.0
-2113011840.0
-1715252224.0
1217944320.0
673093376.0
-7608180.5
1783309440.0
-1823889408.0
1105659136.0
2144132608.0
1506441216.0
-2121095424.0
1945698304.0
-1714992256.0
-1907159168.0
-1889021952.0
-379096864.0
1907647744.0
2052121984.0
456052096.0
-1832896128.0
697089600.0
-1441069568.0
277363008.0
1592426240.0
-176581488.0
-1006724992.0
-386799776.0
231302592.0
-350664672.0
278366304.0
824342976.0
-1876776320.0
-1212638464.0
-972593344.0
-1939242496.0
1224479104.0
847269568.0
-380203072.0
1679410688.0
-189671152.0
1015878336.0
733514368.0
-139108192.0
-40640004.0
1407548672.0
-1501650048.0
-424186752.0
-72146904.0
-179062608.0
1792716032.0
1332006912.0
-269285728.0
920039040.0
2074096000.0
1002278208.0
-544183168.0
-953747968.0
-2113257472.0
714889920.0
789707840.0
-2069088640.0
-523628448.0
-1666624512.0
837311936.0
-442994912.0
105540048.0
706418112.0
-1561405568.0
98918912.0
221383.6875
1523660032.0
54113760.0
280304416.0
-1477324672.0
-1728720640.0
1681288832.0
2035111424.0
96556232.0
-328979648.0
905609408.0
1130310272.0
1457095808.0
-913766272.0
2106193408.0
529496896.0
451092736.0
-1599776256.0
-37473732.0
-1058592704.0
-1545893120.0
706864704.0
-643106112.0
-1875638912.0
-413319360.0
2092362496.0
344899040.0
-792166784.0
1592491648.0
1508946048.0
-1399961472.0
304283104.0
1743022464.0
-336099552.0
2085786880.0
294354880.0
-944504000.0
-186502544.0
1930873216.0
90542928.0
-1611936000.0
1776296064.0
609888512.0
1842834816.0
499737184.0
-1310271744.0
1174052864.0
1239158016.0
828807168.0
299320832.0
388772928.0
-1995785472.0
-1107308160.0
1126797440.0
-1484620672.0
-1293830528.0
1933971200.0
1672600192.0
-1272795904.0
1588152448.0
-1648419840.0
-1910361856.0
566716800.0
498553024.0
2059891200.0
-1070064192.0
-319891360.0
837590720.0
-1732299392.0
1585751552.0
-770716672.0
-147986800.0
-615284544.0
1541749120.0
-435903072.0
-286295680.0
-679471104.0
961862080.0
1345073664.0
-693945024.0
1936117632.0
1145069568.0
852705920.0
774715328.0
1503567872.0
-614725632.0
684465472.0
2128362112.0
-967009856.0
-600266560.0
1087047424.0
-1032392256.0
-140099552.0
-944033472.0
528959776.0
935406336.0
1257012096.0
25292402.0
1803492608.0
-945859904.0
-14847790.0
1100988928.0
331123616.0
-1840375296.0
1529928448.0
1338898048.0
-903274304.0
1392181376.0
-1590959872.0
-412339648.0
-1319254144.0
711530560.0
1330802816.0
1333354880.0
622550912.0
-471922656.0
-2127077120.0
883889088.0
875045952.0
-844218304.0
623010240.0
-47563800.0
2113074688.0
235811440.0
-2080649856.0
-135547104.0
1281528832.0
-1890974464.0
-2105896320.0
703535936.0
-133644960.0
287567360.0
-682088256.0
1758109952.0
1887141248.0
-1607601664.0
1859447936.0
2021462016.0
870959552.0
-1690552192.0
342088256.0
1323720.75
988247104.0
2036818432.0
-594786048.0
-1868195456.0
-1135695232.0
-323893440.0
-1515638016.0
-271350176.0
621715328.0
1046152896.0
83530864.0
1805430400.0
354394560.0
-90997248.0
-593050816.0
1970161536.0
934006272.0
1004301568.0
-452691872.0
1416802176.0
1814426240.0
1586022784.0
-1724265728.0
-1233102592.0
1293785728.0
-1371444096.0
1868154368.0
-1158635648.0
812280960.0
566336256.0
-1208785792.0
1539530240.0
-316071264.0
-54930940.0
585764608.0
-1293483520.0
-951809408.0
-111236400.0
-1542619008.0
959218816.0
-1986843776.0
1752893440.0
682583616.0
1050957696.0
1496416256.0
1334297344.0
1722459520.0
-85265248.0
1462608128.0
665618944.0
-131929224.0
1243310336.0
-524465792.0
-1905249152.0
891727808.0
1945846528.0
529816384.0
-1165221888.0
1555960576.0
-1987228032.0
-328247776.0
-273203552.0
-1846211200.0
-890038912.0
-1739419648.0
1483017984.0
581336576.0
-935730688.0
-1784723840.0
963138112.0
1795778176.0
-506520448.0
-978489344.0
-91612816.0
-1397161344.0
-21784560.0
631690816.0
204722944.0
-444606496.0
-928651840.0
1143572608.0
1981472128.0
834765184.0
418066464.0
-1130522880.0
-1500729344.0
1326739328.0
297635328.0
-1429137280.0
-2126284672.0
1024819968.0
1549271808.0
1995016192.0
363128224.0
-1636335744.0
2099809920.0
1616224512.0
1237111040.0
622703552.0
235391472.0
2107910272.0
407221600.0
1304925312.0
-1051950336.0
840218624.0
1561829376.0
577018752.0
820021504.0
-1624134272.0
1339839104.0
-823191936.0
-469811424.0
-332116672.0
1291669632.0
672577920.0
1166116352.0
103350248.0
-716838720.0
-171677536.0
-739463552.0
192771888.0
-1504031616.0
-929433216.0
-709532800.0
76241728.0
872255616.0
987630144.0
968794944.0
-1983189888.0
1753485952.0
751818624.0
-264644816.0
1082593536.0
-1414789760.0
789499520.0
-1075922944.0
950484736.0
-1145290880.0
-1811509888.0
-1865027456.0
-731372416.0
-611762368.0
1354241664.0
787323648.0
-1555553152.0
762470080.0
-1308835968.0
931058304.0
1785121280.0
-512846560.0
-396619584.0
1955538304.0
952913216.0
1383638656.0
-288686016.0
-202794720.0
-1887400960.0
-1654829056.0
443900192.0
-1886287744.0
1120247808.0
249690992.0
1475766784.0
-1592816640.0
602700672.0
883910336.0
1241190784.0
609927808.0
-1041935296.0
799881152.0
-547049600.0
-571010176.0
-1362555904.0
-1970146688.0
1329442432.0
-116744888.0
-273487552.0
1565648256.0
-286952352.0
-818509120.0
-369745760.0
-1582544256.0
-765357824.0
1844971392.0
643956736.0
1100726144.0
1706259200.0
1714144768.0
-2079659136.0
673531520.0
1859105920.0
2023411456.0
-2028907136.0
-774070592.0
578995136.0
-2117861760.0
-886251008.0
796768256.0
648322944.0
373046272.0
177234752.0
1883229696.0
-2006424192.0
-1412593920.0
-704938752.0
602394752.0
-1681116800.0
1489523200.0
1127463040.0
1231222912.0
1826914688.0
1883568000.0
597667200.0
-1189645824.0
-602657408.0
-398597568.0
-1799688320.0
1684528128.0
1370552704.0
1858793472.0
805203776.0
1770657152.0
-384269600.0
-1090162688.0
-2139724928.0
159412720.0
883716736.0
-171875184.0
-1162387328.0
-910546240.0
207053200.0
47250700.0
1372889600.0
-1087380352.0
1281873152.0
839833344.0
146179008.0
1117892864.0
-2141904128.0
-1396885504.0
972481280.0
874882432.0
1744787456.0
1161676672.0
-2085282048.0
346787616.0
1653795712.0
1598453376.0
900580288.0
-1647086720.0
1948575744.0
1553033216.0
-2109287424.0
1265726592.0
158881168.0
993121024.0
-1444240000.0
-25568118.0
-1701434240.0
-1709130752.0
-1542789248.0
1274059264.0
-1903065472.0
2126085504.0
649900864.0
148836848.0
-1758240768.0
-92799208.0
929690112.0
1794552576.0
1116960256.0
436750752.0
-101397200.0
-810467072.0
821670976.0
-988290112.0
-1218742272.0
-2131366656.0
575891264.0
2085885312.0
-1371447168.0
1358255488.0
-22683192.0
-124154144.0
1246526080.0
-1244770048.0
-1277844352.0
238425696.0
-1679187072.0
1710821248.0
374651392.0
-2128793088.0
-1604177152.0
880825344.0
1962436864.0
-179246496.0
-479302368.0
406772640.0
589503040.0
1958278272.0
893713408.0
535534016.0
-885910016.0
-726847360.0
1220727936.0
1169274112.0
-1120224128.0
938362304.0
-1651360640.0
-2014198016.0
-223041376.0
-390688032.0
-413548576.0
-1126977152.0
517535712.0
2089486592.0
-223160848.0
32842400.0
-962840064.0
-823137472.0
124586216.0
-1343780992.0
-133784448.0
-1838954240.0
103877008.0
599056064.0
1822357120.0
-1905939456.0
382809664.0
1868476672.0
-605624704.0
-1053134336.0
-883546560.0
-126564848.0
593810752.0
885471552.0
-1240311552.0
1578740864.0
-438104320.0
365618016.0
260157376.0
-220218464.0
-650002432.0
814501504.0
1062997760.0
803892672.0
518814176.0
303964416.0
1925713792.0
-113648240.0
-414492960.0
1270619648.0
942358080.0
-1753413120.0
1334381312.0
1269035136.0
939013056.0
408419264.0
-1824992256.0
116378792.0
-1112772352.0
-1410456448.0
1274490112.0
1858389504.0
49010252.0
-1583958016.0
-707240768.0
46585088.0
1422455552.0
-665070656.0
-346883488.0
-1471366528.0
2145796992.0
-1285952000.0
-1114097280.0
-2071678976.0
-1713596544.0
1970402688.0
1760680448.0
-160252240.0
-737387328.0
1212663296.0
-2037569024.0
-2016030208.0
1583352832.0
1167223552.0
-2073336576.0
-1117860736.0
1175607424.0
2048182528.0
-1297575680.0
1707181952.0
1554312192.0
825403584.0
-886019776.0
-276202976.0
1972103040.0
1730814464.0
-1915228800.0
614705984.0
1934653184.0
1067257600.0
-2116140672.0
439164064.0
-1479909120.0
-513957728.0
-223736672.0
1530141696.0
921753472.0
-1613834240.0
2054901632.0
4805852.0
-746722944.0
125576728.0
1745899904.0
-1747202432.0
-1674422272.0
-266333072.0
-222032960.0
15969891.0
1197539712.0
-344772800.0
-1809054464.0
2131938432.0
913042816.0
300080608.0
-901712256.0
889075264.0
-302484960.0
951559744.0
382918080.0
1558795008.0
1303164928.0
583950080.0
1673074688.0
591078848.0
1462476672.0
850766848.0
1370506112.0
-1419505536.0
766083200.0
-1611166592.0
577833088.0
-1390229120.0
-1618749184.0
690741568.0
-402900640.0
1050392640.0
238977680.0
809178112.0
1097266304.0
2142891136.0
-1904615808.0
-1420907776.0
-189468960.0
-1265347584.0
513606624.0
-1943132800.0
-1718591872.0
1878568576.0
-1636363776.0
1669852416.0
-128067472.0
38883348.0
-1779079936.0
1819481728.0
2105927552.0
1160749312.0
710366592.0
799595264.0
2110920064.0
435870400.0
1176568064.0
-1483750400.0
-1683923712.0
-595493312.0
2006536064.0
-2039836160.0
505592576.0
146806064.0
623700352.0
-88786944.0
826590656.0
258746800.0
-2092754304.0
-1768286336.0
1512160896.0
1868890240.0
2104317568.0
-714991552.0
-1400103168.0
-1486344832.0
-2145017600.0
-2019959296.0
175821296.0
461457120.0
-1324561664.0
1667181184.0
-1060608000.0
-1903656320.0
-2098618496.0
1792934656.0
1380003840.0
1387782912.0
1169200000.0
1654827264.0
990329920.0
946861376.0
1130093696.0
1607061120.0
-1224035840.0
2079648384.0
-1866304256.0
99453608.0
1129652608.0
-1714004096.0
-1463244800.0
1716695040.0
-1868208512.0
-1210087040.0
1986969472.0
381304960.0
398986400.0
2080819840.0
-786618944.0
-1921959168.0
-489802784.0
-1644238080.0
-1710295936.0
-531235232.0
1261800704.0
-1440137728.0
-14076768.0
-193013360.0
2060713344.0
-1028048192.0
-2113768704.0
-566544704.0
-1540051712.0
-2081501824.0
-1270603008.0
71563568.0
-743147840.0
1534506240.0
1839349632.0
1234766336.0
559534272.0
1072685440.0
-1572787328.0
284699520.0
-981304960.0
-812707904.0
-1140865792.0
618758336.0
36700284.0
513595424.0
990702528.0
439013280.0
-1384821504.0
600065408.0
365014688.0
-68598232.0
-1097443840.0
-137689968.0
-347960704.0
-1299841280.0
-1693428992.0
1293546496.0
-1249395072.0
1812375040.0
1213375872.0
-2143110400.0
-1435518080.0
1849569408.0
-1136459392.0
-935845504.0
-1141957888.0
-723315840.0
-1323170432.0
188181584.0
71116080.0
1190021760.0
-2053750912.0
-637473600.0
-1049720384.0
190878096.0
-1071196224.0
1791200128.0
-1687621120.0
-77356080.0
-572527424.0
550860224.0
835572736.0
803431936.0
-1583137792.0
-619981376.0
326860768.0
475864544.0
-1507804672.0
1545100416.0
-442635168.0
-1119459200.0
-1288604672.0
979671232.0
711982784.0
-1087077248.0
-828669504.0
1473238272.0
-288542752.0
1204562560.0
-1682961152.0
-146886.90625
137023792.0
1859687168.0
-513988096.0
386566848.0
-2128846848.0
1069834048.0
1880232832.0
-1980237056.0
1199124352.0
-1569993472.0
-1629065856.0
1425209344.0
-1379066752.0
-744147392.0
1563461888.0
804445760.0
-651702528.0
67122744.0
-762393664.0
-1279716480.0
-1780421632.0
2007536896.0
894891968.0
-164345664.0
-1133096576.0
934241600.0
-1324128768.0
2104685696.0
-1474917888.0
467697792.0
-1666419712.0
1803767680.0
1716292992.0
1388548224.0
1849552768.0
995356416.0
-1311015936.0
347570528.0
-1865366144.0
1395746304.0
1171399680.0
-154424224.0
-1808283392.0
-833835904.0
251727248.0
-1020386560.0
-997544000.0
-1873615232.0
895361152.0
772947456.0
-257509136.0
-202382272.0
-2018667008.0
-1419774464.0
1896610560.0
-378747872.0
-1503333376.0
1536864512.0
1513133056.0
-785194944.0
-998231488.0
103625456.0
737355968.0
407704384.0
695124096.0
297190368.0
-2139302016.0
-1998727552.0
-959679360.0
-1241960832.0
-1205383296.0
-645193344.0
-1962958080.0
-1845263360.0
-1157922560.0
-2053030912.0
739291712.0
1929001728.0
-120676832.0
2008831872.0
-1954452864.0
-105413432.0
1529787392.0
1682067712.0
1739398528.0
339643488.0
-2101882496.0
-2144134912.0
1278349440.0
292181760.0
-216067408.0
-651459520.0
-1609467264.0
500696576.0
137174064.0
1365135360.0
-1258414720.0
619466304.0
1315838976.0
-984163840.0
926212800.0
-531925952.0
-793743744.0
1244822144.0
2014905088.0
1932583808.0
782872576.0
1273261824.0
-462329600.0
1668325504.0
-1943856768.0
-2101732608.0
372530304.0
1811145984.0
272141792.0
815206144.0
654664384.0
-1063376320.0
-1501188224.0
-474030528.0
-1517498880.0
1444915840.0
2097078272.0
539811008.0
1793383168.0
-161538720.0
1605670272.0
-2061393920.0
-878753280.0
-1541371776.0
1443794304.0
-1135921024.0
-36273740.0
-294056128.0
-366800928.0
-1204567040.0
1122103296.0
1791098880.0
-521284096.0
-151186224.0
1805815936.0
1458613888.0
-108426096.0
701024256.0
-653237120.0
1075787392.0
1762881408.0
1472550400.0
1570088064.0
1017092224.0
1290052608.0
-2033851264.0
-71681480.0
-1265552128.0
134814336.0
-1477352576.0
-1196783488.0
1224425088.0
789135552.0
1502921216.0
-1190736512.0
56694584.0
-752345216.0
1059331008.0
-1764673920.0
-544972032.0
-637878656.0
572542208.0
-583161280.0
-1277712896.0
-875391104.0
-1400608128.0
670278272.0
406240224.0
948958656.0
417555456.0
2136356608.0
-406563968.0
-299029152.0
-2043175936.0
684629120.0
897881280.0
-917450304.0
-53937808.0
-533487040.0
1977767040.0
-1516430336.0
606874304.0
-1732937984.0
1560146944.0
-2032083968.0
1387099648.0
-1518484096.0
-502421760.0
1715266048.0
253675296.0
1543201152.0
-272634816.0
-1817984640.0
1790610560.0
1597280768.0
-722272576.0
1515234176.0
-415681152.0
1945284608.0
1098688640.0
-1159700096.0
-1703256320.0
-25579684.0
397669056.0
651934016.0
624588672.0
343453216.0
1553325952.0
-26521822.0
1224971136.0
-46981444.0
1487324928.0
1753697536.0
-676041728.0
-875026496.0
578470720.0
1121974656.0
-1314710912.0
-1772256512.0
777647680.0
-221135536.0
-1313191552.0
-1725250816.0
-1493855872.0
-1064135744.0
416772448.0
302680224.0
-1781788928.0
411915232.0
-2041261696.0
1382527104.0
-9362466.0
-371505408.0
-972338304.0
-1095042944.0
-488457440.0
-2031479680.0
495685440.0
-1267339648.0
-1693027072.0
804440896.0
1771905664.0
-496495712.0
1930524416.0
-1525709696.0
343052640.0
1863193216.0
1883882112.0
2048641024.0
-1606329600.0
-1522871808.0
-1623308800.0
1916013824.0
-418212192.0
1726946176.0
910071744.0
-1881698560.0
1691826304.0
374424640.0
-1533227904.0
1809323776.0
-1821728128.0
59793616.0
-214543136.0
1393879808.0
1468998400.0
-1426501248.0
-798881344.0
652367040.0
-227576080.0
-261533392.0
802279104.0
1782620672.0
-216777200.0
1031906752.0
-1501330304.0
1542187648.0
1036971840.0
-289584736.0
-954770688.0
-555694080.0
1007492480.0
-37999220.0
-1435988608.0
-1302070016.0
982861696.0
278220224.0
84378928.0
-971721664.0
1644845824.0
1587124224.0
-746347456.0
-451921696.0
-1726886528.0
1186263552.0
-1099468672.0
1585005184.0
1543633280.0
1634006272.0
1514102912.0
-1106178688.0
-1724373248.0
883266368.0
1172862336.0
1675518848.0
2083349376.0
-2135437184.0
-463666048.0
1489610112.0
-617457728.0
483752448.0
1597626240.0
1917329792.0
1825129600.0
-1056909632.0
2005413120.0
-1611410176.0
1919721088.0
1698492544.0
-489160416.0
-1946558720.0
-496717152.0
-1919698816.0
322571616.0
667161152.0
629251648.0
-1645151744.0
-549493696.0
1217284992.0
-664689984.0
1382588416.0
2121875456.0
-976111616.0
816843520.0
104586560.0
726072320.0
-1476433792.0
-1230336000.0
1597617536.0
-289088768.0
319077888.0
1649961216.0
39672432.0
99623536.0
-142488144.0
146946624.0
-1946370688.0
2001500544.0
-185384496.0
1729276160.0
330575296.0
1226147072.0
-403280448.0
-1142730624.0
-524752512.0
786183872.0
1279030272.0
1208363136.0
1698578688.0
-1439397760.0
-747275392.0
-421365760.0
1750014464.0
960847104.0
178381120.0
-424413728.0
379709568.0
33717268.0
60713760.0
-1023071680.0
-1885011840.0
1148232448.0
1817343744.0
-126285856.0
-1002553024.0
1617043584.0
-1971743872.0
558507328.0
-207868928.0
163058624.0
-344616352.0
1470023424.0
1993567488.0
-468124672.0
-683467264.0
-1585644416.0
-1283831424.0
-1460541184.0
-350331136.0
555963648.0
-1747931264.0
67348648.0
862890048.0
1074798848.0
-1985627776.0
-1213235200.0
-1223955712.0
-1025383424.0
876043328.0
-1136545152.0
-887569024.0
637681216.0
-2010815488.0
-741884992.0
1325153024.0
-1357701120.0
967464384.0
-1432300416.0
-133052888.0
125755120.0
-856951872.0
339277568.0
-834807744.0
-1896421376.0
148157024.0
-55046308.0
-290348704.0
-2062585728.0
-124163728.0
1379791360.0
-415168192.0
1878397696.0
-1236637440.0
790782400.0
697122176.0
-1789473792.0
-371583456.0
1524980608.0
1731265920.0
-1205026688.0
670728448.0
-760155776.0
581005632.0
-522171808.0
1858725248.0
-832326720.0
-524929536.0
-1037915712.0
-253218768.0
-858397888.0
1771362304.0
-1900257920.0
-1621622016.0
-1256416640.0
702984128.0
-1993166848.0
-2127926656.0
57614172.0
427394176.0
-1916715520.0
-304190880.0
344121472.0
1383452800.0
-1753114496.0
1675591040.0
-1791124608.0
1795038336.0
-397318368.0
-193211456.0
1256475392.0
-823391808.0
1898927616.0
933467072.0
209480800.0
-577611456.0
-948356160.0
1566768384.0
-880344192.0
296531424.0
2127854464.0
-2144416512.0
847089344.0
819363648.0
-672728448.0
681787072.0
1104232704.0
88381256.0
2083123328.0
1277236992.0
-1079820672.0
-1860203904.0
1069833472.0
1368549248.0
1466566656.0
1784950272.0
-1312077696.0
1010081856.0
1495528576.0
-471143808.0
2084681216.0
-988717376.0
-1573100544.0
-58014188.0
81378224.0
660945600.0
1603076736.0
-1700042752.0
1415581824.0
880912192.0
1127306368.0
-2065794560.0
-895703488.0
2036921600.0
1959998208.0
-1478497664.0
848124032.0
-536163808.0
682551808.0
-1850160128.0
2100505472.0
-234668464.0
-1375114752.0
595360064.0
-141306432.0
-300852864.0
-1136881024.0
-1749708416.0
1265634688.0
1204809856.0
434621984.0
1363781888.0
-2134742272.0
1038579136.0
410033920.0
-1101011968.0
-1292028672.0
57162476.0
-1226547712.0
271971776.0
1586650112.0
-1239381248.0
-1391440256.0
-866044224.0
-624467392.0
-1741408640.0
-423858144.0
-415786656.0
1385390976.0
-1358555648.0
1210927744.0
-899268928.0
-648325952.0
1470592640.0
1520883968.0
1950589184.0
1518248064.0
-1710574592.0
1919481728.0
-739965440.0
-1877167488.0
-1394164736.0
-641218048.0
-1972658304.0
-233265808.0
1133087744.0
-1706251392.0
1710333568.0
-285097664.0
53652684.0
-274324896.0
-684418880.0
-850141760.0
-216728336.0
602587904.0
1405055232.0
805345280.0
-547514688.0
764162688.0
146514848.0
-1845309696.0
384355680.0
1327460096.0
-87148208.0
393637056.0
-170164880.0
-11751023.0
1869562880.0
1486244224.0
-1046872512.0
1944814848.0
1229780352.0
-401234944.0
-833008576.0
-952935168.0
436544480.0
-2103559936.0
-1695131520.0
-692258496.0
-454817984.0
-2034855296.0
-1814592640.0
312137440.0
701507968.0
-1724568192.0
-878367040.0
495869408.0
1208157312.0
-1218156160.0
1216144640.0
-193673792.0
-873219648.0
1090249472.0
-989018176.0
-1387382272.0
-1589050240.0
46786432.0
-1081744000.0
-1334224768.0
534294016.0
31803128.0
-1914905216.0
119985224.0
-1343630976.0
242286208.0
-1198198528.0
-2021406976.0
-1304933888.0
-249621968.0
-1015044544.0
1476633984.0
1643577984.0
-751542272.0
-763824320.0
1190644736.0
-471525440.0
1856951936.0
-1403068544.0
-502703680.0
267981248.0
-1418448640.0
-439768064.0
927238784.0
2004234624.0
1751644416.0
548945088.0
-1568591104.0
-1375901056.0
905328576.0
-47044664.0
1801524224.0
-89870648.0
-986116480.0
143112896.0
1527104000.0
-170326944.0
-1079077120.0
-838686144.0
-960130880.0
127123760.0
1529800320.0
1995742336.0
672403776.0
2084150528.0
603765056.0
1021471168.0
-1568992512.0
668004608.0
1556890240.0
84032600.0
-1349143168.0
309084928.0
-330934880.0
2038580480.0
950892416.0
-1484454144.0
-1323714944.0
-1552586368.0
594982592.0
208312256.0
-36081648.0
380148672.0
1959023360.0
1417558400.0
1803592192.0
-1249665408.0
-1963254144.0
1906157696.0
1667600256.0
2076079104.0
-1200439552.0
2012127360.0
2030033664.0
1319458688.0
457063360.0
-1931933184.0
547251264.0
-1841077632.0
-1432793728.0
643913216.0
1094904704.0
775489664.0
1479229568.0
451134304.0
-342564448.0
1893774976.0
-131178216.0
1739977216.0
-139900688.0
-1722708608.0
1477413248.0
-1478760576.0
974798080.0
1506124544.0
-1164503296.0
-1360723072.0
1210926336.0
940184832.0
-1875976704.0
-943926336.0
-1218215040.0
-615204672.0
-320120608.0
-1898783616.0
1972904704.0
-574779520.0
-1080172032.0
589155072.0
-1316913280.0
-217878848.0
-1004660224.0
-1340210048.0
1430158720.0
771713088.0
-718465792.0
2090107008.0
-1487779968.0
-521643840.0
1791581952.0
-2081774208.0
-584741632.0
-1074317056.0
-1224862976.0
455185440.0
-603777856.0
-343878272.0
-1320978816.0
-1421529472.0
-395649152.0
662594368.0
-602391360.0
-406573888.0
16565117.0
1039007680.0
106618304.0
748611264.0
-1474358528.0
1870298496.0
796808704.0
757285120.0
-543835008.0
977339904.0
-290603232.0
-1878697088.0
-1809815936.0
-116948640.0
-467272896.0
-1768185088.0
-532796160.0
-363005792.0
-627945664.0
8941441.0
1627705216.0
1949978112.0
-1501165952.0
-1744304512.0
254794512.0
-1249830656.0
-1589935744.0
1520058624.0
-1943714304.0
-2036126208.0
-1629516672.0
557753856.0
-285500896.0
-1913381888.0
305593152.0
543029888.0
1436760832.0
-317994272.0
-1195063936.0
1031324544.0
-74047400.0
-337133920.0
106429200.0
-483490912.0
387210592.0
1058812288.0
2002094336.0
948563392.0
-521430304.0
879439616.0
80465928.0
-1919604608.0
1591948544.0
-460731776.0
-1588162560.0
536518304.0
1899652096.0
570217536.0
337247904.0
17486468.0
-604628928.0
1971985920.0
1002019520.0
-1383764480.0
-2078283264.0
84786904.0
-440440128.0
1722156160.0
1356759552.0
1386566784.0
1372440320.0
1141991424.0
-285374368.0
-156494288.0
290244896.0
1603635840.0
271736448.0
-901198528.0
-729568896.0
-1425823488.0
-1752935936.0
-512505728.0
-659360256.0
-608574336.0
73373920.0
-474026944.0
-1699963648.0
-180120400.0
729242880.0
-1889089792.0
-8283101.0
-1546915584.0
504499328.0
727865728.0
2072093824.0
1143971200.0
885472640.0
1221148544.0
-1747568512.0
1471262336.0
-1293399936.0
-366415072.0
1507383936.0
1699459584.0
1687485824.0
-991056896.0
1886974336.0
1531828224.0
950121216.0
-1087705088.0
1841098880.0
428124032.0
-1388560896.0
-218885920.0
-964692032.0
-1276822656.0
127842792.0
1003266496.0
141409920.0
-1325534592.0
-1018911616.0
-983113664.0
-1094581248.0
872491840.0
-1575443072.0
153043328.0
464680448.0
456087264.0
-1890219776.0
-2007333632.0
263606816.0
1400944768.0
-1624007424.0
-131071984.0
1050103232.0
1686178432.0
2071844736.0
1390076672.0
-1501313280.0
-1657402240.0
-1260806912.0
120200880.0
-23146732.0
-451655840.0
-221361552.0
-1845710848.0
-249229680.0
-1106979840.0
-406046432.0
426615392.0
2081340160.0
2061341056.0
-1574766464.0
1930287232.0
2143123072.0
894836480.0
-1862558976.0
-2116414464.0
873634560.0
-162891248.0
2096046208.0
-1447279232.0
-1315560704.0
1839798912.0
-994878144.0
1307339776.0
1656685312.0
-603493952.0
72408728.0
887526848.0
-1224428416.0
-562669824.0
576879744.0
1401854976.0
-1537229056.0
-1520338560.0
-2061151360.0
-223747248.0
32787852.0
-914482816.0
-1483194624.0
-739151360.0
1879909120.0
-1014133312.0
1414762880.0
1845615232.0
775117952.0
-1935587968.0
1381734144.0
62649276.0
1608750208.0
-1389971712.0
1458919040.0
-502288896.0
-2083650432.0
-975338560.0
148499104.0
246985568.0
392318720.0
185958512.0
-239994496.0
1700663552.0
-176749344.0
262452768.0
298169984.0
-611464128.0
-2017422336.0
1276155648.0
148692704.0
471196512.0
-641959872.0
-567926144.0
-654940992.0
-1116276608.0
-318943808.0
-1976333440.0
1003614592.0
165057104.0
1363254784.0
702189248.0
-1721090048.0
-1278196608.0
245834672.0
414366272.0
448832672.0
-1276559616.0
1590671360.0
-2059867520.0
1095964288.0
1000064000.0
1483645440.0
763959936.0
-401406976.0
1070786368.0
-1894647936.0
-79284616.0
287811776.0
-775095552.0
-1393435008.0
-1192001920.0
-993895168.0
-647538688.0
-282203968.0
1028774656.0
-1483428480.0
-1789388160.0
-1043521152.0
-1051014144.0
677688192.0
-708290048.0
-920301952.0
-1214825600.0
-1819964800.0
1311497984.0
-1966217728.0
-1627582080.0
1431033344.0
1413067904.0
-520735776.0
-616360128.0
845145536.0
1689780096.0
-323114080.0
-731206784.0
-415228064.0
51071716.0
-1568461824.0
503329600.0
-1343049088.0
-384452704.0
1497770240.0
-802735040.0
-1978123776.0
1611709184.0
-532104512.0
1553966592.0
-1906577536.0
1645364096.0
582250368.0
-316052608.0
445443008.0
479642944.0
-1846967168.0
2050353280.0
965074816.0
-2101369728.0
-947898560.0
-243970464.0
-840195264.0
-2095311104.0
74183352.0
-905552064.0
-695291136.0
-1799909376.0
-615219200.0
-1542305792.0
606593408.0
-46091532.0
-257278016.0
-2060887168.0
1848472832.0
503133952.0
-474209696.0
581588928.0
-541961920.0
-2051677184.0
-866455872.0
-667422336.0
-1140862592.0
-1872301312.0
-1641482368.0
-1687054464.0
-1792583168.0
1028396928.0
810658112.0
1866668288.0
876643968.0
-266342864.0
-1425756928.0
1794883584.0
-816747648.0
-1118962048.0
-2110482176.0
867073600.0
1793597952.0
-2025842944.0
-1233078272.0
1590941952.0
1250711936.0
-379815584.0
-1439596800.0
-301200736.0
299522848.0
1521327616.0
131347576.0
540821632.0
-606129152.0
-6803065.5
-1667443328.0
930959424.0
-1722517376.0
1862307200.0
1559240192.0
-1583030656.0
1276184448.0
-1863151232.0
-721919168.0
-2025524864.0
792062528.0
-762277888.0
158882784.0
-1122746368.0
-380398624.0
311593056.0
-1553434496.0
255511024.0
-548628544.0
-136125328.0
-1802637184.0
-1464884224.0
206846912.0
-811177728.0
1643101952.0
-81451656.0
-1994023936.0
-2016421632.0
-1184361216.0
1398864768.0
-1440739328.0
1792939776.0
2019231360.0
-540805312.0
-1173818880.0
-1977216896.0
-244895824.0
-2079799680.0
-1986733696.0
1479075840.0
2043991040.0
-181507696.0
-1510506240.0
-560984000.0
2015905792.0
-1835425152.0
-1468761088.0
-394288672.0
977698688.0
-310617152.0
981916224.0
1500669056.0
-345681664.0
1909159296.0
408302592.0
-712233344.0
1576176640.0
88537504.0
1633456128.0
-520776768.0
889606144.0
1424057216.0
209547264.0
183252560.0
1128819456.0
1936482432.0
-840582656.0
-222883712.0
-58527748.0
1421971200.0
1600574592.0
2107649408.0
1942405504.0
-1981094400.0
560129088.0
1604766080.0
-1860794368.0
1885045376.0
-1250441344.0
936123072.0
876635136.0
-70713440.0
1777193344.0
-1035484096.0
-1620342912.0
656565888.0
1773975296.0
-552381952.0
-673885440.0
-2022386176.0
-106279112.0
-1621116416.0
-222537760.0
1663131520.0
-344737024.0
-583144768.0
42312220.0
-998696960.0
1636192512.0
307143552.0
-1879207040.0
-1626782720.0
-1428880000.0
-534933728.0
59743808.0
-1709706624.0
405610944.0
850931776.0
-1230849152.0
