xrun(64): 20.09-s001: (c) Copyright 1995-2020 Cadence Design Systems, Inc.
TOOL:	xrun(64)	20.09-s001: Started on Jan 07, 2026 at 00:16:37 EST
xrun
	+xm64bit
	-sv
	-f ./../SUBMODULE/PA_MEM_COM_FPU/flist.f
		./../../03_verif/SUBMODULE/PA_MEM_COM_FPU/tb_COMP_FPU.sv
		./../../02_rtl/PA_MEM/COMP_FPU/COMP_Exponent.sv
		./../../02_rtl/PA_MEM/COMP_FPU/COMP_FPU.sv
		./../../02_rtl/PA_MEM/COMP_FPU/COMP_LESS_4bit.sv
		./../../02_rtl/PA_MEM/COMP_FPU/COMP_Mantissa.sv
		./../../02_rtl/PA_MEM/COMP_FPU/COMP_Sign.sv
	-top tb_COMP_FPU
	-access +rwc
	-clean
	-log ./../SUBMODULE/PA_MEM_COM_FPU/Xcelium/compile.log
	+nctimescale+1ns/1ps
	+ntb_random_seed=automatic
	-allowredefinition
	-v93

   User defined plus("+") options:
	+ntb_random_seed=automatic

xrun: *W,OPDEPRREN: Command Line Option (+nctimescale+1ns/1ps) is deprecated. Use (+xmtimescale+1ns/1ps) instead.
xrun: *N,CLEAN: Removing existing directory ./xcelium.d.
file: ./../../03_verif/SUBMODULE/PA_MEM_COM_FPU/tb_COMP_FPU.sv
	module worklib.tb_COMP_FPU:sv
		errors: 0, warnings: 0
file: ./../../02_rtl/PA_MEM/COMP_FPU/COMP_Exponent.sv
	module worklib.COMP_Exponent:sv
		errors: 0, warnings: 0
file: ./../../02_rtl/PA_MEM/COMP_FPU/COMP_FPU.sv
	module worklib.COMP_FPU:sv
		errors: 0, warnings: 0
file: ./../../02_rtl/PA_MEM/COMP_FPU/COMP_LESS_4bit.sv
	module worklib.COMP_LESS_4bit:sv
		errors: 0, warnings: 0
file: ./../../02_rtl/PA_MEM/COMP_FPU/COMP_Mantissa.sv
	module worklib.COMP_Mantissa:sv
		errors: 0, warnings: 0
file: ./../../02_rtl/PA_MEM/COMP_FPU/COMP_Sign.sv
	module worklib.COMP_Sign:sv
		errors: 0, warnings: 0
	Elaborating the design hierarchy:
		Caching library 'worklib' ....... Done
	Top level design units:
		$unit_0x518a271c
		tb_COMP_FPU
xmelab: *W,DSEMEL: This SystemVerilog design will be simulated as per IEEE 1800-2009 SystemVerilog simulation semantics. Use -disable_sem2009 option for turning off SV 2009 simulation semantics.
	Building instance overlay tables: ..
    $readmemh(PATH_DATA_A, mem_test_A);
                                    |
xmelab: *W,MEMODR (../SUBMODULE/PA_MEM_COM_FPU/tb_COMP_FPU.sv,24|36): $readmem default memory order incompatible with IEEE1364.
    $readmemh(PATH_DATA_B, mem_test_B);
                                    |
xmelab: *W,MEMODR (../SUBMODULE/PA_MEM_COM_FPU/tb_COMP_FPU.sv,27|36): $readmem default memory order incompatible with IEEE1364.
.................. Done
	Generating native compiled code:
		worklib.COMP_Mantissa:sv <0x6fe7ce88>
			streams:  38, words: 13945
		worklib.COMP_LESS_4bit:sv <0x05467a34>
			streams:   2, words:  1642
		worklib.COMP_LESS_4bit:sv <0x39245063>
			streams:   2, words:  1737
		worklib.COMP_Exponent:sv <0x5d777f3a>
			streams:  10, words:  3225
		worklib.COMP_Sign:sv <0x64ba6497>
			streams:   2, words:   421
		worklib.COMP_FPU:sv <0x7999162d>
			streams:  23, words:  7266
		worklib.tb_COMP_FPU:sv <0x4efd2cd1>
			streams:  11, words: 15131
		worklib.\$unit_0x518a271c :compilation_unit <0x2faab3ce>
			streams:   4, words:  3899
	Building instance specific data structures.
	Loading native compiled code:     .................... Done
	Design hierarchy summary:
		                 Instances  Unique
		Modules:                13       6
		Registers:             125      83
		Scalar wires:           76       -
		Expanded wires:         64       4
		Vectored wires:         34       -
		Initial blocks:          7       7
		Cont. assignments:      50      36
		Pseudo assignments:     42      42
		Compilation units:       1       1
		Simulation timescale:  1ps
	Writing initial simulation snapshot: worklib.tb_COMP_FPU:sv
Loading snapshot worklib.tb_COMP_FPU:sv .................... Done
xmsim: *W,DSEM2009: This SystemVerilog design is simulated as per IEEE 1800-2009 SystemVerilog simulation semantics. Use -disable_sem2009 option for turning off SV 2009 simulation semantics.
xcelium> source /opt/cadence/XCELIUM2009/tools/xcelium/files/xmsimrc
xcelium> run
[PASS] i_fpu_a = 29072004.0000 (4bddcd42) < i_fpu_b = 29072004.0000 (4bddcd42) = o_comp_less (0) | Expected (0)
[PASS] i_fpu_a = 29072004.0000 (4bddcd42) < i_fpu_b = 29072004.0000 (4bddcd42) = o_comp_less (0) | Expected (0)
[PASS] i_fpu_a = 38780776448.0000 (5110783b) < i_fpu_b = 66490310656.0000 (5177b21a) = o_comp_less (1) | Expected (1)
[PASS] i_fpu_a = 10253461504.0000 (5018c9da) < i_fpu_b = 141161644032.0000 (5203778f) = o_comp_less (1) | Expected (1)
[PASS] i_fpu_a = 37908791296.0000 (510d38a4) < i_fpu_b = -11607133184.0000 (d02cf5b3) = o_comp_less (0) | Expected (0)
[PASS] i_fpu_a = 28769415168.0000 (50d6594e) < i_fpu_b = 139856822272.0000 (52024077) = o_comp_less (1) | Expected (1)
[PASS] i_fpu_a = 23093118976.0000 (50ac0ea1) < i_fpu_b = 11342929920.0000 (502905d8) = o_comp_less (0) | Expected (0)
[PASS] i_fpu_a = 37019164672.0000 (5109e83a) < i_fpu_b = 148023443456.0000 (5209db8a) = o_comp_less (1) | Expected (1)
[PASS] i_fpu_a = 9557647360.0000 (500e6b88) < i_fpu_b = 60949827584.0000 (51630e49) = o_comp_less (1) | Expected (1)
[PASS] i_fpu_a = 4148007680.0000 (4f773d93) < i_fpu_b = 136264769536.0000 (51fdd01b) = o_comp_less (1) | Expected (1)
[PASS] i_fpu_a = 38564900864.0000 (510faa5b) < i_fpu_b = 79504072704.0000 (5194167f) = o_comp_less (1) | Expected (1)
[PASS] i_fpu_a = -1577031424.0000 (cebbff2e) < i_fpu_b = 112788594688.0000 (51d215cb) = o_comp_less (1) | Expected (1)
[PASS] i_fpu_a = 29090142208.0000 (50d8bd0b) < i_fpu_b = 21307004928.0000 (509ebfe3) = o_comp_less (0) | Expected (0)
[PASS] i_fpu_a = 19505795072.0000 (5091545a) < i_fpu_b = 75878473728.0000 (518d55ad) = o_comp_less (1) | Expected (1)
[PASS] i_fpu_a = 14153932800.0000 (5052e8f8) < i_fpu_b = 82698567680.0000 (519a09c0) = o_comp_less (1) | Expected (1)
[PASS] i_fpu_a = 41837506560.0000 (511bdb5b) < i_fpu_b = 184321081344.0000 (522ba992) = o_comp_less (1) | Expected (1)
[PASS] i_fpu_a = 49066082304.0000 (5136c910) < i_fpu_b = 135493484544.0000 (51fc6054) = o_comp_less (1) | Expected (1)
[PASS] i_fpu_a = 2453963776.0000 (4f124484) < i_fpu_b = 5732935168.0000 (4faadad3) = o_comp_less (1) | Expected (1)
[PASS] i_fpu_a = 29109512192.0000 (50d8e1fd) < i_fpu_b = 196715036672.0000 (52373485) = o_comp_less (1) | Expected (1)
[PASS] i_fpu_a = 555225728.0000 (4e04604a) < i_fpu_b = -14150197248.0000 (d052dab8) = o_comp_less (0) | Expected (0)
[PASS] i_fpu_a = 39736082432.0000 (51140748) < i_fpu_b = 48851918848.0000 (5135fcd2) = o_comp_less (1) | Expected (1)
[PASS] i_fpu_a = 18979452928.0000 (508d686f) < i_fpu_b = 182128033792.0000 (52299eb5) = o_comp_less (1) | Expected (1)
[PASS] i_fpu_a = 13698233344.0000 (504c1e9d) < i_fpu_b = 217149194240.0000 (524a3c67) = o_comp_less (1) | Expected (1)
[PASS] i_fpu_a = 26895095808.0000 (50c86253) < i_fpu_b = 131736420352.0000 (51f560d2) = o_comp_less (1) | Expected (1)
[PASS] i_fpu_a = 6588326400.0000 (4fc458f1) < i_fpu_b = 98004295680.0000 (51b68c17) = o_comp_less (1) | Expected (1)
[PASS] i_fpu_a = 36943904768.0000 (5109a074) < i_fpu_b = 9453574144.0000 (500cde86) = o_comp_less (0) | Expected (0)
[PASS] i_fpu_a = 6406791168.0000 (4fbeeff0) < i_fpu_b = 112933429248.0000 (51d25adb) = o_comp_less (1) | Expected (1)
[PASS] i_fpu_a = 35824177152.0000 (51057499) < i_fpu_b = 162135359488.0000 (52170015) = o_comp_less (1) | Expected (1)
[PASS] i_fpu_a = 47219286016.0000 (512fe7d2) < i_fpu_b = 3353282304.0000 (4f47df07) = o_comp_less (0) | Expected (0)
[PASS] i_fpu_a = 41107423232.0000 (51192318) < i_fpu_b = 448882304.0000 (4dd60b34) = o_comp_less (0) | Expected (0)
[PASS] i_fpu_a = 31410227200.0000 (50ea0641) < i_fpu_b = 168904294400.0000 (521d4dec) = o_comp_less (1) | Expected (1)
[PASS] i_fpu_a = 9551740928.0000 (500e5500) < i_fpu_b = 106989535232.0000 (51c74896) = o_comp_less (1) | Expected (1)
[PASS] i_fpu_a = 11155084288.0000 (50263945) < i_fpu_b = 70810394624.0000 (5183e507) = o_comp_less (1) | Expected (1)
[PASS] i_fpu_a = 7567376384.0000 (4fe18680) < i_fpu_b = -7460271616.0000 (cfde555b) = o_comp_less (0) | Expected (0)
[PASS] i_fpu_a = 12753516544.0000 (503e0ace) < i_fpu_b = 39658323968.0000 (5113bd20) = o_comp_less (1) | Expected (1)
[PASS] i_fpu_a = 46084739072.0000 (512badd5) < i_fpu_b = 124713746432.0000 (51e84c26) = o_comp_less (1) | Expected (1)
[PASS] i_fpu_a = 31983427584.0000 (50ee4b8c) < i_fpu_b = 217413746688.0000 (524a7b7a) = o_comp_less (1) | Expected (1)
[PASS] i_fpu_a = 3167296512.0000 (4f3cc91c) < i_fpu_b = 84274716672.0000 (519cf951) = o_comp_less (1) | Expected (1)
[PASS] i_fpu_a = 21587396608.0000 (50a0d6b1) < i_fpu_b = 65422450688.0000 (5173b7b6) = o_comp_less (1) | Expected (1)
[PASS] i_fpu_a = 27501658112.0000 (50cce740) < i_fpu_b = 49940561920.0000 (513a0b08) = o_comp_less (1) | Expected (1)
[PASS] i_fpu_a = 36383469568.0000 (510789fb) < i_fpu_b = 27751073792.0000 (50cec2f9) = o_comp_less (0) | Expected (0)
[PASS] i_fpu_a = 13320207360.0000 (50467c8f) < i_fpu_b = 77453860864.0000 (519044e1) = o_comp_less (1) | Expected (1)
[PASS] i_fpu_a = 17251055616.0000 (508087c7) < i_fpu_b = 42086223872.0000 (511cc88d) = o_comp_less (1) | Expected (1)
[PASS] i_fpu_a = 34657550336.0000 (51011c04) < i_fpu_b = 118063718400.0000 (51dbe92b) = o_comp_less (1) | Expected (1)
[PASS] i_fpu_a = 7147758080.0000 (4fd50511) < i_fpu_b = 35297398784.0000 (51037e39) = o_comp_less (1) | Expected (1)
[PASS] i_fpu_a = 27500388352.0000 (50cce4d4) < i_fpu_b = 165927534592.0000 (521a8835) = o_comp_less (1) | Expected (1)
[PASS] i_fpu_a = 4350524928.0000 (4f81a7df) < i_fpu_b = 112408305664.0000 (51d16075) = o_comp_less (1) | Expected (1)
[PASS] i_fpu_a = 1586785920.0000 (4ebd28dd) < i_fpu_b = 113084530688.0000 (51d2a2e8) = o_comp_less (1) | Expected (1)
[PASS] i_fpu_a = 22524100608.0000 (50a7d150) < i_fpu_b = 45535522816.0000 (5129a20f) = o_comp_less (1) | Expected (1)
[PASS] i_fpu_a = 22104797184.0000 (50a4b18e) < i_fpu_b = 111001960448.0000 (51cec1dc) = o_comp_less (1) | Expected (1)
[PASS] i_fpu_a = 28510529536.0000 (50d46b85) < i_fpu_b = 43468607488.0000 (5121eee5) = o_comp_less (1) | Expected (1)
[PASS] i_fpu_a = 36546600960.0000 (5108258e) < i_fpu_b = -1061102400.0000 (ce7cfc8d) = o_comp_less (0) | Expected (0)
[PASS] i_fpu_a = 47728005120.0000 (5131ccf9) < i_fpu_b = 168606679040.0000 (521d06f7) = o_comp_less (1) | Expected (1)
[PASS] i_fpu_a = 21987520512.0000 (50a3d1de) < i_fpu_b = 139410604032.0000 (5201d614) = o_comp_less (1) | Expected (1)
[PASS] i_fpu_a = 4808425984.0000 (4f8f4d61) < i_fpu_b = -22730393600.0000 (d0a95ac9) = o_comp_less (0) | Expected (0)
[PASS] i_fpu_a = 39499309056.0000 (5113257a) < i_fpu_b = 139356274688.0000 (5201c920) = o_comp_less (1) | Expected (1)
[PASS] i_fpu_a = 38656393216.0000 (5110019c) < i_fpu_b = 142102904832.0000 (520457f9) = o_comp_less (1) | Expected (1)
[PASS] i_fpu_a = 26673229824.0000 (50c6bb26) < i_fpu_b = 182417866752.0000 (5229e3cf) = o_comp_less (1) | Expected (1)
[PASS] i_fpu_a = 37097025536.0000 (510a327b) < i_fpu_b = 85872041984.0000 (519ff2fb) = o_comp_less (1) | Expected (1)
[PASS] i_fpu_a = -1177656448.0000 (ce8c6339) < i_fpu_b = 9655906304.0000 (500fe25c) = o_comp_less (1) | Expected (1)
[PASS] i_fpu_a = 7700418048.0000 (4fe57d87) < i_fpu_b = 207021031424.0000 (5240cda9) = o_comp_less (1) | Expected (1)
[PASS] i_fpu_a = 20861882368.0000 (509b6ee2) < i_fpu_b = 122906935296.0000 (51e4ee98) = o_comp_less (1) | Expected (1)
[PASS] i_fpu_a = 3031046400.0000 (4f34aa19) < i_fpu_b = 40258772992.0000 (5115f9c2) = o_comp_less (1) | Expected (1)
[PASS] i_fpu_a = 41596932096.0000 (511af5ed) < i_fpu_b = 138525769728.0000 (5201031e) = o_comp_less (1) | Expected (1)
[PASS] i_fpu_a = 30173673472.0000 (50e0cfb7) < i_fpu_b = 27881125888.0000 (50cfbb07) = o_comp_less (0) | Expected (0)
[PASS] i_fpu_a = 49877848064.0000 (5139cf39) < i_fpu_b = -6749220352.0000 (cfc92477) = o_comp_less (0) | Expected (0)
[PASS] i_fpu_a = 27196585984.0000 (50caa15f) < i_fpu_b = 119451238400.0000 (51de7eca) = o_comp_less (1) | Expected (1)
[PASS] i_fpu_a = 49432555520.0000 (5138268f) < i_fpu_b = 53001027584.0000 (514571b8) = o_comp_less (1) | Expected (1)
[PASS] i_fpu_a = 31289438208.0000 (50e91fde) < i_fpu_b = 97721524224.0000 (51b60541) = o_comp_less (1) | Expected (1)
[PASS] i_fpu_a = 49478791168.0000 (513852a7) < i_fpu_b = 169244098560.0000 (521d9ef0) = o_comp_less (1) | Expected (1)
[PASS] i_fpu_a = 15345275904.0000 (5064a995) < i_fpu_b = -18840844288.0000 (d08c600f) = o_comp_less (0) | Expected (0)
[PASS] i_fpu_a = 24754026496.0000 (50b86e8f) < i_fpu_b = 144345235456.0000 (52066e96) = o_comp_less (1) | Expected (1)
[PASS] i_fpu_a = 17335717888.0000 (50812942) < i_fpu_b = 52969902080.0000 (51455409) = o_comp_less (1) | Expected (1)
[PASS] i_fpu_a = 35304919040.0000 (51038565) < i_fpu_b = -22248648704.0000 (d0a5c3ee) = o_comp_less (0) | Expected (0)
[PASS] i_fpu_a = 35086118912.0000 (5102b4bb) < i_fpu_b = 113385005056.0000 (51d3322f) = o_comp_less (1) | Expected (1)
[PASS] i_fpu_a = 44640821248.0000 (51264cce) < i_fpu_b = 93649240064.0000 (51ae6f70) = o_comp_less (1) | Expected (1)
[PASS] i_fpu_a = -1210248064.0000 (ce9045d7) < i_fpu_b = 50848186368.0000 (513d6c9c) = o_comp_less (1) | Expected (1)
[PASS] i_fpu_a = 21569486848.0000 (50a0b488) < i_fpu_b = 110101037056.0000 (51cd1444) = o_comp_less (1) | Expected (1)
[PASS] i_fpu_a = 11051900928.0000 (5024afa8) < i_fpu_b = 58341302272.0000 (5159569a) = o_comp_less (1) | Expected (1)
[PASS] i_fpu_a = 30168600576.0000 (50e0c60a) < i_fpu_b = 157222109184.0000 (52126cac) = o_comp_less (1) | Expected (1)
[PASS] i_fpu_a = 25871820800.0000 (50c0c295) < i_fpu_b = 34876272640.0000 (5101ec9b) = o_comp_less (1) | Expected (1)
[PASS] i_fpu_a = 30904838144.0000 (50e6424d) < i_fpu_b = 28278048768.0000 (50d2b019) = o_comp_less (0) | Expected (0)
[PASS] i_fpu_a = 47047716864.0000 (512f4433) < i_fpu_b = 138624909312.0000 (52011ac1) = o_comp_less (1) | Expected (1)
[PASS] i_fpu_a = 15746651136.0000 (506aa4b5) < i_fpu_b = 91830829056.0000 (51ab0c5a) = o_comp_less (1) | Expected (1)
[PASS] i_fpu_a = 12263230464.0000 (5036bc83) < i_fpu_b = 44215296000.0000 (5124b6fe) = o_comp_less (1) | Expected (1)
[PASS] i_fpu_a = 23713660928.0000 (50b0ae38) < i_fpu_b = 13683042304.0000 (504be4aa) = o_comp_less (0) | Expected (0)
[PASS] i_fpu_a = 41871343616.0000 (511bfba0) < i_fpu_b = 60272934912.0000 (516088c0) = o_comp_less (1) | Expected (1)
[PASS] i_fpu_a = 43679760384.0000 (5122b844) < i_fpu_b = 184532041728.0000 (522bdbde) = o_comp_less (1) | Expected (1)
[PASS] i_fpu_a = 39803162624.0000 (51144741) < i_fpu_b = 120915337216.0000 (51e138ed) = o_comp_less (1) | Expected (1)
[PASS] i_fpu_a = 7522036736.0000 (4fe02c96) < i_fpu_b = 191362711552.0000 (5232386d) = o_comp_less (1) | Expected (1)
[PASS] i_fpu_a = 18543022080.0000 (508a2802) < i_fpu_b = 141508100096.0000 (5203ca29) = o_comp_less (1) | Expected (1)
[PASS] i_fpu_a = 5351932928.0000 (4f9f8002) < i_fpu_b = 30490497024.0000 (50e32c02) = o_comp_less (1) | Expected (1)
[PASS] i_fpu_a = 8557047808.0000 (4fff0518) < i_fpu_b = 177134059520.0000 (5224f80d) = o_comp_less (1) | Expected (1)
[PASS] i_fpu_a = 15643991040.0000 (50691d17) < i_fpu_b = 64947814400.0000 (5171f310) = o_comp_less (1) | Expected (1)
[PASS] i_fpu_a = -178417184.0000 (cd2a26e2) < i_fpu_b = 162925395968.0000 (5217bc71) = o_comp_less (1) | Expected (1)
[PASS] i_fpu_a = -471227136.0000 (cde0b2d8) < i_fpu_b = 71455727616.0000 (518518bf) = o_comp_less (1) | Expected (1)
[PASS] i_fpu_a = 587924608.0000 (4e0c2c12) < i_fpu_b = 27171540992.0000 (50ca719a) = o_comp_less (1) | Expected (1)
[PASS] i_fpu_a = 32818219008.0000 (50f483c9) < i_fpu_b = 28245106688.0000 (50d27144) = o_comp_less (0) | Expected (0)
[PASS] i_fpu_a = 2240242176.0000 (4f058762) < i_fpu_b = 123336859648.0000 (51e5bb99) = o_comp_less (1) | Expected (1)
[PASS] i_fpu_a = 31624560640.0000 (50eb9f10) < i_fpu_b = 55886766080.0000 (515031c6) = o_comp_less (1) | Expected (1)
[PASS] i_fpu_a = 44859797504.0000 (51271da3) < i_fpu_b = 43431235584.0000 (5121cb41) = o_comp_less (0) | Expected (0)
[PASS] i_fpu_a = 10242865152.0000 (5018a16e) < i_fpu_b = 68314238976.0000 (517e7d89) = o_comp_less (1) | Expected (1)
[PASS] i_fpu_a = 18563309568.0000 (508a4eb4) < i_fpu_b = 27709566976.0000 (50ce73ce) = o_comp_less (1) | Expected (1)
[PASS] i_fpu_a = 24248260608.0000 (50b4a9e3) < i_fpu_b = 87301439488.0000 (51a29c92) = o_comp_less (1) | Expected (1)
[PASS] i_fpu_a = 41972936704.0000 (511c5c83) < i_fpu_b = 106309607424.0000 (51c6045f) = o_comp_less (1) | Expected (1)
[PASS] i_fpu_a = 45212033024.0000 (51286d8e) < i_fpu_b = 197460312064.0000 (5237e635) = o_comp_less (1) | Expected (1)
[PASS] i_fpu_a = 36676206592.0000 (5108a128) < i_fpu_b = 54113230848.0000 (51499666) = o_comp_less (1) | Expected (1)
[PASS] i_fpu_a = 13347547136.0000 (5046e4da) < i_fpu_b = 101248778240.0000 (51bc972e) = o_comp_less (1) | Expected (1)
[PASS] i_fpu_a = 36127555584.0000 (510695ec) < i_fpu_b = 40203304960.0000 (5115c4dc) = o_comp_less (1) | Expected (1)
[PASS] i_fpu_a = 37121323008.0000 (510a49a7) < i_fpu_b = 76662063104.0000 (518ecb52) = o_comp_less (1) | Expected (1)
[PASS] i_fpu_a = 22579859456.0000 (50a83baa) < i_fpu_b = 179617136640.0000 (52274810) = o_comp_less (1) | Expected (1)
[PASS] i_fpu_a = 23919745024.0000 (50b2374b) < i_fpu_b = 31954794496.0000 (50ee14ef) = o_comp_less (1) | Expected (1)
[PASS] i_fpu_a = 23505836032.0000 (50af21d3) < i_fpu_b = 89080471552.0000 (51a5ece1) = o_comp_less (1) | Expected (1)
[PASS] i_fpu_a = 14088489984.0000 (5051ef53) < i_fpu_b = 94881120256.0000 (51b0bad8) = o_comp_less (1) | Expected (1)
[PASS] i_fpu_a = 34316562432.0000 (50ffada6) < i_fpu_b = 2160392192.0000 (4f00c4f8) = o_comp_less (0) | Expected (0)
[PASS] i_fpu_a = 7319344128.0000 (4fda222a) < i_fpu_b = 149874147328.0000 (520b94c8) = o_comp_less (1) | Expected (1)
[PASS] i_fpu_a = 46960201728.0000 (512ef0bd) < i_fpu_b = 175135604736.0000 (52231b95) = o_comp_less (1) | Expected (1)
[PASS] i_fpu_a = 12645655552.0000 (503c6f59) < i_fpu_b = 152437964800.0000 (520df80b) = o_comp_less (1) | Expected (1)
[PASS] i_fpu_a = 17022540800.0000 (507da7d7) < i_fpu_b = 131193274368.0000 (51f45dd4) = o_comp_less (1) | Expected (1)
[PASS] i_fpu_a = 45236846592.0000 (51288538) < i_fpu_b = 46543806464.0000 (512d63a2) = o_comp_less (1) | Expected (1)
[PASS] i_fpu_a = 34772148224.0000 (5101894e) < i_fpu_b = 133059198976.0000 (51f7d792) = o_comp_less (1) | Expected (1)
[PASS] i_fpu_a = 27436189696.0000 (50cc6a61) < i_fpu_b = 61840642048.0000 (51665fd5) = o_comp_less (1) | Expected (1)
[PASS] i_fpu_a = 27786524672.0000 (50cf0697) < i_fpu_b = -20186755072.0000 (d096672e) = o_comp_less (0) | Expected (0)
[PASS] i_fpu_a = 47904198656.0000 (51327501) < i_fpu_b = 218049921024.0000 (524b1327) = o_comp_less (1) | Expected (1)
[PASS] i_fpu_a = 26062923776.0000 (50c22f15) < i_fpu_b = 188426911744.0000 (522f7c7a) = o_comp_less (1) | Expected (1)
[PASS] i_fpu_a = 46352093184.0000 (512caccd) < i_fpu_b = 10369764352.0000 (501a8583) = o_comp_less (0) | Expected (0)
[PASS] i_fpu_a = 19596779520.0000 (509201e4) < i_fpu_b = -14577806336.0000 (d05939eb) = o_comp_less (0) | Expected (0)
[PASS] i_fpu_a = 11139207168.0000 (5025fcb4) < i_fpu_b = 67688468480.0000 (517c28c1) = o_comp_less (1) | Expected (1)
[PASS] i_fpu_a = 12850395136.0000 (503f7c5e) < i_fpu_b = 177297817600.0000 (52251f18) = o_comp_less (1) | Expected (1)
[PASS] i_fpu_a = 28371929088.0000 (50d36329) < i_fpu_b = 212158431232.0000 (52459683) = o_comp_less (1) | Expected (1)
[PASS] i_fpu_a = 24524937216.0000 (50b6b99b) < i_fpu_b = -16706715648.0000 (d078f310) = o_comp_less (0) | Expected (0)
[PASS] i_fpu_a = 11064969216.0000 (5024e182) < i_fpu_b = 183988813824.0000 (522b5a5a) = o_comp_less (1) | Expected (1)
[PASS] i_fpu_a = 45548003328.0000 (5129adf6) < i_fpu_b = 177194582016.0000 (5225067b) = o_comp_less (1) | Expected (1)
[PASS] i_fpu_a = 1778850816.0000 (4ed40e38) < i_fpu_b = 2642173440.0000 (4f1d7c5e) = o_comp_less (1) | Expected (1)
[PASS] i_fpu_a = 29594265600.0000 (50dc7e95) < i_fpu_b = 90407575552.0000 (51a865b1) = o_comp_less (1) | Expected (1)
[PASS] i_fpu_a = 2092532608.0000 (4ef97307) < i_fpu_b = 66026622976.0000 (5175f7e5) = o_comp_less (1) | Expected (1)
[PASS] i_fpu_a = -257623376.0000 (cd75b055) < i_fpu_b = 155991932928.0000 (52114760) = o_comp_less (1) | Expected (1)
[PASS] i_fpu_a = 14055917568.0000 (50517312) < i_fpu_b = 86891700224.0000 (51a1d931) = o_comp_less (1) | Expected (1)
[PASS] i_fpu_a = 17798721536.0000 (50849c5e) < i_fpu_b = 103834656768.0000 (51c16839) = o_comp_less (1) | Expected (1)
[PASS] i_fpu_a = 15106212864.0000 (506119a1) < i_fpu_b = 71579148288.0000 (51855399) = o_comp_less (1) | Expected (1)
[PASS] i_fpu_a = 37723484160.0000 (510c87eb) < i_fpu_b = 85783764992.0000 (519fc8e3) = o_comp_less (1) | Expected (1)
[PASS] i_fpu_a = 41547423744.0000 (511ac6b6) < i_fpu_b = 126401798144.0000 (51eb7113) = o_comp_less (1) | Expected (1)
[PASS] i_fpu_a = 46535905280.0000 (512d5c19) < i_fpu_b = 89006735360.0000 (51a5c9b8) = o_comp_less (1) | Expected (1)
[PASS] i_fpu_a = 43979177984.0000 (5123d5d0) < i_fpu_b = 64692654080.0000 (5170ffb9) = o_comp_less (1) | Expected (1)
[PASS] i_fpu_a = 22221164544.0000 (50a58f82) < i_fpu_b = 36381687808.0000 (51078848) = o_comp_less (1) | Expected (1)
[PASS] i_fpu_a = 16738558976.0000 (50796c89) < i_fpu_b = 15856388096.0000 (506c4752) = o_comp_less (0) | Expected (0)
[PASS] i_fpu_a = 29825972224.0000 (50de3887) < i_fpu_b = 67925344256.0000 (517d0aa8) = o_comp_less (1) | Expected (1)
[PASS] i_fpu_a = 18187427840.0000 (508781c4) < i_fpu_b = 146307809280.0000 (52084280) = o_comp_less (1) | Expected (1)
[PASS] i_fpu_a = 32484116480.0000 (50f20689) < i_fpu_b = 103242407936.0000 (51c04dd1) = o_comp_less (1) | Expected (1)
[PASS] i_fpu_a = 3133088256.0000 (4f3abf22) < i_fpu_b = 54476414976.0000 (514af0c2) = o_comp_less (1) | Expected (1)
[PASS] i_fpu_a = 49250025472.0000 (5137787c) < i_fpu_b = 9410977792.0000 (500c3c08) = o_comp_less (0) | Expected (0)
[PASS] i_fpu_a = 1548610944.0000 (4eb89bdb) < i_fpu_b = -8073507328.0000 (cff09bf9) = o_comp_less (0) | Expected (0)
[PASS] i_fpu_a = 42428203008.0000 (511e0eb0) < i_fpu_b = 55833681920.0000 (514fff26) = o_comp_less (1) | Expected (1)
[PASS] i_fpu_a = 10870506496.0000 (5021fbb1) < i_fpu_b = 151752654848.0000 (520d54a7) = o_comp_less (1) | Expected (1)
[PASS] i_fpu_a = 22431664128.0000 (50a72101) < i_fpu_b = 101055053824.0000 (51bc3ace) = o_comp_less (1) | Expected (1)
[PASS] i_fpu_a = 32198940672.0000 (50efe69b) < i_fpu_b = 139494506496.0000 (5201ea15) = o_comp_less (1) | Expected (1)
[PASS] i_fpu_a = 27103451136.0000 (50c9efbb) < i_fpu_b = 193660895232.0000 (52345c5b) = o_comp_less (1) | Expected (1)
[PASS] i_fpu_a = 15878563840.0000 (506c9bea) < i_fpu_b = 166719586304.0000 (521b450c) = o_comp_less (1) | Expected (1)
[PASS] i_fpu_a = 2685113600.0000 (4f200b95) < i_fpu_b = 24265345024.0000 (50b4ca79) = o_comp_less (1) | Expected (1)
[PASS] i_fpu_a = 4588397568.0000 (4f88beb2) < i_fpu_b = 171137597440.0000 (521f6262) = o_comp_less (1) | Expected (1)
[PASS] i_fpu_a = 4865327616.0000 (4f90ff81) < i_fpu_b = 55583899648.0000 (514f10f0) = o_comp_less (1) | Expected (1)
[PASS] i_fpu_a = 35957194752.0000 (5105f374) < i_fpu_b = 220303360000.0000 (524d2c6a) = o_comp_less (1) | Expected (1)
[PASS] i_fpu_a = 9200194560.0000 (500917f5) < i_fpu_b = -16449768448.0000 (d0751ee3) = o_comp_less (0) | Expected (0)
[PASS] i_fpu_a = 9021966336.0000 (50067012) < i_fpu_b = 207094005760.0000 (5240df0f) = o_comp_less (1) | Expected (1)
[PASS] i_fpu_a = 27925803008.0000 (50d0103e) < i_fpu_b = 209681547264.0000 (524347fa) = o_comp_less (1) | Expected (1)
[PASS] i_fpu_a = 25375868928.0000 (50bd10a1) < i_fpu_b = 32636704768.0000 (50f32993) = o_comp_less (1) | Expected (1)
[PASS] i_fpu_a = 2454904576.0000 (4f1252df) < i_fpu_b = 152522752000.0000 (520e0c42) = o_comp_less (1) | Expected (1)
[PASS] i_fpu_a = 9959250944.0000 (50146787) < i_fpu_b = 166766903296.0000 (521b5054) = o_comp_less (1) | Expected (1)
[PASS] i_fpu_a = 19257573376.0000 (508f7ae8) < i_fpu_b = 51922386944.0000 (51416d0c) = o_comp_less (1) | Expected (1)
[PASS] i_fpu_a = 46006194176.0000 (512b62ed) < i_fpu_b = 67006787584.0000 (51799ea7) = o_comp_less (1) | Expected (1)
[PASS] i_fpu_a = 31810918400.0000 (50ed0283) < i_fpu_b = 110524366848.0000 (51cdde20) = o_comp_less (1) | Expected (1)
[PASS] i_fpu_a = 47894261760.0000 (51326b87) < i_fpu_b = 206040793088.0000 (523fe3f4) = o_comp_less (1) | Expected (1)
[PASS] i_fpu_a = 21185968128.0000 (509dd907) < i_fpu_b = 207543730176.0000 (52414a48) = o_comp_less (1) | Expected (1)
[PASS] i_fpu_a = 35473141760.0000 (510425d3) < i_fpu_b = 158277435392.0000 (52136848) = o_comp_less (1) | Expected (1)
[PASS] i_fpu_a = 12503560192.0000 (503a514c) < i_fpu_b = 33538787328.0000 (50f9e229) = o_comp_less (1) | Expected (1)
[PASS] i_fpu_a = 35167371264.0000 (51030238) < i_fpu_b = -13645635584.0000 (d04b55f8) = o_comp_less (0) | Expected (0)
[PASS] i_fpu_a = 45546074112.0000 (5129ac1f) < i_fpu_b = 67734851584.0000 (517c54fd) = o_comp_less (1) | Expected (1)
[PASS] i_fpu_a = 13244493824.0000 (50455bbc) < i_fpu_b = 170837803008.0000 (521f1ae8) = o_comp_less (1) | Expected (1)
[PASS] i_fpu_a = 8695375872.0000 (5001923a) < i_fpu_b = 118320775168.0000 (51dc63be) = o_comp_less (1) | Expected (1)
[PASS] i_fpu_a = 18175414272.0000 (50876ada) < i_fpu_b = 190213652480.0000 (52312678) = o_comp_less (1) | Expected (1)
[PASS] i_fpu_a = 3567783168.0000 (4f54a80d) < i_fpu_b = 60754284544.0000 (516253cd) = o_comp_less (1) | Expected (1)
[PASS] i_fpu_a = 41167564800.0000 (51195c73) < i_fpu_b = 75241857024.0000 (518c261d) = o_comp_less (1) | Expected (1)
[PASS] i_fpu_a = 21712721920.0000 (50a1c5bb) < i_fpu_b = 48711376896.0000 (513576ca) = o_comp_less (1) | Expected (1)
[PASS] i_fpu_a = 18061944832.0000 (5086926d) < i_fpu_b = 21721053184.0000 (50a1d59f) = o_comp_less (1) | Expected (1)
[PASS] i_fpu_a = 6081180160.0000 (4fb53bb9) < i_fpu_b = 123523424256.0000 (51e6148f) = o_comp_less (1) | Expected (1)
[PASS] i_fpu_a = 47081046016.0000 (512f63fc) < i_fpu_b = 196003119104.0000 (52368ac9) = o_comp_less (1) | Expected (1)
[PASS] i_fpu_a = 21788499968.0000 (50a25644) < i_fpu_b = 162177433600.0000 (52170a1d) = o_comp_less (1) | Expected (1)
[PASS] i_fpu_a = 5232624640.0000 (4f9bf1c2) < i_fpu_b = 14169187328.0000 (50532329) = o_comp_less (1) | Expected (1)
[PASS] i_fpu_a = 38691299328.0000 (511022e6) < i_fpu_b = 106821500928.0000 (51c6f876) = o_comp_less (1) | Expected (1)
[PASS] i_fpu_a = 3101144576.0000 (4f38d7b6) < i_fpu_b = 6299654144.0000 (4fbbbe8c) = o_comp_less (1) | Expected (1)
[PASS] i_fpu_a = 17136681984.0000 (507f5b41) < i_fpu_b = 95788212224.0000 (51b26b61) = o_comp_less (1) | Expected (1)
[PASS] i_fpu_a = 16900879360.0000 (507bd7bd) < i_fpu_b = 46875029504.0000 (512e9f83) = o_comp_less (1) | Expected (1)
[PASS] i_fpu_a = 15223366656.0000 (5062d889) < i_fpu_b = 148930789376.0000 (520ab3de) = o_comp_less (1) | Expected (1)
[PASS] i_fpu_a = 39823142912.0000 (51145a4f) < i_fpu_b = 170430873600.0000 (521eb9e3) = o_comp_less (1) | Expected (1)
[PASS] i_fpu_a = 20709091328.0000 (509a4b75) < i_fpu_b = 73713287168.0000 (51894d3c) = o_comp_less (1) | Expected (1)
[PASS] i_fpu_a = 20473143296.0000 (5098896c) < i_fpu_b = 13282035712.0000 (5045eaf2) = o_comp_less (0) | Expected (0)
[PASS] i_fpu_a = 18288523264.0000 (50884297) < i_fpu_b = 179290423296.0000 (5226fa2b) = o_comp_less (1) | Expected (1)
[PASS] i_fpu_a = 7622427648.0000 (4fe32a82) < i_fpu_b = 125651214336.0000 (51ea0b2b) = o_comp_less (1) | Expected (1)
[PASS] i_fpu_a = 25248280576.0000 (50bc1d46) < i_fpu_b = 193217200128.0000 (5233f292) = o_comp_less (1) | Expected (1)
[PASS] i_fpu_a = 26149138432.0000 (50c2d386) < i_fpu_b = 101114028032.0000 (51bc56ed) = o_comp_less (1) | Expected (1)
[PASS] i_fpu_a = 16968502272.0000 (507cd9b3) < i_fpu_b = 84538318848.0000 (519d7703) = o_comp_less (1) | Expected (1)
[PASS] i_fpu_a = 36689190912.0000 (5108ad8a) < i_fpu_b = 145631936512.0000 (5207a15c) = o_comp_less (1) | Expected (1)
[PASS] i_fpu_a = -1457092608.0000 (ceadb2f0) < i_fpu_b = 154407682048.0000 (520fcda9) = o_comp_less (1) | Expected (1)
[PASS] i_fpu_a = 27599235072.0000 (50cda15d) < i_fpu_b = 209748688896.0000 (524357fc) = o_comp_less (1) | Expected (1)
[PASS] i_fpu_a = 42413277184.0000 (511e0074) < i_fpu_b = 189627924480.0000 (52309ad2) = o_comp_less (1) | Expected (1)
[PASS] i_fpu_a = 25639940096.0000 (50bf084e) < i_fpu_b = 134393602048.0000 (51fa53dd) = o_comp_less (1) | Expected (1)
[PASS] i_fpu_a = 29557659648.0000 (50dc38c3) < i_fpu_b = -4051801856.0000 (cf718197) = o_comp_less (0) | Expected (0)
[PASS] i_fpu_a = 37507948544.0000 (510bba5e) < i_fpu_b = 97862320128.0000 (51b64864) = o_comp_less (1) | Expected (1)
[PASS] i_fpu_a = 34369597440.0000 (51000967) < i_fpu_b = 168432730112.0000 (521cdd7e) = o_comp_less (1) | Expected (1)
[PASS] i_fpu_a = 41800957952.0000 (511bb880) < i_fpu_b = -16738402304.0000 (d0796bf0) = o_comp_less (0) | Expected (0)
[PASS] i_fpu_a = 19404177408.0000 (50909288) < i_fpu_b = 121152954368.0000 (51e1aa3b) = o_comp_less (1) | Expected (1)
[PASS] i_fpu_a = 21691594752.0000 (50a19d6f) < i_fpu_b = 102058401792.0000 (51be193d) = o_comp_less (1) | Expected (1)
[PASS] i_fpu_a = 7248326144.0000 (4fd80457) < i_fpu_b = 213177466880.0000 (52468978) = o_comp_less (1) | Expected (1)
[PASS] i_fpu_a = 23454015488.0000 (50aebefc) < i_fpu_b = 41594265600.0000 (511af362) = o_comp_less (1) | Expected (1)
[PASS] i_fpu_a = 9839685632.0000 (50129f6c) < i_fpu_b = 212959215616.0000 (5246556f) = o_comp_less (1) | Expected (1)
[PASS] i_fpu_a = 45151342592.0000 (512833ad) < i_fpu_b = 192178339840.0000 (5232fae3) = o_comp_less (1) | Expected (1)
[PASS] i_fpu_a = 26692139008.0000 (50c6df37) < i_fpu_b = 185350848512.0000 (522c9f16) = o_comp_less (1) | Expected (1)
[PASS] i_fpu_a = 36792664064.0000 (51091038) < i_fpu_b = 66203590656.0000 (5176a0aa) = o_comp_less (1) | Expected (1)
[PASS] i_fpu_a = 7543761408.0000 (4fe0d255) < i_fpu_b = 190897782784.0000 (5231c994) = o_comp_less (1) | Expected (1)
[PASS] i_fpu_a = 24921982976.0000 (50b9aee9) < i_fpu_b = 183794417664.0000 (522b2c01) = o_comp_less (1) | Expected (1)
[PASS] i_fpu_a = 24653813760.0000 (50b7af6b) < i_fpu_b = 80574578688.0000 (519614f4) = o_comp_less (1) | Expected (1)
[PASS] i_fpu_a = 9046004736.0000 (5006cbc5) < i_fpu_b = 191675514880.0000 (52328301) = o_comp_less (1) | Expected (1)
[PASS] i_fpu_a = 14581296128.0000 (5059473b) < i_fpu_b = 33569269760.0000 (50fa1c4d) = o_comp_less (1) | Expected (1)
[PASS] i_fpu_a = 26462279680.0000 (50c528cb) < i_fpu_b = 131988185088.0000 (51f5d8df) = o_comp_less (1) | Expected (1)
[PASS] i_fpu_a = -1850029184.0000 (cedc8a69) < i_fpu_b = 59426115584.0000 (515d6129) = o_comp_less (1) | Expected (1)
[PASS] i_fpu_a = 9239358464.0000 (5009ad5b) < i_fpu_b = 55640887296.0000 (514f4749) = o_comp_less (1) | Expected (1)
[PASS] i_fpu_a = 29320390656.0000 (50da7435) < i_fpu_b = 138356031488.0000 (5200daa6) = o_comp_less (1) | Expected (1)
[PASS] i_fpu_a = 23010277376.0000 (50ab709f) < i_fpu_b = 57542955008.0000 (51565d3d) = o_comp_less (1) | Expected (1)
[PASS] i_fpu_a = 17534191616.0000 (5082a3d1) < i_fpu_b = 47222530048.0000 (512feaea) = o_comp_less (1) | Expected (1)
[PASS] i_fpu_a = 18464337920.0000 (508991ee) < i_fpu_b = 91606802432.0000 (51aaa187) = o_comp_less (1) | Expected (1)
[PASS] i_fpu_a = 32965836800.0000 (50f59d58) < i_fpu_b = 56196714496.0000 (5151595d) = o_comp_less (1) | Expected (1)
[PASS] i_fpu_a = 41743421440.0000 (511b81a1) < i_fpu_b = 142171734016.0000 (52046862) = o_comp_less (1) | Expected (1)
[PASS] i_fpu_a = 39816036352.0000 (51145388) < i_fpu_b = 20722237440.0000 (509a6488) = o_comp_less (0) | Expected (0)
[PASS] i_fpu_a = 43135787008.0000 (5120b17e) < i_fpu_b = 65756524544.0000 (5174f64f) = o_comp_less (1) | Expected (1)
[PASS] i_fpu_a = -1045225728.0000 (ce793384) < i_fpu_b = 120604303360.0000 (51e0a49d) = o_comp_less (1) | Expected (1)
[PASS] i_fpu_a = 20520210432.0000 (5098e332) < i_fpu_b = 121333587968.0000 (51e2005d) = o_comp_less (1) | Expected (1)
[PASS] i_fpu_a = 7505103360.0000 (4fdfab65) < i_fpu_b = 175866904576.0000 (5223c9f0) = o_comp_less (1) | Expected (1)
[PASS] i_fpu_a = 39824547840.0000 (51145ba6) < i_fpu_b = 182629842944.0000 (522a1659) = o_comp_less (1) | Expected (1)
[PASS] i_fpu_a = 36617158656.0000 (510868d8) < i_fpu_b = 110094901248.0000 (51cd1157) = o_comp_less (1) | Expected (1)
[PASS] i_fpu_a = 7167641600.0000 (4fd59cc4) < i_fpu_b = 142206763008.0000 (520470bc) = o_comp_less (1) | Expected (1)
[PASS] i_fpu_a = 27635900416.0000 (50cde74c) < i_fpu_b = 35006492672.0000 (510268cb) = o_comp_less (1) | Expected (1)
[PASS] i_fpu_a = 28907259904.0000 (50d76039) < i_fpu_b = 126188511232.0000 (51eb0b5f) = o_comp_less (1) | Expected (1)
[PASS] i_fpu_a = 1559712896.0000 (4eb9eea9) < i_fpu_b = 87819976704.0000 (51a393d4) = o_comp_less (1) | Expected (1)
[PASS] i_fpu_a = 16803525632.0000 (507a645d) < i_fpu_b = 87190740992.0000 (51a267c9) = o_comp_less (1) | Expected (1)
[PASS] i_fpu_a = 11511780352.0000 (502b89f5) < i_fpu_b = 184007327744.0000 (522b5ec4) = o_comp_less (1) | Expected (1)
[PASS] i_fpu_a = 47404064768.0000 (5130980a) < i_fpu_b = 158054727680.0000 (5213332f) = o_comp_less (1) | Expected (1)
[PASS] i_fpu_a = 42783113216.0000 (511f6128) < i_fpu_b = 78568439808.0000 (5192585a) = o_comp_less (1) | Expected (1)
[PASS] i_fpu_a = 37504962560.0000 (510bb785) < i_fpu_b = -3759326464.0000 (cf6012c5) = o_comp_less (0) | Expected (0)
[PASS] i_fpu_a = 39152877568.0000 (5111db18) < i_fpu_b = 147714785280.0000 (520991f3) = o_comp_less (1) | Expected (1)
[PASS] i_fpu_a = 16947083264.0000 (507c87fe) < i_fpu_b = 68979073024.0000 (51807bc9) = o_comp_less (1) | Expected (1)
[PASS] i_fpu_a = 418729888.0000 (4dc7aa7d) < i_fpu_b = 191691472896.0000 (523286cf) = o_comp_less (1) | Expected (1)
[PASS] i_fpu_a = 33753165824.0000 (50fb7b0e) < i_fpu_b = 155470528512.0000 (5210cb10) = o_comp_less (1) | Expected (1)
[PASS] i_fpu_a = 23790282752.0000 (50b1405d) < i_fpu_b = 31740864512.0000 (50ec7ce5) = o_comp_less (1) | Expected (1)
[PASS] i_fpu_a = 38612430848.0000 (510fd7af) < i_fpu_b = 97216397312.0000 (51b51464) = o_comp_less (1) | Expected (1)
[PASS] i_fpu_a = -216350544.0000 (cd4e53f5) < i_fpu_b = 77706256384.0000 (5190bd3b) = o_comp_less (1) | Expected (1)
[PASS] i_fpu_a = 16302544896.0000 (5072ed46) < i_fpu_b = 185830998016.0000 (522d1190) = o_comp_less (1) | Expected (1)
[PASS] i_fpu_a = 24172077056.0000 (50b41894) < i_fpu_b = 135043457024.0000 (51fb89bd) = o_comp_less (1) | Expected (1)
[PASS] i_fpu_a = 11385568256.0000 (5029a87f) < i_fpu_b = 163307159552.0000 (52181776) = o_comp_less (1) | Expected (1)
[PASS] i_fpu_a = 19396507648.0000 (509083e7) < i_fpu_b = 106455203840.0000 (51c649cc) = o_comp_less (1) | Expected (1)
[PASS] i_fpu_a = 44567216128.0000 (5126069c) < i_fpu_b = 120613052416.0000 (51e0a8c9) = o_comp_less (1) | Expected (1)
[PASS] i_fpu_a = -1761512448.0000 (ced1fd18) < i_fpu_b = 155645165568.0000 (5210f4b3) = o_comp_less (1) | Expected (1)
[PASS] i_fpu_a = 48547287040.0000 (5134da4d) < i_fpu_b = 182613671936.0000 (522a127e) = o_comp_less (1) | Expected (1)
[PASS] i_fpu_a = 23595235328.0000 (50afcc57) < i_fpu_b = 116021116928.0000 (51d81b2e) = o_comp_less (1) | Expected (1)
[PASS] i_fpu_a = 23724429312.0000 (50b0c2c2) < i_fpu_b = 130486370304.0000 (51f30cc0) = o_comp_less (1) | Expected (1)
[PASS] i_fpu_a = 47188807680.0000 (512fcac1) < i_fpu_b = 118588137472.0000 (51dce33b) = o_comp_less (1) | Expected (1)
[PASS] i_fpu_a = 12675053568.0000 (503cdf7e) < i_fpu_b = 158523080704.0000 (5213a2d9) = o_comp_less (1) | Expected (1)
[PASS] i_fpu_a = 7232256000.0000 (4fd789bc) < i_fpu_b = 139421024256.0000 (5201d890) = o_comp_less (1) | Expected (1)
[PASS] i_fpu_a = 47541350400.0000 (51311af7) < i_fpu_b = 69986320384.0000 (51825c14) = o_comp_less (1) | Expected (1)
[PASS] i_fpu_a = 43889811456.0000 (51238096) < i_fpu_b = 103326744576.0000 (51c07608) = o_comp_less (1) | Expected (1)
[PASS] i_fpu_a = 35910983680.0000 (5105c762) < i_fpu_b = 170352689152.0000 (521ea73f) = o_comp_less (1) | Expected (1)
[PASS] i_fpu_a = 12497630208.0000 (503a3aad) < i_fpu_b = 51424260096.0000 (513f91ff) = o_comp_less (1) | Expected (1)
[PASS] i_fpu_a = 33210912768.0000 (50f770ca) < i_fpu_b = 171519623168.0000 (521fbd77) = o_comp_less (1) | Expected (1)
[PASS] i_fpu_a = 29063057408.0000 (50d88962) < i_fpu_b = 218702282752.0000 (524baeb0) = o_comp_less (1) | Expected (1)
[PASS] i_fpu_a = 4978169856.0000 (4f945c6c) < i_fpu_b = 80154329088.0000 (51954c90) = o_comp_less (1) | Expected (1)
[PASS] i_fpu_a = 29543991296.0000 (50dc1eb1) < i_fpu_b = 2284758528.0000 (4f082ea6) = o_comp_less (0) | Expected (0)
[PASS] i_fpu_a = 36912627712.0000 (510982a0) < i_fpu_b = 99763159040.0000 (51b9d2c8) = o_comp_less (1) | Expected (1)
[PASS] i_fpu_a = 21287946240.0000 (509e9b89) < i_fpu_b = 154206568448.0000 (520f9db6) = o_comp_less (1) | Expected (1)
[PASS] i_fpu_a = 18570799104.0000 (508a5cfd) < i_fpu_b = 141780303872.0000 (52040b0f) = o_comp_less (1) | Expected (1)
[PASS] i_fpu_a = 21801504768.0000 (50a26f12) < i_fpu_b = 193638711296.0000 (52345711) = o_comp_less (1) | Expected (1)
[PASS] i_fpu_a = 42438029312.0000 (511e180f) < i_fpu_b = 115393200128.0000 (51d6efc4) = o_comp_less (1) | Expected (1)
[PASS] i_fpu_a = 45069643776.0000 (5127e5c3) < i_fpu_b = 160575979520.0000 (52158c4c) = o_comp_less (1) | Expected (1)
[PASS] i_fpu_a = 8304913408.0000 (4ff78176) < i_fpu_b = 88838250496.0000 (51a57961) = o_comp_less (1) | Expected (1)
[PASS] i_fpu_a = 48156405760.0000 (51336587) < i_fpu_b = 99668926464.0000 (51b9a5d9) = o_comp_less (1) | Expected (1)
[PASS] i_fpu_a = 49333452800.0000 (5137c80c) < i_fpu_b = 9116309504.0000 (5007d7f6) = o_comp_less (0) | Expected (0)
[PASS] i_fpu_a = 12833803264.0000 (503f3d13) < i_fpu_b = 132559511552.0000 (51f6e94d) = o_comp_less (1) | Expected (1)
[PASS] i_fpu_a = 34757222400.0000 (51017b12) < i_fpu_b = 146418171904.0000 (52085cd0) = o_comp_less (1) | Expected (1)
[PASS] i_fpu_a = 4104913920.0000 (4f74ac04) < i_fpu_b = 204240666624.0000 (523e36c5) = o_comp_less (1) | Expected (1)
[PASS] i_fpu_a = 30493999104.0000 (50e332b0) < i_fpu_b = 90457522176.0000 (51a87d82) = o_comp_less (1) | Expected (1)
[PASS] i_fpu_a = 11129381888.0000 (5025d739) < i_fpu_b = 70859079680.0000 (5183fc3e) = o_comp_less (1) | Expected (1)
[PASS] i_fpu_a = 25944080384.0000 (50c14c68) < i_fpu_b = 163042426880.0000 (5217d858) = o_comp_less (1) | Expected (1)
[PASS] i_fpu_a = 23329943552.0000 (50add256) < i_fpu_b = 103476805632.0000 (51c0bd96) = o_comp_less (1) | Expected (1)
[PASS] i_fpu_a = 24332673024.0000 (50b54ae4) < i_fpu_b = 19404765184.0000 (509093a7) = o_comp_less (0) | Expected (0)
[PASS] i_fpu_a = 26229766144.0000 (50c36d4f) < i_fpu_b = 199977336832.0000 (523a3e50) = o_comp_less (1) | Expected (1)
[PASS] i_fpu_a = 31871117312.0000 (50ed7555) < i_fpu_b = 38522642432.0000 (510f820e) = o_comp_less (1) | Expected (1)
[PASS] i_fpu_a = 18779924480.0000 (508bebdd) < i_fpu_b = 192706936832.0000 (523378ea) = o_comp_less (1) | Expected (1)
[PASS] i_fpu_a = 19107936256.0000 (508e5d7f) < i_fpu_b = 60464558080.0000 (51613f7f) = o_comp_less (1) | Expected (1)
[PASS] i_fpu_a = 38620585984.0000 (510fdf76) < i_fpu_b = 34201497600.0000 (50fed22e) = o_comp_less (0) | Expected (0)
[PASS] i_fpu_a = 12308189184.0000 (50376804) < i_fpu_b = 35273400320.0000 (51036756) = o_comp_less (1) | Expected (1)
[PASS] i_fpu_a = 17483554816.0000 (5082433c) < i_fpu_b = 59891146752.0000 (515f1ca6) = o_comp_less (1) | Expected (1)
[PASS] i_fpu_a = 14594951168.0000 (50597b52) < i_fpu_b = 129176043520.0000 (51f09bf0) = o_comp_less (1) | Expected (1)
[PASS] i_fpu_a = 47120703488.0000 (512f89ce) < i_fpu_b = 43101495296.0000 (512090ca) = o_comp_less (0) | Expected (0)
[PASS] i_fpu_a = 41568919552.0000 (511adb36) < i_fpu_b = 153752436736.0000 (520f3170) = o_comp_less (1) | Expected (1)
[PASS] i_fpu_a = 20577220608.0000 (50994fef) < i_fpu_b = 89285074944.0000 (51a64e71) = o_comp_less (1) | Expected (1)
[PASS] i_fpu_a = 10982430720.0000 (5023a6a6) < i_fpu_b = -18255521792.0000 (d08803a5) = o_comp_less (0) | Expected (0)
[PASS] i_fpu_a = 9467655168.0000 (500d143d) < i_fpu_b = 178633129984.0000 (52265d75) = o_comp_less (1) | Expected (1)
[PASS] i_fpu_a = 45994774528.0000 (512b5809) < i_fpu_b = 60137693184.0000 (516007c6) = o_comp_less (1) | Expected (1)
[PASS] i_fpu_a = 7824787456.0000 (4fe93264) < i_fpu_b = 113392500736.0000 (51d335c2) = o_comp_less (1) | Expected (1)
[PASS] i_fpu_a = 46967402496.0000 (512ef79b) < i_fpu_b = 89668124672.0000 (51a70518) = o_comp_less (1) | Expected (1)
[PASS] i_fpu_a = 46333476864.0000 (512c9b0c) < i_fpu_b = 116663525376.0000 (51d94d81) = o_comp_less (1) | Expected (1)
[PASS] i_fpu_a = -1081212800.0000 (ce80e3ff) < i_fpu_b = 10503685120.0000 (501c8461) = o_comp_less (1) | Expected (1)
[PASS] i_fpu_a = 42723729408.0000 (511f2886) < i_fpu_b = 133465251840.0000 (51f89931) = o_comp_less (1) | Expected (1)
[PASS] i_fpu_a = 43906269184.0000 (51239048) < i_fpu_b = -10808352768.0000 (d0210e98) = o_comp_less (0) | Expected (0)
[PASS] i_fpu_a = 45829681152.0000 (512aba97) < i_fpu_b = 1714831232.0000 (4ecc6c7f) = o_comp_less (0) | Expected (0)
[PASS] i_fpu_a = 29094666.0000 (4bddf985) < i_fpu_b = -5647278592.0000 (cfa84d51) = o_comp_less (0) | Expected (0)
[PASS] i_fpu_a = 16996948992.0000 (507d4637) < i_fpu_b = 34636619776.0000 (5101080e) = o_comp_less (1) | Expected (1)
[PASS] i_fpu_a = 17163366400.0000 (507fc10c) < i_fpu_b = 52541542400.0000 (5143bb85) = o_comp_less (1) | Expected (1)
[PASS] i_fpu_a = 49694781440.0000 (513920a3) < i_fpu_b = 174596014080.0000 (52229aef) = o_comp_less (1) | Expected (1)
[PASS] i_fpu_a = 4545982464.0000 (4f877b18) < i_fpu_b = 167253245952.0000 (521bc448) = o_comp_less (1) | Expected (1)
[PASS] i_fpu_a = 14663268352.0000 (505a7fee) < i_fpu_b = 80817258496.0000 (519688ac) = o_comp_less (1) | Expected (1)
[PASS] i_fpu_a = 1127813888.0000 (4e867226) < i_fpu_b = -10905050112.0000 (d0227f77) = o_comp_less (0) | Expected (0)
[PASS] i_fpu_a = 39527342080.0000 (51134036) < i_fpu_b = 36428193792.0000 (5107b4a2) = o_comp_less (0) | Expected (0)
[PASS] i_fpu_a = 12407339008.0000 (5038e23e) < i_fpu_b = 127807807488.0000 (51ee0f83) = o_comp_less (1) | Expected (1)
[PASS] i_fpu_a = 10191538176.0000 (5017dda2) < i_fpu_b = 80363134976.0000 (5195b021) = o_comp_less (1) | Expected (1)
[PASS] i_fpu_a = 39765323776.0000 (5114232b) < i_fpu_b = 140344934400.0000 (5202b4d7) = o_comp_less (1) | Expected (1)
[PASS] i_fpu_a = 36001275904.0000 (51061d7e) < i_fpu_b = 38887866368.0000 (5110de5c) = o_comp_less (1) | Expected (1)
[PASS] i_fpu_a = 8556561920.0000 (4fff0163) < i_fpu_b = 13148025856.0000 (5043ebbd) = o_comp_less (1) | Expected (1)
[PASS] i_fpu_a = 28997380096.0000 (50d80c1d) < i_fpu_b = 150034874368.0000 (520bbb1a) = o_comp_less (1) | Expected (1)
[PASS] i_fpu_a = 1662131584.0000 (4ec6243b) < i_fpu_b = 76855123968.0000 (518f2761) = o_comp_less (1) | Expected (1)
[PASS] i_fpu_a = 25225168896.0000 (50bbf131) < i_fpu_b = 54462349312.0000 (514ae358) = o_comp_less (1) | Expected (1)
[PASS] i_fpu_a = 13500945408.0000 (50492e05) < i_fpu_b = 5340972032.0000 (4f9f2c62) = o_comp_less (0) | Expected (0)
[PASS] i_fpu_a = 334692448.0000 (4d9f9803) < i_fpu_b = 130950905856.0000 (51f3ea42) = o_comp_less (1) | Expected (1)
[PASS] i_fpu_a = 22318751744.0000 (50a649a4) < i_fpu_b = 55603961856.0000 (514f2412) = o_comp_less (1) | Expected (1)
[PASS] i_fpu_a = 28379387904.0000 (50d37163) < i_fpu_b = 31885209600.0000 (50ed9036) = o_comp_less (1) | Expected (1)
[PASS] i_fpu_a = -112929992.0000 (ccd76599) < i_fpu_b = 91205443584.0000 (51a9e225) = o_comp_less (1) | Expected (1)
[PASS] i_fpu_a = 7135745024.0000 (4fd4a96a) < i_fpu_b = 193949892608.0000 (5234a142) = o_comp_less (1) | Expected (1)
[PASS] i_fpu_a = 47083982848.0000 (512f66c9) < i_fpu_b = -438096480.0000 (cdd0e693) = o_comp_less (0) | Expected (0)
[PASS] i_fpu_a = 28954433536.0000 (50d7ba33) < i_fpu_b = 74999144448.0000 (518bb261) = o_comp_less (1) | Expected (1)
[PASS] i_fpu_a = 36082151424.0000 (51066a9f) < i_fpu_b = 126508007424.0000 (51eba3b8) = o_comp_less (1) | Expected (1)
[PASS] i_fpu_a = 37546491904.0000 (510bdf20) < i_fpu_b = -533728544.0000 (cdfe8069) = o_comp_less (0) | Expected (0)
[PASS] i_fpu_a = 3525521408.0000 (4f522330) < i_fpu_b = -3776148480.0000 (cf611374) = o_comp_less (0) | Expected (0)
[PASS] i_fpu_a = 40829157376.0000 (511819b8) < i_fpu_b = -9592285184.0000 (d00eefaa) = o_comp_less (0) | Expected (0)
[PASS] i_fpu_a = 7395965952.0000 (4fdc6abe) < i_fpu_b = 9245247488.0000 (5009c3d2) = o_comp_less (1) | Expected (1)
[PASS] i_fpu_a = 26662486016.0000 (50c6a6a8) < i_fpu_b = 140722307072.0000 (52030ed0) = o_comp_less (1) | Expected (1)
[PASS] i_fpu_a = 20987037696.0000 (509c5d99) < i_fpu_b = 127187238912.0000 (51ece79a) = o_comp_less (1) | Expected (1)
[PASS] i_fpu_a = 29345935360.0000 (50daa4ee) < i_fpu_b = 73169494016.0000 (518849ef) = o_comp_less (1) | Expected (1)
[PASS] i_fpu_a = 36414717952.0000 (5107a7c8) < i_fpu_b = -13533172736.0000 (d049a8f5) = o_comp_less (0) | Expected (0)
[PASS] i_fpu_a = 48808849408.0000 (5135d3bf) < i_fpu_b = 2319627008.0000 (4f0a42b3) = o_comp_less (0) | Expected (0)
[PASS] i_fpu_a = 26683848704.0000 (50c6cf67) < i_fpu_b = 148398669824.0000 (520a3500) = o_comp_less (1) | Expected (1)
[PASS] i_fpu_a = 30331193344.0000 (50e1fc29) < i_fpu_b = 4705511936.0000 (4f8c3c35) = o_comp_less (0) | Expected (0)
[PASS] i_fpu_a = 3933288448.0000 (4f6a7138) < i_fpu_b = 92695306240.0000 (51aca891) = o_comp_less (1) | Expected (1)
[PASS] i_fpu_a = -1438795520.0000 (ceab848e) < i_fpu_b = 125935132672.0000 (51ea928d) = o_comp_less (1) | Expected (1)
[PASS] i_fpu_a = 42677530624.0000 (511efc77) < i_fpu_b = 6664439296.0000 (4fc69da3) = o_comp_less (0) | Expected (0)
[PASS] i_fpu_a = 37940453376.0000 (510d56d6) < i_fpu_b = 216729337856.0000 (5249d84d) = o_comp_less (1) | Expected (1)
[PASS] i_fpu_a = 9212843008.0000 (50094835) < i_fpu_b = -22331363328.0000 (d0a661b2) = o_comp_less (0) | Expected (0)
[PASS] i_fpu_a = -1692933120.0000 (cec9d038) < i_fpu_b = 143471509504.0000 (52059e46) = o_comp_less (1) | Expected (1)
[PASS] i_fpu_a = 16913464320.0000 (507c07bf) < i_fpu_b = 161554808832.0000 (521675ab) = o_comp_less (1) | Expected (1)
[PASS] i_fpu_a = 16326207488.0000 (5073478a) < i_fpu_b = 189063528448.0000 (52301442) = o_comp_less (1) | Expected (1)
[PASS] i_fpu_a = 12706062336.0000 (503d55c8) < i_fpu_b = 181168996352.0000 (5228ba0e) = o_comp_less (1) | Expected (1)
[PASS] i_fpu_a = 26049097728.0000 (50c214b6) < i_fpu_b = 145981227008.0000 (5207f4a3) = o_comp_less (1) | Expected (1)
[PASS] i_fpu_a = 37339742208.0000 (510b19f4) < i_fpu_b = 174309392384.0000 (52225699) = o_comp_less (1) | Expected (1)
[PASS] i_fpu_a = 42164174848.0000 (511d12e4) < i_fpu_b = 57101692928.0000 (5154b86b) = o_comp_less (1) | Expected (1)
[PASS] i_fpu_a = 32161165312.0000 (50ef9e8e) < i_fpu_b = 212027637760.0000 (52457754) = o_comp_less (1) | Expected (1)
[PASS] i_fpu_a = 3658100224.0000 (4f5a0a2e) < i_fpu_b = 214366961664.0000 (5247a511) = o_comp_less (1) | Expected (1)
[PASS] i_fpu_a = 5376411648.0000 (4fa03ac4) < i_fpu_b = 192490782720.0000 (52334561) = o_comp_less (1) | Expected (1)
[PASS] i_fpu_a = 15372015616.0000 (50650f96) < i_fpu_b = 72450048000.0000 (5186f2e0) = o_comp_less (1) | Expected (1)
[PASS] i_fpu_a = 20725530624.0000 (509a6ad0) < i_fpu_b = -22434478080.0000 (d0a7265f) = o_comp_less (0) | Expected (0)
[PASS] i_fpu_a = 15400243200.0000 (50657b44) < i_fpu_b = 105139806208.0000 (51c3d691) = o_comp_less (1) | Expected (1)
[PASS] i_fpu_a = 23814182912.0000 (50b16df3) < i_fpu_b = 145291509760.0000 (52075032) = o_comp_less (1) | Expected (1)
[PASS] i_fpu_a = 9013071872.0000 (50064e24) < i_fpu_b = -8261325824.0000 (cff634ea) = o_comp_less (0) | Expected (0)
[PASS] i_fpu_a = 45051506688.0000 (5127d477) < i_fpu_b = 71407534080.0000 (518501c4) = o_comp_less (1) | Expected (1)
[PASS] i_fpu_a = 25985503232.0000 (50c19b6a) < i_fpu_b = 32064317440.0000 (50eee5d5) = o_comp_less (1) | Expected (1)
[PASS] i_fpu_a = 21120739328.0000 (509d5c9d) < i_fpu_b = 99631153152.0000 (51b993d6) = o_comp_less (1) | Expected (1)
[PASS] i_fpu_a = 1751643264.0000 (4ed0cfe9) < i_fpu_b = 142353973248.0000 (520493d5) = o_comp_less (1) | Expected (1)
[PASS] i_fpu_a = 11649796096.0000 (502d9872) < i_fpu_b = 75133460480.0000 (518bf26d) = o_comp_less (1) | Expected (1)
[PASS] i_fpu_a = 35563343872.0000 (51047bd9) < i_fpu_b = 134067412992.0000 (51f9b853) = o_comp_less (1) | Expected (1)
[PASS] i_fpu_a = 28341663744.0000 (50d3296f) < i_fpu_b = -10810824704.0000 (d0211806) = o_comp_less (0) | Expected (0)
[PASS] i_fpu_a = 48510709760.0000 (5134b76b) < i_fpu_b = -10462499840.0000 (d01be745) = o_comp_less (0) | Expected (0)
[PASS] i_fpu_a = 49352835072.0000 (5137da88) < i_fpu_b = 37083242496.0000 (510a2556) = o_comp_less (0) | Expected (0)
[PASS] i_fpu_a = 43164250112.0000 (5120cca3) < i_fpu_b = -17714001920.0000 (d083fac7) = o_comp_less (0) | Expected (0)
[PASS] i_fpu_a = 42191470592.0000 (511d2cec) < i_fpu_b = 53262540800.0000 (51466b1e) = o_comp_less (1) | Expected (1)
[PASS] i_fpu_a = 48575885312.0000 (5134f593) < i_fpu_b = 183026745344.0000 (522a74fa) = o_comp_less (1) | Expected (1)
[PASS] i_fpu_a = 34325606400.0000 (50ffbee6) < i_fpu_b = 46623674368.0000 (512dafcd) = o_comp_less (1) | Expected (1)
[PASS] i_fpu_a = 34873593856.0000 (5101ea0d) < i_fpu_b = 161742569472.0000 (5216a26f) = o_comp_less (1) | Expected (1)
[PASS] i_fpu_a = 12353562624.0000 (5038151a) < i_fpu_b = 112032374784.0000 (51d0ad33) = o_comp_less (1) | Expected (1)
[PASS] i_fpu_a = 24873508864.0000 (50b95274) < i_fpu_b = 49852264448.0000 (5139b6d3) = o_comp_less (1) | Expected (1)
[PASS] i_fpu_a = 36751183872.0000 (5108e8a9) < i_fpu_b = 145785929728.0000 (5207c613) = o_comp_less (1) | Expected (1)
[PASS] i_fpu_a = 36923129856.0000 (51098ca4) < i_fpu_b = 143667134464.0000 (5205ccea) = o_comp_less (1) | Expected (1)
[PASS] i_fpu_a = 19140997120.0000 (508e9c8e) < i_fpu_b = 51366629376.0000 (513f5b09) = o_comp_less (1) | Expected (1)
[PASS] i_fpu_a = 1682777984.0000 (4ec89a4f) < i_fpu_b = 75577450496.0000 (518cc623) = o_comp_less (1) | Expected (1)
[PASS] i_fpu_a = 33998782464.0000 (50fd4f88) < i_fpu_b = 122649444352.0000 (51e473d0) = o_comp_less (1) | Expected (1)
[PASS] i_fpu_a = 30349361152.0000 (50e21ed0) < i_fpu_b = 53187694592.0000 (514623bd) = o_comp_less (1) | Expected (1)
[PASS] i_fpu_a = 31241269248.0000 (50e8c3fe) < i_fpu_b = 154787971072.0000 (52102854) = o_comp_less (1) | Expected (1)
[PASS] i_fpu_a = 44481548.0000 (4c29af03) < i_fpu_b = 218027065344.0000 (524b0db4) = o_comp_less (1) | Expected (1)
[PASS] i_fpu_a = 48908820480.0000 (51363316) < i_fpu_b = 53078269952.0000 (5145bb62) = o_comp_less (1) | Expected (1)
[PASS] i_fpu_a = 37919707136.0000 (510d430d) < i_fpu_b = 102778118144.0000 (51bf706d) = o_comp_less (1) | Expected (1)
[PASS] i_fpu_a = 33832349696.0000 (50fc1216) < i_fpu_b = 219874836480.0000 (524cc63f) = o_comp_less (1) | Expected (1)
[PASS] i_fpu_a = 3345846784.0000 (4f476d92) < i_fpu_b = 212143030272.0000 (524592d7) = o_comp_less (1) | Expected (1)
[PASS] i_fpu_a = 44924178432.0000 (51275b09) < i_fpu_b = 143527477248.0000 (5205ab9e) = o_comp_less (1) | Expected (1)
[PASS] i_fpu_a = 39916204032.0000 (5114b30f) < i_fpu_b = 206798094336.0000 (52409882) = o_comp_less (1) | Expected (1)
[PASS] i_fpu_a = 36656324608.0000 (51088e32) < i_fpu_b = 185298632704.0000 (522c92a3) = o_comp_less (1) | Expected (1)
[PASS] i_fpu_a = 26133737472.0000 (50c2b626) < i_fpu_b = 84917698560.0000 (519e2bea) = o_comp_less (1) | Expected (1)
[PASS] i_fpu_a = 20791941120.0000 (509ae97b) < i_fpu_b = -2236414208.0000 (cf054cf9) = o_comp_less (0) | Expected (0)
[PASS] i_fpu_a = 38357716992.0000 (510ee4c5) < i_fpu_b = 52450508800.0000 (514364b4) = o_comp_less (1) | Expected (1)
[PASS] i_fpu_a = 25682247680.0000 (50bf5900) < i_fpu_b = 203425726464.0000 (523d7479) = o_comp_less (1) | Expected (1)
[PASS] i_fpu_a = 30700611584.0000 (50e4bcc5) < i_fpu_b = 201739059200.0000 (523be257) = o_comp_less (1) | Expected (1)
[PASS] i_fpu_a = -1694291584.0000 (cec9f9ad) < i_fpu_b = 90508296192.0000 (51a895b8) = o_comp_less (1) | Expected (1)
[PASS] i_fpu_a = 42380943360.0000 (511de19e) < i_fpu_b = -21783078912.0000 (d0a24bed) = o_comp_less (0) | Expected (0)
[PASS] i_fpu_a = 17049766912.0000 (507e0fb3) < i_fpu_b = 58881921024.0000 (515b5a2d) = o_comp_less (1) | Expected (1)
[PASS] i_fpu_a = 19925760000.0000 (5094755f) < i_fpu_b = 76519153664.0000 (518e872d) = o_comp_less (1) | Expected (1)
[PASS] i_fpu_a = 40179441664.0000 (5115ae1a) < i_fpu_b = 220126593024.0000 (524d0245) = o_comp_less (1) | Expected (1)
[PASS] i_fpu_a = 18396459008.0000 (50891076) < i_fpu_b = 157786931200.0000 (5212f356) = o_comp_less (1) | Expected (1)
[PASS] i_fpu_a = 14938401792.0000 (505e997b) < i_fpu_b = 90311565312.0000 (51a837e9) = o_comp_less (1) | Expected (1)
[PASS] i_fpu_a = 35161739264.0000 (5102fcd9) < i_fpu_b = 128136552448.0000 (51eeac45) = o_comp_less (1) | Expected (1)
[PASS] i_fpu_a = -180940656.0000 (cd2c8ef7) < i_fpu_b = 115197042688.0000 (51d6923b) = o_comp_less (1) | Expected (1)
[PASS] i_fpu_a = 13500817408.0000 (50492d88) < i_fpu_b = 11871900672.0000 (5030e7b5) = o_comp_less (0) | Expected (0)
[PASS] i_fpu_a = 3495634944.0000 (4f505b28) < i_fpu_b = 80071630848.0000 (51952521) = o_comp_less (1) | Expected (1)
[PASS] i_fpu_a = 11423504384.0000 (502a3936) < i_fpu_b = 141977436160.0000 (52043a0f) = o_comp_less (1) | Expected (1)
[PASS] i_fpu_a = 27034556416.0000 (50c96c53) < i_fpu_b = 72123777024.0000 (5186574c) = o_comp_less (1) | Expected (1)
[PASS] i_fpu_a = 3374891520.0000 (4f4928c2) < i_fpu_b = 161171865600.0000 (52161a5e) = o_comp_less (1) | Expected (1)
[PASS] i_fpu_a = 31533234176.0000 (50eaf0df) < i_fpu_b = 167963934720.0000 (521c6db9) = o_comp_less (1) | Expected (1)
[PASS] i_fpu_a = 11273783296.0000 (5027fe12) < i_fpu_b = 152052514816.0000 (520d9c25) = o_comp_less (1) | Expected (1)
[PASS] i_fpu_a = 7784446976.0000 (4fe7fe9e) < i_fpu_b = 140212699136.0000 (52029550) = o_comp_less (1) | Expected (1)
[PASS] i_fpu_a = 27695284224.0000 (50ce5890) < i_fpu_b = 78809448448.0000 (5192cb46) = o_comp_less (1) | Expected (1)
[PASS] i_fpu_a = 3584427776.0000 (4f55a607) < i_fpu_b = 83367206912.0000 (519b4895) = o_comp_less (1) | Expected (1)
[PASS] i_fpu_a = 25341962240.0000 (50bccff5) < i_fpu_b = 151219290112.0000 (520cd57d) = o_comp_less (1) | Expected (1)
[PASS] i_fpu_a = 17123342336.0000 (507f285e) < i_fpu_b = 197402525696.0000 (5237d86e) = o_comp_less (1) | Expected (1)
[PASS] i_fpu_a = 22244251648.0000 (50a5bb8b) < i_fpu_b = 136718450688.0000 (51fea870) = o_comp_less (1) | Expected (1)
[PASS] i_fpu_a = 9242332160.0000 (5009b8b3) < i_fpu_b = 12340575232.0000 (5037e38f) = o_comp_less (1) | Expected (1)
[PASS] i_fpu_a = 13870450688.0000 (504eaf92) < i_fpu_b = 56907464704.0000 (5153ff30) = o_comp_less (1) | Expected (1)
[PASS] i_fpu_a = 43660668928.0000 (5122a60f) < i_fpu_b = 85438414848.0000 (519f2436) = o_comp_less (1) | Expected (1)
[PASS] i_fpu_a = 36828217344.0000 (51093220) < i_fpu_b = 194588983296.0000 (523539a1) = o_comp_less (1) | Expected (1)
[PASS] i_fpu_a = 17798975488.0000 (50849cda) < i_fpu_b = 34001016832.0000 (50fd53cb) = o_comp_less (1) | Expected (1)
[PASS] i_fpu_a = 32894566400.0000 (50f51568) < i_fpu_b = 55123156992.0000 (514d598a) = o_comp_less (1) | Expected (1)
[PASS] i_fpu_a = 31724972032.0000 (50ec5e95) < i_fpu_b = 77114114048.0000 (518fa2e0) = o_comp_less (1) | Expected (1)
[PASS] i_fpu_a = 18919413760.0000 (508cf5eb) < i_fpu_b = 164438949888.0000 (5219254d) = o_comp_less (1) | Expected (1)
[PASS] i_fpu_a = 17064784896.0000 (507e48fd) < i_fpu_b = 205971537920.0000 (523fd371) = o_comp_less (1) | Expected (1)
[PASS] i_fpu_a = 44750102528.0000 (5126b506) < i_fpu_b = 170835214336.0000 (521f1a4a) = o_comp_less (1) | Expected (1)
[PASS] i_fpu_a = 43551322112.0000 (51223dc7) < i_fpu_b = 92715917312.0000 (51acb265) = o_comp_less (1) | Expected (1)
[PASS] i_fpu_a = 31756916736.0000 (50ec9b83) < i_fpu_b = -4014276608.0000 (cf6f4500) = o_comp_less (0) | Expected (0)
[PASS] i_fpu_a = 47541833728.0000 (51311b6d) < i_fpu_b = 59119337472.0000 (515c3c98) = o_comp_less (1) | Expected (1)
[PASS] i_fpu_a = 1891565184.0000 (4ee17dfd) < i_fpu_b = 209142562816.0000 (5242c779) = o_comp_less (1) | Expected (1)
[PASS] i_fpu_a = 39687217152.0000 (5113d8ae) < i_fpu_b = 189891018752.0000 (5230d98c) = o_comp_less (1) | Expected (1)
[PASS] i_fpu_a = 7066145792.0000 (4fd2966a) < i_fpu_b = 73413582848.0000 (5188be53) = o_comp_less (1) | Expected (1)
[PASS] i_fpu_a = 44673789952.0000 (51266c3f) < i_fpu_b = -22084499456.0000 (d0a48ad7) = o_comp_less (0) | Expected (0)
[PASS] i_fpu_a = 4947443712.0000 (4f937200) < i_fpu_b = -5826390016.0000 (cfada3d4) = o_comp_less (0) | Expected (0)
[PASS] i_fpu_a = 17359099904.0000 (508155db) < i_fpu_b = 54897659904.0000 (514c827d) = o_comp_less (1) | Expected (1)
[PASS] i_fpu_a = 23164016640.0000 (50ac95db) < i_fpu_b = -11111019520.0000 (d025912d) = o_comp_less (0) | Expected (0)
[PASS] i_fpu_a = 6322285568.0000 (4fbc6b36) < i_fpu_b = -1746339712.0000 (ced02e0f) = o_comp_less (0) | Expected (0)
[PASS] i_fpu_a = 17403328512.0000 (5081aa37) < i_fpu_b = 112656515072.0000 (51d1d6d0) = o_comp_less (1) | Expected (1)
[PASS] i_fpu_a = 26010601472.0000 (50c1cb49) < i_fpu_b = 183150755840.0000 (522a928b) = o_comp_less (1) | Expected (1)
[PASS] i_fpu_a = 35727290368.0000 (51051833) < i_fpu_b = 74990952448.0000 (518bae79) = o_comp_less (1) | Expected (1)
[PASS] i_fpu_a = -1525447424.0000 (ceb5d8f6) < i_fpu_b = 214471458816.0000 (5247bdfb) = o_comp_less (1) | Expected (1)
[PASS] i_fpu_a = 12317085696.0000 (503789f4) < i_fpu_b = 60873293824.0000 (5162c54c) = o_comp_less (1) | Expected (1)
[PASS] i_fpu_a = 20870322176.0000 (509b7efb) < i_fpu_b = 147498319872.0000 (52095e57) = o_comp_less (1) | Expected (1)
[PASS] i_fpu_a = 23261734912.0000 (50ad503d) < i_fpu_b = 53845835776.0000 (51489764) = o_comp_less (1) | Expected (1)
[PASS] i_fpu_a = 18632081408.0000 (508ad1e0) < i_fpu_b = 43898671104.0000 (51238909) = o_comp_less (1) | Expected (1)
[PASS] i_fpu_a = 18157289472.0000 (50874848) < i_fpu_b = 55734394880.0000 (514fa076) = o_comp_less (1) | Expected (1)
[PASS] i_fpu_a = 2610910464.0000 (4f1b9f55) < i_fpu_b = 110533918720.0000 (51cde2ae) = o_comp_less (1) | Expected (1)
[PASS] i_fpu_a = 20141236224.0000 (5096105c) < i_fpu_b = 217614450688.0000 (524aab54) = o_comp_less (1) | Expected (1)
[PASS] i_fpu_a = 10879724544.0000 (50221edb) < i_fpu_b = 103802716160.0000 (51c158fe) = o_comp_less (1) | Expected (1)
[PASS] i_fpu_a = 15990395904.0000 (506e4685) < i_fpu_b = 84583596032.0000 (519d8c9a) = o_comp_less (1) | Expected (1)
[PASS] i_fpu_a = 28624125952.0000 (50d54430) < i_fpu_b = 130349072384.0000 (51f2cb48) = o_comp_less (1) | Expected (1)
[PASS] i_fpu_a = 16399261696.0000 (50745e38) < i_fpu_b = 13869040640.0000 (504eaa31) = o_comp_less (0) | Expected (0)
[PASS] i_fpu_a = 22783688704.0000 (50a9c070) < i_fpu_b = 177558765568.0000 (52255d4f) = o_comp_less (1) | Expected (1)
[PASS] i_fpu_a = 11020370944.0000 (50243761) < i_fpu_b = 39864999936.0000 (5114823a) = o_comp_less (1) | Expected (1)
[PASS] i_fpu_a = 36229144576.0000 (5106f6ce) < i_fpu_b = 59555315712.0000 (515ddc60) = o_comp_less (1) | Expected (1)
[PASS] i_fpu_a = 1287424512.0000 (4e997914) < i_fpu_b = 59529199616.0000 (515dc378) = o_comp_less (1) | Expected (1)
[PASS] i_fpu_a = 2227918848.0000 (4f04cb58) < i_fpu_b = 210586976256.0000 (52441fd9) = o_comp_less (1) | Expected (1)
[PASS] i_fpu_a = 3035930880.0000 (4f34f4a1) < i_fpu_b = 7684339200.0000 (4fe502db) = o_comp_less (1) | Expected (1)
[PASS] i_fpu_a = 24108918784.0000 (50b3a01d) < i_fpu_b = 22240808960.0000 (50a5b4fa) = o_comp_less (0) | Expected (0)
[PASS] i_fpu_a = 18643486720.0000 (508ae7a1) < i_fpu_b = 18514221056.0000 (5089f113) = o_comp_less (0) | Expected (0)
[PASS] i_fpu_a = 7056844288.0000 (4fd24f73) < i_fpu_b = 130727780352.0000 (51f37fdd) = o_comp_less (1) | Expected (1)
[PASS] i_fpu_a = 5214559744.0000 (4f9b67ef) < i_fpu_b = 125105487872.0000 (51e906f2) = o_comp_less (1) | Expected (1)
[PASS] i_fpu_a = 6950836224.0000 (4fcf26ac) < i_fpu_b = 98740068352.0000 (51b7eaef) = o_comp_less (1) | Expected (1)
[PASS] i_fpu_a = 9962959872.0000 (501475ad) < i_fpu_b = 155363278848.0000 (5210b17e) = o_comp_less (1) | Expected (1)
[PASS] i_fpu_a = 40472854528.0000 (5116c5ec) < i_fpu_b = -19197214720.0000 (d08f07c8) = o_comp_less (0) | Expected (0)
[PASS] i_fpu_a = 46693711872.0000 (512df298) < i_fpu_b = 183567794176.0000 (522af5f9) = o_comp_less (1) | Expected (1)
[PASS] i_fpu_a = 29625073664.0000 (50dcb958) < i_fpu_b = 42778234880.0000 (511f5c81) = o_comp_less (1) | Expected (1)
[PASS] i_fpu_a = 33976899584.0000 (50fd25cb) < i_fpu_b = 147113033728.0000 (5209027b) = o_comp_less (1) | Expected (1)
[PASS] i_fpu_a = 14538726400.0000 (5058a4d7) < i_fpu_b = 27458721792.0000 (50cc955b) = o_comp_less (1) | Expected (1)
[PASS] i_fpu_a = 23483465728.0000 (50aef728) < i_fpu_b = -21174071296.0000 (d09dc256) = o_comp_less (0) | Expected (0)
[PASS] i_fpu_a = 41056235520.0000 (5118f247) < i_fpu_b = 211081969664.0000 (524495dd) = o_comp_less (1) | Expected (1)
[PASS] i_fpu_a = 35889909760.0000 (5105b349) < i_fpu_b = -9907520512.0000 (d013a231) = o_comp_less (0) | Expected (0)
[PASS] i_fpu_a = 12810469376.0000 (503ee410) < i_fpu_b = 45672210432.0000 (512a246a) = o_comp_less (1) | Expected (1)
[PASS] i_fpu_a = 32106940416.0000 (50ef3721) < i_fpu_b = -7420357120.0000 (cfdd24d5) = o_comp_less (0) | Expected (0)
[PASS] i_fpu_a = 27277819904.0000 (50cb3c50) < i_fpu_b = 188721004544.0000 (522fc298) = o_comp_less (1) | Expected (1)
[PASS] i_fpu_a = 22067957760.0000 (50a46b4a) < i_fpu_b = -192542688.0000 (cd379f7e) = o_comp_less (0) | Expected (0)
[PASS] i_fpu_a = 9338354688.0000 (500b26ff) < i_fpu_b = 119142834176.0000 (51ddebbb) = o_comp_less (1) | Expected (1)
[PASS] i_fpu_a = 42049421312.0000 (511ca574) < i_fpu_b = 208096067584.0000 (5241cdf8) = o_comp_less (1) | Expected (1)
[PASS] i_fpu_a = 10686768128.0000 (501f3ec9) < i_fpu_b = 126051213312.0000 (51eac9e7) = o_comp_less (1) | Expected (1)
[PASS] i_fpu_a = 27632896000.0000 (50cde191) < i_fpu_b = 95022620672.0000 (51b0fe51) = o_comp_less (1) | Expected (1)
[PASS] i_fpu_a = 17816588288.0000 (5084be72) < i_fpu_b = 39567982592.0000 (511366f8) = o_comp_less (1) | Expected (1)
[PASS] i_fpu_a = 7659312128.0000 (4fe443ea) < i_fpu_b = 166123749376.0000 (521ab6fd) = o_comp_less (1) | Expected (1)
[PASS] i_fpu_a = 33003079680.0000 (50f5e461) < i_fpu_b = 157543890944.0000 (5212b964) = o_comp_less (1) | Expected (1)
[PASS] i_fpu_a = 42125029376.0000 (511ced8f) < i_fpu_b = 136641060864.0000 (51fe8389) = o_comp_less (1) | Expected (1)
[PASS] i_fpu_a = 5628085760.0000 (4fa7bae3) < i_fpu_b = -22769752064.0000 (d0a9a5db) = o_comp_less (0) | Expected (0)
[PASS] i_fpu_a = 9569611776.0000 (500e992c) < i_fpu_b = 6501529600.0000 (4fc1c2bc) = o_comp_less (0) | Expected (0)
[PASS] i_fpu_a = 23101122560.0000 (50ac1de5) < i_fpu_b = 63411834880.0000 (516c3a3d) = o_comp_less (1) | Expected (1)
[PASS] i_fpu_a = 23973269504.0000 (50b29d62) < i_fpu_b = 172570296320.0000 (5220b7f7) = o_comp_less (1) | Expected (1)
[PASS] i_fpu_a = 17773023232.0000 (50846b5a) < i_fpu_b = 1106879360.0000 (4e83f347) = o_comp_less (0) | Expected (0)
[PASS] i_fpu_a = 3743796480.0000 (4f5f25cd) < i_fpu_b = 55943868416.0000 (5150683b) = o_comp_less (1) | Expected (1)
[PASS] i_fpu_a = 49002893312.0000 (51368ccd) < i_fpu_b = 1609064960.0000 (4ebfd0c4) = o_comp_less (0) | Expected (0)
[PASS] i_fpu_a = 11677727744.0000 (502e02ff) < i_fpu_b = 184091213824.0000 (522b72c4) = o_comp_less (1) | Expected (1)
[PASS] i_fpu_a = 33515239424.0000 (50f9b53f) < i_fpu_b = 203526586368.0000 (523d8c85) = o_comp_less (1) | Expected (1)
[PASS] i_fpu_a = 47409676288.0000 (51309d64) < i_fpu_b = 154256982016.0000 (520fa9bb) = o_comp_less (1) | Expected (1)
[PASS] i_fpu_a = 37221179392.0000 (510aa8e2) < i_fpu_b = 10517641216.0000 (501cb99e) = o_comp_less (0) | Expected (0)
[PASS] i_fpu_a = 44330356736.0000 (512524b9) < i_fpu_b = 54121668608.0000 (51499e72) = o_comp_less (1) | Expected (1)
[PASS] i_fpu_a = -990308352.0000 (ce6c1ba0) < i_fpu_b = 73492348928.0000 (5188e3e2) = o_comp_less (1) | Expected (1)
[PASS] i_fpu_a = 28089759744.0000 (50d148f7) < i_fpu_b = 165415976960.0000 (521a0e3e) = o_comp_less (1) | Expected (1)
[PASS] i_fpu_a = 4269087232.0000 (4f7e751a) < i_fpu_b = -12119692288.0000 (d03498f5) = o_comp_less (0) | Expected (0)
[PASS] i_fpu_a = 22106109952.0000 (50a4b40f) < i_fpu_b = 214358458368.0000 (5247a30a) = o_comp_less (1) | Expected (1)
[PASS] i_fpu_a = 32370106368.0000 (50f12d14) < i_fpu_b = 205513244672.0000 (523f662d) = o_comp_less (1) | Expected (1)
[PASS] i_fpu_a = 3934883328.0000 (4f6a898e) < i_fpu_b = 155571535872.0000 (5210e325) = o_comp_less (1) | Expected (1)
[PASS] i_fpu_a = 40612200448.0000 (51174ad0) < i_fpu_b = 120778203136.0000 (51e0f789) = o_comp_less (1) | Expected (1)
[PASS] i_fpu_a = 8801001472.0000 (50032528) < i_fpu_b = 169688039424.0000 (521e08c8) = o_comp_less (1) | Expected (1)
[PASS] i_fpu_a = 25068058624.0000 (50bac587) < i_fpu_b = 154973601792.0000 (52105496) = o_comp_less (1) | Expected (1)
[PASS] i_fpu_a = 28177416192.0000 (50d1f028) < i_fpu_b = 188413771776.0000 (522f7958) = o_comp_less (1) | Expected (1)
[PASS] i_fpu_a = 35265155072.0000 (51035f79) < i_fpu_b = -5747198976.0000 (cfab47a6) = o_comp_less (0) | Expected (0)
[PASS] i_fpu_a = 6451314688.0000 (4fc043a0) < i_fpu_b = 107034861568.0000 (51c75e33) = o_comp_less (1) | Expected (1)
[PASS] i_fpu_a = 20921798656.0000 (509be12a) < i_fpu_b = 14791698432.0000 (505c69da) = o_comp_less (0) | Expected (0)
[PASS] i_fpu_a = 33446561792.0000 (50f93241) < i_fpu_b = 84402323456.0000 (519d362a) = o_comp_less (1) | Expected (1)
[PASS] i_fpu_a = 45533974528.0000 (5129a095) < i_fpu_b = 91757846528.0000 (51aae98d) = o_comp_less (1) | Expected (1)
[PASS] i_fpu_a = 18290888704.0000 (5088471a) < i_fpu_b = 127954132992.0000 (51ee5549) = o_comp_less (1) | Expected (1)
[PASS] i_fpu_a = 47403577344.0000 (51309793) < i_fpu_b = 149442478080.0000 (520b2ddd) = o_comp_less (1) | Expected (1)
[PASS] i_fpu_a = 18283114496.0000 (50883846) < i_fpu_b = 63127773184.0000 (516b2b56) = o_comp_less (1) | Expected (1)
[PASS] i_fpu_a = 16731717632.0000 (50795270) < i_fpu_b = 22422396928.0000 (50a70f54) = o_comp_less (1) | Expected (1)
[PASS] i_fpu_a = 23456702464.0000 (50aec41c) < i_fpu_b = 219858337792.0000 (524cc250) = o_comp_less (1) | Expected (1)
[PASS] i_fpu_a = 31821850624.0000 (50ed175d) < i_fpu_b = 172202213376.0000 (52206035) = o_comp_less (1) | Expected (1)
[PASS] i_fpu_a = 11684049920.0000 (502e1b1d) < i_fpu_b = -19771303936.0000 (d0934ec5) = o_comp_less (0) | Expected (0)
[PASS] i_fpu_a = 21328007168.0000 (509ee7f2) < i_fpu_b = -7879824384.0000 (cfead64a) = o_comp_less (0) | Expected (0)
[PASS] i_fpu_a = 16328245248.0000 (50734f50) < i_fpu_b = 54898237440.0000 (514c830a) = o_comp_less (1) | Expected (1)
[PASS] i_fpu_a = 13143264256.0000 (5043d993) < i_fpu_b = 9254221824.0000 (5009e60e) = o_comp_less (0) | Expected (0)
[PASS] i_fpu_a = 29117304832.0000 (50d8f0da) < i_fpu_b = 58530979840.0000 (515a0b7e) = o_comp_less (1) | Expected (1)
[PASS] i_fpu_a = 24560642048.0000 (50b6fdb5) < i_fpu_b = 183895916544.0000 (522b4434) = o_comp_less (1) | Expected (1)
[PASS] i_fpu_a = 12304051200.0000 (5037583b) < i_fpu_b = 159698042880.0000 (5214bafb) = o_comp_less (1) | Expected (1)
[PASS] i_fpu_a = 7416999936.0000 (4fdd0b38) < i_fpu_b = 190161174528.0000 (523119f5) = o_comp_less (1) | Expected (1)
[PASS] i_fpu_a = 7335249920.0000 (4fda9b84) < i_fpu_b = 89781321728.0000 (51a73b12) = o_comp_less (1) | Expected (1)
[PASS] i_fpu_a = 6703245824.0000 (4fc7c5b5) < i_fpu_b = 29167931392.0000 (50d9516a) = o_comp_less (1) | Expected (1)
[PASS] i_fpu_a = 37497393152.0000 (510bb04d) < i_fpu_b = 115790422016.0000 (51d7ad2d) = o_comp_less (1) | Expected (1)
[PASS] i_fpu_a = 36279836672.0000 (51072726) < i_fpu_b = 144539156480.0000 (52069cd2) = o_comp_less (1) | Expected (1)
[PASS] i_fpu_a = 3150439424.0000 (4f3bc7e4) < i_fpu_b = 211156402176.0000 (5244a79c) = o_comp_less (1) | Expected (1)
[PASS] i_fpu_a = 8273021952.0000 (4ff68e26) < i_fpu_b = 110971772928.0000 (51ceb377) = o_comp_less (1) | Expected (1)
[PASS] i_fpu_a = 31957479424.0000 (50ee1a0e) < i_fpu_b = 2318641920.0000 (4f0a33ab) = o_comp_less (0) | Expected (0)
[PASS] i_fpu_a = 18308798464.0000 (50886943) < i_fpu_b = 54148784128.0000 (5149b84e) = o_comp_less (1) | Expected (1)
[PASS] i_fpu_a = 43588665344.0000 (51226164) < i_fpu_b = -17051756544.0000 (d07e174a) = o_comp_less (0) | Expected (0)
[PASS] i_fpu_a = 15687388160.0000 (5069c2a3) < i_fpu_b = -15131541504.0000 (d0617a40) = o_comp_less (0) | Expected (0)
[PASS] i_fpu_a = 14225340416.0000 (5053f95e) < i_fpu_b = 25962240000.0000 (50c16f0b) = o_comp_less (1) | Expected (1)
[PASS] i_fpu_a = 19149826048.0000 (508ead65) < i_fpu_b = 78381539328.0000 (5191ff3b) = o_comp_less (1) | Expected (1)
[PASS] i_fpu_a = 18740910080.0000 (508ba173) < i_fpu_b = 33876938752.0000 (50fc6722) = o_comp_less (1) | Expected (1)
[PASS] i_fpu_a = 49546530816.0000 (51389341) < i_fpu_b = 71809785856.0000 (5185c193) = o_comp_less (1) | Expected (1)
[PASS] i_fpu_a = 25770289152.0000 (50c000ed) < i_fpu_b = 79423512576.0000 (5193f015) = o_comp_less (1) | Expected (1)
[PASS] i_fpu_a = 13195353088.0000 (5044a047) < i_fpu_b = 18215151616.0000 (5087b6a5) = o_comp_less (1) | Expected (1)
[PASS] i_fpu_a = 26480769024.0000 (50c54c0f) < i_fpu_b = 63737323520.0000 (516d70a6) = o_comp_less (1) | Expected (1)
[PASS] i_fpu_a = 46681313280.0000 (512de6c5) < i_fpu_b = 108523929600.0000 (51ca243e) = o_comp_less (1) | Expected (1)
[PASS] i_fpu_a = 47868506112.0000 (513252f7) < i_fpu_b = 35827744768.0000 (51057800) = o_comp_less (0) | Expected (0)
[PASS] i_fpu_a = -1733073664.0000 (cece9936) < i_fpu_b = 2178928128.0000 (4f01dfce) = o_comp_less (1) | Expected (1)
[PASS] i_fpu_a = 45537665024.0000 (5129a41a) < i_fpu_b = 20296777728.0000 (50973908) = o_comp_less (0) | Expected (0)
[PASS] i_fpu_a = 26065678336.0000 (50c23456) < i_fpu_b = 11530258432.0000 (502bd072) = o_comp_less (0) | Expected (0)
[PASS] i_fpu_a = 43303153664.0000 (5121511b) < i_fpu_b = 63658594304.0000 (516d2591) = o_comp_less (1) | Expected (1)
[PASS] i_fpu_a = 40561496064.0000 (51171a75) < i_fpu_b = 163140091904.0000 (5217efa1) = o_comp_less (1) | Expected (1)
[PASS] i_fpu_a = 16131169280.0000 (50705f87) < i_fpu_b = 87756759040.0000 (51a375af) = o_comp_less (1) | Expected (1)
[PASS] i_fpu_a = 3068103168.0000 (4f36df8a) < i_fpu_b = 139102191616.0000 (52018c8c) = o_comp_less (1) | Expected (1)
[PASS] i_fpu_a = 251123744.0000 (4d6f7d82) < i_fpu_b = 108132941824.0000 (51c969ce) = o_comp_less (1) | Expected (1)
[PASS] i_fpu_a = 2342702080.0000 (4f0ba2cc) < i_fpu_b = 119291265024.0000 (51de3282) = o_comp_less (1) | Expected (1)
[PASS] i_fpu_a = 35000037376.0000 (510262a3) < i_fpu_b = 168590868480.0000 (521d0332) = o_comp_less (1) | Expected (1)
[PASS] i_fpu_a = -920063616.0000 (ce5b5c3a) < i_fpu_b = 97857404928.0000 (51b6460c) = o_comp_less (1) | Expected (1)
[PASS] i_fpu_a = 40116441088.0000 (51157205) < i_fpu_b = 23534444544.0000 (50af5864) = o_comp_less (0) | Expected (0)
[PASS] i_fpu_a = 11765928960.0000 (502f5375) < i_fpu_b = 121988677632.0000 (51e338bc) = o_comp_less (1) | Expected (1)
[PASS] i_fpu_a = 24136579072.0000 (50b3d4df) < i_fpu_b = 15374152704.0000 (506517bd) = o_comp_less (0) | Expected (0)
[PASS] i_fpu_a = 16374958080.0000 (50740182) < i_fpu_b = 13576398848.0000 (504a4dda) = o_comp_less (0) | Expected (0)
[PASS] i_fpu_a = 25175592960.0000 (50bb92a2) < i_fpu_b = 107547844608.0000 (51c852cf) = o_comp_less (1) | Expected (1)
[PASS] i_fpu_a = 37034217472.0000 (5109f695) < i_fpu_b = 167535149056.0000 (521c077e) = o_comp_less (1) | Expected (1)
[PASS] i_fpu_a = 36873150464.0000 (51095cfa) < i_fpu_b = 113847574528.0000 (51d40ec1) = o_comp_less (1) | Expected (1)
[PASS] i_fpu_a = 18493632512.0000 (5089c9ce) < i_fpu_b = 166095945728.0000 (521ab05c) = o_comp_less (1) | Expected (1)
[PASS] i_fpu_a = 4955336704.0000 (4f93ae38) < i_fpu_b = 190451204096.0000 (52315f1b) = o_comp_less (1) | Expected (1)
[PASS] i_fpu_a = 27983020032.0000 (50d07d60) < i_fpu_b = 133739601920.0000 (51f91c03) = o_comp_less (1) | Expected (1)
[PASS] i_fpu_a = 17357248512.0000 (50815253) < i_fpu_b = 42067202048.0000 (511cb669) = o_comp_less (1) | Expected (1)
[PASS] i_fpu_a = 16549927936.0000 (50769cf7) < i_fpu_b = 204171345920.0000 (523e263e) = o_comp_less (1) | Expected (1)
[PASS] i_fpu_a = 28911618048.0000 (50d76889) < i_fpu_b = 113434755072.0000 (51d349e8) = o_comp_less (1) | Expected (1)
[PASS] i_fpu_a = 8385042432.0000 (4ff9e4cc) < i_fpu_b = 109464985600.0000 (51cbe4f9) = o_comp_less (1) | Expected (1)
[PASS] i_fpu_a = 21398630400.0000 (509f6ea6) < i_fpu_b = 134166028288.0000 (51f9e759) = o_comp_less (1) | Expected (1)
[PASS] i_fpu_a = 36984057856.0000 (5109c6bf) < i_fpu_b = 57163919360.0000 (5154f3c3) = o_comp_less (1) | Expected (1)
[PASS] i_fpu_a = 41142714368.0000 (511944c0) < i_fpu_b = 37487849472.0000 (510ba733) = o_comp_less (0) | Expected (0)
[PASS] i_fpu_a = 14315680768.0000 (505551fd) < i_fpu_b = 57138499584.0000 (5154db85) = o_comp_less (1) | Expected (1)
[PASS] i_fpu_a = 3563907584.0000 (4f546cea) < i_fpu_b = -20048943104.0000 (d0956053) = o_comp_less (0) | Expected (0)
[PASS] i_fpu_a = 35628752896.0000 (5104ba3a) < i_fpu_b = 132907704320.0000 (51f78f55) = o_comp_less (1) | Expected (1)
[PASS] i_fpu_a = 30327261184.0000 (50e1f4a9) < i_fpu_b = 23360055296.0000 (50ae0bc5) = o_comp_less (0) | Expected (0)
[PASS] i_fpu_a = 11879056384.0000 (50310301) < i_fpu_b = 28078110720.0000 (50d132bf) = o_comp_less (1) | Expected (1)
[PASS] i_fpu_a = 28566992896.0000 (50d4d737) < i_fpu_b = 107117404160.0000 (51c7858f) = o_comp_less (1) | Expected (1)
[PASS] i_fpu_a = 11199589376.0000 (5026e30b) < i_fpu_b = 27541063680.0000 (50cd3269) = o_comp_less (1) | Expected (1)
[PASS] i_fpu_a = 24295647232.0000 (50b50445) < i_fpu_b = 206529069056.0000 (5240585e) = o_comp_less (1) | Expected (1)
[PASS] i_fpu_a = 29889488896.0000 (50deb1ad) < i_fpu_b = 77837246464.0000 (5190fbb1) = o_comp_less (1) | Expected (1)
[PASS] i_fpu_a = 45894348800.0000 (512af843) < i_fpu_b = 46612807680.0000 (512da570) = o_comp_less (1) | Expected (1)
[PASS] i_fpu_a = 40235692032.0000 (5115e3bf) < i_fpu_b = 180172521472.0000 (5227cc7a) = o_comp_less (1) | Expected (1)
[PASS] i_fpu_a = 4424978432.0000 (4f83dfe8) < i_fpu_b = 169286156288.0000 (521da8f7) = o_comp_less (1) | Expected (1)
[PASS] i_fpu_a = 5897810944.0000 (4fafc4ba) < i_fpu_b = 80459767808.0000 (5195de35) = o_comp_less (1) | Expected (1)
[PASS] i_fpu_a = 24027113472.0000 (50b30415) < i_fpu_b = 18225405952.0000 (5087ca34) = o_comp_less (0) | Expected (0)
[PASS] i_fpu_a = 26337079296.0000 (50c439fe) < i_fpu_b = 140836782080.0000 (52032a1b) = o_comp_less (1) | Expected (1)
[PASS] i_fpu_a = 44066906112.0000 (5124297a) < i_fpu_b = 89387155456.0000 (51a67f1e) = o_comp_less (1) | Expected (1)
[PASS] i_fpu_a = 46767984640.0000 (512e396d) < i_fpu_b = 130541060096.0000 (51f326d4) = o_comp_less (1) | Expected (1)
[PASS] i_fpu_a = 48373743616.0000 (513434cc) < i_fpu_b = 93506543616.0000 (51ae2b65) = o_comp_less (1) | Expected (1)
[PASS] i_fpu_a = 49235165184.0000 (51376a50) < i_fpu_b = 36092469248.0000 (51067476) = o_comp_less (0) | Expected (0)
[PASS] i_fpu_a = 35526139904.0000 (5104585e) < i_fpu_b = 27960895488.0000 (50d0532d) = o_comp_less (0) | Expected (0)
[PASS] i_fpu_a = 23815782400.0000 (50b17100) < i_fpu_b = 120292630528.0000 (51e00fff) = o_comp_less (1) | Expected (1)
[PASS] i_fpu_a = 34135607296.0000 (50fe5481) < i_fpu_b = 75826683904.0000 (518d3cfb) = o_comp_less (1) | Expected (1)
[PASS] i_fpu_a = 18133770240.0000 (50871b6c) < i_fpu_b = -20249505792.0000 (d096dede) = o_comp_less (0) | Expected (0)
[PASS] i_fpu_a = 12391700480.0000 (5038a696) < i_fpu_b = 110650728448.0000 (51ce1a61) = o_comp_less (1) | Expected (1)
[PASS] i_fpu_a = 38539341824.0000 (510f91fb) < i_fpu_b = -17375944704.0000 (d08175fc) = o_comp_less (0) | Expected (0)
[PASS] i_fpu_a = 28020776960.0000 (50d0c564) < i_fpu_b = 220753625088.0000 (524d97c4) = o_comp_less (1) | Expected (1)
[PASS] i_fpu_a = 23256055808.0000 (50ad4568) < i_fpu_b = 213629353984.0000 (5246f535) = o_comp_less (1) | Expected (1)
[PASS] i_fpu_a = 31894016000.0000 (50eda102) < i_fpu_b = 23523690496.0000 (50af43e1) = o_comp_less (0) | Expected (0)
[PASS] i_fpu_a = 18238130176.0000 (5087e279) < i_fpu_b = 149968404480.0000 (520bab41) = o_comp_less (1) | Expected (1)
[PASS] i_fpu_a = 31415871488.0000 (50ea1105) < i_fpu_b = 131738943488.0000 (51f56206) = o_comp_less (1) | Expected (1)
[PASS] i_fpu_a = 41912328192.0000 (511c22b6) < i_fpu_b = -2641209856.0000 (cf1d6daa) = o_comp_less (0) | Expected (0)
[PASS] i_fpu_a = 21867919360.0000 (50a2edbf) < i_fpu_b = 191179849728.0000 (52320cd4) = o_comp_less (1) | Expected (1)
[PASS] i_fpu_a = 41605943296.0000 (511afe85) < i_fpu_b = 132174585856.0000 (51f631c1) = o_comp_less (1) | Expected (1)
[PASS] i_fpu_a = 27316285440.0000 (50cb85ae) < i_fpu_b = 200726233088.0000 (523af0dd) = o_comp_less (1) | Expected (1)
[PASS] i_fpu_a = 18697828352.0000 (508b4f47) < i_fpu_b = -15857235968.0000 (d06c4a8e) = o_comp_less (0) | Expected (0)
[PASS] i_fpu_a = 48088674304.0000 (513324ef) < i_fpu_b = -21315024896.0000 (d09ecf2f) = o_comp_less (0) | Expected (0)
[PASS] i_fpu_a = 1643494272.0000 (4ec3eb77) < i_fpu_b = 23452925952.0000 (50aebce8) = o_comp_less (1) | Expected (1)
[PASS] i_fpu_a = 12328916992.0000 (5037b716) < i_fpu_b = 125886103552.0000 (51ea7b2c) = o_comp_less (1) | Expected (1)
[PASS] i_fpu_a = 48468463616.0000 (51348f21) < i_fpu_b = 195115614208.0000 (5235b730) = o_comp_less (1) | Expected (1)
[PASS] i_fpu_a = 10498235392.0000 (501c6f97) < i_fpu_b = 137336840192.0000 (51ffcf4f) = o_comp_less (1) | Expected (1)
[PASS] i_fpu_a = 24192849920.0000 (50b44033) < i_fpu_b = 206250180608.0000 (524015e0) = o_comp_less (1) | Expected (1)
[PASS] i_fpu_a = 46931984384.0000 (512ed5d4) < i_fpu_b = 123313266688.0000 (51e5b059) = o_comp_less (1) | Expected (1)
[PASS] i_fpu_a = 33863931904.0000 (50fc4e53) < i_fpu_b = 111569862656.0000 (51cfd0a8) = o_comp_less (1) | Expected (1)
[PASS] i_fpu_a = 25977739264.0000 (50c18c9b) < i_fpu_b = 207620505600.0000 (52415c96) = o_comp_less (1) | Expected (1)
[PASS] i_fpu_a = 27649079296.0000 (50ce006f) < i_fpu_b = 38844993536.0000 (5110b579) = o_comp_less (1) | Expected (1)
[PASS] i_fpu_a = 47298535424.0000 (51303366) < i_fpu_b = 7819011584.0000 (4fe90653) = o_comp_less (0) | Expected (0)
[PASS] i_fpu_a = 14156429312.0000 (5052f27e) < i_fpu_b = 46760910848.0000 (512e32ae) = o_comp_less (1) | Expected (1)
[PASS] i_fpu_a = 14803677184.0000 (505c978c) < i_fpu_b = 50074468352.0000 (513a8abc) = o_comp_less (1) | Expected (1)
[PASS] i_fpu_a = 19082700800.0000 (508e2d5d) < i_fpu_b = 87065001984.0000 (51a22bd4) = o_comp_less (1) | Expected (1)
[PASS] i_fpu_a = 41397075968.0000 (511a3754) < i_fpu_b = 77126418432.0000 (518fa8be) = o_comp_less (1) | Expected (1)
[PASS] i_fpu_a = 31881164800.0000 (50ed887f) < i_fpu_b = 78190796800.0000 (5191a447) = o_comp_less (1) | Expected (1)
[PASS] i_fpu_a = 6965765632.0000 (4fcf9893) < i_fpu_b = 104231575552.0000 (51c2257d) = o_comp_less (1) | Expected (1)
[PASS] i_fpu_a = 3983980288.0000 (4f6d76b7) < i_fpu_b = 48091795456.0000 (513327e9) = o_comp_less (1) | Expected (1)
[PASS] i_fpu_a = 7444759040.0000 (4fdddf01) < i_fpu_b = 177912627200.0000 (5225b1ad) = o_comp_less (1) | Expected (1)
[PASS] i_fpu_a = 44248870912.0000 (5124d703) < i_fpu_b = 68152967168.0000 (517de3bc) = o_comp_less (1) | Expected (1)
[PASS] i_fpu_a = 38826749952.0000 (5110a413) < i_fpu_b = 164031283200.0000 (5218c41b) = o_comp_less (1) | Expected (1)
[PASS] i_fpu_a = 30815043584.0000 (50e59708) < i_fpu_b = 72163549184.0000 (51866a43) = o_comp_less (1) | Expected (1)
[PASS] i_fpu_a = 46983258112.0000 (512f06ba) < i_fpu_b = 103033733120.0000 (51bfea50) = o_comp_less (1) | Expected (1)
[PASS] i_fpu_a = 7864396288.0000 (4fea6095) < i_fpu_b = 138114039808.0000 (5200a0f4) = o_comp_less (1) | Expected (1)
[PASS] i_fpu_a = 13573773312.0000 (504a43d6) < i_fpu_b = 9589803008.0000 (500ee632) = o_comp_less (0) | Expected (0)
[PASS] i_fpu_a = 28590221312.0000 (50d50385) < i_fpu_b = 103649361920.0000 (51c10fde) = o_comp_less (1) | Expected (1)
[PASS] i_fpu_a = 43822604288.0000 (5123407e) < i_fpu_b = -15283089408.0000 (d063bc5c) = o_comp_less (0) | Expected (0)
[PASS] i_fpu_a = 34367184896.0000 (5100071a) < i_fpu_b = 170404118528.0000 (521eb382) = o_comp_less (1) | Expected (1)
[PASS] i_fpu_a = 31209222144.0000 (50e886de) < i_fpu_b = 74108698624.0000 (518a09c8) = o_comp_less (1) | Expected (1)
[PASS] i_fpu_a = 33469753344.0000 (50f95e7d) < i_fpu_b = 91328020480.0000 (51aa1c98) = o_comp_less (1) | Expected (1)
[PASS] i_fpu_a = 49096298496.0000 (5136e5e1) < i_fpu_b = 216823250944.0000 (5249eeb1) = o_comp_less (1) | Expected (1)
[PASS] i_fpu_a = 31973154816.0000 (50ee37f4) < i_fpu_b = 69327560704.0000 (518121f5) = o_comp_less (1) | Expected (1)
[PASS] i_fpu_a = 48407048192.0000 (5134548f) < i_fpu_b = 5084502528.0000 (4f9787ad) = o_comp_less (0) | Expected (0)
[PASS] i_fpu_a = 5677878272.0000 (4fa936c6) < i_fpu_b = 210419662848.0000 (5243f7f5) = o_comp_less (1) | Expected (1)
[PASS] i_fpu_a = 6229138944.0000 (4fb9a48f) < i_fpu_b = 80903061504.0000 (5196b196) = o_comp_less (1) | Expected (1)
[PASS] i_fpu_a = 30417762304.0000 (50e2a147) < i_fpu_b = 47648186368.0000 (513180da) = o_comp_less (1) | Expected (1)
[PASS] i_fpu_a = 7440544256.0000 (4fddbed9) < i_fpu_b = 204024840192.0000 (523e0350) = o_comp_less (1) | Expected (1)
[PASS] i_fpu_a = 42972786688.0000 (5120160b) < i_fpu_b = 62995021824.0000 (516aacbc) = o_comp_less (1) | Expected (1)
[PASS] i_fpu_a = -108438664.0000 (ccced491) < i_fpu_b = 220997976064.0000 (524dd206) = o_comp_less (1) | Expected (1)
[PASS] i_fpu_a = 10884506624.0000 (50223119) < i_fpu_b = 14179387392.0000 (50534a12) = o_comp_less (1) | Expected (1)
[PASS] i_fpu_a = 8568387072.0000 (4fff5b9b) < i_fpu_b = 168010383360.0000 (521c78cc) = o_comp_less (1) | Expected (1)
[PASS] i_fpu_a = 13604697088.0000 (504ab9cd) < i_fpu_b = 11268540416.0000 (5027ea12) = o_comp_less (0) | Expected (0)
[PASS] i_fpu_a = 28418033664.0000 (50d3bb19) < i_fpu_b = 210016583680.0000 (524397db) = o_comp_less (1) | Expected (1)
[PASS] i_fpu_a = 3353786880.0000 (4f47e6ba) < i_fpu_b = -22392977408.0000 (d0a6d737) = o_comp_less (0) | Expected (0)
[PASS] i_fpu_a = 26453989376.0000 (50c518fb) < i_fpu_b = 12623938560.0000 (503c1c81) = o_comp_less (0) | Expected (0)
[PASS] i_fpu_a = 31940046848.0000 (50edf8ce) < i_fpu_b = 118360113152.0000 (51dc7680) = o_comp_less (1) | Expected (1)
[PASS] i_fpu_a = 17317349376.0000 (50810639) < i_fpu_b = 46260293632.0000 (512c5541) = o_comp_less (1) | Expected (1)
[PASS] i_fpu_a = 43027947520.0000 (51204aa6) < i_fpu_b = 99201597440.0000 (51b8c702) = o_comp_less (1) | Expected (1)
[PASS] i_fpu_a = 46658572288.0000 (512dd115) < i_fpu_b = 90607771648.0000 (51a8c527) = o_comp_less (1) | Expected (1)
[PASS] i_fpu_a = 6353617408.0000 (4fbd5a41) < i_fpu_b = 77793148928.0000 (5190e6aa) = o_comp_less (1) | Expected (1)
[PASS] i_fpu_a = 22024867840.0000 (50a4191a) < i_fpu_b = 147128123392.0000 (52090614) = o_comp_less (1) | Expected (1)
[PASS] i_fpu_a = 15771068416.0000 (506b01da) < i_fpu_b = 108582739968.0000 (51ca4049) = o_comp_less (1) | Expected (1)
[PASS] i_fpu_a = 7437724160.0000 (4fdda955) < i_fpu_b = 80006234112.0000 (519505f2) = o_comp_less (1) | Expected (1)
[PASS] i_fpu_a = 21573083136.0000 (50a0bb64) < i_fpu_b = 12305252352.0000 (50375cd0) = o_comp_less (0) | Expected (0)
[PASS] i_fpu_a = 28472336384.0000 (50d422ac) < i_fpu_b = -9855212544.0000 (d012daa7) = o_comp_less (0) | Expected (0)
[PASS] i_fpu_a = 11319427072.0000 (5028ac30) < i_fpu_b = 63985815552.0000 (516e5da1) = o_comp_less (1) | Expected (1)
[PASS] i_fpu_a = 4054529792.0000 (4f71ab37) < i_fpu_b = 204477595648.0000 (523e6f42) = o_comp_less (1) | Expected (1)
[PASS] i_fpu_a = 31698118656.0000 (50ec2b5d) < i_fpu_b = 77707632640.0000 (5190bde3) = o_comp_less (1) | Expected (1)
[PASS] i_fpu_a = 49771143168.0000 (51396976) < i_fpu_b = 123082145792.0000 (51e54224) = o_comp_less (1) | Expected (1)
[PASS] i_fpu_a = 7893743104.0000 (4feb407b) < i_fpu_b = 40129368064.0000 (51157e59) = o_comp_less (1) | Expected (1)
[PASS] i_fpu_a = 48238178304.0000 (5133b383) < i_fpu_b = -11111623680.0000 (d025937b) = o_comp_less (0) | Expected (0)
[PASS] i_fpu_a = 40646434816.0000 (51176b76) < i_fpu_b = 18453673984.0000 (50897d97) = o_comp_less (0) | Expected (0)
[PASS] i_fpu_a = 23011485696.0000 (50ab72ed) < i_fpu_b = 154825785344.0000 (52103158) = o_comp_less (1) | Expected (1)
[PASS] i_fpu_a = 38230056960.0000 (510e6b06) < i_fpu_b = 148460961792.0000 (520a43da) = o_comp_less (1) | Expected (1)
[PASS] i_fpu_a = 27934525440.0000 (50d020e1) < i_fpu_b = 94477066240.0000 (51affa2d) = o_comp_less (1) | Expected (1)
[PASS] i_fpu_a = 47114317824.0000 (512f83b7) < i_fpu_b = 142950105088.0000 (520521f6) = o_comp_less (1) | Expected (1)
[PASS] i_fpu_a = 47873150976.0000 (51325765) < i_fpu_b = 13494098944.0000 (504913e7) = o_comp_less (0) | Expected (0)
[PASS] i_fpu_a = 2439976960.0000 (4f116f18) < i_fpu_b = 155483357184.0000 (5210ce1f) = o_comp_less (1) | Expected (1)
[PASS] i_fpu_a = 19382693888.0000 (5090698e) < i_fpu_b = 187328331776.0000 (522e768e) = o_comp_less (1) | Expected (1)
[PASS] i_fpu_a = 632920064.0000 (4e16e660) < i_fpu_b = 173830553600.0000 (5221e46f) = o_comp_less (1) | Expected (1)
[PASS] i_fpu_a = 39728160768.0000 (5113ffba) < i_fpu_b = -3251781120.0000 (cf41d23e) = o_comp_less (0) | Expected (0)
[PASS] i_fpu_a = -498113568.0000 (cded84e1) < i_fpu_b = 129264918528.0000 (51f0c651) = o_comp_less (1) | Expected (1)
[PASS] i_fpu_a = 18272200704.0000 (50882375) < i_fpu_b = 102475317248.0000 (51bee00a) = o_comp_less (1) | Expected (1)
[PASS] i_fpu_a = 9515524096.0000 (500dcad8) < i_fpu_b = 137575628800.0000 (52002096) = o_comp_less (1) | Expected (1)
[PASS] i_fpu_a = 17576013824.0000 (5082f396) < i_fpu_b = 53552181248.0000 (51477f57) = o_comp_less (1) | Expected (1)
[PASS] i_fpu_a = 27064545280.0000 (50c9a586) < i_fpu_b = -19285630976.0000 (d08fb06c) = o_comp_less (0) | Expected (0)
[PASS] i_fpu_a = 48007036928.0000 (5132d714) < i_fpu_b = -19503716352.0000 (d0915063) = o_comp_less (0) | Expected (0)
[PASS] i_fpu_a = 17691592704.0000 (5083d009) < i_fpu_b = 92570361856.0000 (51ac6cfd) = o_comp_less (1) | Expected (1)
[PASS] i_fpu_a = 37197717504.0000 (510a9282) < i_fpu_b = 198255132672.0000 (5238a3b5) = o_comp_less (1) | Expected (1)
[PASS] i_fpu_a = 18228436992.0000 (5087cffc) < i_fpu_b = 50475094016.0000 (513c08cd) = o_comp_less (1) | Expected (1)
[PASS] i_fpu_a = 20121219072.0000 (5095ea2e) < i_fpu_b = 216011423744.0000 (52492d23) = o_comp_less (1) | Expected (1)
[PASS] i_fpu_a = 18574540800.0000 (508a6420) < i_fpu_b = -1650194560.0000 (cec4b7f1) = o_comp_less (0) | Expected (0)
[PASS] i_fpu_a = 20650936320.0000 (5099dc89) < i_fpu_b = 196041736192.0000 (523693fe) = o_comp_less (1) | Expected (1)
[PASS] i_fpu_a = 9341688832.0000 (500b33b7) < i_fpu_b = 204031934464.0000 (523e0501) = o_comp_less (1) | Expected (1)
[PASS] i_fpu_a = 44507136000.0000 (5125cd50) < i_fpu_b = 108934422528.0000 (51cae7fb) = o_comp_less (1) | Expected (1)
[PASS] i_fpu_a = 46155747328.0000 (512bf18d) < i_fpu_b = 118521217024.0000 (51dcc352) = o_comp_less (1) | Expected (1)
[PASS] i_fpu_a = 28693301248.0000 (50d5c821) < i_fpu_b = 84456677376.0000 (519d5015) = o_comp_less (1) | Expected (1)
[PASS] i_fpu_a = 639104064.0000 (4e185fd1) < i_fpu_b = 65870684160.0000 (5175632e) = o_comp_less (1) | Expected (1)
[PASS] i_fpu_a = 46882766848.0000 (512ea6e4) < i_fpu_b = 5514692096.0000 (4fa459c3) = o_comp_less (0) | Expected (0)
[PASS] i_fpu_a = 5726521856.0000 (4faaa9e5) < i_fpu_b = 120320548864.0000 (51e01d4f) = o_comp_less (1) | Expected (1)
[PASS] i_fpu_a = 45024714752.0000 (5127baea) < i_fpu_b = 93565116416.0000 (51ae4753) = o_comp_less (1) | Expected (1)
[PASS] i_fpu_a = 8627977216.0000 (5000911f) < i_fpu_b = 60885147648.0000 (5162d09a) = o_comp_less (1) | Expected (1)
[PASS] i_fpu_a = 4032742656.0000 (4f705ec5) < i_fpu_b = 118611673088.0000 (51dcee74) = o_comp_less (1) | Expected (1)
[PASS] i_fpu_a = 42370359296.0000 (511dd786) < i_fpu_b = 112300023808.0000 (51d12cd3) = o_comp_less (1) | Expected (1)
[PASS] i_fpu_a = 46431023104.0000 (512cf813) < i_fpu_b = 64285777920.0000 (516f7bb2) = o_comp_less (1) | Expected (1)
[PASS] i_fpu_a = 32163727360.0000 (50efa371) < i_fpu_b = 91533795328.0000 (51aa7eb7) = o_comp_less (1) | Expected (1)
[PASS] i_fpu_a = 7570626560.0000 (4fe19f4c) < i_fpu_b = 107534721024.0000 (51c84c8d) = o_comp_less (1) | Expected (1)
[PASS] i_fpu_a = 15358423040.0000 (5064dbbc) < i_fpu_b = 208305799168.0000 (5241fff9) = o_comp_less (1) | Expected (1)
[PASS] i_fpu_a = 4755736064.0000 (4f8dbb63) < i_fpu_b = -5578451456.0000 (cfa64035) = o_comp_less (0) | Expected (0)
[PASS] i_fpu_a = 45147406336.0000 (51282fec) < i_fpu_b = 208905666560.0000 (52428efe) = o_comp_less (1) | Expected (1)
[PASS] i_fpu_a = 6291512832.0000 (4fbb806f) < i_fpu_b = 216260755456.0000 (52496895) = o_comp_less (1) | Expected (1)
[PASS] i_fpu_a = 19154624512.0000 (508eb68c) < i_fpu_b = -147927056.0000 (cd0d1301) = o_comp_less (0) | Expected (0)
[PASS] i_fpu_a = 44814995456.0000 (5126f2e9) < i_fpu_b = 180084473856.0000 (5227b77c) = o_comp_less (1) | Expected (1)
[PASS] i_fpu_a = 44728164352.0000 (5126a01a) < i_fpu_b = 89514303488.0000 (51a6bbbf) = o_comp_less (1) | Expected (1)
[PASS] i_fpu_a = 23778942976.0000 (50b12abc) < i_fpu_b = 38881046528.0000 (5110d7db) = o_comp_less (1) | Expected (1)
[PASS] i_fpu_a = 40186150912.0000 (5115b480) < i_fpu_b = 211161825280.0000 (5244a8e7) = o_comp_less (1) | Expected (1)
[PASS] i_fpu_a = 21906096128.0000 (50a33690) < i_fpu_b = 63422140416.0000 (516c4411) = o_comp_less (1) | Expected (1)
[PASS] i_fpu_a = 42994757632.0000 (51202aff) < i_fpu_b = 60171161600.0000 (516027b1) = o_comp_less (1) | Expected (1)
[PASS] i_fpu_a = 45338095616.0000 (5128e5c7) < i_fpu_b = -22901028864.0000 (d0aaa03f) = o_comp_less (0) | Expected (0)
[PASS] i_fpu_a = 5178790912.0000 (4f9a570a) < i_fpu_b = -14486714368.0000 (d057de6e) = o_comp_less (0) | Expected (0)
[PASS] i_fpu_a = 8703949824.0000 (5001b2ef) < i_fpu_b = 133591523328.0000 (51f8d567) = o_comp_less (1) | Expected (1)
[PASS] i_fpu_a = 48616984576.0000 (51351cc5) < i_fpu_b = 183713955840.0000 (522b18d2) = o_comp_less (1) | Expected (1)
[PASS] i_fpu_a = 32274434048.0000 (50f07699) < i_fpu_b = 8548108288.0000 (4ffec0e4) = o_comp_less (0) | Expected (0)
[PASS] i_fpu_a = 10186906624.0000 (5017cbf7) < i_fpu_b = -15919281152.0000 (d06d373d) = o_comp_less (0) | Expected (0)
[PASS] i_fpu_a = 8053713408.0000 (4ff004f5) < i_fpu_b = 198407602176.0000 (5238c80f) = o_comp_less (1) | Expected (1)
[PASS] i_fpu_a = 12575604736.0000 (503b6420) < i_fpu_b = 42055180288.0000 (511caaf2) = o_comp_less (1) | Expected (1)
[PASS] i_fpu_a = 49820901376.0000 (513998ea) < i_fpu_b = 13211160576.0000 (5044dc94) = o_comp_less (0) | Expected (0)
[PASS] i_fpu_a = 907007936.0000 (4e583f5f) < i_fpu_b = 182207447040.0000 (5229b1a4) = o_comp_less (1) | Expected (1)
[PASS] i_fpu_a = 49818705920.0000 (513996d2) < i_fpu_b = -9780404224.0000 (d011bd48) = o_comp_less (0) | Expected (0)
[PASS] i_fpu_a = 3191468544.0000 (4f3e39f2) < i_fpu_b = 177998168064.0000 (5225c612) = o_comp_less (1) | Expected (1)
[PASS] i_fpu_a = 47426551808.0000 (5130ad7c) < i_fpu_b = 81150541824.0000 (51972798) = o_comp_less (1) | Expected (1)
[PASS] i_fpu_a = 11757503488.0000 (502f3351) < i_fpu_b = 121018007552.0000 (51e169e2) = o_comp_less (1) | Expected (1)
[PASS] i_fpu_a = 17684908032.0000 (5083c349) < i_fpu_b = 168273166336.0000 (521cb773) = o_comp_less (1) | Expected (1)
[PASS] i_fpu_a = 33280993280.0000 (50f7f675) < i_fpu_b = 190889738240.0000 (5231c7a9) = o_comp_less (1) | Expected (1)
[PASS] i_fpu_a = 17896562688.0000 (508556fc) < i_fpu_b = 106640941056.0000 (51c6a25d) = o_comp_less (1) | Expected (1)
[PASS] i_fpu_a = 29811333120.0000 (50de1c9b) < i_fpu_b = 158123032576.0000 (52134378) = o_comp_less (1) | Expected (1)
[PASS] i_fpu_a = 49376673792.0000 (5137f144) < i_fpu_b = 23681728512.0000 (50b07150) = o_comp_less (0) | Expected (0)
[PASS] i_fpu_a = 7259653632.0000 (4fd85ac3) < i_fpu_b = 12233753600.0000 (50364c11) = o_comp_less (1) | Expected (1)
[PASS] i_fpu_a = 6145381376.0000 (4fb7258a) < i_fpu_b = 194787459072.0000 (523568f3) = o_comp_less (1) | Expected (1)
[PASS] i_fpu_a = 11731632128.0000 (502ed0a0) < i_fpu_b = 220606332928.0000 (524d74a6) = o_comp_less (1) | Expected (1)
[PASS] i_fpu_a = 29883183104.0000 (50dea5a6) < i_fpu_b = 206739767296.0000 (52408a9a) = o_comp_less (1) | Expected (1)
[PASS] i_fpu_a = 21880606720.0000 (50a305f2) < i_fpu_b = 48767172608.0000 (5135ac00) = o_comp_less (1) | Expected (1)
[PASS] i_fpu_a = 1134192384.0000 (4e8734ce) < i_fpu_b = 86182453248.0000 (51a086ff) = o_comp_less (1) | Expected (1)
[PASS] i_fpu_a = 25262030848.0000 (50bc3780) < i_fpu_b = 137920348160.0000 (520072c6) = o_comp_less (1) | Expected (1)
[PASS] i_fpu_a = 7738906624.0000 (4fe6a32c) < i_fpu_b = 142862860288.0000 (52050d29) = o_comp_less (1) | Expected (1)
[PASS] i_fpu_a = 23228155904.0000 (50ad1031) < i_fpu_b = -9352783872.0000 (d00b5e0a) = o_comp_less (0) | Expected (0)
[PASS] i_fpu_a = 43039625216.0000 (512055c9) < i_fpu_b = 150119170048.0000 (520bcf33) = o_comp_less (1) | Expected (1)
[PASS] i_fpu_a = 31293026304.0000 (50e926b6) < i_fpu_b = 145547247616.0000 (52078d2b) = o_comp_less (1) | Expected (1)
[PASS] i_fpu_a = 22817828864.0000 (50aa018e) < i_fpu_b = 132224548864.0000 (51f64994) = o_comp_less (1) | Expected (1)
[PASS] i_fpu_a = 21494390784.0000 (50a0254c) < i_fpu_b = 9142582272.0000 (50083c2f) = o_comp_less (0) | Expected (0)
[PASS] i_fpu_a = 13776748544.0000 (504d4a20) < i_fpu_b = -7233759232.0000 (cfd79534) = o_comp_less (0) | Expected (0)
[PASS] i_fpu_a = 3279448832.0000 (4f43786b) < i_fpu_b = 121214263296.0000 (51e1c777) = o_comp_less (1) | Expected (1)
[PASS] i_fpu_a = 16959182848.0000 (507cb626) < i_fpu_b = 17422565376.0000 (5081cee8) = o_comp_less (1) | Expected (1)
[PASS] i_fpu_a = 17276702720.0000 (5080b8b2) < i_fpu_b = 177513660416.0000 (5225528e) = o_comp_less (1) | Expected (1)
[PASS] i_fpu_a = 34701320192.0000 (510145c2) < i_fpu_b = 122356031488.0000 (51e3e7e7) = o_comp_less (1) | Expected (1)
[PASS] i_fpu_a = 35804872704.0000 (51056230) < i_fpu_b = 96087547904.0000 (51b2fa1d) = o_comp_less (1) | Expected (1)
[PASS] i_fpu_a = 6139923968.0000 (4fb6fbe7) < i_fpu_b = 219060944896.0000 (524c0433) = o_comp_less (1) | Expected (1)
[PASS] i_fpu_a = 2123778432.0000 (4efd2c93) < i_fpu_b = -6526608896.0000 (cfc28213) = o_comp_less (0) | Expected (0)
[PASS] i_fpu_a = 38037356544.0000 (510db340) < i_fpu_b = 567609280.0000 (4e07541f) = o_comp_less (0) | Expected (0)
[PASS] i_fpu_a = 38856495104.0000 (5110c071) < i_fpu_b = 121265094656.0000 (51e1dfb4) = o_comp_less (1) | Expected (1)
[PASS] i_fpu_a = 25029376000.0000 (50ba7bbf) < i_fpu_b = 123098431488.0000 (51e549e8) = o_comp_less (1) | Expected (1)
[PASS] i_fpu_a = 40487964672.0000 (5116d455) < i_fpu_b = 32786028544.0000 (50f44663) = o_comp_less (0) | Expected (0)
[PASS] i_fpu_a = 6222795776.0000 (4fb9742a) < i_fpu_b = 46155403264.0000 (512bf139) = o_comp_less (1) | Expected (1)
[PASS] i_fpu_a = 46350749696.0000 (512cab85) < i_fpu_b = 168186413056.0000 (521ca2c4) = o_comp_less (1) | Expected (1)
[PASS] i_fpu_a = 45969362944.0000 (512b3fcd) < i_fpu_b = 201900949504.0000 (523c08f0) = o_comp_less (1) | Expected (1)
[PASS] i_fpu_a = 2972280576.0000 (4f312967) < i_fpu_b = -359161088.0000 (cdab42e8) = o_comp_less (0) | Expected (0)
[PASS] i_fpu_a = 19241099264.0000 (508f5b7c) < i_fpu_b = 133438873600.0000 (51f88c9d) = o_comp_less (1) | Expected (1)
[PASS] i_fpu_a = 42484850688.0000 (511e44b6) < i_fpu_b = 25377556480.0000 (50bd13d9) = o_comp_less (0) | Expected (0)
[PASS] i_fpu_a = 42217795584.0000 (511d4607) < i_fpu_b = -22448433152.0000 (d0a740fd) = o_comp_less (0) | Expected (0)
[PASS] i_fpu_a = 42437419008.0000 (511e177a) < i_fpu_b = 25801310208.0000 (50c03c18) = o_comp_less (0) | Expected (0)
[PASS] i_fpu_a = 28649650176.0000 (50d574df) < i_fpu_b = 189118922752.0000 (52302177) = o_comp_less (1) | Expected (1)
[PASS] i_fpu_a = 29051193344.0000 (50d872c1) < i_fpu_b = 150927360000.0000 (520c8fe3) = o_comp_less (1) | Expected (1)
[PASS] i_fpu_a = 35996246016.0000 (510618b2) < i_fpu_b = 21187131392.0000 (509ddb3f) = o_comp_less (0) | Expected (0)
[PASS] i_fpu_a = 47059316736.0000 (512f4f43) < i_fpu_b = 77261414400.0000 (518fe91d) = o_comp_less (1) | Expected (1)
[FAIL] i_fpu_a = -1666196736.0000 (cec6a04a) < i_fpu_b = -11662862336.0000 (d02dca4a) = o_comp_less (1) | Expected (0)
[PASS] i_fpu_a = 28506689536.0000 (50d46432) < i_fpu_b = 216881496064.0000 (5249fc94) = o_comp_less (1) | Expected (1)
[PASS] i_fpu_a = 29701414912.0000 (50dd4af4) < i_fpu_b = 114528632832.0000 (51d55382) = o_comp_less (1) | Expected (1)
[PASS] i_fpu_a = 2501617664.0000 (4f151ba8) < i_fpu_b = -19061751808.0000 (d08e0568) = o_comp_less (0) | Expected (0)
[PASS] i_fpu_a = 15312987136.0000 (50642e69) < i_fpu_b = 93733076992.0000 (51ae976a) = o_comp_less (1) | Expected (1)
[PASS] i_fpu_a = 13871508480.0000 (504eb39b) < i_fpu_b = 11323052032.0000 (5028ba04) = o_comp_less (0) | Expected (0)
[PASS] i_fpu_a = 29025722368.0000 (50d8422c) < i_fpu_b = 168979021824.0000 (521d5fbd) = o_comp_less (1) | Expected (1)
[PASS] i_fpu_a = 43583954944.0000 (51225ce6) < i_fpu_b = 100173520896.0000 (51ba9675) = o_comp_less (1) | Expected (1)
[PASS] i_fpu_a = 647940736.0000 (4e1a7b2a) < i_fpu_b = 112548290560.0000 (51d1a335) = o_comp_less (1) | Expected (1)
[PASS] i_fpu_a = 48338632704.0000 (51341350) < i_fpu_b = 155837153280.0000 (52112279) = o_comp_less (1) | Expected (1)
[PASS] i_fpu_a = 28702857216.0000 (50d5da5b) < i_fpu_b = 210157240320.0000 (5243b964) = o_comp_less (1) | Expected (1)
[PASS] i_fpu_a = 10620618752.0000 (501e4272) < i_fpu_b = 135196762112.0000 (51fbd2d7) = o_comp_less (1) | Expected (1)
[PASS] i_fpu_a = 29156204544.0000 (50d93b0c) < i_fpu_b = 213909864448.0000 (52473816) = o_comp_less (1) | Expected (1)
[PASS] i_fpu_a = 8840670208.0000 (5003bc7b) < i_fpu_b = 103899725824.0000 (51c18740) = o_comp_less (1) | Expected (1)
[PASS] i_fpu_a = 25242185728.0000 (50bc11a6) < i_fpu_b = 219085946880.0000 (524c0a29) = o_comp_less (1) | Expected (1)
[PASS] i_fpu_a = 16167260160.0000 (5070e934) < i_fpu_b = 147986792448.0000 (5209d2cd) = o_comp_less (1) | Expected (1)
[PASS] i_fpu_a = -1223531392.0000 (ce91db37) < i_fpu_b = 125208395776.0000 (51e93804) = o_comp_less (1) | Expected (1)
[PASS] i_fpu_a = 34266429440.0000 (50ff4e07) < i_fpu_b = 16256795648.0000 (50723ec1) = o_comp_less (0) | Expected (0)
[PASS] i_fpu_a = 44745023488.0000 (5126b02e) < i_fpu_b = 61729714176.0000 (5165f60b) = o_comp_less (1) | Expected (1)
[PASS] i_fpu_a = 24315920384.0000 (50b52af0) < i_fpu_b = 160861470720.0000 (5215d05d) = o_comp_less (1) | Expected (1)
[PASS] i_fpu_a = 5679800320.0000 (4fa94570) < i_fpu_b = -15184582656.0000 (d0624496) = o_comp_less (0) | Expected (0)
[PASS] i_fpu_a = 34121299968.0000 (50fe3937) < i_fpu_b = 88346181632.0000 (51a48ebe) = o_comp_less (1) | Expected (1)
[PASS] i_fpu_a = 28197156864.0000 (50d215cf) < i_fpu_b = 36979122176.0000 (5109c20a) = o_comp_less (1) | Expected (1)
[PASS] i_fpu_a = 26487408640.0000 (50c558b9) < i_fpu_b = 47773757440.0000 (5131f89b) = o_comp_less (1) | Expected (1)
[PASS] i_fpu_a = 33075539968.0000 (50f66e96) < i_fpu_b = 88980987904.0000 (51a5bd71) = o_comp_less (1) | Expected (1)
[PASS] i_fpu_a = 41169166336.0000 (51195dfa) < i_fpu_b = 104093900800.0000 (51c1e3d7) = o_comp_less (1) | Expected (1)
[PASS] i_fpu_a = 43140325376.0000 (5120b5d2) < i_fpu_b = 56523493376.0000 (51529101) = o_comp_less (1) | Expected (1)
[PASS] i_fpu_a = 48686792704.0000 (51355f58) < i_fpu_b = -21143799808.0000 (d09d8899) = o_comp_less (0) | Expected (0)
[PASS] i_fpu_a = 40963850240.0000 (51189a2c) < i_fpu_b = 146093867008.0000 (52080f7e) = o_comp_less (1) | Expected (1)
[PASS] i_fpu_a = 35505266688.0000 (51044476) < i_fpu_b = 24689356800.0000 (50b7f336) = o_comp_less (0) | Expected (0)
[PASS] i_fpu_a = 47242178560.0000 (512ffda7) < i_fpu_b = 186877607936.0000 (522e0b18) = o_comp_less (1) | Expected (1)
[PASS] i_fpu_a = 46844440576.0000 (512e8257) < i_fpu_b = 78590050304.0000 (519262a8) = o_comp_less (1) | Expected (1)
[PASS] i_fpu_a = 37167370240.0000 (510a7591) < i_fpu_b = 126517370880.0000 (51eba82f) = o_comp_less (1) | Expected (1)
[PASS] i_fpu_a = 22537926656.0000 (50a7ebaf) < i_fpu_b = -20652146688.0000 (d099ded8) = o_comp_less (0) | Expected (0)
[PASS] i_fpu_a = 17027337216.0000 (507dba23) < i_fpu_b = 7295011328.0000 (4fd96885) = o_comp_less (0) | Expected (0)
[PASS] i_fpu_a = 27305396224.0000 (50cb70e9) < i_fpu_b = 29898291200.0000 (50dec277) = o_comp_less (1) | Expected (1)
[PASS] i_fpu_a = 10853911552.0000 (5021bc63) < i_fpu_b = 117116305408.0000 (51da2568) = o_comp_less (1) | Expected (1)
[PASS] i_fpu_a = 46519259136.0000 (512d4c39) < i_fpu_b = 187255652352.0000 (522e653a) = o_comp_less (1) | Expected (1)
[PASS] i_fpu_a = 35076616192.0000 (5102abab) < i_fpu_b = 8831629312.0000 (500399fe) = o_comp_less (0) | Expected (0)
[PASS] i_fpu_a = 30570063872.0000 (50e3c3c5) < i_fpu_b = 146631475200.0000 (52088fab) = o_comp_less (1) | Expected (1)
[PASS] i_fpu_a = 31418761216.0000 (50ea1688) < i_fpu_b = 45247778816.0000 (51288fa5) = o_comp_less (1) | Expected (1)
[PASS] i_fpu_a = 26203734016.0000 (50c33ba8) < i_fpu_b = 56475164672.0000 (515262ea) = o_comp_less (1) | Expected (1)
[PASS] i_fpu_a = 16734764032.0000 (50795e0f) < i_fpu_b = 87385350144.0000 (51a2c495) = o_comp_less (1) | Expected (1)
[PASS] i_fpu_a = 40767037440.0000 (5117de7a) < i_fpu_b = 93452705792.0000 (51ae11b9) = o_comp_less (1) | Expected (1)
[PASS] i_fpu_a = 39033024512.0000 (511168cb) < i_fpu_b = 141416153088.0000 (5203b43d) = o_comp_less (1) | Expected (1)
[PASS] i_fpu_a = 20346374144.0000 (509797a1) < i_fpu_b = 130034327552.0000 (51f23533) = o_comp_less (1) | Expected (1)
[PASS] i_fpu_a = 2582691584.0000 (4f19f0bf) < i_fpu_b = 145954750464.0000 (5207ee53) = o_comp_less (1) | Expected (1)
[PASS] i_fpu_a = 27335839744.0000 (50cbaafa) < i_fpu_b = 69022343168.0000 (5180906b) = o_comp_less (1) | Expected (1)
[PASS] i_fpu_a = 19706077184.0000 (5092d25c) < i_fpu_b = 22295099392.0000 (50a61c87) = o_comp_less (1) | Expected (1)
[PASS] i_fpu_a = 2025144448.0000 (4ef16a81) < i_fpu_b = 145981325312.0000 (5207f4a9) = o_comp_less (1) | Expected (1)
[PASS] i_fpu_a = 39827398656.0000 (51145e5e) < i_fpu_b = 197241356288.0000 (5237b201) = o_comp_less (1) | Expected (1)
[PASS] i_fpu_a = 35230171136.0000 (51033e1c) < i_fpu_b = -11142992896.0000 (d0260b25) = o_comp_less (0) | Expected (0)
[PASS] i_fpu_a = 12535346176.0000 (503aca8d) < i_fpu_b = 157829414912.0000 (5212fd77) = o_comp_less (1) | Expected (1)
[PASS] i_fpu_a = 45995819008.0000 (512b5908) < i_fpu_b = 77081763840.0000 (518f9373) = o_comp_less (1) | Expected (1)
[PASS] i_fpu_a = 14149298176.0000 (5052d74a) < i_fpu_b = 60481196032.0000 (51614f5d) = o_comp_less (1) | Expected (1)
[PASS] i_fpu_a = 42686185472.0000 (511f04b8) < i_fpu_b = -9798859776.0000 (d01203af) = o_comp_less (0) | Expected (0)
[PASS] i_fpu_a = 45839065088.0000 (512ac38a) < i_fpu_b = 202204807168.0000 (523c5162) = o_comp_less (1) | Expected (1)
[PASS] i_fpu_a = 39986511872.0000 (5114f61c) < i_fpu_b = 130892021760.0000 (51f3ce2e) = o_comp_less (1) | Expected (1)
[PASS] i_fpu_a = 25278394368.0000 (50bc56b6) < i_fpu_b = 178157797376.0000 (5225ec21) = o_comp_less (1) | Expected (1)
[PASS] i_fpu_a = 8205591552.0000 (4ff48bb2) < i_fpu_b = -6791962112.0000 (cfca6a8f) = o_comp_less (0) | Expected (0)
[PASS] i_fpu_a = 4396956160.0000 (4f830a1d) < i_fpu_b = 36586123264.0000 (51084b3f) = o_comp_less (1) | Expected (1)
[PASS] i_fpu_a = 33479870464.0000 (50f971c9) < i_fpu_b = 120083324928.0000 (51dfac31) = o_comp_less (1) | Expected (1)
[PASS] i_fpu_a = 35911819264.0000 (5105c82e) < i_fpu_b = 137708306432.0000 (52004038) = o_comp_less (1) | Expected (1)
[PASS] i_fpu_a = 45281144832.0000 (5128af77) < i_fpu_b = 113971437568.0000 (51d449d1) = o_comp_less (1) | Expected (1)
[PASS] i_fpu_a = 28784164864.0000 (50d67570) < i_fpu_b = 122740228096.0000 (51e49f1a) = o_comp_less (1) | Expected (1)
[PASS] i_fpu_a = 378202944.0000 (4db4575a) < i_fpu_b = 104470110208.0000 (51c2973b) = o_comp_less (1) | Expected (1)
[PASS] i_fpu_a = 20471240704.0000 (509885cb) < i_fpu_b = 99310215168.0000 (51b8facd) = o_comp_less (1) | Expected (1)
[PASS] i_fpu_a = 39067279360.0000 (51118976) < i_fpu_b = -17861515264.0000 (d0851423) = o_comp_less (0) | Expected (0)
[PASS] i_fpu_a = -334689536.0000 (cd9f97a8) < i_fpu_b = 134655221760.0000 (51fad09d) = o_comp_less (1) | Expected (1)
[PASS] i_fpu_a = 47805181952.0000 (51321693) < i_fpu_b = 138703044608.0000 (52012d62) = o_comp_less (1) | Expected (1)
[PASS] i_fpu_a = 38547849216.0000 (510f9a18) < i_fpu_b = 153283592192.0000 (520ec1a8) = o_comp_less (1) | Expected (1)
[PASS] i_fpu_a = 20456247296.0000 (50986932) < i_fpu_b = -5819922944.0000 (cfad727d) = o_comp_less (0) | Expected (0)
[PASS] i_fpu_a = 5285744640.0000 (4f9d8708) < i_fpu_b = 74914398208.0000 (518b89f8) = o_comp_less (1) | Expected (1)
[PASS] i_fpu_a = 24192663552.0000 (50b43fd8) < i_fpu_b = 35037646848.0000 (51028681) = o_comp_less (1) | Expected (1)
[PASS] i_fpu_a = 43456856064.0000 (5121e3b0) < i_fpu_b = 185882230784.0000 (522d1dc7) = o_comp_less (1) | Expected (1)
[PASS] i_fpu_a = 24192339968.0000 (50b43f3a) < i_fpu_b = 195903324160.0000 (523672fe) = o_comp_less (1) | Expected (1)
[PASS] i_fpu_a = 34659549184.0000 (51011dec) < i_fpu_b = 214853517312.0000 (52481912) = o_comp_less (1) | Expected (1)
[PASS] i_fpu_a = 13574042624.0000 (504a44dd) < i_fpu_b = 40114655232.0000 (51157051) = o_comp_less (1) | Expected (1)
[PASS] i_fpu_a = 43134238720.0000 (5120b004) < i_fpu_b = 81436606464.0000 (5197b000) = o_comp_less (1) | Expected (1)
[PASS] i_fpu_a = 16628380672.0000 (5077c83d) < i_fpu_b = 18595096576.0000 (508a8b55) = o_comp_less (1) | Expected (1)
[PASS] i_fpu_a = 26111457280.0000 (50c28ba7) < i_fpu_b = 129382506496.0000 (51f0fe63) = o_comp_less (1) | Expected (1)
[PASS] i_fpu_a = 10610681856.0000 (501e1c8a) < i_fpu_b = 181770452992.0000 (52294974) = o_comp_less (1) | Expected (1)
[PASS] i_fpu_a = 2344429568.0000 (4f0bbd28) < i_fpu_b = 170981654528.0000 (521f3d34) = o_comp_less (1) | Expected (1)
[PASS] i_fpu_a = 28626880512.0000 (50d54971) < i_fpu_b = 202123689984.0000 (523c3e0b) = o_comp_less (1) | Expected (1)
[PASS] i_fpu_a = 377900864.0000 (4db4327a) < i_fpu_b = 192651689984.0000 (52336bbe) = o_comp_less (1) | Expected (1)
[PASS] i_fpu_a = 23491680256.0000 (50af06d3) < i_fpu_b = 148824915968.0000 (520a9aa0) = o_comp_less (1) | Expected (1)
[PASS] i_fpu_a = 47953502208.0000 (5132a406) < i_fpu_b = 210037374976.0000 (52439cd0) = o_comp_less (1) | Expected (1)
[PASS] i_fpu_a = 20952553472.0000 (509c1bd3) < i_fpu_b = 139548114944.0000 (5201f6dd) = o_comp_less (1) | Expected (1)
[PASS] i_fpu_a = 18505027584.0000 (5089df8a) < i_fpu_b = 159905218560.0000 (5214ec60) = o_comp_less (1) | Expected (1)
[PASS] i_fpu_a = 39314976768.0000 (511275af) < i_fpu_b = 91578130432.0000 (51aa93db) = o_comp_less (1) | Expected (1)
[PASS] i_fpu_a = 42601410560.0000 (511eb3df) < i_fpu_b = 212268892160.0000 (5245b0d9) = o_comp_less (1) | Expected (1)
[PASS] i_fpu_a = 21712408576.0000 (50a1c522) < i_fpu_b = 161390919680.0000 (52164e98) = o_comp_less (1) | Expected (1)
[PASS] i_fpu_a = -485063360.0000 (cde74bd6) < i_fpu_b = 161115766784.0000 (52160cfe) = o_comp_less (1) | Expected (1)
[PASS] i_fpu_a = 24691795968.0000 (50b7f7dd) < i_fpu_b = -3401966848.0000 (cf4ac5e5) = o_comp_less (0) | Expected (0)
[PASS] i_fpu_a = 18016745472.0000 (50863c37) < i_fpu_b = 48078069760.0000 (51331ad2) = o_comp_less (1) | Expected (1)
[PASS] i_fpu_a = 40927457280.0000 (51187777) < i_fpu_b = 46510632960.0000 (512d43ff) = o_comp_less (1) | Expected (1)
[PASS] i_fpu_a = 49971384320.0000 (513a286d) < i_fpu_b = 85849489408.0000 (519fe83a) = o_comp_less (1) | Expected (1)
[PASS] i_fpu_a = 3821277952.0000 (4f63c413) < i_fpu_b = 107064057856.0000 (51c76c1f) = o_comp_less (1) | Expected (1)
[PASS] i_fpu_a = 25823930368.0000 (50c0673d) < i_fpu_b = 129712455680.0000 (51f19bb8) = o_comp_less (1) | Expected (1)
[PASS] i_fpu_a = 1706037888.0000 (4ecb6025) < i_fpu_b = 98557755392.0000 (51b79400) = o_comp_less (1) | Expected (1)
[PASS] i_fpu_a = 21162788864.0000 (509dacd1) < i_fpu_b = 58912518144.0000 (515b775b) = o_comp_less (1) | Expected (1)
[PASS] i_fpu_a = 47986524160.0000 (5132c384) < i_fpu_b = -12299136000.0000 (d037457b) = o_comp_less (0) | Expected (0)
[PASS] i_fpu_a = 16407180288.0000 (50747c6d) < i_fpu_b = 210683936768.0000 (524436f7) = o_comp_less (1) | Expected (1)
[PASS] i_fpu_a = 14745718784.0000 (505bba74) < i_fpu_b = 216780587008.0000 (5249e485) = o_comp_less (1) | Expected (1)
[PASS] i_fpu_a = 14005269504.0000 (5050b1dd) < i_fpu_b = 32019001344.0000 (50ee8f66) = o_comp_less (1) | Expected (1)
[PASS] i_fpu_a = 12704685056.0000 (503d5087) < i_fpu_b = 71527456768.0000 (51853af3) = o_comp_less (1) | Expected (1)
[PASS] i_fpu_a = 17368465408.0000 (508167b8) < i_fpu_b = 81023442944.0000 (5196eafd) = o_comp_less (1) | Expected (1)
[PASS] i_fpu_a = 17750833152.0000 (50844107) < i_fpu_b = 30751787008.0000 (50e51e61) = o_comp_less (1) | Expected (1)
[PASS] i_fpu_a = 5112845824.0000 (4f985feb) < i_fpu_b = 91099291648.0000 (51a9af87) = o_comp_less (1) | Expected (1)
[PASS] i_fpu_a = 22460934144.0000 (50a758d5) < i_fpu_b = 73875578880.0000 (51899a9f) = o_comp_less (1) | Expected (1)
[PASS] i_fpu_a = 40740937728.0000 (5117c596) < i_fpu_b = 172407865344.0000 (5220913d) = o_comp_less (1) | Expected (1)
[PASS] i_fpu_a = 24651286528.0000 (50b7aa99) < i_fpu_b = 108720611328.0000 (51ca8207) = o_comp_less (1) | Expected (1)
[PASS] i_fpu_a = 29985345536.0000 (50df6882) < i_fpu_b = 172139102208.0000 (52205129) = o_comp_less (1) | Expected (1)
[PASS] i_fpu_a = 29355139072.0000 (50dab67c) < i_fpu_b = 142005108736.0000 (520440a8) = o_comp_less (1) | Expected (1)
[PASS] i_fpu_a = 28629696512.0000 (50d54ed0) < i_fpu_b = 189145841664.0000 (523027e2) = o_comp_less (1) | Expected (1)
[PASS] i_fpu_a = 38691323904.0000 (511022ec) < i_fpu_b = 11724182528.0000 (502eb435) = o_comp_less (0) | Expected (0)
[PASS] i_fpu_a = 3865348352.0000 (4f666489) < i_fpu_b = 196490919936.0000 (5236ff16) = o_comp_less (1) | Expected (1)
[PASS] i_fpu_a = 41257594880.0000 (5119b24f) < i_fpu_b = 188744318976.0000 (522fc827) = o_comp_less (1) | Expected (1)
[PASS] i_fpu_a = 42660020224.0000 (511eebc4) < i_fpu_b = 181854863360.0000 (52295d94) = o_comp_less (1) | Expected (1)
[PASS] i_fpu_a = 32427673600.0000 (50f19ae1) < i_fpu_b = 106460356608.0000 (51c64c41) = o_comp_less (1) | Expected (1)
[PASS] i_fpu_a = -419636128.0000 (cdc8191d) < i_fpu_b = 179393495040.0000 (522712be) = o_comp_less (1) | Expected (1)
[PASS] i_fpu_a = -338732160.0000 (cda18524) < i_fpu_b = 101520072704.0000 (51bd188b) = o_comp_less (1) | Expected (1)
[PASS] i_fpu_a = 1511428224.0000 (4eb42d21) < i_fpu_b = 46380777472.0000 (512cc828) = o_comp_less (1) | Expected (1)
[PASS] i_fpu_a = 17194362880.0000 (50801ba5) < i_fpu_b = 180231307264.0000 (5227da7e) = o_comp_less (1) | Expected (1)
[PASS] i_fpu_a = 3246047488.0000 (4f417ac1) < i_fpu_b = -7465869824.0000 (cfde8011) = o_comp_less (0) | Expected (0)
[PASS] i_fpu_a = 33820862464.0000 (50fbfc2d) < i_fpu_b = 165794922496.0000 (521a6897) = o_comp_less (1) | Expected (1)
[PASS] i_fpu_a = 8354826752.0000 (4ff8fe45) < i_fpu_b = 88042225664.0000 (51a3fdce) = o_comp_less (1) | Expected (1)
[PASS] i_fpu_a = 13844201472.0000 (504e4b70) < i_fpu_b = 54418927616.0000 (514ab9ef) = o_comp_less (1) | Expected (1)
[PASS] i_fpu_a = 7028557824.0000 (4fd177a4) < i_fpu_b = -2495087360.0000 (cf14b803) = o_comp_less (0) | Expected (0)
[PASS] i_fpu_a = 20165799936.0000 (50963f36) < i_fpu_b = 216207507456.0000 (52495be3) = o_comp_less (1) | Expected (1)
[PASS] i_fpu_a = 37628506112.0000 (510c2d57) < i_fpu_b = 4451800576.0000 (4f84ac8b) = o_comp_less (0) | Expected (0)
[PASS] i_fpu_a = 18773868544.0000 (508be050) < i_fpu_b = 220707602432.0000 (524d8ccb) = o_comp_less (1) | Expected (1)
[PASS] i_fpu_a = 24312975360.0000 (50b52552) < i_fpu_b = 178743721984.0000 (522677d3) = o_comp_less (1) | Expected (1)
[PASS] i_fpu_a = 26769577984.0000 (50c772eb) < i_fpu_b = 84828807168.0000 (519e0187) = o_comp_less (1) | Expected (1)
[PASS] i_fpu_a = 49113886720.0000 (5136f6a7) < i_fpu_b = 18903336960.0000 (508cd741) = o_comp_less (0) | Expected (0)
[PASS] i_fpu_a = 35915747328.0000 (5105cbed) < i_fpu_b = -6143453184.0000 (cfb716d4) = o_comp_less (0) | Expected (0)
[PASS] i_fpu_a = 12676787200.0000 (503ce61b) < i_fpu_b = -21510903808.0000 (d0a044cb) = o_comp_less (0) | Expected (0)
[PASS] i_fpu_a = 9665282048.0000 (50100620) < i_fpu_b = 162808479744.0000 (5217a091) = o_comp_less (1) | Expected (1)
[PASS] i_fpu_a = 26073088000.0000 (50c24278) < i_fpu_b = 106802216960.0000 (51c6ef44) = o_comp_less (1) | Expected (1)
[PASS] i_fpu_a = 4281704448.0000 (4f7f35a0) < i_fpu_b = 113706295296.0000 (51d3cb63) = o_comp_less (1) | Expected (1)
[PASS] i_fpu_a = 17374461952.0000 (50817328) < i_fpu_b = 158780080128.0000 (5213e01f) = o_comp_less (1) | Expected (1)
[PASS] i_fpu_a = 35821846528.0000 (51057260) < i_fpu_b = 162262106112.0000 (52171e4d) = o_comp_less (1) | Expected (1)
[PASS] i_fpu_a = 7423350784.0000 (4fdd3bac) < i_fpu_b = -18740613120.0000 (d08ba0e2) = o_comp_less (0) | Expected (0)
[PASS] i_fpu_a = 15892532224.0000 (506cd133) < i_fpu_b = 18375874560.0000 (5088e933) = o_comp_less (1) | Expected (1)
[PASS] i_fpu_a = 15882883072.0000 (506cac64) < i_fpu_b = 182784294912.0000 (522a3b2c) = o_comp_less (1) | Expected (1)
[PASS] i_fpu_a = 36608139264.0000 (5108603e) < i_fpu_b = 171986485248.0000 (52202cc6) = o_comp_less (1) | Expected (1)
[PASS] i_fpu_a = -1384864896.0000 (cea516b9) < i_fpu_b = 19838914560.0000 (5093cfba) = o_comp_less (1) | Expected (1)
[PASS] i_fpu_a = 9333073920.0000 (500b12da) < i_fpu_b = 112493813760.0000 (51d1893b) = o_comp_less (1) | Expected (1)
[PASS] i_fpu_a = 3947401984.0000 (4f6b4893) < i_fpu_b = 161674772480.0000 (52169245) = o_comp_less (1) | Expected (1)
[PASS] i_fpu_a = 12278556672.0000 (5036f6fa) < i_fpu_b = 32545433600.0000 (50f27b7d) = o_comp_less (1) | Expected (1)
[PASS] i_fpu_a = 42023993344.0000 (511c8d34) < i_fpu_b = 94900510720.0000 (51b0c417) = o_comp_less (1) | Expected (1)
[PASS] i_fpu_a = 34362851328.0000 (510002f8) < i_fpu_b = -15537945600.0000 (d067888f) = o_comp_less (0) | Expected (0)
[PASS] i_fpu_a = 8306092032.0000 (4ff78a74) < i_fpu_b = 144607707136.0000 (5206ad2a) = o_comp_less (1) | Expected (1)
[PASS] i_fpu_a = 38566371328.0000 (510fabc2) < i_fpu_b = 14733204480.0000 (505b8ab7) = o_comp_less (0) | Expected (0)
[PASS] i_fpu_a = 16390230016.0000 (50743bc4) < i_fpu_b = 83961864192.0000 (519c6423) = o_comp_less (1) | Expected (1)
[PASS] i_fpu_a = 47921680384.0000 (513285ad) < i_fpu_b = 22306088960.0000 (50a6317d) = o_comp_less (0) | Expected (0)
[PASS] i_fpu_a = 43035193344.0000 (5120518f) < i_fpu_b = 181660631040.0000 (52292f45) = o_comp_less (1) | Expected (1)
[PASS] i_fpu_a = 14869124096.0000 (505d9135) < i_fpu_b = 159218696192.0000 (521448b2) = o_comp_less (1) | Expected (1)
[PASS] i_fpu_a = 39160512512.0000 (5111e260) < i_fpu_b = 42422915072.0000 (511e09a5) = o_comp_less (1) | Expected (1)
[PASS] i_fpu_a = 44849438720.0000 (512713c2) < i_fpu_b = 145635082240.0000 (5207a21c) = o_comp_less (1) | Expected (1)
[PASS] i_fpu_a = 18302291968.0000 (50885cda) < i_fpu_b = 67740409856.0000 (517c5a4a) = o_comp_less (1) | Expected (1)
[PASS] i_fpu_a = 37133836288.0000 (510a5596) < i_fpu_b = 127166644224.0000 (51ecddc8) = o_comp_less (1) | Expected (1)
[PASS] i_fpu_a = 41705033728.0000 (511b5d05) < i_fpu_b = 204776161280.0000 (523eb671) = o_comp_less (1) | Expected (1)
[PASS] i_fpu_a = 23619196928.0000 (50affa0b) < i_fpu_b = 146340675584.0000 (52084a56) = o_comp_less (1) | Expected (1)
[PASS] i_fpu_a = 8762547200.0000 (50029277) < i_fpu_b = 92706979840.0000 (51acae22) = o_comp_less (1) | Expected (1)
[PASS] i_fpu_a = 48648953856.0000 (51353b42) < i_fpu_b = -5426155520.0000 (cfa1b648) = o_comp_less (0) | Expected (0)
[PASS] i_fpu_a = 48211496960.0000 (51339a11) < i_fpu_b = 112411852800.0000 (51d16226) = o_comp_less (1) | Expected (1)
[PASS] i_fpu_a = 20346644480.0000 (50979825) < i_fpu_b = 102174236672.0000 (51be5079) = o_comp_less (1) | Expected (1)
[PASS] i_fpu_a = 43779178496.0000 (51231714) < i_fpu_b = 92801916928.0000 (51acdb67) = o_comp_less (1) | Expected (1)
[PASS] i_fpu_a = 18029080576.0000 (508653be) < i_fpu_b = 121976479744.0000 (51e332eb) = o_comp_less (1) | Expected (1)
[PASS] i_fpu_a = 5531462656.0000 (4fa4d9b6) < i_fpu_b = 99222642688.0000 (51b8d10b) = o_comp_less (1) | Expected (1)
[PASS] i_fpu_a = 2490876928.0000 (4f1477c4) < i_fpu_b = 195503357952.0000 (523613a2) = o_comp_less (1) | Expected (1)
[PASS] i_fpu_a = 20953479168.0000 (509c1d97) < i_fpu_b = 118247923712.0000 (51dc4101) = o_comp_less (1) | Expected (1)
[PASS] i_fpu_a = 47097524224.0000 (512f73b3) < i_fpu_b = 71813136384.0000 (5185c32c) = o_comp_less (1) | Expected (1)
[PASS] i_fpu_a = 40512798720.0000 (5116ec04) < i_fpu_b = 113908531200.0000 (51d42bd2) = o_comp_less (1) | Expected (1)
[PASS] i_fpu_a = 626773312.0000 (4e156f35) < i_fpu_b = -4904710656.0000 (cf922bf9) = o_comp_less (0) | Expected (0)
[PASS] i_fpu_a = 26777733120.0000 (50c78279) < i_fpu_b = -4342155776.0000 (cf816805) = o_comp_less (0) | Expected (0)
[PASS] i_fpu_a = 23883042816.0000 (50b1f14a) < i_fpu_b = 147091521536.0000 (5208fd5a) = o_comp_less (1) | Expected (1)
[PASS] i_fpu_a = 38214651904.0000 (510e5c55) < i_fpu_b = -6994297856.0000 (cfd07242) = o_comp_less (0) | Expected (0)
[PASS] i_fpu_a = 26350161920.0000 (50c452f2) < i_fpu_b = 51084062720.0000 (513e4d8f) = o_comp_less (1) | Expected (1)
[PASS] i_fpu_a = 19042947072.0000 (508de18a) < i_fpu_b = 152397545472.0000 (520dee68) = o_comp_less (1) | Expected (1)
[PASS] i_fpu_a = 47284965376.0000 (51302675) < i_fpu_b = 211693502464.0000 (524527aa) = o_comp_less (1) | Expected (1)
[PASS] i_fpu_a = 30704965632.0000 (50e4c513) < i_fpu_b = 3104944896.0000 (4f3911b3) = o_comp_less (0) | Expected (0)
[PASS] i_fpu_a = 45591048192.0000 (5129d703) < i_fpu_b = 102641893376.0000 (51bf2f78) = o_comp_less (1) | Expected (1)
[PASS] i_fpu_a = 11387471872.0000 (5029afc2) < i_fpu_b = 82587238400.0000 (5199d4aa) = o_comp_less (1) | Expected (1)
[PASS] i_fpu_a = 47976124416.0000 (5132b999) < i_fpu_b = 88836300800.0000 (51a57873) = o_comp_less (1) | Expected (1)
[PASS] i_fpu_a = 11202973696.0000 (5026eff4) < i_fpu_b = 192824197120.0000 (523394df) = o_comp_less (1) | Expected (1)
[PASS] i_fpu_a = 20828669952.0000 (509b2f89) < i_fpu_b = 48191746048.0000 (5133873b) = o_comp_less (1) | Expected (1)
[PASS] i_fpu_a = 40410349568.0000 (51168a50) < i_fpu_b = 179018219520.0000 (5226b945) = o_comp_less (1) | Expected (1)
[PASS] i_fpu_a = 23530094592.0000 (50af5018) < i_fpu_b = -16007597056.0000 (d06e8823) = o_comp_less (0) | Expected (0)
[PASS] i_fpu_a = 5621911040.0000 (4fa78bc7) < i_fpu_b = 169153134592.0000 (521d8940) = o_comp_less (1) | Expected (1)
[PASS] i_fpu_a = 44852260864.0000 (51271673) < i_fpu_b = 42057424896.0000 (511cad16) = o_comp_less (0) | Expected (0)
[PASS] i_fpu_a = 6896320000.0000 (4fcd86bf) < i_fpu_b = 58321264640.0000 (5159437e) = o_comp_less (1) | Expected (1)
[PASS] i_fpu_a = 24084000768.0000 (50b37096) < i_fpu_b = 8921647104.0000 (5004f162) = o_comp_less (0) | Expected (0)
[PASS] i_fpu_a = 39073443840.0000 (51118f57) < i_fpu_b = 3544369152.0000 (4f5342c8) = o_comp_less (0) | Expected (0)
[PASS] i_fpu_a = 33024020480.0000 (50f60c52) < i_fpu_b = 68330606592.0000 (517e8d25) = o_comp_less (1) | Expected (1)
[PASS] i_fpu_a = 4205722112.0000 (4f7aae3a) < i_fpu_b = -17349324800.0000 (d0814336) = o_comp_less (0) | Expected (0)
[PASS] i_fpu_a = 27966109696.0000 (50d05d1f) < i_fpu_b = 165733433344.0000 (521a59ee) = o_comp_less (1) | Expected (1)
[PASS] i_fpu_a = 43386933248.0000 (5121a101) < i_fpu_b = 100201357312.0000 (51baa3bb) = o_comp_less (1) | Expected (1)
[PASS] i_fpu_a = 21672736768.0000 (50a17977) < i_fpu_b = 72460746752.0000 (5186f7fa) = o_comp_less (1) | Expected (1)
[PASS] i_fpu_a = 47217336320.0000 (512fe5f6) < i_fpu_b = 206053949440.0000 (523fe717) = o_comp_less (1) | Expected (1)
[PASS] i_fpu_a = 464345248.0000 (4ddd6ac5) < i_fpu_b = 99015090176.0000 (51b86e13) = o_comp_less (1) | Expected (1)
[PASS] i_fpu_a = 32162623488.0000 (50efa156) < i_fpu_b = 76073533440.0000 (518db2b0) = o_comp_less (1) | Expected (1)
[PASS] i_fpu_a = 29367965696.0000 (50dacef3) < i_fpu_b = 71483416576.0000 (518525f3) = o_comp_less (1) | Expected (1)
[PASS] i_fpu_a = 31666366464.0000 (50ebeecd) < i_fpu_b = 185881247744.0000 (522d1d8b) = o_comp_less (1) | Expected (1)
[PASS] i_fpu_a = 34672214016.0000 (51012a00) < i_fpu_b = 185707397120.0000 (522cf418) = o_comp_less (1) | Expected (1)
[PASS] i_fpu_a = 46331981824.0000 (512c999f) < i_fpu_b = 170451501056.0000 (521ebece) = o_comp_less (1) | Expected (1)
[PASS] i_fpu_a = 37057814528.0000 (510a0d16) < i_fpu_b = 4464831488.0000 (4f850ff6) = o_comp_less (0) | Expected (0)
[PASS] i_fpu_a = 34731618304.0000 (510162a7) < i_fpu_b = 134428844032.0000 (51fa64ab) = o_comp_less (1) | Expected (1)
[PASS] i_fpu_a = 1847839616.0000 (4edc4797) < i_fpu_b = 116050296832.0000 (51d82918) = o_comp_less (1) | Expected (1)
[PASS] i_fpu_a = 18506854400.0000 (5089e306) < i_fpu_b = 74409336832.0000 (518a9923) = o_comp_less (1) | Expected (1)
[PASS] i_fpu_a = 21431607296.0000 (509fad8c) < i_fpu_b = 197900779520.0000 (52384f39) = o_comp_less (1) | Expected (1)
[PASS] i_fpu_a = 24111521792.0000 (50b3a514) < i_fpu_b = 216802738176.0000 (5249e9cd) = o_comp_less (1) | Expected (1)
[PASS] i_fpu_a = 30904881152.0000 (50e64262) < i_fpu_b = 226431872.0000 (4d57f138) = o_comp_less (0) | Expected (0)
[PASS] i_fpu_a = 2071000832.0000 (4ef6e1ee) < i_fpu_b = 126368219136.0000 (51eb6110) = o_comp_less (1) | Expected (1)
[PASS] i_fpu_a = 8453078016.0000 (4ffbebde) < i_fpu_b = 84968513536.0000 (519e4425) = o_comp_less (1) | Expected (1)
[PASS] i_fpu_a = 2315672320.0000 (4f0a065b) < i_fpu_b = 24710408192.0000 (50b81b5d) = o_comp_less (1) | Expected (1)
[PASS] i_fpu_a = 6753465344.0000 (4fc944da) < i_fpu_b = 120228782080.0000 (51dff18d) = o_comp_less (1) | Expected (1)
[PASS] i_fpu_a = 5946155520.0000 (4fb13591) < i_fpu_b = 91216297984.0000 (51a9e752) = o_comp_less (1) | Expected (1)
[PASS] i_fpu_a = 37234348032.0000 (510ab571) < i_fpu_b = -14788855808.0000 (d05c5f02) = o_comp_less (0) | Expected (0)
[PASS] i_fpu_a = 3081557760.0000 (4f37acd7) < i_fpu_b = 61196779520.0000 (5163f9cc) = o_comp_less (1) | Expected (1)
[PASS] i_fpu_a = 20278265856.0000 (509715b9) < i_fpu_b = 205826359296.0000 (523fb0d4) = o_comp_less (1) | Expected (1)
[PASS] i_fpu_a = 39916789760.0000 (5114b39e) < i_fpu_b = 172951322624.0000 (522112cf) = o_comp_less (1) | Expected (1)
[PASS] i_fpu_a = 32720214016.0000 (50f3c8db) < i_fpu_b = 103123214336.0000 (51c014fb) = o_comp_less (1) | Expected (1)
[PASS] i_fpu_a = 47437647872.0000 (5130b811) < i_fpu_b = 202181935104.0000 (523c4bee) = o_comp_less (1) | Expected (1)
[PASS] i_fpu_a = 26066014208.0000 (50c234fa) < i_fpu_b = 18930784256.0000 (508d0b9b) = o_comp_less (0) | Expected (0)
[PASS] i_fpu_a = 43201306624.0000 (5120effa) < i_fpu_b = 125179666432.0000 (51e92a51) = o_comp_less (1) | Expected (1)
[PASS] i_fpu_a = 19359256576.0000 (50903cda) < i_fpu_b = 200151285760.0000 (523a67c9) = o_comp_less (1) | Expected (1)
[PASS] i_fpu_a = 44358561792.0000 (51253f9f) < i_fpu_b = 17178694656.0000 (507ffb85) = o_comp_less (0) | Expected (0)
[PASS] i_fpu_a = 44978819072.0000 (51278f25) < i_fpu_b = 137955196928.0000 (52007b15) = o_comp_less (1) | Expected (1)
[PASS] i_fpu_a = 42464522240.0000 (511e3153) < i_fpu_b = 53920903168.0000 (5148defb) = o_comp_less (1) | Expected (1)
[PASS] i_fpu_a = 48632119296.0000 (51352b34) < i_fpu_b = 24855494656.0000 (50b93018) = o_comp_less (0) | Expected (0)
[PASS] i_fpu_a = 23279857664.0000 (50ad72ce) < i_fpu_b = 208401465344.0000 (524216c8) = o_comp_less (1) | Expected (1)
[PASS] i_fpu_a = 20878532608.0000 (509b8ea4) < i_fpu_b = 219415134208.0000 (524c58a5) = o_comp_less (1) | Expected (1)
[PASS] i_fpu_a = 1007657216.0000 (4e703e84) < i_fpu_b = 84871053312.0000 (519e15ac) = o_comp_less (1) | Expected (1)
[PASS] i_fpu_a = 33870817280.0000 (50fc5b75) < i_fpu_b = 13136567296.0000 (5043c007) = o_comp_less (0) | Expected (0)
[PASS] i_fpu_a = 1069653632.0000 (4e7f067a) < i_fpu_b = 87833493504.0000 (51a39a46) = o_comp_less (1) | Expected (1)
[PASS] i_fpu_a = 37415251968.0000 (510b61f7) < i_fpu_b = 134125961216.0000 (51f9d43e) = o_comp_less (1) | Expected (1)
[PASS] i_fpu_a = 25742858240.0000 (50bfcc9b) < i_fpu_b = 126569414656.0000 (51ebc100) = o_comp_less (1) | Expected (1)
[PASS] i_fpu_a = 38472056832.0000 (510f51d0) < i_fpu_b = 219730116608.0000 (524ca3be) = o_comp_less (1) | Expected (1)
[PASS] i_fpu_a = 43865841664.0000 (512369ba) < i_fpu_b = -21559160832.0000 (d0a0a0d6) = o_comp_less (0) | Expected (0)
[PASS] i_fpu_a = 31863404544.0000 (50ed669f) < i_fpu_b = 151854071808.0000 (520d6cd5) = o_comp_less (1) | Expected (1)
[PASS] i_fpu_a = 20731312128.0000 (509a75d7) < i_fpu_b = 159070437376.0000 (52142559) = o_comp_less (1) | Expected (1)
[PASS] i_fpu_a = 4002312448.0000 (4f6e8e71) < i_fpu_b = 6291767808.0000 (4fbb8261) = o_comp_less (1) | Expected (1)
[PASS] i_fpu_a = 4057414400.0000 (4f71d73b) < i_fpu_b = 196253401088.0000 (5236c675) = o_comp_less (1) | Expected (1)
[PASS] i_fpu_a = 26210711552.0000 (50c348f7) < i_fpu_b = 130615525376.0000 (51f34a56) = o_comp_less (1) | Expected (1)
[PASS] i_fpu_a = 4139984896.0000 (4f76c328) < i_fpu_b = 200822226944.0000 (523b07c0) = o_comp_less (1) | Expected (1)
[PASS] i_fpu_a = 37205843968.0000 (510a9a42) < i_fpu_b = 13510752256.0000 (5049536e) = o_comp_less (0) | Expected (0)
[PASS] i_fpu_a = 6591692288.0000 (4fc4729f) < i_fpu_b = 14719330304.0000 (505b55ca) = o_comp_less (1) | Expected (1)
[PASS] i_fpu_a = 49245413376.0000 (51377416) < i_fpu_b = 124133441536.0000 (51e73770) = o_comp_less (1) | Expected (1)
[PASS] i_fpu_a = 8035707904.0000 (4fef7b96) < i_fpu_b = 64179478528.0000 (516f1652) = o_comp_less (1) | Expected (1)
[FAIL] i_fpu_a = -439698144.0000 (cdd1aa17) < i_fpu_b = -18963116032.0000 (d08d4946) = o_comp_less (1) | Expected (0)
[PASS] i_fpu_a = 42579394560.0000 (511e9ee0) < i_fpu_b = -345777408.0000 (cda4e128) = o_comp_less (0) | Expected (0)
[PASS] i_fpu_a = 41363558400.0000 (511a175d) < i_fpu_b = 66807926784.0000 (5178e101) = o_comp_less (1) | Expected (1)
[PASS] i_fpu_a = 44585521152.0000 (51261811) < i_fpu_b = 44801343488.0000 (5126e5e4) = o_comp_less (1) | Expected (1)
[PASS] i_fpu_a = 29378455552.0000 (50dae2f5) < i_fpu_b = 171777638400.0000 (521ffafb) = o_comp_less (1) | Expected (1)
[FAIL] i_fpu_a = -868328832.0000 (ce4f0696) < i_fpu_b = -16510092288.0000 (d0760501) = o_comp_less (1) | Expected (0)
[PASS] i_fpu_a = 7689772544.0000 (4fe52c4f) < i_fpu_b = 33521891328.0000 (50f9c1ef) = o_comp_less (1) | Expected (1)
[PASS] i_fpu_a = 15594461184.0000 (50686026) < i_fpu_b = 130485305344.0000 (51f30c3e) = o_comp_less (1) | Expected (1)
[PASS] i_fpu_a = 31537182720.0000 (50eaf867) < i_fpu_b = 117045174272.0000 (51da037d) = o_comp_less (1) | Expected (1)
[PASS] i_fpu_a = 32522850304.0000 (50f2506a) < i_fpu_b = 142633598976.0000 (5204d680) = o_comp_less (1) | Expected (1)
[PASS] i_fpu_a = 35093852160.0000 (5102bc1b) < i_fpu_b = 175375892480.0000 (522354df) = o_comp_less (1) | Expected (1)
[PASS] i_fpu_a = 36727492608.0000 (5108d211) < i_fpu_b = 80028033024.0000 (51951057) = o_comp_less (1) | Expected (1)
[PASS] i_fpu_a = 8349195264.0000 (4ff8d34e) < i_fpu_b = 77718962176.0000 (5190c34a) = o_comp_less (1) | Expected (1)
[PASS] i_fpu_a = 23355736064.0000 (50ae0388) < i_fpu_b = -15132145664.0000 (d0617c8e) = o_comp_less (0) | Expected (0)
[PASS] i_fpu_a = 6656026624.0000 (4fc65d74) < i_fpu_b = -14547933184.0000 (d058c7f6) = o_comp_less (0) | Expected (0)
[PASS] i_fpu_a = 5617132032.0000 (4fa76751) < i_fpu_b = 51539021824.0000 (513fff71) = o_comp_less (1) | Expected (1)
[PASS] i_fpu_a = 29492461568.0000 (50dbbc68) < i_fpu_b = 32480929792.0000 (50f20075) = o_comp_less (1) | Expected (1)
[PASS] i_fpu_a = 31540232192.0000 (50eafe38) < i_fpu_b = 163676422144.0000 (52186f80) = o_comp_less (1) | Expected (1)
[PASS] i_fpu_a = 21618614272.0000 (50a1123c) < i_fpu_b = 106278158336.0000 (51c5f560) = o_comp_less (1) | Expected (1)
[PASS] i_fpu_a = 26754220032.0000 (50c755a0) < i_fpu_b = 30387566592.0000 (50e267af) = o_comp_less (1) | Expected (1)
[PASS] i_fpu_a = 30681853952.0000 (50e498fe) < i_fpu_b = 95062835200.0000 (51b1117e) = o_comp_less (1) | Expected (1)
[PASS] i_fpu_a = 31845990400.0000 (50ed4568) < i_fpu_b = 74017742848.0000 (5189de69) = o_comp_less (1) | Expected (1)
[PASS] i_fpu_a = 4453506560.0000 (4f84b98f) < i_fpu_b = 167979515904.0000 (521c7170) = o_comp_less (1) | Expected (1)
[PASS] i_fpu_a = 46047432704.0000 (512b8a41) < i_fpu_b = -20722278400.0000 (d09a649c) = o_comp_less (0) | Expected (0)
[PASS] i_fpu_a = 5971408896.0000 (4fb1f63c) < i_fpu_b = 63836868608.0000 (516dcf95) = o_comp_less (1) | Expected (1)
[PASS] i_fpu_a = 24729626624.0000 (50b84005) < i_fpu_b = 190122967040.0000 (523110d9) = o_comp_less (1) | Expected (1)
[PASS] i_fpu_a = 30465712128.0000 (50e2fcbc) < i_fpu_b = 113741422592.0000 (51d3dc23) = o_comp_less (1) | Expected (1)
[PASS] i_fpu_a = -1120921600.0000 (ce859fd0) < i_fpu_b = 216424103936.0000 (52498f87) = o_comp_less (1) | Expected (1)
[PASS] i_fpu_a = 8611155968.0000 (500050f4) < i_fpu_b = 122909638656.0000 (51e4efe2) = o_comp_less (1) | Expected (1)
[PASS] i_fpu_a = 20615725056.0000 (50999960) < i_fpu_b = 27417374720.0000 (50cc467e) = o_comp_less (1) | Expected (1)
[PASS] i_fpu_a = 270780448.0000 (4d811e41) < i_fpu_b = 79468691456.0000 (519405a0) = o_comp_less (1) | Expected (1)
[PASS] i_fpu_a = 6620805632.0000 (4fc550bd) < i_fpu_b = 39707934720.0000 (5113ec70) = o_comp_less (1) | Expected (1)
[PASS] i_fpu_a = 9927255040.0000 (5013ed79) < i_fpu_b = 129832624128.0000 (51f1d505) = o_comp_less (1) | Expected (1)
[PASS] i_fpu_a = 30383347712.0000 (50e25fa3) < i_fpu_b = 47936327680.0000 (513293a5) = o_comp_less (1) | Expected (1)
[PASS] i_fpu_a = 29058549760.0000 (50d880c9) < i_fpu_b = 5057572352.0000 (4f96ba37) = o_comp_less (0) | Expected (0)
[PASS] i_fpu_a = 982164608.0000 (4e6a2a92) < i_fpu_b = 143010267136.0000 (5205304e) = o_comp_less (1) | Expected (1)
[PASS] i_fpu_a = 18381506560.0000 (5088f3f1) < i_fpu_b = 28984850432.0000 (50d7f437) = o_comp_less (1) | Expected (1)
[PASS] i_fpu_a = 47142559744.0000 (512f9ea6) < i_fpu_b = 66083852288.0000 (51762e79) = o_comp_less (1) | Expected (1)
[PASS] i_fpu_a = 35658141696.0000 (5104d641) < i_fpu_b = -5428530688.0000 (cfa1c867) = o_comp_less (0) | Expected (0)
[PASS] i_fpu_a = 10297289728.0000 (5019710b) < i_fpu_b = 72366571520.0000 (5186cb12) = o_comp_less (1) | Expected (1)
[PASS] i_fpu_a = 46897381376.0000 (512eb4d4) < i_fpu_b = 201764667392.0000 (523be872) = o_comp_less (1) | Expected (1)
[PASS] i_fpu_a = 30093539328.0000 (50e036df) < i_fpu_b = 120158699520.0000 (51dfd022) = o_comp_less (1) | Expected (1)
[PASS] i_fpu_a = 46195527680.0000 (512c177d) < i_fpu_b = 176397828096.0000 (52244885) = o_comp_less (1) | Expected (1)
[PASS] i_fpu_a = 2271310080.0000 (4f076171) < i_fpu_b = 80164151296.0000 (5195513f) = o_comp_less (1) | Expected (1)
[PASS] i_fpu_a = 467611936.0000 (4ddef989) < i_fpu_b = 208229466112.0000 (5241edc6) = o_comp_less (1) | Expected (1)
[PASS] i_fpu_a = 2301213184.0000 (4f0929ba) < i_fpu_b = 151547658240.0000 (520d23c7) = o_comp_less (1) | Expected (1)
[PASS] i_fpu_a = 10863671296.0000 (5021e19e) < i_fpu_b = -17511936000.0000 (d082795e) = o_comp_less (0) | Expected (0)
[PASS] i_fpu_a = 24251303936.0000 (50b4afb1) < i_fpu_b = 67245277184.0000 (517a8218) = o_comp_less (1) | Expected (1)
[PASS] i_fpu_a = 46154907648.0000 (512bf0c0) < i_fpu_b = 85112053760.0000 (519e8897) = o_comp_less (1) | Expected (1)
[PASS] i_fpu_a = -259759920.0000 (cd77b9f3) < i_fpu_b = 208327344128.0000 (5242051c) = o_comp_less (1) | Expected (1)
[PASS] i_fpu_a = 27654682624.0000 (50ce0b1f) < i_fpu_b = 94458265600.0000 (51aff136) = o_comp_less (1) | Expected (1)
[PASS] i_fpu_a = 21094117376.0000 (509d29d6) < i_fpu_b = 172669059072.0000 (5220cf83) = o_comp_less (1) | Expected (1)
[PASS] i_fpu_a = 10453395456.0000 (501bc48a) < i_fpu_b = 196003971072.0000 (52368afd) = o_comp_less (1) | Expected (1)
[PASS] i_fpu_a = 35073613824.0000 (5102a8ce) < i_fpu_b = 166178750464.0000 (521ac41a) = o_comp_less (1) | Expected (1)
[PASS] i_fpu_a = 47650562048.0000 (5131831e) < i_fpu_b = 51362959360.0000 (513f5789) = o_comp_less (1) | Expected (1)
[PASS] i_fpu_a = 42136141824.0000 (511cf828) < i_fpu_b = 139927486464.0000 (52025150) = o_comp_less (1) | Expected (1)
[PASS] i_fpu_a = 35452657664.0000 (5104124a) < i_fpu_b = 182051733504.0000 (52298c84) = o_comp_less (1) | Expected (1)
[PASS] i_fpu_a = 49253343232.0000 (51377ba6) < i_fpu_b = -159318976.0000 (cd17f03c) = o_comp_less (0) | Expected (0)
[PASS] i_fpu_a = 2805758976.0000 (4f273c7c) < i_fpu_b = -20974045184.0000 (d09c44d1) = o_comp_less (0) | Expected (0)
[PASS] i_fpu_a = 9006026752.0000 (50063344) < i_fpu_b = 7635127296.0000 (4fe38b66) = o_comp_less (0) | Expected (0)
[PASS] i_fpu_a = -813404416.0000 (ce41ee44) < i_fpu_b = 13252011008.0000 (50457869) = o_comp_less (1) | Expected (1)
[PASS] i_fpu_a = 12158298112.0000 (50352c3a) < i_fpu_b = -13631304704.0000 (d04b1f4d) = o_comp_less (0) | Expected (0)
[PASS] i_fpu_a = 35375792128.0000 (5103c8fc) < i_fpu_b = 18023098368.0000 (50864855) = o_comp_less (0) | Expected (0)
[PASS] i_fpu_a = 14515410944.0000 (50584be6) < i_fpu_b = 212801470464.0000 (52462fd3) = o_comp_less (1) | Expected (1)
[PASS] i_fpu_a = 16685847552.0000 (5078a375) < i_fpu_b = 183192633344.0000 (522a9c87) = o_comp_less (1) | Expected (1)
[PASS] i_fpu_a = 39063089152.0000 (51118577) < i_fpu_b = 175955296256.0000 (5223df03) = o_comp_less (1) | Expected (1)
[PASS] i_fpu_a = 39695466496.0000 (5113e08c) < i_fpu_b = 23868254208.0000 (50b1d515) = o_comp_less (0) | Expected (0)
[PASS] i_fpu_a = 10706362368.0000 (501f8988) < i_fpu_b = 72103821312.0000 (51864dc8) = o_comp_less (1) | Expected (1)
[PASS] i_fpu_a = 42043641856.0000 (511c9ff1) < i_fpu_b = 192792166400.0000 (52338d3c) = o_comp_less (1) | Expected (1)
[PASS] i_fpu_a = 26384160768.0000 (50c493cb) < i_fpu_b = 90567933952.0000 (51a8b228) = o_comp_less (1) | Expected (1)
[PASS] i_fpu_a = 22683727872.0000 (50a901c7) < i_fpu_b = 100053770240.0000 (51ba5d5b) = o_comp_less (1) | Expected (1)
[PASS] i_fpu_a = 6711110656.0000 (4fc801b6) < i_fpu_b = 11798397952.0000 (502fcf51) = o_comp_less (1) | Expected (1)
[PASS] i_fpu_a = 41055453184.0000 (5118f188) < i_fpu_b = 154763558912.0000 (52102282) = o_comp_less (1) | Expected (1)
[PASS] i_fpu_a = 36884357120.0000 (510967aa) < i_fpu_b = 215991140352.0000 (5249284d) = o_comp_less (1) | Expected (1)
[PASS] i_fpu_a = 21913053184.0000 (50a343d5) < i_fpu_b = 15005569024.0000 (505f99b4) = o_comp_less (0) | Expected (0)
[PASS] i_fpu_a = 32663640064.0000 (50f35cf3) < i_fpu_b = 6425630208.0000 (4fbf7fab) = o_comp_less (0) | Expected (0)
[PASS] i_fpu_a = 39107497984.0000 (5111afd1) < i_fpu_b = 147740409856.0000 (5209980f) = o_comp_less (1) | Expected (1)
[PASS] i_fpu_a = 30490374144.0000 (50e32bc6) < i_fpu_b = 92484132864.0000 (51ac43df) = o_comp_less (1) | Expected (1)
[PASS] i_fpu_a = 38178197504.0000 (510e3991) < i_fpu_b = 18030882816.0000 (5086572e) = o_comp_less (0) | Expected (0)
[PASS] i_fpu_a = 24973916160.0000 (50ba11f7) < i_fpu_b = 132165107712.0000 (51f62d3c) = o_comp_less (1) | Expected (1)
[PASS] i_fpu_a = 22111305728.0000 (50a4bdf8) < i_fpu_b = 16241324032.0000 (507203bc) = o_comp_less (0) | Expected (0)
[PASS] i_fpu_a = 13554973696.0000 (5049fc1f) < i_fpu_b = 166994427904.0000 (521b8693) = o_comp_less (1) | Expected (1)
[PASS] i_fpu_a = 3564563968.0000 (4f5476ee) < i_fpu_b = -17923958784.0000 (d0858b3d) = o_comp_less (0) | Expected (0)
[PASS] i_fpu_a = 5519843328.0000 (4fa48110) < i_fpu_b = 52055777280.0000 (5141ec42) = o_comp_less (1) | Expected (1)
[PASS] i_fpu_a = 13078524928.0000 (5042e29d) < i_fpu_b = 132578181120.0000 (51f6f234) = o_comp_less (1) | Expected (1)
[PASS] i_fpu_a = 24998582272.0000 (50ba4103) < i_fpu_b = 138361421824.0000 (5200dbef) = o_comp_less (1) | Expected (1)
[PASS] i_fpu_a = 45357412352.0000 (5128f833) < i_fpu_b = 8894133248.0000 (5004886d) = o_comp_less (0) | Expected (0)
[PASS] i_fpu_a = 12978591744.0000 (50416566) < i_fpu_b = 107481669632.0000 (51c83341) = o_comp_less (1) | Expected (1)
[PASS] i_fpu_a = 22732697600.0000 (50a95f2e) < i_fpu_b = 104207056896.0000 (51c219cc) = o_comp_less (1) | Expected (1)
[PASS] i_fpu_a = 7735241216.0000 (4fe68735) < i_fpu_b = 163148677120.0000 (5217f1ad) = o_comp_less (1) | Expected (1)
[PASS] i_fpu_a = 13689833472.0000 (504bfe92) < i_fpu_b = 156492038144.0000 (5211be9c) = o_comp_less (1) | Expected (1)
[PASS] i_fpu_a = 26008264704.0000 (50c1c6d4) < i_fpu_b = -17509922816.0000 (d0827587) = o_comp_less (0) | Expected (0)
[PASS] i_fpu_a = 31580147712.0000 (50eb4a5a) < i_fpu_b = 161960368.0000 (4d1a751b) = o_comp_less (0) | Expected (0)
[PASS] i_fpu_a = 28192182272.0000 (50d20c52) < i_fpu_b = 194147368960.0000 (5234d057) = o_comp_less (1) | Expected (1)
[PASS] i_fpu_a = 39980830720.0000 (5114f0b1) < i_fpu_b = 165051940864.0000 (5219b773) = o_comp_less (1) | Expected (1)
[PASS] i_fpu_a = 2017983872.0000 (4ef08ffb) < i_fpu_b = 208857595904.0000 (52428388) = o_comp_less (1) | Expected (1)
[PASS] i_fpu_a = 35190063104.0000 (510317dc) < i_fpu_b = 6786792448.0000 (4fca431e) = o_comp_less (0) | Expected (0)
[PASS] i_fpu_a = 21027407872.0000 (509caa99) < i_fpu_b = 201493184512.0000 (523ba7b8) = o_comp_less (1) | Expected (1)
[PASS] i_fpu_a = 41227010048.0000 (51199524) < i_fpu_b = 157408935936.0000 (52129937) = o_comp_less (1) | Expected (1)
[PASS] i_fpu_a = 49355976704.0000 (5137dd87) < i_fpu_b = -5556025856.0000 (cfa5951d) = o_comp_less (0) | Expected (0)
[PASS] i_fpu_a = 39219576832.0000 (51121ab4) < i_fpu_b = 112106217472.0000 (51d0d069) = o_comp_less (1) | Expected (1)
[PASS] i_fpu_a = 18951127040.0000 (508d3268) < i_fpu_b = 196970708992.0000 (5237717a) = o_comp_less (1) | Expected (1)
[PASS] i_fpu_a = 19011514368.0000 (508da596) < i_fpu_b = 128364994560.0000 (51ef1933) = o_comp_less (1) | Expected (1)
[PASS] i_fpu_a = 39569756160.0000 (511368a9) < i_fpu_b = 208568614912.0000 (52423ea2) = o_comp_less (1) | Expected (1)
[PASS] i_fpu_a = 16795119616.0000 (507a444c) < i_fpu_b = 147352305664.0000 (52093b87) = o_comp_less (1) | Expected (1)
[PASS] i_fpu_a = 36000108544.0000 (51061c61) < i_fpu_b = 45244063744.0000 (51288c1a) = o_comp_less (1) | Expected (1)
[PASS] i_fpu_a = 47628300288.0000 (51316de3) < i_fpu_b = 34702168064.0000 (51014691) = o_comp_less (0) | Expected (0)
[PASS] i_fpu_a = 7869073920.0000 (4fea8445) < i_fpu_b = 162697265152.0000 (5217860d) = o_comp_less (1) | Expected (1)
[PASS] i_fpu_a = 49758543872.0000 (51395d72) < i_fpu_b = 213723152384.0000 (52470b92) = o_comp_less (1) | Expected (1)
[PASS] i_fpu_a = 21668087808.0000 (50a17099) < i_fpu_b = 186595115008.0000 (522dc7be) = o_comp_less (1) | Expected (1)
[PASS] i_fpu_a = 29959526400.0000 (50df3743) < i_fpu_b = 100301127680.0000 (51bad34e) = o_comp_less (1) | Expected (1)
[PASS] i_fpu_a = -514675616.0000 (cdf56a9d) < i_fpu_b = 214120857600.0000 (52476a64) = o_comp_less (1) | Expected (1)
[PASS] i_fpu_a = 44699320320.0000 (51268498) < i_fpu_b = 103841112064.0000 (51c16b4d) = o_comp_less (1) | Expected (1)
[PASS] i_fpu_a = 33802835968.0000 (50fbd9cb) < i_fpu_b = 27302948864.0000 (50cb6c3e) = o_comp_less (0) | Expected (0)
[PASS] i_fpu_a = 44174675968.0000 (51249041) < i_fpu_b = 20997636096.0000 (509c71d0) = o_comp_less (0) | Expected (0)
[PASS] i_fpu_a = 45920808960.0000 (512b117f) < i_fpu_b = 107573608448.0000 (51c85f18) = o_comp_less (1) | Expected (1)
[PASS] i_fpu_a = 13250919424.0000 (5045743f) < i_fpu_b = -14002320384.0000 (d050a69d) = o_comp_less (0) | Expected (0)
[PASS] i_fpu_a = 20656697344.0000 (5099e786) < i_fpu_b = 43774640128.0000 (512312c0) = o_comp_less (1) | Expected (1)
[PASS] i_fpu_a = 38838575104.0000 (5110af5a) < i_fpu_b = 158748131328.0000 (5213d881) = o_comp_less (1) | Expected (1)
[PASS] i_fpu_a = 6916687872.0000 (4fce2224) < i_fpu_b = 37329788928.0000 (510b1076) = o_comp_less (1) | Expected (1)
[PASS] i_fpu_a = 45129416704.0000 (51281ec4) < i_fpu_b = -7163757056.0000 (cfd57f21) = o_comp_less (0) | Expected (0)
[PASS] i_fpu_a = 40636153856.0000 (511761a8) < i_fpu_b = 14600912896.0000 (50599210) = o_comp_less (0) | Expected (0)
[PASS] i_fpu_a = 7622257152.0000 (4fe32935) < i_fpu_b = 54004326400.0000 (51492e8a) = o_comp_less (1) | Expected (1)
[PASS] i_fpu_a = 24819763200.0000 (50b8ebf1) < i_fpu_b = 204983238656.0000 (523ee7d0) = o_comp_less (1) | Expected (1)
[PASS] i_fpu_a = 32873680896.0000 (50f4ed92) < i_fpu_b = -6484079616.0000 (cfc13d9a) = o_comp_less (0) | Expected (0)
[PASS] i_fpu_a = 33375954944.0000 (50f8ab95) < i_fpu_b = -13740824576.0000 (d04cc116) = o_comp_less (0) | Expected (0)
[PASS] i_fpu_a = 17667133440.0000 (5083a162) < i_fpu_b = 156683075584.0000 (5211ec28) = o_comp_less (1) | Expected (1)
[PASS] i_fpu_a = 33323921408.0000 (50f84856) < i_fpu_b = 157228843008.0000 (52126e47) = o_comp_less (1) | Expected (1)
[PASS] i_fpu_a = 7242705920.0000 (4fd7d976) < i_fpu_b = 205811433472.0000 (523fad45) = o_comp_less (1) | Expected (1)
[PASS] i_fpu_a = 5593734656.0000 (4fa6b4cf) < i_fpu_b = 190096293888.0000 (52310a7d) = o_comp_less (1) | Expected (1)
[PASS] i_fpu_a = 9479229440.0000 (500d4064) < i_fpu_b = 31335669760.0000 (50e9780c) = o_comp_less (1) | Expected (1)
[PASS] i_fpu_a = 26652299264.0000 (50c6933a) < i_fpu_b = -17099494400.0000 (d07ecd65) = o_comp_less (0) | Expected (0)
[PASS] i_fpu_a = 31503177728.0000 (50eab78b) < i_fpu_b = 218456834048.0000 (524b742b) = o_comp_less (1) | Expected (1)
[PASS] i_fpu_a = 31585646592.0000 (50eb54d7) < i_fpu_b = 105821388800.0000 (51c51b92) = o_comp_less (1) | Expected (1)
[PASS] i_fpu_a = 9566994432.0000 (500e8f30) < i_fpu_b = 179371524096.0000 (52270d81) = o_comp_less (1) | Expected (1)
[PASS] i_fpu_a = 45320818688.0000 (5128d54d) < i_fpu_b = 189707517952.0000 (5230adcc) = o_comp_less (1) | Expected (1)
[PASS] i_fpu_a = 38540800000.0000 (510f935f) < i_fpu_b = 83298197504.0000 (519b27ad) = o_comp_less (1) | Expected (1)
[PASS] i_fpu_a = 35960528896.0000 (5105f6a2) < i_fpu_b = 104753602560.0000 (51c31e69) = o_comp_less (1) | Expected (1)
[PASS] i_fpu_a = 31101155328.0000 (50e7b8bf) < i_fpu_b = 216905187328.0000 (524a023a) = o_comp_less (1) | Expected (1)
[PASS] i_fpu_a = 44820672512.0000 (5126f853) < i_fpu_b = 171885133824.0000 (5220149c) = o_comp_less (1) | Expected (1)
[PASS] i_fpu_a = 31079921664.0000 (50e7903f) < i_fpu_b = 1398622848.0000 (4ea6ba95) = o_comp_less (0) | Expected (0)
[PASS] i_fpu_a = 15071480832.0000 (50609523) < i_fpu_b = 111842295808.0000 (51d05290) = o_comp_less (1) | Expected (1)
[PASS] i_fpu_a = 47738482688.0000 (5131d6f7) < i_fpu_b = 69755297792.0000 (5181edeb) = o_comp_less (1) | Expected (1)
[PASS] i_fpu_a = 7161357824.0000 (4fd56cd3) < i_fpu_b = 42433593344.0000 (511e13d4) = o_comp_less (1) | Expected (1)
[PASS] i_fpu_a = 44845858816.0000 (51271058) < i_fpu_b = 205645463552.0000 (523f85b3) = o_comp_less (1) | Expected (1)
[PASS] i_fpu_a = 12213610496.0000 (5035ff3a) < i_fpu_b = 114776547328.0000 (51d5c9b9) = o_comp_less (1) | Expected (1)
[PASS] i_fpu_a = 35129102336.0000 (5102ddb9) < i_fpu_b = 36704182272.0000 (5108bbd6) = o_comp_less (1) | Expected (1)
[PASS] i_fpu_a = 31304194048.0000 (50e93c03) < i_fpu_b = 162170191872.0000 (52170863) = o_comp_less (1) | Expected (1)
[PASS] i_fpu_a = 48045830144.0000 (5132fc13) < i_fpu_b = 197215256576.0000 (5237abc8) = o_comp_less (1) | Expected (1)
[PASS] i_fpu_a = 698481152.0000 (4e2687e8) < i_fpu_b = -10659319808.0000 (d01ed614) = o_comp_less (0) | Expected (0)
[PASS] i_fpu_a = 4506881536.0000 (4f8650c7) < i_fpu_b = 54605590528.0000 (514b6bf3) = o_comp_less (1) | Expected (1)
[PASS] i_fpu_a = 35632807936.0000 (5104be18) < i_fpu_b = 35212857344.0000 (51032d99) = o_comp_less (0) | Expected (0)
[PASS] i_fpu_a = 41929564160.0000 (511c3326) < i_fpu_b = -633048128.0000 (ce16ee31) = o_comp_less (0) | Expected (0)
[PASS] i_fpu_a = 18837415936.0000 (508c5985) < i_fpu_b = 54409625600.0000 (514ab110) = o_comp_less (1) | Expected (1)
[PASS] i_fpu_a = 1353283456.0000 (4ea152ef) < i_fpu_b = 145958993920.0000 (5207ef56) = o_comp_less (1) | Expected (1)
[PASS] i_fpu_a = 11331957760.0000 (5028dbfd) < i_fpu_b = 9198295040.0000 (500910b6) = o_comp_less (0) | Expected (0)
[PASS] i_fpu_a = 12737618944.0000 (503dce29) < i_fpu_b = 36165013504.0000 (5106b9a5) = o_comp_less (1) | Expected (1)
[PASS] i_fpu_a = 47336509440.0000 (5130579d) < i_fpu_b = 12857175040.0000 (503f963b) = o_comp_less (0) | Expected (0)
[FAIL] i_fpu_a = -121780344.0000 (cce8470f) < i_fpu_b = -1644181376.0000 (cec4006f) = o_comp_less (1) | Expected (0)
[PASS] i_fpu_a = 31862804480.0000 (50ed657a) < i_fpu_b = 108313878528.0000 (51c9c015) = o_comp_less (1) | Expected (1)
[PASS] i_fpu_a = 10684555264.0000 (501f3658) < i_fpu_b = 40659562496.0000 (511777fb) = o_comp_less (1) | Expected (1)
[PASS] i_fpu_a = 49209524224.0000 (513751dc) < i_fpu_b = 67183353856.0000 (517a470a) = o_comp_less (1) | Expected (1)
[PASS] i_fpu_a = 10261181440.0000 (5018e74d) < i_fpu_b = 162162573312.0000 (52170692) = o_comp_less (1) | Expected (1)
[PASS] i_fpu_a = 30180126720.0000 (50e0dc06) < i_fpu_b = 189692313600.0000 (5230aa2c) = o_comp_less (1) | Expected (1)
[PASS] i_fpu_a = 617491904.0000 (4e1338b7) < i_fpu_b = -4115616256.0000 (cf754f52) = o_comp_less (0) | Expected (0)
[PASS] i_fpu_a = 48908279808.0000 (51363292) < i_fpu_b = 119656202240.0000 (51dee086) = o_comp_less (1) | Expected (1)
[PASS] i_fpu_a = 48053350400.0000 (5133033f) < i_fpu_b = 52829974528.0000 (5144ce97) = o_comp_less (1) | Expected (1)
[PASS] i_fpu_a = 3427860992.0000 (4f4c5102) < i_fpu_b = 65683914752.0000 (5174b110) = o_comp_less (1) | Expected (1)
[PASS] i_fpu_a = 38814818304.0000 (511098b2) < i_fpu_b = 37227495424.0000 (510aaee8) = o_comp_less (0) | Expected (0)
[PASS] i_fpu_a = 47653199872.0000 (513185a2) < i_fpu_b = 202689085440.0000 (523cc4d8) = o_comp_less (1) | Expected (1)
[PASS] i_fpu_a = 6365067264.0000 (4fbdb19c) < i_fpu_b = 220695461888.0000 (524d89e6) = o_comp_less (1) | Expected (1)
[PASS] i_fpu_a = 24635119616.0000 (50b78bc3) < i_fpu_b = 15833570304.0000 (506bf047) = o_comp_less (0) | Expected (0)
[PASS] i_fpu_a = 43847458816.0000 (51235832) < i_fpu_b = 165034786816.0000 (5219b35c) = o_comp_less (1) | Expected (1)
[PASS] i_fpu_a = 8334430720.0000 (4ff862a9) < i_fpu_b = 204192759808.0000 (523e2b59) = o_comp_less (1) | Expected (1)
[PASS] i_fpu_a = 5800398848.0000 (4facdd88) < i_fpu_b = 108378243072.0000 (51c9dec6) = o_comp_less (1) | Expected (1)
[PASS] i_fpu_a = 37983600640.0000 (510d7ffc) < i_fpu_b = 21796184064.0000 (50a264ec) = o_comp_less (0) | Expected (0)
[PASS] i_fpu_a = 20957507584.0000 (509c2546) < i_fpu_b = 15788902400.0000 (506b45e2) = o_comp_less (0) | Expected (0)
[PASS] i_fpu_a = 15282422784.0000 (5063b9d1) < i_fpu_b = -12255010816.0000 (d0369d28) = o_comp_less (0) | Expected (0)
[PASS] i_fpu_a = 48764858368.0000 (5135a9cb) < i_fpu_b = 124137152512.0000 (51e73935) = o_comp_less (1) | Expected (1)
[PASS] i_fpu_a = 14573627392.0000 (505929fa) < i_fpu_b = 153939869696.0000 (520f5e20) = o_comp_less (1) | Expected (1)
[PASS] i_fpu_a = 34780319744.0000 (51019119) < i_fpu_b = 117502558208.0000 (51dadd96) = o_comp_less (1) | Expected (1)
[PASS] i_fpu_a = 42230030336.0000 (511d51b2) < i_fpu_b = 130239619072.0000 (51f29717) = o_comp_less (1) | Expected (1)
[PASS] i_fpu_a = 45533634560.0000 (5129a042) < i_fpu_b = 23640739840.0000 (50b02322) = o_comp_less (0) | Expected (0)
[PASS] i_fpu_a = 36506857472.0000 (5107ffa7) < i_fpu_b = 44734320640.0000 (5126a5f9) = o_comp_less (1) | Expected (1)
[PASS] i_fpu_a = 14599750656.0000 (50598da1) < i_fpu_b = 152704024576.0000 (520e377a) = o_comp_less (1) | Expected (1)
[PASS] i_fpu_a = 7622303744.0000 (4fe32990) < i_fpu_b = 182534602752.0000 (5229ffa4) = o_comp_less (1) | Expected (1)
[PASS] i_fpu_a = 11115155456.0000 (5025a0f4) < i_fpu_b = 189189750784.0000 (5230325a) = o_comp_less (1) | Expected (1)
[PASS] i_fpu_a = 4229857024.0000 (4f7c1e7f) < i_fpu_b = 8343380992.0000 (4ff8a6f2) = o_comp_less (1) | Expected (1)
[PASS] i_fpu_a = 14928327680.0000 (505e730d) < i_fpu_b = 32257386496.0000 (50f05615) = o_comp_less (1) | Expected (1)
[PASS] i_fpu_a = 49717301248.0000 (5139361d) < i_fpu_b = 145227841536.0000 (52074104) = o_comp_less (1) | Expected (1)
[PASS] i_fpu_a = 20999909376.0000 (509c7626) < i_fpu_b = 176947200000.0000 (5224cb80) = o_comp_less (1) | Expected (1)
[PASS] i_fpu_a = 43501748224.0000 (51220e80) < i_fpu_b = 188879814656.0000 (522fe875) = o_comp_less (1) | Expected (1)
[PASS] i_fpu_a = 16271394816.0000 (50727672) < i_fpu_b = -8005094400.0000 (cfee9206) = o_comp_less (0) | Expected (0)
[PASS] i_fpu_a = 36955848704.0000 (5109abd8) < i_fpu_b = 14251299840.0000 (50545c65) = o_comp_less (0) | Expected (0)
[PASS] i_fpu_a = 16227886080.0000 (5071d079) < i_fpu_b = 54039543808.0000 (51495020) = o_comp_less (1) | Expected (1)
[PASS] i_fpu_a = 15007594496.0000 (505fa16e) < i_fpu_b = 141034897408.0000 (52035957) = o_comp_less (1) | Expected (1)
[PASS] i_fpu_a = 30588925952.0000 (50e3e7bf) < i_fpu_b = 121662087168.0000 (51e29d01) = o_comp_less (1) | Expected (1)
[PASS] i_fpu_a = 39292354560.0000 (5112601c) < i_fpu_b = 183767465984.0000 (522b2594) = o_comp_less (1) | Expected (1)
[PASS] i_fpu_a = 1921792000.0000 (4ee51870) < i_fpu_b = 113818722304.0000 (51d400ff) = o_comp_less (1) | Expected (1)
[PASS] i_fpu_a = 24670830592.0000 (50b7cfe0) < i_fpu_b = 18707970048.0000 (508b629f) = o_comp_less (0) | Expected (0)
[PASS] i_fpu_a = 9707056128.0000 (5010a57b) < i_fpu_b = -5886934016.0000 (cfaf71be) = o_comp_less (0) | Expected (0)
[PASS] i_fpu_a = 49872850944.0000 (5139ca75) < i_fpu_b = 22735968256.0000 (50a9656b) = o_comp_less (0) | Expected (0)
[PASS] i_fpu_a = -1415715712.0000 (cea8c437) < i_fpu_b = 108139806720.0000 (51c96d14) = o_comp_less (1) | Expected (1)
[PASS] i_fpu_a = 10624883712.0000 (501e52b7) < i_fpu_b = 3653557504.0000 (4f59c4dd) = o_comp_less (0) | Expected (0)
[PASS] i_fpu_a = 14973088768.0000 (505f1dcd) < i_fpu_b = 59781738496.0000 (515eb44f) = o_comp_less (1) | Expected (1)
[PASS] i_fpu_a = 33013006336.0000 (50f5f750) < i_fpu_b = 9908390912.0000 (5013a583) = o_comp_less (0) | Expected (0)
[PASS] i_fpu_a = 10777154560.0000 (50209795) < i_fpu_b = -18786678784.0000 (d08bf8bf) = o_comp_less (0) | Expected (0)
[PASS] i_fpu_a = 30363863040.0000 (50e23a79) < i_fpu_b = 216000544768.0000 (52492a8b) = o_comp_less (1) | Expected (1)
[PASS] i_fpu_a = 12242297856.0000 (50366ca9) < i_fpu_b = 50486358016.0000 (513c138b) = o_comp_less (1) | Expected (1)
[PASS] i_fpu_a = 45699006464.0000 (512a3df8) < i_fpu_b = 25089765376.0000 (50baeeee) = o_comp_less (0) | Expected (0)
[PASS] i_fpu_a = 18945067008.0000 (508d26d9) < i_fpu_b = 87787241472.0000 (51a38438) = o_comp_less (1) | Expected (1)
[PASS] i_fpu_a = 12527838208.0000 (503aade9) < i_fpu_b = 2378790400.0000 (4f0dc976) = o_comp_less (0) | Expected (0)
[PASS] i_fpu_a = 30104565760.0000 (50e04be7) < i_fpu_b = 19229759488.0000 (508f45db) = o_comp_less (0) | Expected (0)
[PASS] i_fpu_a = 1562141696.0000 (4eba38c8) < i_fpu_b = 123118166016.0000 (51e55351) = o_comp_less (1) | Expected (1)
[PASS] i_fpu_a = 10366416896.0000 (501a78be) < i_fpu_b = 188634169344.0000 (522fade4) = o_comp_less (1) | Expected (1)
[PASS] i_fpu_a = 16703347712.0000 (5078e637) < i_fpu_b = 193538490368.0000 (52343f2c) = o_comp_less (1) | Expected (1)
[PASS] i_fpu_a = 45825200128.0000 (512ab651) < i_fpu_b = 60198305792.0000 (51604194) = o_comp_less (1) | Expected (1)
[PASS] i_fpu_a = 12862130176.0000 (503fa922) < i_fpu_b = -9438309376.0000 (d00ca44b) = o_comp_less (0) | Expected (0)
[PASS] i_fpu_a = 41631043584.0000 (511b1675) < i_fpu_b = 121713344512.0000 (51e2b572) = o_comp_less (1) | Expected (1)
[PASS] i_fpu_a = 38468042752.0000 (510f4dfc) < i_fpu_b = 196370825216.0000 (5236e274) = o_comp_less (1) | Expected (1)
[PASS] i_fpu_a = 24950921216.0000 (50b9e61b) < i_fpu_b = 140467535872.0000 (5202d212) = o_comp_less (1) | Expected (1)
[PASS] i_fpu_a = 47646056448.0000 (51317ed2) < i_fpu_b = 109683015680.0000 (51cc4cf0) = o_comp_less (1) | Expected (1)
[PASS] i_fpu_a = 1337848576.0000 (4e9f7be6) < i_fpu_b = 47909789696.0000 (51327a56) = o_comp_less (1) | Expected (1)
[PASS] i_fpu_a = 48364937216.0000 (51342c66) < i_fpu_b = 170708320256.0000 (521efc09) = o_comp_less (1) | Expected (1)
[PASS] i_fpu_a = 44218445824.0000 (5124b9ff) < i_fpu_b = 100152328192.0000 (51ba8c5a) = o_comp_less (1) | Expected (1)
[PASS] i_fpu_a = 47026188288.0000 (512f2fab) < i_fpu_b = 145827905536.0000 (5207d015) = o_comp_less (1) | Expected (1)
[PASS] i_fpu_a = -664325120.0000 (ce1e6330) < i_fpu_b = 128829939712.0000 (51eff6e7) = o_comp_less (1) | Expected (1)
[PASS] i_fpu_a = 26670176256.0000 (50c6b553) < i_fpu_b = 15126836224.0000 (5061684d) = o_comp_less (0) | Expected (0)
[PASS] i_fpu_a = 10612915200.0000 (501e250f) < i_fpu_b = 10051789824.0000 (5015c889) = o_comp_less (0) | Expected (0)
[PASS] i_fpu_a = 36201971712.0000 (5106dce4) < i_fpu_b = 81551319040.0000 (5197e6b3) = o_comp_less (1) | Expected (1)
[PASS] i_fpu_a = 14766156800.0000 (505c086b) < i_fpu_b = 220254044160.0000 (524d20a8) = o_comp_less (1) | Expected (1)
[PASS] i_fpu_a = 34453053440.0000 (510058fe) < i_fpu_b = 190325637120.0000 (5231412b) = o_comp_less (1) | Expected (1)
[PASS] i_fpu_a = 33398380544.0000 (50f8d65b) < i_fpu_b = 108179021824.0000 (51c97fc7) = o_comp_less (1) | Expected (1)
[PASS] i_fpu_a = 46642245632.0000 (512dc183) < i_fpu_b = 128255721472.0000 (51eee518) = o_comp_less (1) | Expected (1)
[PASS] i_fpu_a = 18262411264.0000 (508810c9) < i_fpu_b = 211383451648.0000 (5244ddbe) = o_comp_less (1) | Expected (1)
[PASS] i_fpu_a = 2454053120.0000 (4f1245e1) < i_fpu_b = 88277532672.0000 (51a46e02) = o_comp_less (1) | Expected (1)
[PASS] i_fpu_a = 18504652800.0000 (5089ded3) < i_fpu_b = -5393612288.0000 (cfa0bdff) = o_comp_less (0) | Expected (0)
[PASS] i_fpu_a = 16351234048.0000 (5073a702) < i_fpu_b = 90967982080.0000 (51a970ea) = o_comp_less (1) | Expected (1)
[PASS] i_fpu_a = -1357312512.0000 (cea1cde4) < i_fpu_b = 89084395520.0000 (51a5eec0) = o_comp_less (1) | Expected (1)
[PASS] i_fpu_a = 15293210624.0000 (5063e2f8) < i_fpu_b = 119864426496.0000 (51df43d0) = o_comp_less (1) | Expected (1)
[PASS] i_fpu_a = 40830324736.0000 (51181ad5) < i_fpu_b = 53077135360.0000 (5145ba4d) = o_comp_less (1) | Expected (1)
[PASS] i_fpu_a = 30354925568.0000 (50e2296d) < i_fpu_b = 48656941056.0000 (513542e0) = o_comp_less (1) | Expected (1)
[PASS] i_fpu_a = 27506368512.0000 (50ccf03c) < i_fpu_b = 31108032512.0000 (50e7c5dd) = o_comp_less (1) | Expected (1)
[PASS] i_fpu_a = 11887720448.0000 (5031240e) < i_fpu_b = 4924712960.0000 (4f92c494) = o_comp_less (0) | Expected (0)
[PASS] i_fpu_a = 14088792064.0000 (5051f07a) < i_fpu_b = 192644038656.0000 (523369eb) = o_comp_less (1) | Expected (1)
[PASS] i_fpu_a = 24236646400.0000 (50b493bc) < i_fpu_b = 148138999808.0000 (5209f717) = o_comp_less (1) | Expected (1)
[PASS] i_fpu_a = 5836966912.0000 (4fadf486) < i_fpu_b = 97582743552.0000 (51b5c314) = o_comp_less (1) | Expected (1)
[PASS] i_fpu_a = 47019347968.0000 (512f2925) < i_fpu_b = 112489848832.0000 (51d18757) = o_comp_less (1) | Expected (1)
[PASS] i_fpu_a = 46423535616.0000 (512cf0ef) < i_fpu_b = -6585716224.0000 (cfc44507) = o_comp_less (0) | Expected (0)
[PASS] i_fpu_a = -113458664.0000 (ccd867bd) < i_fpu_b = 202026680320.0000 (523c26ea) = o_comp_less (1) | Expected (1)
[PASS] i_fpu_a = 39996112896.0000 (5114ff44) < i_fpu_b = -12745661440.0000 (d03decd7) = o_comp_less (0) | Expected (0)
[PASS] i_fpu_a = 48272257024.0000 (5133d403) < i_fpu_b = 150370500608.0000 (520c0b1f) = o_comp_less (1) | Expected (1)
[PASS] i_fpu_a = 10826836992.0000 (5021551b) < i_fpu_b = -6226526720.0000 (cfb990a1) = o_comp_less (0) | Expected (0)
[PASS] i_fpu_a = 32688140288.0000 (50f38bae) < i_fpu_b = 200114716672.0000 (523a5f11) = o_comp_less (1) | Expected (1)
[PASS] i_fpu_a = 49901948928.0000 (5139e635) < i_fpu_b = 88579268608.0000 (51a4fde3) = o_comp_less (1) | Expected (1)
[PASS] i_fpu_a = 47560454144.0000 (51312d2f) < i_fpu_b = 16502249472.0000 (5075e716) = o_comp_less (0) | Expected (0)
[PASS] i_fpu_a = 9730630656.0000 (5010ff69) < i_fpu_b = -9617123328.0000 (d00f4e6a) = o_comp_less (0) | Expected (0)
[PASS] i_fpu_a = 27762384896.0000 (50ced88c) < i_fpu_b = 212384989184.0000 (5245cc87) = o_comp_less (1) | Expected (1)
[PASS] i_fpu_a = 33578883072.0000 (50fa2ea3) < i_fpu_b = 188712075264.0000 (522fc077) = o_comp_less (1) | Expected (1)
[PASS] i_fpu_a = 23639255040.0000 (50b0204d) < i_fpu_b = 193164034048.0000 (5233e5e5) = o_comp_less (1) | Expected (1)
[PASS] i_fpu_a = 18491252736.0000 (5089c544) < i_fpu_b = 194666004480.0000 (52354bfe) = o_comp_less (1) | Expected (1)
[PASS] i_fpu_a = 42730807296.0000 (511f2f46) < i_fpu_b = 219787509760.0000 (524cb16d) = o_comp_less (1) | Expected (1)
[PASS] i_fpu_a = 38837563392.0000 (5110ae63) < i_fpu_b = 109443547136.0000 (51cbdac0) = o_comp_less (1) | Expected (1)
[PASS] i_fpu_a = 27393941504.0000 (50cc19cc) < i_fpu_b = 213643853824.0000 (5246f8aa) = o_comp_less (1) | Expected (1)
[PASS] i_fpu_a = 28345630720.0000 (50d33100) < i_fpu_b = 54913245184.0000 (514c915a) = o_comp_less (1) | Expected (1)
[PASS] i_fpu_a = 25307586560.0000 (50bc8e64) < i_fpu_b = 201721495552.0000 (523bde27) = o_comp_less (1) | Expected (1)
[PASS] i_fpu_a = 14250165248.0000 (50545811) < i_fpu_b = 145955831808.0000 (5207ee95) = o_comp_less (1) | Expected (1)
[PASS] i_fpu_a = 49971609600.0000 (513a28a4) < i_fpu_b = -15683142656.0000 (d069b271) = o_comp_less (0) | Expected (0)
[PASS] i_fpu_a = 10317162496.0000 (5019bcda) < i_fpu_b = 60518506496.0000 (516172f2) = o_comp_less (1) | Expected (1)
[PASS] i_fpu_a = 12283535360.0000 (503709f8) < i_fpu_b = 23891931136.0000 (50b2023e) = o_comp_less (1) | Expected (1)
[PASS] i_fpu_a = 7733487104.0000 (4fe679d3) < i_fpu_b = -23125950464.0000 (d0ac4d40) = o_comp_less (0) | Expected (0)
[PASS] i_fpu_a = 24778872832.0000 (50b89df3) < i_fpu_b = 48769171456.0000 (5135ade8) = o_comp_less (1) | Expected (1)
[PASS] i_fpu_a = 48418500608.0000 (51345f7b) < i_fpu_b = 156445212672.0000 (5211b372) = o_comp_less (1) | Expected (1)
[PASS] i_fpu_a = 42062475264.0000 (511cb1e7) < i_fpu_b = 128168255488.0000 (51eebb63) = o_comp_less (1) | Expected (1)
[PASS] i_fpu_a = 199047456.0000 (4d3dd392) < i_fpu_b = 39657185280.0000 (5113bc0a) = o_comp_less (1) | Expected (1)
[PASS] i_fpu_a = 49760731136.0000 (51395f88) < i_fpu_b = 84607885312.0000 (519d982f) = o_comp_less (1) | Expected (1)
[PASS] i_fpu_a = 26953181184.0000 (50c8d11d) < i_fpu_b = 182200975360.0000 (5229b019) = o_comp_less (1) | Expected (1)
[PASS] i_fpu_a = -463674880.0000 (cddd18f0) < i_fpu_b = 219852210176.0000 (524cc0da) = o_comp_less (1) | Expected (1)
[PASS] i_fpu_a = 24496371712.0000 (50b6831f) < i_fpu_b = 82211790848.0000 (519921a3) = o_comp_less (1) | Expected (1)
[PASS] i_fpu_a = 47075319808.0000 (512f5e86) < i_fpu_b = 209615339520.0000 (52433831) = o_comp_less (1) | Expected (1)
[PASS] i_fpu_a = 25466843136.0000 (50bdbe26) < i_fpu_b = 63750615040.0000 (516d7d53) = o_comp_less (1) | Expected (1)
[PASS] i_fpu_a = 10098445312.0000 (50167a83) < i_fpu_b = 26335035392.0000 (50c43618) = o_comp_less (1) | Expected (1)
[PASS] i_fpu_a = 2521328384.0000 (4f16486b) < i_fpu_b = 32440700928.0000 (50f1b3ba) = o_comp_less (1) | Expected (1)
[PASS] i_fpu_a = 568173504.0000 (4e07768f) < i_fpu_b = 149262024704.0000 (520b02d7) = o_comp_less (1) | Expected (1)
[PASS] i_fpu_a = 19160578048.0000 (508ec1e7) < i_fpu_b = 92550643712.0000 (51ac6396) = o_comp_less (1) | Expected (1)
[PASS] i_fpu_a = 44434374656.0000 (512587ec) < i_fpu_b = 1448555648.0000 (4eacae69) = o_comp_less (0) | Expected (0)
[PASS] i_fpu_a = 4889098240.0000 (4f91b4dc) < i_fpu_b = 32447588352.0000 (50f1c0dd) = o_comp_less (1) | Expected (1)
[PASS] i_fpu_a = 35544100864.0000 (5104697f) < i_fpu_b = 120499929088.0000 (51e072d8) = o_comp_less (1) | Expected (1)
[PASS] i_fpu_a = 20696557568.0000 (509a338d) < i_fpu_b = 217006866432.0000 (524a1a78) = o_comp_less (1) | Expected (1)
[PASS] i_fpu_a = 44775239680.0000 (5126ccff) < i_fpu_b = 43712036864.0000 (5122d70c) = o_comp_less (0) | Expected (0)
[PASS] i_fpu_a = 24419033088.0000 (50b5ef9c) < i_fpu_b = -13890892800.0000 (d04efd8d) = o_comp_less (0) | Expected (0)
[PASS] i_fpu_a = 9609621504.0000 (500f31cc) < i_fpu_b = 203568758784.0000 (523d9693) = o_comp_less (1) | Expected (1)
[PASS] i_fpu_a = 33883480064.0000 (50fc739c) < i_fpu_b = 1254437888.0000 (4e958a68) = o_comp_less (0) | Expected (0)
[PASS] i_fpu_a = 6830571008.0000 (4fcb911f) < i_fpu_b = 205534003200.0000 (523f6b20) = o_comp_less (1) | Expected (1)
[PASS] i_fpu_a = 46150991872.0000 (512bed04) < i_fpu_b = -12346333184.0000 (d037f986) = o_comp_less (0) | Expected (0)
[PASS] i_fpu_a = 36869959680.0000 (510959ef) < i_fpu_b = 176674340864.0000 (52248a72) = o_comp_less (1) | Expected (1)
[PASS] i_fpu_a = 23190222848.0000 (50acc7d7) < i_fpu_b = 7433418240.0000 (4fdd887b) = o_comp_less (0) | Expected (0)
[PASS] i_fpu_a = 37998792704.0000 (510d8e79) < i_fpu_b = 19224676352.0000 (508f3c29) = o_comp_less (0) | Expected (0)
[PASS] i_fpu_a = 8416586752.0000 (4ffad576) < i_fpu_b = 74537312256.0000 (518ad629) = o_comp_less (1) | Expected (1)
[PASS] i_fpu_a = 37037867008.0000 (5109fa10) < i_fpu_b = 219316781056.0000 (524c4132) = o_comp_less (1) | Expected (1)
[PASS] i_fpu_a = 821843968.0000 (4e43f160) < i_fpu_b = -20276570112.0000 (d097127d) = o_comp_less (0) | Expected (0)
[PASS] i_fpu_a = 16692742144.0000 (5078bdc2) < i_fpu_b = 148879310848.0000 (520aa798) = o_comp_less (1) | Expected (1)
[PASS] i_fpu_a = 10894876672.0000 (502258a8) < i_fpu_b = 179753172992.0000 (5227687f) = o_comp_less (1) | Expected (1)
[PASS] i_fpu_a = 24160077824.0000 (50b401b1) < i_fpu_b = 98399150080.0000 (51b7485f) = o_comp_less (1) | Expected (1)
[PASS] i_fpu_a = 32763688960.0000 (50f41bc7) < i_fpu_b = 180712259584.0000 (52284d29) = o_comp_less (1) | Expected (1)
[PASS] i_fpu_a = 30464548864.0000 (50e2fa84) < i_fpu_b = 149013463040.0000 (520ac794) = o_comp_less (1) | Expected (1)
[PASS] i_fpu_a = 43645394944.0000 (5122977e) < i_fpu_b = -21187395584.0000 (d09ddbc0) = o_comp_less (0) | Expected (0)
[PASS] i_fpu_a = 49209139200.0000 (5137517e) < i_fpu_b = 4141218816.0000 (4f76d5fc) = o_comp_less (0) | Expected (0)
[PASS] i_fpu_a = 22438418432.0000 (50a72de3) < i_fpu_b = 102957441024.0000 (51bfc5ef) = o_comp_less (1) | Expected (1)
[PASS] i_fpu_a = 44239626240.0000 (5124ce32) < i_fpu_b = 150769827840.0000 (520c6a54) = o_comp_less (1) | Expected (1)
[PASS] i_fpu_a = 39399378944.0000 (5112c62d) < i_fpu_b = 4070678016.0000 (4f72a19e) = o_comp_less (0) | Expected (0)
[PASS] i_fpu_a = 29513609216.0000 (50dbe4be) < i_fpu_b = 17999400960.0000 (50861b22) = o_comp_less (0) | Expected (0)
[PASS] i_fpu_a = 44662067200.0000 (51266111) < i_fpu_b = 216135352320.0000 (52494aaf) = o_comp_less (1) | Expected (1)
[PASS] i_fpu_a = 39793971200.0000 (51143e7d) < i_fpu_b = 193025720320.0000 (5233c4eb) = o_comp_less (1) | Expected (1)
[PASS] i_fpu_a = -1390657536.0000 (cea5c780) < i_fpu_b = 202606788608.0000 (523cb139) = o_comp_less (1) | Expected (1)
[PASS] i_fpu_a = 49422745600.0000 (51381d34) < i_fpu_b = 159773425664.0000 (5214ccf4) = o_comp_less (1) | Expected (1)
[PASS] i_fpu_a = 274472832.0000 (4d82e0fc) < i_fpu_b = 175934603264.0000 (5223da14) = o_comp_less (1) | Expected (1)
[FAIL] i_fpu_a = -1574082432.0000 (cebba52f) < i_fpu_b = -1550826624.0000 (ceb8df79) = o_comp_less (0) | Expected (1)
[PASS] i_fpu_a = 15479570432.0000 (5066a9e0) < i_fpu_b = 155464679424.0000 (5210c9ab) = o_comp_less (1) | Expected (1)
[PASS] i_fpu_a = 20468013056.0000 (50987fa3) < i_fpu_b = 44897931264.0000 (51274201) = o_comp_less (1) | Expected (1)
[PASS] i_fpu_a = 42994884608.0000 (51202b1e) < i_fpu_b = 2783705344.0000 (4f25ebf9) = o_comp_less (0) | Expected (0)
[PASS] i_fpu_a = 17346437120.0000 (50813db4) < i_fpu_b = 25610176512.0000 (50becf89) = o_comp_less (1) | Expected (1)
[PASS] i_fpu_a = 3999965440.0000 (4f6e6aa1) < i_fpu_b = 149609611264.0000 (520b55b6) = o_comp_less (1) | Expected (1)
[PASS] i_fpu_a = 36493639680.0000 (5107f30c) < i_fpu_b = 92327059456.0000 (51abf8f9) = o_comp_less (1) | Expected (1)
[PASS] i_fpu_a = 21260257280.0000 (509e66b9) < i_fpu_b = 12914306048.0000 (5040702b) = o_comp_less (0) | Expected (0)
[PASS] i_fpu_a = 42833641472.0000 (511f9158) < i_fpu_b = 173681885184.0000 (5221c0fd) = o_comp_less (1) | Expected (1)
[PASS] i_fpu_a = 38266064896.0000 (510e8d5d) < i_fpu_b = 44807860224.0000 (5126ec1b) = o_comp_less (1) | Expected (1)
[PASS] i_fpu_a = 17226868736.0000 (508059a5) < i_fpu_b = 9910243328.0000 (5013ac94) = o_comp_less (0) | Expected (0)
[PASS] i_fpu_a = 7969131520.0000 (4fed7fa6) < i_fpu_b = 183485546496.0000 (522ae25d) = o_comp_less (1) | Expected (1)
[PASS] i_fpu_a = 10294238208.0000 (50196567) < i_fpu_b = 144103129088.0000 (520634dd) = o_comp_less (1) | Expected (1)
[PASS] i_fpu_a = 26639419392.0000 (50c67aa9) < i_fpu_b = 85202583552.0000 (519eb3c2) = o_comp_less (1) | Expected (1)
[PASS] i_fpu_a = 27921426432.0000 (50d007e5) < i_fpu_b = 98697248768.0000 (51b7d684) = o_comp_less (1) | Expected (1)
[PASS] i_fpu_a = 46120738816.0000 (512bd02a) < i_fpu_b = 147338625024.0000 (52093844) = o_comp_less (1) | Expected (1)
[PASS] i_fpu_a = 31534016512.0000 (50eaf25d) < i_fpu_b = -9250002944.0000 (d009d5f6) = o_comp_less (0) | Expected (0)
[PASS] i_fpu_a = 21613488128.0000 (50a10875) < i_fpu_b = 215674355712.0000 (5248dcc6) = o_comp_less (1) | Expected (1)
[PASS] i_fpu_a = 15975609344.0000 (506e0e1d) < i_fpu_b = -21781571584.0000 (d0a2490d) = o_comp_less (0) | Expected (0)
[PASS] i_fpu_a = 45848268800.0000 (512acc51) < i_fpu_b = 175872409600.0000 (5223cb40) = o_comp_less (1) | Expected (1)
[PASS] i_fpu_a = 4136371200.0000 (4f768c04) < i_fpu_b = 207716597760.0000 (5241737f) = o_comp_less (1) | Expected (1)
[PASS] i_fpu_a = 1276607616.0000 (4e982ef9) < i_fpu_b = 37594095616.0000 (510c0c86) = o_comp_less (1) | Expected (1)
[PASS] i_fpu_a = 12138814464.0000 (5034e1e7) < i_fpu_b = 160907182080.0000 (5215db43) = o_comp_less (1) | Expected (1)
[PASS] i_fpu_a = 35905687552.0000 (5105c255) < i_fpu_b = 188858630144.0000 (522fe368) = o_comp_less (1) | Expected (1)
[PASS] i_fpu_a = 38958997504.0000 (51112232) < i_fpu_b = 3637904896.0000 (4f58d606) = o_comp_less (0) | Expected (0)
[PASS] i_fpu_a = 39374815232.0000 (5112aec0) < i_fpu_b = 120323932160.0000 (51e01eec) = o_comp_less (1) | Expected (1)
[PASS] i_fpu_a = 20127576064.0000 (5095f64e) < i_fpu_b = 202859446272.0000 (523ced76) = o_comp_less (1) | Expected (1)
[PASS] i_fpu_a = 30874472448.0000 (50e60862) < i_fpu_b = 72478154752.0000 (51870047) = o_comp_less (1) | Expected (1)
[PASS] i_fpu_a = 37921714176.0000 (510d44f7) < i_fpu_b = 380582112.0000 (4db579c7) = o_comp_less (0) | Expected (0)
[PASS] i_fpu_a = 4489899008.0000 (4f85cf36) < i_fpu_b = 110319394816.0000 (51cd7c63) = o_comp_less (1) | Expected (1)
[PASS] i_fpu_a = 49328144384.0000 (5137c2fc) < i_fpu_b = -22583566336.0000 (d0a842bc) = o_comp_less (0) | Expected (0)
[PASS] i_fpu_a = 29356107776.0000 (50dab855) < i_fpu_b = 3808961024.0000 (4f630822) = o_comp_less (0) | Expected (0)
[PASS] i_fpu_a = 19782895616.0000 (509364e1) < i_fpu_b = 75925659648.0000 (518d6c2d) = o_comp_less (1) | Expected (1)
[PASS] i_fpu_a = 16143424512.0000 (50708e47) < i_fpu_b = 134469328896.0000 (51fa77f9) = o_comp_less (1) | Expected (1)
[PASS] i_fpu_a = 34706661376.0000 (51014ada) < i_fpu_b = 167574618112.0000 (521c10e7) = o_comp_less (1) | Expected (1)
[PASS] i_fpu_a = 45195415552.0000 (51285db5) < i_fpu_b = 56094261248.0000 (5150f7a8) = o_comp_less (1) | Expected (1)
[PASS] i_fpu_a = 35127025664.0000 (5102dbbe) < i_fpu_b = 190372085760.0000 (52314c3e) = o_comp_less (1) | Expected (1)
[PASS] i_fpu_a = 30612430848.0000 (50e41494) < i_fpu_b = 161315176448.0000 (52163c89) = o_comp_less (1) | Expected (1)
[PASS] i_fpu_a = 18921056256.0000 (508cf90d) < i_fpu_b = 144814194688.0000 (5206de65) = o_comp_less (1) | Expected (1)
[PASS] i_fpu_a = 4883568128.0000 (4f918aab) < i_fpu_b = 3625214464.0000 (4f581462) = o_comp_less (0) | Expected (0)
[PASS] i_fpu_a = 821517952.0000 (4e43dd7a) < i_fpu_b = 121888432128.0000 (51e308ef) = o_comp_less (1) | Expected (1)
[PASS] i_fpu_a = 37219733504.0000 (510aa781) < i_fpu_b = -6366323712.0000 (cfbdbb32) = o_comp_less (0) | Expected (0)
[PASS] i_fpu_a = 2669513728.0000 (4f1f1d8c) < i_fpu_b = 139764629504.0000 (52022a7c) = o_comp_less (1) | Expected (1)
[PASS] i_fpu_a = 20156317696.0000 (50962d20) < i_fpu_b = 97056120832.0000 (51b4c7f7) = o_comp_less (1) | Expected (1)
[PASS] i_fpu_a = 25758081024.0000 (50bfe9a4) < i_fpu_b = 17410099200.0000 (5081b721) = o_comp_less (0) | Expected (0)
[PASS] i_fpu_a = 6844265472.0000 (4fcbf99a) < i_fpu_b = 83120676864.0000 (519ad307) = o_comp_less (1) | Expected (1)
[PASS] i_fpu_a = 18690760704.0000 (508b41cc) < i_fpu_b = 220133916672.0000 (524d0404) = o_comp_less (1) | Expected (1)
[PASS] i_fpu_a = 46885601280.0000 (512ea998) < i_fpu_b = -20580683776.0000 (d099568a) = o_comp_less (0) | Expected (0)
[PASS] i_fpu_a = 11266938880.0000 (5027e3f6) < i_fpu_b = 219560837120.0000 (524c7b62) = o_comp_less (1) | Expected (1)
[PASS] i_fpu_a = 18369263616.0000 (5088dc97) < i_fpu_b = 148796669952.0000 (520a93e4) = o_comp_less (1) | Expected (1)
[PASS] i_fpu_a = 46897627136.0000 (512eb510) < i_fpu_b = 82694856704.0000 (519a07fb) = o_comp_less (1) | Expected (1)
[PASS] i_fpu_a = -775186304.0000 (ce38d19e) < i_fpu_b = 144196435968.0000 (52064b1c) = o_comp_less (1) | Expected (1)
[PASS] i_fpu_a = 37632069632.0000 (510c30bd) < i_fpu_b = 20574255104.0000 (50994a47) = o_comp_less (0) | Expected (0)
[PASS] i_fpu_a = 31935901696.0000 (50edf0e6) < i_fpu_b = 212588068864.0000 (5245fcf2) = o_comp_less (1) | Expected (1)
[PASS] i_fpu_a = 37452152832.0000 (510b8528) < i_fpu_b = 17907931136.0000 (50856cab) = o_comp_less (0) | Expected (0)
[PASS] i_fpu_a = 44231610368.0000 (5124c68d) < i_fpu_b = 128899350528.0000 (51f01800) = o_comp_less (1) | Expected (1)
[PASS] i_fpu_a = 24975153152.0000 (50ba1453) < i_fpu_b = 83727106048.0000 (519bf432) = o_comp_less (1) | Expected (1)
[PASS] i_fpu_a = 13489313792.0000 (504901a6) < i_fpu_b = 71468408832.0000 (51851ecb) = o_comp_less (1) | Expected (1)
[PASS] i_fpu_a = 47089930240.0000 (512f6c75) < i_fpu_b = 11613797376.0000 (502d0f1f) = o_comp_less (0) | Expected (0)
[PASS] i_fpu_a = 46223704064.0000 (512c325c) < i_fpu_b = 130722406400.0000 (51f37d4d) = o_comp_less (1) | Expected (1)
[PASS] i_fpu_a = 44772818944.0000 (5126cab0) < i_fpu_b = 120726626304.0000 (51e0def1) = o_comp_less (1) | Expected (1)
[PASS] i_fpu_a = 40644042752.0000 (5117692e) < i_fpu_b = 217267109888.0000 (524a5884) = o_comp_less (1) | Expected (1)
[PASS] i_fpu_a = 40113885184.0000 (51156f95) < i_fpu_b = 108564135936.0000 (51ca376a) = o_comp_less (1) | Expected (1)
[PASS] i_fpu_a = 26344417280.0000 (50c447fd) < i_fpu_b = 160502988800.0000 (52157ae5) = o_comp_less (1) | Expected (1)
[PASS] i_fpu_a = 12542461952.0000 (503ae5b2) < i_fpu_b = 6535123456.0000 (4fc2c309) = o_comp_less (0) | Expected (0)
[PASS] i_fpu_a = 31242264576.0000 (50e8c5e4) < i_fpu_b = 205574307840.0000 (523f74bc) = o_comp_less (1) | Expected (1)
[PASS] i_fpu_a = 28888668160.0000 (50d73cc3) < i_fpu_b = 52331167744.0000 (5142f2e4) = o_comp_less (1) | Expected (1)
[PASS] i_fpu_a = 7340436480.0000 (4fdac316) < i_fpu_b = 84335370240.0000 (519d163d) = o_comp_less (1) | Expected (1)
[PASS] i_fpu_a = 31227344896.0000 (50e8a96f) < i_fpu_b = -12112788480.0000 (d0347e9f) = o_comp_less (0) | Expected (0)
[PASS] i_fpu_a = 44940234752.0000 (51276a59) < i_fpu_b = 167910129664.0000 (521c60e5) = o_comp_less (1) | Expected (1)
[PASS] i_fpu_a = -1459310592.0000 (ceadf6a0) < i_fpu_b = 163429842944.0000 (521834b6) = o_comp_less (1) | Expected (1)
[PASS] i_fpu_a = 6302228480.0000 (4fbbd230) < i_fpu_b = 181761261568.0000 (52294743) = o_comp_less (1) | Expected (1)
[PASS] i_fpu_a = 49501745152.0000 (5138688b) < i_fpu_b = 216056086528.0000 (524937c9) = o_comp_less (1) | Expected (1)
[PASS] i_fpu_a = 4889136640.0000 (4f91b527) < i_fpu_b = 160081657856.0000 (52151671) = o_comp_less (1) | Expected (1)
[PASS] i_fpu_a = 25059244032.0000 (50bab4b7) < i_fpu_b = 160003014656.0000 (521503b1) = o_comp_less (1) | Expected (1)
[PASS] i_fpu_a = -1920006912.0000 (cee4e1f6) < i_fpu_b = 191471960064.0000 (52325279) = o_comp_less (1) | Expected (1)
[PASS] i_fpu_a = 38211211264.0000 (510e590d) < i_fpu_b = 111907340288.0000 (51d07194) = o_comp_less (1) | Expected (1)
[PASS] i_fpu_a = 10186242048.0000 (5017c96e) < i_fpu_b = 153804357632.0000 (520f3dd1) = o_comp_less (1) | Expected (1)
[PASS] i_fpu_a = 35817033728.0000 (51056dc9) < i_fpu_b = 120779218944.0000 (51e0f805) = o_comp_less (1) | Expected (1)
[PASS] i_fpu_a = 49124597760.0000 (513700de) < i_fpu_b = 98129969152.0000 (51b6c804) = o_comp_less (1) | Expected (1)
[PASS] i_fpu_a = 14390858752.0000 (505670c5) < i_fpu_b = 91997429760.0000 (51ab5bcb) = o_comp_less (1) | Expected (1)
[PASS] i_fpu_a = 2367766272.0000 (4f0d213f) < i_fpu_b = 210690506752.0000 (52443888) = o_comp_less (1) | Expected (1)
[PASS] i_fpu_a = 1841082752.0000 (4edb7963) < i_fpu_b = 61634531328.0000 (51659b45) = o_comp_less (1) | Expected (1)
[PASS] i_fpu_a = 12102689792.0000 (50345819) < i_fpu_b = 97256554496.0000 (51b5278a) = o_comp_less (1) | Expected (1)
[PASS] i_fpu_a = 14400865280.0000 (505696f1) < i_fpu_b = 11377603584.0000 (50298a1d) = o_comp_less (0) | Expected (0)
[PASS] i_fpu_a = 41723023360.0000 (511b6e2d) < i_fpu_b = 155972501504.0000 (521142be) = o_comp_less (1) | Expected (1)
[PASS] i_fpu_a = 6062205952.0000 (4fb4aaf6) < i_fpu_b = 198578126848.0000 (5238f0b7) = o_comp_less (1) | Expected (1)
[PASS] i_fpu_a = 19037767680.0000 (508dd7a9) < i_fpu_b = 5872915456.0000 (4faf06ca) = o_comp_less (0) | Expected (0)
[PASS] i_fpu_a = 4664829440.0000 (4f8b05d3) < i_fpu_b = 166776143872.0000 (521b5288) = o_comp_less (1) | Expected (1)
[PASS] i_fpu_a = 33477988352.0000 (50f96e32) < i_fpu_b = 9499013120.0000 (500d8bdc) = o_comp_less (0) | Expected (0)
[PASS] i_fpu_a = 44710952960.0000 (51268fb0) < i_fpu_b = 169041494016.0000 (521d6ea2) = o_comp_less (1) | Expected (1)
[PASS] i_fpu_a = 45304770560.0000 (5128c5ff) < i_fpu_b = 128616562688.0000 (51ef9128) = o_comp_less (1) | Expected (1)
[PASS] i_fpu_a = 13274404864.0000 (5045cdd6) < i_fpu_b = 51992080384.0000 (5141af83) = o_comp_less (1) | Expected (1)
[PASS] i_fpu_a = 46071689216.0000 (512ba163) < i_fpu_b = 64570728448.0000 (51708b72) = o_comp_less (1) | Expected (1)
[PASS] i_fpu_a = 43033833472.0000 (51205043) < i_fpu_b = -11498877952.0000 (d02b58bd) = o_comp_less (0) | Expected (0)
[PASS] i_fpu_a = 47991607296.0000 (5132c85d) < i_fpu_b = -11242933248.0000 (d0278863) = o_comp_less (0) | Expected (0)
[PASS] i_fpu_a = 41009147904.0000 (5118c55f) < i_fpu_b = 73615310848.0000 (51891e84) = o_comp_less (1) | Expected (1)
[PASS] i_fpu_a = 36681310208.0000 (5108a606) < i_fpu_b = -416468064.0000 (cdc69663) = o_comp_less (0) | Expected (0)
[PASS] i_fpu_a = 32695494656.0000 (50f399b5) < i_fpu_b = 125999194112.0000 (51eab119) = o_comp_less (1) | Expected (1)
[PASS] i_fpu_a = 36862496768.0000 (510952d1) < i_fpu_b = 147082149888.0000 (5208fb1e) = o_comp_less (1) | Expected (1)
[PASS] i_fpu_a = 3583738112.0000 (4f559b81) < i_fpu_b = 19548217344.0000 (5091a544) = o_comp_less (1) | Expected (1)
[PASS] i_fpu_a = 37389205504.0000 (510b4920) < i_fpu_b = 57376030720.0000 (5155be0c) = o_comp_less (1) | Expected (1)
[PASS] i_fpu_a = 2804805632.0000 (4f272df0) < i_fpu_b = 121099231232.0000 (51e1909d) = o_comp_less (1) | Expected (1)
[PASS] i_fpu_a = 7889165312.0000 (4feb1d8e) < i_fpu_b = -15947017216.0000 (d06da10b) = o_comp_less (0) | Expected (0)
[PASS] i_fpu_a = 16707770368.0000 (5078f716) < i_fpu_b = 109039050752.0000 (51cb19df) = o_comp_less (1) | Expected (1)
[PASS] i_fpu_a = 26828640256.0000 (50c7e392) < i_fpu_b = 90950950912.0000 (51a968cb) = o_comp_less (1) | Expected (1)
[PASS] i_fpu_a = 43293167616.0000 (51214795) < i_fpu_b = 38830280704.0000 (5110a771) = o_comp_less (0) | Expected (0)
[PASS] i_fpu_a = 13804251136.0000 (504db30a) < i_fpu_b = 115490340864.0000 (51d71e16) = o_comp_less (1) | Expected (1)
[PASS] i_fpu_a = -1961040512.0000 (cee9c635) < i_fpu_b = 78448353280.0000 (51921f17) = o_comp_less (1) | Expected (1)
[PASS] i_fpu_a = 11364596736.0000 (5029587f) < i_fpu_b = 135790780416.0000 (51fcee17) = o_comp_less (1) | Expected (1)
[PASS] i_fpu_a = 11444499456.0000 (502a894d) < i_fpu_b = -753115648.0000 (ce338e88) = o_comp_less (0) | Expected (0)
[PASS] i_fpu_a = 10376542208.0000 (501a9f5e) < i_fpu_b = 193731297280.0000 (52346d24) = o_comp_less (1) | Expected (1)
[PASS] i_fpu_a = 32907534336.0000 (50f52e24) < i_fpu_b = 55283265536.0000 (514df23b) = o_comp_less (1) | Expected (1)
[PASS] i_fpu_a = 42597265408.0000 (511eafeb) < i_fpu_b = 202158227456.0000 (523c4647) = o_comp_less (1) | Expected (1)
[PASS] i_fpu_a = 41865019392.0000 (511bf598) < i_fpu_b = 193496530944.0000 (5234352b) = o_comp_less (1) | Expected (1)
[PASS] i_fpu_a = 43936116736.0000 (5123acbf) < i_fpu_b = 14010199040.0000 (5050c4ab) = o_comp_less (0) | Expected (0)
[PASS] i_fpu_a = 41318936576.0000 (5119eccf) < i_fpu_b = 172624412672.0000 (5220c4de) = o_comp_less (1) | Expected (1)
[PASS] i_fpu_a = 7892564992.0000 (4feb377e) < i_fpu_b = 28489216000.0000 (50d442de) = o_comp_less (1) | Expected (1)
[PASS] i_fpu_a = 39731404800.0000 (511402d2) < i_fpu_b = 19119673344.0000 (508e73e2) = o_comp_less (0) | Expected (0)
[PASS] i_fpu_a = 9875630080.0000 (5013288a) < i_fpu_b = 51364065280.0000 (513f5897) = o_comp_less (1) | Expected (1)
[PASS] i_fpu_a = 49978044416.0000 (513a2ec7) < i_fpu_b = 205433208832.0000 (523f5318) = o_comp_less (1) | Expected (1)
[PASS] i_fpu_a = 40599719936.0000 (51173ee9) < i_fpu_b = 217843924992.0000 (524ae20a) = o_comp_less (1) | Expected (1)
[PASS] i_fpu_a = 37224534016.0000 (510aac15) < i_fpu_b = -6977060864.0000 (cfcfeec0) = o_comp_less (0) | Expected (0)
[PASS] i_fpu_a = 22439938048.0000 (50a730c9) < i_fpu_b = 198612877312.0000 (5238f900) = o_comp_less (1) | Expected (1)
[PASS] i_fpu_a = 40283844608.0000 (511611ab) < i_fpu_b = 133643026432.0000 (51f8edf6) = o_comp_less (1) | Expected (1)
[PASS] i_fpu_a = 1223448192.0000 (4e91d8ad) < i_fpu_b = 176398467072.0000 (522448ac) = o_comp_less (1) | Expected (1)
[PASS] i_fpu_a = 19971600384.0000 (5094ccce) < i_fpu_b = 177849221120.0000 (5225a28f) = o_comp_less (1) | Expected (1)
[PASS] i_fpu_a = 13207855104.0000 (5044cff8) < i_fpu_b = 69705064448.0000 (5181d5f7) = o_comp_less (1) | Expected (1)
[PASS] i_fpu_a = 27237470208.0000 (50caef5a) < i_fpu_b = -15282551808.0000 (d063ba4f) = o_comp_less (0) | Expected (0)
[PASS] i_fpu_a = 31307376640.0000 (50e94215) < i_fpu_b = 174249066496.0000 (52224837) = o_comp_less (1) | Expected (1)
[PASS] i_fpu_a = 8521085440.0000 (4ffdf2b9) < i_fpu_b = 18167451648.0000 (50875baa) = o_comp_less (1) | Expected (1)
[PASS] i_fpu_a = 16623021056.0000 (5077b3cb) < i_fpu_b = 109657268224.0000 (51cc40a9) = o_comp_less (1) | Expected (1)
[PASS] i_fpu_a = 11137008640.0000 (5025f451) < i_fpu_b = 172559892480.0000 (5220b57c) = o_comp_less (1) | Expected (1)
[PASS] i_fpu_a = 49266708480.0000 (51378865) < i_fpu_b = -9238266880.0000 (d009a931) = o_comp_less (0) | Expected (0)
[PASS] i_fpu_a = 25876832256.0000 (50c0cc24) < i_fpu_b = 25754978304.0000 (50bfe3b9) = o_comp_less (0) | Expected (0)
[PASS] i_fpu_a = 39140614144.0000 (5111cf66) < i_fpu_b = 43324616704.0000 (51216593) = o_comp_less (1) | Expected (1)
[PASS] i_fpu_a = -1990587008.0000 (ceed4be5) < i_fpu_b = 214661758976.0000 (5247eb5a) = o_comp_less (1) | Expected (1)
[PASS] i_fpu_a = 3360210688.0000 (4f4848bf) < i_fpu_b = 10747020288.0000 (502024a1) = o_comp_less (1) | Expected (1)
[PASS] i_fpu_a = 48057262080.0000 (513306fa) < i_fpu_b = 209090756608.0000 (5242bb1f) = o_comp_less (1) | Expected (1)
[PASS] i_fpu_a = 42401087488.0000 (511df4d4) < i_fpu_b = 134995910656.0000 (51fb7311) = o_comp_less (1) | Expected (1)
[PASS] i_fpu_a = 38652563456.0000 (510ffdf5) < i_fpu_b = 112806928384.0000 (51d21e89) = o_comp_less (1) | Expected (1)
[PASS] i_fpu_a = 9829702656.0000 (50127957) < i_fpu_b = 98597085184.0000 (51b7a6c1) = o_comp_less (1) | Expected (1)
[PASS] i_fpu_a = 14389208064.0000 (50566a79) < i_fpu_b = 85488074752.0000 (519f3be4) = o_comp_less (1) | Expected (1)
[PASS] i_fpu_a = 16823112704.0000 (507aaf15) < i_fpu_b = 90696679424.0000 (51a8ef8c) = o_comp_less (1) | Expected (1)
[PASS] i_fpu_a = 40087588864.0000 (51155681) < i_fpu_b = 130776473600.0000 (51f39715) = o_comp_less (1) | Expected (1)
[PASS] i_fpu_a = 24052099072.0000 (50b333bd) < i_fpu_b = 48432295936.0000 (51346ca3) = o_comp_less (1) | Expected (1)
[PASS] i_fpu_a = 2088176512.0000 (4ef8ee17) < i_fpu_b = 153322733568.0000 (520ecafd) = o_comp_less (1) | Expected (1)
[PASS] i_fpu_a = 12575939584.0000 (503b6567) < i_fpu_b = 199603339264.0000 (5239e525) = o_comp_less (1) | Expected (1)
[PASS] i_fpu_a = 8977495040.0000 (5005c66d) < i_fpu_b = 63812419584.0000 (516db844) = o_comp_less (1) | Expected (1)
[PASS] i_fpu_a = 14548595712.0000 (5058ca7d) < i_fpu_b = 76708683776.0000 (518ee18d) = o_comp_less (1) | Expected (1)
[PASS] i_fpu_a = 20899534848.0000 (509bb6b3) < i_fpu_b = 77779451904.0000 (5190e022) = o_comp_less (1) | Expected (1)
[PASS] i_fpu_a = 11155044352.0000 (5026391e) < i_fpu_b = 211140804608.0000 (5244a3e4) = o_comp_less (1) | Expected (1)
[PASS] i_fpu_a = 42448842752.0000 (511e225f) < i_fpu_b = 49705967616.0000 (51392b4e) = o_comp_less (1) | Expected (1)
[PASS] i_fpu_a = 49879646208.0000 (5139d0f0) < i_fpu_b = 122949115904.0000 (51e502b5) = o_comp_less (1) | Expected (1)
[PASS] i_fpu_a = 19988029440.0000 (5094ec24) < i_fpu_b = 125792100352.0000 (51ea4e59) = o_comp_less (1) | Expected (1)
[PASS] i_fpu_a = 27903608832.0000 (50cfe5e9) < i_fpu_b = 103846092800.0000 (51c16dad) = o_comp_less (1) | Expected (1)
[PASS] i_fpu_a = 47031107584.0000 (512f345c) < i_fpu_b = 124664807424.0000 (51e834d0) = o_comp_less (1) | Expected (1)
[PASS] i_fpu_a = 40150241280.0000 (51159241) < i_fpu_b = 104861982720.0000 (51c35217) = o_comp_less (1) | Expected (1)
[PASS] i_fpu_a = 32663670784.0000 (50f35d02) < i_fpu_b = 190014406656.0000 (5230f6f7) = o_comp_less (1) | Expected (1)
[PASS] i_fpu_a = 38589763584.0000 (510fc211) < i_fpu_b = 149445558272.0000 (520b2e99) = o_comp_less (1) | Expected (1)
[PASS] i_fpu_a = 11302682624.0000 (50286c50) < i_fpu_b = 40319045632.0000 (5116333d) = o_comp_less (1) | Expected (1)
[PASS] i_fpu_a = 8101847552.0000 (4ff17431) < i_fpu_b = 195426041856.0000 (52360133) = o_comp_less (1) | Expected (1)
[PASS] i_fpu_a = 21187821568.0000 (509ddc90) < i_fpu_b = 26395553792.0000 (50c4a986) = o_comp_less (1) | Expected (1)
[PASS] i_fpu_a = 1763838208.0000 (4ed24412) < i_fpu_b = -17808859136.0000 (d084afb4) = o_comp_less (0) | Expected (0)
[PASS] i_fpu_a = 46988222464.0000 (512f0b76) < i_fpu_b = -12670770176.0000 (d03ccf27) = o_comp_less (0) | Expected (0)
[PASS] i_fpu_a = 5760723456.0000 (4fabaed5) < i_fpu_b = 131554344960.0000 (51f50a00) = o_comp_less (1) | Expected (1)
[PASS] i_fpu_a = 5764040704.0000 (4fabc824) < i_fpu_b = 105610510336.0000 (51c4b704) = o_comp_less (1) | Expected (1)
[PASS] i_fpu_a = 40616845312.0000 (51174f3e) < i_fpu_b = 19995328512.0000 (5094fa10) = o_comp_less (0) | Expected (0)
[PASS] i_fpu_a = 9014163456.0000 (5006524e) < i_fpu_b = 90275495936.0000 (51a826b6) = o_comp_less (1) | Expected (1)
[PASS] i_fpu_a = 36796723200.0000 (51091417) < i_fpu_b = 35244843008.0000 (51034c1a) = o_comp_less (0) | Expected (0)
[PASS] i_fpu_a = 35021516800.0000 (5102771f) < i_fpu_b = 158052073472.0000 (5213328d) = o_comp_less (1) | Expected (1)
[PASS] i_fpu_a = 4472589824.0000 (4f854b27) < i_fpu_b = 70531842048.0000 (51836034) = o_comp_less (1) | Expected (1)
[PASS] i_fpu_a = 44357001216.0000 (51253e22) < i_fpu_b = 158141317120.0000 (521347d4) = o_comp_less (1) | Expected (1)
[PASS] i_fpu_a = 16106501120.0000 (5070016d) < i_fpu_b = 35511574528.0000 (51044a7a) = o_comp_less (1) | Expected (1)
[PASS] i_fpu_a = 10426286080.0000 (501b5d20) < i_fpu_b = 211887734784.0000 (524555f9) = o_comp_less (1) | Expected (1)
[PASS] i_fpu_a = -797154368.0000 (ce3e0e71) < i_fpu_b = 161655963648.0000 (52168dc9) = o_comp_less (1) | Expected (1)
[PASS] i_fpu_a = 21213231104.0000 (509e0d07) < i_fpu_b = -9038156800.0000 (d006add5) = o_comp_less (0) | Expected (0)
[PASS] i_fpu_a = 10971044864.0000 (50237b37) < i_fpu_b = 182258728960.0000 (5229bdde) = o_comp_less (1) | Expected (1)
[PASS] i_fpu_a = 6661817856.0000 (4fc689a3) < i_fpu_b = 122106675200.0000 (51e37100) = o_comp_less (1) | Expected (1)
[PASS] i_fpu_a = 39094267904.0000 (5111a333) < i_fpu_b = 26155829248.0000 (50c2e049) = o_comp_less (0) | Expected (0)
[PASS] i_fpu_a = 25103185920.0000 (50bb0887) < i_fpu_b = -23121909760.0000 (d0ac458b) = o_comp_less (0) | Expected (0)
[PASS] i_fpu_a = 8084147712.0000 (4ff0ed27) < i_fpu_b = 65057128448.0000 (51725b50) = o_comp_less (1) | Expected (1)
[PASS] i_fpu_a = -1938300288.0000 (cee7103b) < i_fpu_b = 98213396480.0000 (51b6efcc) = o_comp_less (1) | Expected (1)
[PASS] i_fpu_a = 8950767616.0000 (50056078) < i_fpu_b = 6083721728.0000 (4fb54f1d) = o_comp_less (0) | Expected (0)
[PASS] i_fpu_a = 43248197632.0000 (51211cb2) < i_fpu_b = -20059365376.0000 (d0957434) = o_comp_less (0) | Expected (0)
[PASS] i_fpu_a = 43601956864.0000 (51226e11) < i_fpu_b = -19332218880.0000 (d0900948) = o_comp_less (0) | Expected (0)
[PASS] i_fpu_a = 27870232576.0000 (50cfa640) < i_fpu_b = 59266318336.0000 (515cc8c4) = o_comp_less (1) | Expected (1)
[PASS] i_fpu_a = 22011566080.0000 (50a3ffbb) < i_fpu_b = 65332355072.0000 (517361ca) = o_comp_less (1) | Expected (1)
[PASS] i_fpu_a = 31639967744.0000 (50ebbc73) < i_fpu_b = 66259173376.0000 (5176d5ac) = o_comp_less (1) | Expected (1)
[PASS] i_fpu_a = 984775168.0000 (4e6ac9e8) < i_fpu_b = 43119665152.0000 (5120a21e) = o_comp_less (1) | Expected (1)
[PASS] i_fpu_a = 41862127616.0000 (511bf2d6) < i_fpu_b = 131113394176.0000 (51f437bd) = o_comp_less (1) | Expected (1)
[PASS] i_fpu_a = 40848248832.0000 (51182bed) < i_fpu_b = 39558287360.0000 (51135db9) = o_comp_less (0) | Expected (0)
[PASS] i_fpu_a = 5681359360.0000 (4fa95155) < i_fpu_b = 102432800768.0000 (51becbc4) = o_comp_less (1) | Expected (1)
[PASS] i_fpu_a = 17051773952.0000 (507e175b) < i_fpu_b = 21791188992.0000 (50a25b65) = o_comp_less (1) | Expected (1)
[PASS] i_fpu_a = 8885772288.0000 (50046888) < i_fpu_b = 101204385792.0000 (51bc8203) = o_comp_less (1) | Expected (1)
[PASS] i_fpu_a = 36884856832.0000 (51096824) < i_fpu_b = 139328323584.0000 (5201c276) = o_comp_less (1) | Expected (1)
[PASS] i_fpu_a = 4282501376.0000 (4f7f41c9) < i_fpu_b = 141240713216.0000 (52038a69) = o_comp_less (1) | Expected (1)
[PASS] i_fpu_a = 35532517376.0000 (51045e73) < i_fpu_b = 151643652096.0000 (520d3aaa) = o_comp_less (1) | Expected (1)
[PASS] i_fpu_a = 41523556352.0000 (511aaff3) < i_fpu_b = 168541585408.0000 (521cf772) = o_comp_less (1) | Expected (1)
[PASS] i_fpu_a = 28093280256.0000 (50d14fae) < i_fpu_b = 126327980032.0000 (51eb4de0) = o_comp_less (1) | Expected (1)
[PASS] i_fpu_a = 5294988288.0000 (4f9dcd8e) < i_fpu_b = 123920736256.0000 (51e6d203) = o_comp_less (1) | Expected (1)
[PASS] i_fpu_a = 40268337152.0000 (511602e1) < i_fpu_b = 44005249024.0000 (5123eead) = o_comp_less (1) | Expected (1)
[PASS] i_fpu_a = 35018067968.0000 (510273d5) < i_fpu_b = 75528044544.0000 (518cae94) = o_comp_less (1) | Expected (1)
[PASS] i_fpu_a = 49891487744.0000 (5139dc3b) < i_fpu_b = 141713604608.0000 (5203fb28) = o_comp_less (1) | Expected (1)
[PASS] i_fpu_a = 8528521728.0000 (4ffe2b75) < i_fpu_b = 181907341312.0000 (52296a17) = o_comp_less (1) | Expected (1)
[PASS] i_fpu_a = 18744569856.0000 (508ba86e) < i_fpu_b = 197380997120.0000 (5237d34c) = o_comp_less (1) | Expected (1)
[PASS] i_fpu_a = -521825216.0000 (cdf8d35e) < i_fpu_b = 165593055232.0000 (521a3876) = o_comp_less (1) | Expected (1)
[PASS] i_fpu_a = 47052701696.0000 (512f48f4) < i_fpu_b = 218161414144.0000 (524b2dbc) = o_comp_less (1) | Expected (1)
[PASS] i_fpu_a = 18907645952.0000 (508cdf79) < i_fpu_b = 163695378432.0000 (52187405) = o_comp_less (1) | Expected (1)
[PASS] i_fpu_a = 31391842304.0000 (50e9e330) < i_fpu_b = 5086291968.0000 (4f979554) = o_comp_less (0) | Expected (0)
[PASS] i_fpu_a = 38153240576.0000 (510e21c4) < i_fpu_b = 113919188992.0000 (51d430e7) = o_comp_less (1) | Expected (1)
[PASS] i_fpu_a = 43306344448.0000 (51215426) < i_fpu_b = -2110872192.0000 (cefba2b5) = o_comp_less (0) | Expected (0)
[PASS] i_fpu_a = 44426326016.0000 (5125803f) < i_fpu_b = 180136607744.0000 (5227c3ea) = o_comp_less (1) | Expected (1)
[PASS] i_fpu_a = 25354483712.0000 (50bce7d7) < i_fpu_b = 42455982080.0000 (511e292e) = o_comp_less (1) | Expected (1)
[PASS] i_fpu_a = 1872069504.0000 (4edf2b07) < i_fpu_b = 195547299840.0000 (52361e1c) = o_comp_less (1) | Expected (1)
[PASS] i_fpu_a = 1374770176.0000 (4ea3e2a8) < i_fpu_b = 194590294016.0000 (523539f1) = o_comp_less (1) | Expected (1)
[PASS] i_fpu_a = -757478528.0000 (ce3498d2) < i_fpu_b = 207323627520.0000 (524115ce) = o_comp_less (1) | Expected (1)
[PASS] i_fpu_a = 18037999616.0000 (508664c1) < i_fpu_b = 11867438080.0000 (5030d6af) = o_comp_less (0) | Expected (0)
[PASS] i_fpu_a = 4439866368.0000 (4f84517e) < i_fpu_b = 127431827456.0000 (51ed5c3b) = o_comp_less (1) | Expected (1)
[PASS] i_fpu_a = 21429221376.0000 (509fa8ff) < i_fpu_b = 178858934272.0000 (5226934b) = o_comp_less (1) | Expected (1)
[PASS] i_fpu_a = 43628707840.0000 (51228794) < i_fpu_b = 69123801088.0000 (5180c0cc) = o_comp_less (1) | Expected (1)
[PASS] i_fpu_a = 36565901312.0000 (510837f6) < i_fpu_b = 202364125184.0000 (523c775e) = o_comp_less (1) | Expected (1)
[PASS] i_fpu_a = 8801614848.0000 (5003277f) < i_fpu_b = 96605184000.0000 (51b3f0f1) = o_comp_less (1) | Expected (1)
[PASS] i_fpu_a = 39046627328.0000 (511175c4) < i_fpu_b = -16269440000.0000 (d0726efd) = o_comp_less (0) | Expected (0)
[PASS] i_fpu_a = 33079064576.0000 (50f6754f) < i_fpu_b = 12382157824.0000 (5038822f) = o_comp_less (0) | Expected (0)
[PASS] i_fpu_a = 47032299520.0000 (512f357f) < i_fpu_b = 195710468096.0000 (52364503) = o_comp_less (1) | Expected (1)
[PASS] i_fpu_a = 34267592704.0000 (50ff503f) < i_fpu_b = 178979586048.0000 (5226b00f) = o_comp_less (1) | Expected (1)
[PASS] i_fpu_a = 5625558016.0000 (4fa7a79a) < i_fpu_b = -18490458112.0000 (d089c3c0) = o_comp_less (0) | Expected (0)
[PASS] i_fpu_a = 18358738944.0000 (5088c884) < i_fpu_b = -16917796864.0000 (d07c1846) = o_comp_less (0) | Expected (0)
[PASS] i_fpu_a = 38552141824.0000 (510f9e30) < i_fpu_b = 185096880128.0000 (522c6289) = o_comp_less (1) | Expected (1)
[PASS] i_fpu_a = 8931581952.0000 (50051748) < i_fpu_b = 194776252416.0000 (52356647) = o_comp_less (1) | Expected (1)
[PASS] i_fpu_a = 9800571904.0000 (50120a37) < i_fpu_b = 24998105088.0000 (50ba401a) = o_comp_less (1) | Expected (1)
[PASS] i_fpu_a = 27069153280.0000 (50c9ae50) < i_fpu_b = 186986856448.0000 (522e2524) = o_comp_less (1) | Expected (1)
[PASS] i_fpu_a = 48140136448.0000 (51335603) < i_fpu_b = 71559471104.0000 (51854a37) = o_comp_less (1) | Expected (1)
[PASS] i_fpu_a = 26073182208.0000 (50c242a6) < i_fpu_b = -4892997632.0000 (cf91d29c) = o_comp_less (0) | Expected (0)
[PASS] i_fpu_a = 43550248960.0000 (51223cc1) < i_fpu_b = 162181185536.0000 (52170b02) = o_comp_less (1) | Expected (1)
[PASS] i_fpu_a = 31750995968.0000 (50ec9038) < i_fpu_b = 40225611776.0000 (5115da22) = o_comp_less (1) | Expected (1)
[PASS] i_fpu_a = 39097700352.0000 (5111a679) < i_fpu_b = 180643872768.0000 (52283cdb) = o_comp_less (1) | Expected (1)
[PASS] i_fpu_a = 28048828416.0000 (50d0fae5) < i_fpu_b = 157759127552.0000 (5212ecb5) = o_comp_less (1) | Expected (1)
[PASS] i_fpu_a = 24910796800.0000 (50b99993) < i_fpu_b = 73386065920.0000 (5188b134) = o_comp_less (1) | Expected (1)
[PASS] i_fpu_a = 3415610624.0000 (4f4b9615) < i_fpu_b = 205335117824.0000 (523f3bb5) = o_comp_less (1) | Expected (1)
[PASS] i_fpu_a = 10339580928.0000 (501a125f) < i_fpu_b = 103798390784.0000 (51c156ee) = o_comp_less (1) | Expected (1)
[PASS] i_fpu_a = 4412381696.0000 (4f837fcd) < i_fpu_b = 139421319168.0000 (5201d8a2) = o_comp_less (1) | Expected (1)
[PASS] i_fpu_a = 16611972096.0000 (507789a5) < i_fpu_b = 151632609280.0000 (520d3808) = o_comp_less (1) | Expected (1)
[PASS] i_fpu_a = 30298535936.0000 (50e1bddf) < i_fpu_b = 41023959040.0000 (5118d37f) = o_comp_less (1) | Expected (1)
[PASS] i_fpu_a = 48452837376.0000 (5134803a) < i_fpu_b = 119115612160.0000 (51dddec0) = o_comp_less (1) | Expected (1)
[PASS] i_fpu_a = 32683413504.0000 (50f382aa) < i_fpu_b = 29357469696.0000 (50dabaee) = o_comp_less (0) | Expected (0)
[PASS] i_fpu_a = 19070238720.0000 (508e1598) < i_fpu_b = 12773975040.0000 (503e58d9) = o_comp_less (0) | Expected (0)
[PASS] i_fpu_a = 34994200576.0000 (51025d12) < i_fpu_b = 28304091136.0000 (50d2e1c5) = o_comp_less (0) | Expected (0)
[PASS] i_fpu_a = 30482731008.0000 (50e31d32) < i_fpu_b = -9417263104.0000 (d00c5402) = o_comp_less (0) | Expected (0)
[PASS] i_fpu_a = 18507046912.0000 (5089e364) < i_fpu_b = 114574565376.0000 (51d56969) = o_comp_less (1) | Expected (1)
[PASS] i_fpu_a = 13291737088.0000 (50460ff4) < i_fpu_b = 19886538752.0000 (50942a90) = o_comp_less (1) | Expected (1)
[PASS] i_fpu_a = 2656513280.0000 (4f1e572d) < i_fpu_b = 87762747392.0000 (51a3788a) = o_comp_less (1) | Expected (1)
[PASS] i_fpu_a = 28456349696.0000 (50d4042e) < i_fpu_b = 77251076096.0000 (518fe42f) = o_comp_less (1) | Expected (1)
[PASS] i_fpu_a = 36912615424.0000 (5109829d) < i_fpu_b = 132935139328.0000 (51f79c6a) = o_comp_less (1) | Expected (1)
[PASS] i_fpu_a = 12106226688.0000 (50346597) < i_fpu_b = 106576961536.0000 (51c683db) = o_comp_less (1) | Expected (1)
[PASS] i_fpu_a = 15019423744.0000 (505fce8e) < i_fpu_b = 193501364224.0000 (52343652) = o_comp_less (1) | Expected (1)
[PASS] i_fpu_a = 37072437248.0000 (510a1b08) < i_fpu_b = 56197468160.0000 (51515a15) = o_comp_less (1) | Expected (1)
[PASS] i_fpu_a = 4682658304.0000 (4f8b8dd9) < i_fpu_b = -21804904448.0000 (d0a2758e) = o_comp_less (0) | Expected (0)
[PASS] i_fpu_a = 17300299776.0000 (5080e5b4) < i_fpu_b = -6373732352.0000 (cfbdf3b8) = o_comp_less (0) | Expected (0)
[PASS] i_fpu_a = 1681074944.0000 (4ec86656) < i_fpu_b = 72896913408.0000 (5187c7f5) = o_comp_less (1) | Expected (1)
[PASS] i_fpu_a = 7954966016.0000 (4fed1393) < i_fpu_b = 94855127040.0000 (51b0ae73) = o_comp_less (1) | Expected (1)
[PASS] i_fpu_a = 46216421376.0000 (512c2b6a) < i_fpu_b = 174728822784.0000 (5222ba99) = o_comp_less (1) | Expected (1)
[PASS] i_fpu_a = 20325566464.0000 (50976ff1) < i_fpu_b = 49613758464.0000 (5138d35e) = o_comp_less (1) | Expected (1)
[PASS] i_fpu_a = 502221472.0000 (4def7a55) < i_fpu_b = 26732060672.0000 (50c72b5c) = o_comp_less (1) | Expected (1)
[PASS] i_fpu_a = 7211859968.0000 (4fd6ee20) < i_fpu_b = -17152198656.0000 (d07f9672) = o_comp_less (0) | Expected (0)
[PASS] i_fpu_a = 870252096.0000 (4e4f7bf9) < i_fpu_b = 177597317120.0000 (52256680) = o_comp_less (1) | Expected (1)
[PASS] i_fpu_a = 10301187072.0000 (50197fe9) < i_fpu_b = 93188227072.0000 (51ad939c) = o_comp_less (1) | Expected (1)
[PASS] i_fpu_a = 6327406592.0000 (4fbc9248) < i_fpu_b = 97011646464.0000 (51b4b2c2) = o_comp_less (1) | Expected (1)
[PASS] i_fpu_a = 10986887168.0000 (5023b7a6) < i_fpu_b = 193390280704.0000 (52341bd6) = o_comp_less (1) | Expected (1)
[PASS] i_fpu_a = 9377782784.0000 (500bbd67) < i_fpu_b = -18172160000.0000 (d08764a5) = o_comp_less (0) | Expected (0)
[PASS] i_fpu_a = 20478932992.0000 (50989477) < i_fpu_b = 180143456256.0000 (5227c58c) = o_comp_less (1) | Expected (1)
[PASS] i_fpu_a = 3483931392.0000 (4f4fa893) < i_fpu_b = 112116998144.0000 (51d0d58d) = o_comp_less (1) | Expected (1)
[PASS] i_fpu_a = 5567880704.0000 (4fa5ef8f) < i_fpu_b = 157928521728.0000 (52131518) = o_comp_less (1) | Expected (1)
[PASS] i_fpu_a = 42757074944.0000 (511f4853) < i_fpu_b = 164585340928.0000 (52194834) = o_comp_less (1) | Expected (1)
[PASS] i_fpu_a = 17566050304.0000 (5082e095) < i_fpu_b = 139284594688.0000 (5201b809) = o_comp_less (1) | Expected (1)
[PASS] i_fpu_a = 16181308416.0000 (50711ecb) < i_fpu_b = 69366407168.0000 (5181347b) = o_comp_less (1) | Expected (1)
[PASS] i_fpu_a = 45409468416.0000 (512929d8) < i_fpu_b = 104468971520.0000 (51c296b0) = o_comp_less (1) | Expected (1)
[PASS] i_fpu_a = 41160945664.0000 (51195623) < i_fpu_b = 198740000768.0000 (5239174f) = o_comp_less (1) | Expected (1)
[PASS] i_fpu_a = 19368402944.0000 (50904e4c) < i_fpu_b = 44236271616.0000 (5124caff) = o_comp_less (1) | Expected (1)
[PASS] i_fpu_a = 19790458880.0000 (5093734e) < i_fpu_b = 52996907008.0000 (51456dca) = o_comp_less (1) | Expected (1)
[PASS] i_fpu_a = -316264192.0000 (cd96ce78) < i_fpu_b = 206227226624.0000 (52401067) = o_comp_less (1) | Expected (1)
[PASS] i_fpu_a = 44878864384.0000 (51272fd2) < i_fpu_b = 25368981504.0000 (50bd037e) = o_comp_less (0) | Expected (0)
[PASS] i_fpu_a = 15744496640.0000 (506a9c7d) < i_fpu_b = 115511222272.0000 (51d7280b) = o_comp_less (1) | Expected (1)
[PASS] i_fpu_a = 26584295424.0000 (50c61185) < i_fpu_b = 119379984384.0000 (51de5cd0) = o_comp_less (1) | Expected (1)
[PASS] i_fpu_a = 36593172480.0000 (510851f8) < i_fpu_b = 168078344192.0000 (521c8900) = o_comp_less (1) | Expected (1)
[PASS] i_fpu_a = 13578760192.0000 (504a56dc) < i_fpu_b = -6293914112.0000 (cfbb92c1) = o_comp_less (0) | Expected (0)
[PASS] i_fpu_a = 22688669696.0000 (50a90b34) < i_fpu_b = 201636560896.0000 (523bc9e7) = o_comp_less (1) | Expected (1)
[PASS] i_fpu_a = 1357981952.0000 (4ea1e252) < i_fpu_b = -6771281920.0000 (cfc9ccc8) = o_comp_less (0) | Expected (0)
[PASS] i_fpu_a = 7695549952.0000 (4fe55863) < i_fpu_b = 159597641728.0000 (5214a30b) = o_comp_less (1) | Expected (1)
[PASS] i_fpu_a = 49306480640.0000 (5137ae53) < i_fpu_b = 16461914112.0000 (50754d38) = o_comp_less (0) | Expected (0)
[PASS] i_fpu_a = 35913908224.0000 (5105ca2c) < i_fpu_b = 159903645696.0000 (5214ec00) = o_comp_less (1) | Expected (1)
[PASS] i_fpu_a = 30678673408.0000 (50e492ed) < i_fpu_b = 145112236032.0000 (52072574) = o_comp_less (1) | Expected (1)
[PASS] i_fpu_a = 47486943232.0000 (5130e714) < i_fpu_b = 136858189824.0000 (51feeb12) = o_comp_less (1) | Expected (1)
[PASS] i_fpu_a = 47394279424.0000 (51308eb5) < i_fpu_b = 58157268992.0000 (5158a718) = o_comp_less (1) | Expected (1)
[PASS] i_fpu_a = 34649124864.0000 (510113fb) < i_fpu_b = 3394475776.0000 (4f4a5397) = o_comp_less (0) | Expected (0)
[PASS] i_fpu_a = 46108069888.0000 (512bc415) < i_fpu_b = 217159286784.0000 (524a3ecf) = o_comp_less (1) | Expected (1)
[PASS] i_fpu_a = 2460375040.0000 (4f12a658) < i_fpu_b = 99572088832.0000 (51b977ac) = o_comp_less (1) | Expected (1)
[PASS] i_fpu_a = 27813754880.0000 (50cf3a87) < i_fpu_b = 211505233920.0000 (5244fac7) = o_comp_less (1) | Expected (1)
[PASS] i_fpu_a = 49376636928.0000 (5137f13b) < i_fpu_b = 162052964352.0000 (5216ec70) = o_comp_less (1) | Expected (1)
[PASS] i_fpu_a = -540321408.0000 (ce00d29a) < i_fpu_b = 41898278912.0000 (511c1550) = o_comp_less (1) | Expected (1)
[PASS] i_fpu_a = 35273400320.0000 (51036756) < i_fpu_b = 168309145600.0000 (521cc007) = o_comp_less (1) | Expected (1)
[PASS] i_fpu_a = 44324921344.0000 (51251f8a) < i_fpu_b = 151000580096.0000 (520ca158) = o_comp_less (1) | Expected (1)
[PASS] i_fpu_a = 49328881664.0000 (5137c3b0) < i_fpu_b = 128468533248.0000 (51ef4a92) = o_comp_less (1) | Expected (1)
[PASS] i_fpu_a = 18760880128.0000 (508bc78a) < i_fpu_b = 198133694464.0000 (523886c1) = o_comp_less (1) | Expected (1)
[PASS] i_fpu_a = 38693679104.0000 (5110252b) < i_fpu_b = 33917134848.0000 (50fcb3cd) = o_comp_less (0) | Expected (0)
[PASS] i_fpu_a = 19571990528.0000 (5091d29c) < i_fpu_b = 154100744192.0000 (520f847b) = o_comp_less (1) | Expected (1)
[PASS] i_fpu_a = 48116158464.0000 (51333f25) < i_fpu_b = 14497127424.0000 (50580627) = o_comp_less (0) | Expected (0)
[PASS] i_fpu_a = 38943617024.0000 (51111387) < i_fpu_b = 219355906048.0000 (524c4a86) = o_comp_less (1) | Expected (1)
[PASS] i_fpu_a = 15905899520.0000 (506d0431) < i_fpu_b = -14701737984.0000 (d05b12ae) = o_comp_less (0) | Expected (0)
[PASS] i_fpu_a = 19649943552.0000 (5092674b) < i_fpu_b = 59724316672.0000 (515e7d8c) = o_comp_less (1) | Expected (1)
[PASS] i_fpu_a = 9997022208.0000 (5014f79d) < i_fpu_b = 59359285248.0000 (515d216d) = o_comp_less (1) | Expected (1)
[PASS] i_fpu_a = 33017153536.0000 (50f5ff39) < i_fpu_b = 26812282880.0000 (50c7c45f) = o_comp_less (0) | Expected (0)
[PASS] i_fpu_a = 6487616512.0000 (4fc15896) < i_fpu_b = 130131156992.0000 (51f2635f) = o_comp_less (1) | Expected (1)
[PASS] i_fpu_a = 760284864.0000 (4e35441b) < i_fpu_b = 104575565824.0000 (51c2c984) = o_comp_less (1) | Expected (1)
[PASS] i_fpu_a = 15690322944.0000 (5069cdd5) < i_fpu_b = 165161943040.0000 (5219d1ad) = o_comp_less (1) | Expected (1)
[PASS] i_fpu_a = 7889210368.0000 (4feb1de6) < i_fpu_b = 1320814848.0000 (4e9d7412) = o_comp_less (0) | Expected (0)
[PASS] i_fpu_a = 4345252352.0000 (4f817fa5) < i_fpu_b = 203705745408.0000 (523db73c) = o_comp_less (1) | Expected (1)
[PASS] i_fpu_a = 20356622336.0000 (5097ab2d) < i_fpu_b = 15957698560.0000 (506dc9ca) = o_comp_less (0) | Expected (0)
[PASS] i_fpu_a = 2901123584.0000 (4f2ceba2) < i_fpu_b = 111247056896.0000 (51cf36bb) = o_comp_less (1) | Expected (1)
[PASS] i_fpu_a = 49911824384.0000 (5139efa0) < i_fpu_b = 8798686208.0000 (50031c53) = o_comp_less (0) | Expected (0)
[PASS] i_fpu_a = 5413214208.0000 (4fa1538c) < i_fpu_b = 196965597184.0000 (52377042) = o_comp_less (1) | Expected (1)
[PASS] i_fpu_a = 338225664.0000 (4da14750) < i_fpu_b = 117347753984.0000 (51da93c5) = o_comp_less (1) | Expected (1)
[PASS] i_fpu_a = 33565523968.0000 (50fa1528) < i_fpu_b = -10537753600.0000 (d01d0657) = o_comp_less (0) | Expected (0)
[PASS] i_fpu_a = 3198779392.0000 (4f3ea980) < i_fpu_b = 106642030592.0000 (51c6a2e2) = o_comp_less (1) | Expected (1)
[PASS] i_fpu_a = 14426350592.0000 (5056f829) < i_fpu_b = 16523795456.0000 (50763947) = o_comp_less (1) | Expected (1)
[PASS] i_fpu_a = 23498387456.0000 (50af139e) < i_fpu_b = 78921547776.0000 (519300ba) = o_comp_less (1) | Expected (1)
[PASS] i_fpu_a = 21557141504.0000 (50a09cfc) < i_fpu_b = 185002131456.0000 (522c4bf2) = o_comp_less (1) | Expected (1)
[PASS] i_fpu_a = 583680512.0000 (4e0b2908) < i_fpu_b = 218399571968.0000 (524b6684) = o_comp_less (1) | Expected (1)
[PASS] i_fpu_a = 46149033984.0000 (512beb26) < i_fpu_b = 166564593664.0000 (521b2018) = o_comp_less (1) | Expected (1)
[PASS] i_fpu_a = 16644253696.0000 (507804ca) < i_fpu_b = 120657141760.0000 (51e0bdcf) = o_comp_less (1) | Expected (1)
[PASS] i_fpu_a = -331577280.0000 (cd9e1bbe) < i_fpu_b = 154970505216.0000 (521053d9) = o_comp_less (1) | Expected (1)
[PASS] i_fpu_a = 14905567232.0000 (505e1c3a) < i_fpu_b = 30467244032.0000 (50e2ffa8) = o_comp_less (1) | Expected (1)
[PASS] i_fpu_a = 38230769664.0000 (510e6bb4) < i_fpu_b = -12556715008.0000 (d03b1c11) = o_comp_less (0) | Expected (0)
[PASS] i_fpu_a = 9257108480.0000 (5009f111) < i_fpu_b = 203007967232.0000 (523d10df) = o_comp_less (1) | Expected (1)
[PASS] i_fpu_a = 36609863680.0000 (510861e3) < i_fpu_b = 147057786880.0000 (5208f54f) = o_comp_less (1) | Expected (1)
[PASS] i_fpu_a = 23440001024.0000 (50aea441) < i_fpu_b = 2530128896.0000 (4f16ceb4) = o_comp_less (0) | Expected (0)
[PASS] i_fpu_a = 30107580416.0000 (50e051a7) < i_fpu_b = 13076898816.0000 (5042dc69) = o_comp_less (0) | Expected (0)
[PASS] i_fpu_a = 12179368960.0000 (50357c9b) < i_fpu_b = 205434699776.0000 (523f5373) = o_comp_less (1) | Expected (1)
[PASS] i_fpu_a = 37435301888.0000 (510b7516) < i_fpu_b = 75370102784.0000 (518c6344) = o_comp_less (1) | Expected (1)
[PASS] i_fpu_a = 3471197184.0000 (4f4ee644) < i_fpu_b = 179807748096.0000 (52277582) = o_comp_less (1) | Expected (1)
[PASS] i_fpu_a = -1019865600.0000 (ce7327a8) < i_fpu_b = 185648824320.0000 (522ce621) = o_comp_less (1) | Expected (1)
[PASS] i_fpu_a = 1007154496.0000 (4e701fd5) < i_fpu_b = 60256075776.0000 (516078ac) = o_comp_less (1) | Expected (1)
[PASS] i_fpu_a = 18584440832.0000 (508a7702) < i_fpu_b = 118792380416.0000 (51dd449f) = o_comp_less (1) | Expected (1)
[PASS] i_fpu_a = 16761511936.0000 (5079c418) < i_fpu_b = 204231606272.0000 (523e349c) = o_comp_less (1) | Expected (1)
[PASS] i_fpu_a = 14424237056.0000 (5056f019) < i_fpu_b = 206025293824.0000 (523fe042) = o_comp_less (1) | Expected (1)
[PASS] i_fpu_a = 27493105664.0000 (50ccd6f0) < i_fpu_b = 147780681728.0000 (5209a1a9) = o_comp_less (1) | Expected (1)
[PASS] i_fpu_a = 35452309504.0000 (510411f5) < i_fpu_b = 133910913024.0000 (51f96db3) = o_comp_less (1) | Expected (1)
[PASS] i_fpu_a = 41570394112.0000 (511adc9e) < i_fpu_b = 45680971776.0000 (512a2cc5) = o_comp_less (1) | Expected (1)
[PASS] i_fpu_a = 14053634048.0000 (50516a5c) < i_fpu_b = 126749777920.0000 (51ec1701) = o_comp_less (1) | Expected (1)
[PASS] i_fpu_a = 1638312064.0000 (4ec34d51) < i_fpu_b = 165803081728.0000 (521a6a89) = o_comp_less (1) | Expected (1)
[PASS] i_fpu_a = 970700672.0000 (4e676ede) < i_fpu_b = 177110106112.0000 (5224f257) = o_comp_less (1) | Expected (1)
[PASS] i_fpu_a = 11352511488.0000 (50292a65) < i_fpu_b = 215950245888.0000 (52491e8d) = o_comp_less (1) | Expected (1)
[PASS] i_fpu_a = 23670593536.0000 (50b05c13) < i_fpu_b = 149944811520.0000 (520ba5a1) = o_comp_less (1) | Expected (1)
[PASS] i_fpu_a = 45889236992.0000 (512af363) < i_fpu_b = 204962611200.0000 (523ee2e5) = o_comp_less (1) | Expected (1)
[PASS] i_fpu_a = 7057601536.0000 (4fd2553a) < i_fpu_b = 186394263552.0000 (522d97db) = o_comp_less (1) | Expected (1)
[PASS] i_fpu_a = -612450496.0000 (ce120503) < i_fpu_b = 77812375552.0000 (5190efd5) = o_comp_less (1) | Expected (1)
[PASS] i_fpu_a = 1594899328.0000 (4ebe2077) < i_fpu_b = -17600913408.0000 (d0832314) = o_comp_less (0) | Expected (0)
[PASS] i_fpu_a = 8243701760.0000 (4ff5ae74) < i_fpu_b = 108778897408.0000 (51ca9dd2) = o_comp_less (1) | Expected (1)
[PASS] i_fpu_a = 1572714240.0000 (4ebb7b6e) < i_fpu_b = 47444230144.0000 (5130be58) = o_comp_less (1) | Expected (1)
[PASS] i_fpu_a = 21117847552.0000 (509d5719) < i_fpu_b = 10159804416.0000 (50176494) = o_comp_less (0) | Expected (0)
[PASS] i_fpu_a = 30756259840.0000 (50e526e9) < i_fpu_b = 193966915584.0000 (5234a551) = o_comp_less (1) | Expected (1)
[PASS] i_fpu_a = 26588160000.0000 (50c618e4) < i_fpu_b = 77972152320.0000 (51913c05) = o_comp_less (1) | Expected (1)
[PASS] i_fpu_a = 47280250880.0000 (513021f6) < i_fpu_b = 77903462400.0000 (51911b44) = o_comp_less (1) | Expected (1)
[PASS] i_fpu_a = 37782355968.0000 (510cc010) < i_fpu_b = 79887245312.0000 (5194cd35) = o_comp_less (1) | Expected (1)
[PASS] i_fpu_a = 23674511360.0000 (50b0638c) < i_fpu_b = 55580672000.0000 (514f0ddc) = o_comp_less (1) | Expected (1)
[PASS] i_fpu_a = 39531356160.0000 (5113440a) < i_fpu_b = 4841792512.0000 (4f904bf2) = o_comp_less (0) | Expected (0)
[PASS] i_fpu_a = 7527782400.0000 (4fe0586c) < i_fpu_b = -11760431104.0000 (d02f3e7c) = o_comp_less (0) | Expected (0)
[PASS] i_fpu_a = 31758069760.0000 (50ec9db6) < i_fpu_b = 188724903936.0000 (522fc386) = o_comp_less (1) | Expected (1)
[PASS] i_fpu_a = 46670118912.0000 (512ddc18) < i_fpu_b = 79158640640.0000 (519371c8) = o_comp_less (1) | Expected (1)
[PASS] i_fpu_a = 30308706304.0000 (50e1d145) < i_fpu_b = 151038525440.0000 (520caa64) = o_comp_less (1) | Expected (1)
[PASS] i_fpu_a = 48443645952.0000 (51347776) < i_fpu_b = 206741962752.0000 (52408b20) = o_comp_less (1) | Expected (1)
[PASS] i_fpu_a = 28072966144.0000 (50d128ef) < i_fpu_b = 40792604672.0000 (5117f6dc) = o_comp_less (1) | Expected (1)
[PASS] i_fpu_a = 27954999296.0000 (50d047ee) < i_fpu_b = 34072668160.0000 (50fddc75) = o_comp_less (1) | Expected (1)
[PASS] i_fpu_a = 46742437888.0000 (512e2110) < i_fpu_b = 2196407296.0000 (4f02ea84) = o_comp_less (0) | Expected (0)
[PASS] i_fpu_a = 13072295936.0000 (5042cada) < i_fpu_b = 31356516352.0000 (50e99fcf) = o_comp_less (1) | Expected (1)
[PASS] i_fpu_a = 9399488512.0000 (500c1034) < i_fpu_b = 87054041088.0000 (51a2269a) = o_comp_less (1) | Expected (1)
[PASS] i_fpu_a = 18747592704.0000 (508bae32) < i_fpu_b = 119052550144.0000 (51ddc0ae) = o_comp_less (1) | Expected (1)
[PASS] i_fpu_a = 857432192.0000 (4e4c6d82) < i_fpu_b = 9306780672.0000 (500aae8d) = o_comp_less (1) | Expected (1)
[PASS] i_fpu_a = 47478923264.0000 (5130df6e) < i_fpu_b = 35310555136.0000 (51038ac5) = o_comp_less (0) | Expected (0)
[PASS] i_fpu_a = 45240426496.0000 (512888a2) < i_fpu_b = 67566411776.0000 (517bb45a) = o_comp_less (1) | Expected (1)
[PASS] i_fpu_a = 21630539776.0000 (50a128fb) < i_fpu_b = 3422640128.0000 (4f4c0158) = o_comp_less (0) | Expected (0)
[PASS] i_fpu_a = 38086615040.0000 (510de23a) < i_fpu_b = 67240407040.0000 (517a7d73) = o_comp_less (1) | Expected (1)
[PASS] i_fpu_a = 49997787136.0000 (513a419b) < i_fpu_b = 163716104192.0000 (521878f6) = o_comp_less (1) | Expected (1)
[PASS] i_fpu_a = 46764613632.0000 (512e3636) < i_fpu_b = 93994663936.0000 (51af1426) = o_comp_less (1) | Expected (1)
[PASS] i_fpu_a = 47528554496.0000 (51310ec3) < i_fpu_b = 141397262336.0000 (5203afbc) = o_comp_less (1) | Expected (1)
[PASS] i_fpu_a = 29356929024.0000 (50dab9e6) < i_fpu_b = 69083725824.0000 (5180adb0) = o_comp_less (1) | Expected (1)
[PASS] i_fpu_a = 35810848768.0000 (510567e3) < i_fpu_b = 198979567616.0000 (5239506d) = o_comp_less (1) | Expected (1)
[PASS] i_fpu_a = 7203089408.0000 (4fd6ab36) < i_fpu_b = 122824597504.0000 (51e4c755) = o_comp_less (1) | Expected (1)
[PASS] i_fpu_a = 2884355584.0000 (4f2bebc6) < i_fpu_b = 117529026560.0000 (51daea35) = o_comp_less (1) | Expected (1)
[PASS] i_fpu_a = 12715439104.0000 (503d798d) < i_fpu_b = 43769790464.0000 (51230e20) = o_comp_less (1) | Expected (1)
[PASS] i_fpu_a = 36278628352.0000 (510725ff) < i_fpu_b = 62154428416.0000 (51678b15) = o_comp_less (1) | Expected (1)
[PASS] i_fpu_a = 23085404160.0000 (50abffea) < i_fpu_b = 77831962624.0000 (5190f92c) = o_comp_less (1) | Expected (1)
[PASS] i_fpu_a = 38967242752.0000 (51112a0f) < i_fpu_b = -8069578240.0000 (cff07dff) = o_comp_less (0) | Expected (0)
[PASS] i_fpu_a = 41026703360.0000 (5118d61d) < i_fpu_b = 14438514688.0000 (50572690) = o_comp_less (0) | Expected (0)
[PASS] i_fpu_a = 24489377792.0000 (50b675c8) < i_fpu_b = 86576398336.0000 (51a142d8) = o_comp_less (1) | Expected (1)
[PASS] i_fpu_a = 16404187136.0000 (50747102) < i_fpu_b = 104715034624.0000 (51c30c05) = o_comp_less (1) | Expected (1)
[PASS] i_fpu_a = 19826937856.0000 (5093b8e2) < i_fpu_b = 35245334528.0000 (51034c92) = o_comp_less (1) | Expected (1)
[PASS] i_fpu_a = 20452241408.0000 (5098618e) < i_fpu_b = 117382070272.0000 (51daa422) = o_comp_less (1) | Expected (1)
[PASS] i_fpu_a = 38188433408.0000 (510e4354) < i_fpu_b = 177116102656.0000 (5224f3c5) = o_comp_less (1) | Expected (1)
[PASS] i_fpu_a = 23497048064.0000 (50af1110) < i_fpu_b = 112461144064.0000 (51d179a7) = o_comp_less (1) | Expected (1)
[PASS] i_fpu_a = 35339489280.0000 (5103a65d) < i_fpu_b = 182032760832.0000 (522987fe) = o_comp_less (1) | Expected (1)
[PASS] i_fpu_a = 48863952896.0000 (5136084c) < i_fpu_b = -22508926976.0000 (d0a7b45f) = o_comp_less (0) | Expected (0)
[PASS] i_fpu_a = 32840128512.0000 (50f4ad93) < i_fpu_b = 57155735552.0000 (5154ebf5) = o_comp_less (1) | Expected (1)
[PASS] i_fpu_a = 39553892352.0000 (51135988) < i_fpu_b = 140138102784.0000 (52028387) = o_comp_less (1) | Expected (1)
[PASS] i_fpu_a = -493003712.0000 (cdeb151e) < i_fpu_b = 65204740096.0000 (5172e816) = o_comp_less (1) | Expected (1)
[PASS] i_fpu_a = 34428403712.0000 (5100417c) < i_fpu_b = 12427947008.0000 (503930db) = o_comp_less (0) | Expected (0)
[PASS] i_fpu_a = 38660288512.0000 (51100553) < i_fpu_b = 78861803520.0000 (5192e43d) = o_comp_less (1) | Expected (1)
[PASS] i_fpu_a = 43405357056.0000 (5121b293) < i_fpu_b = 27062118400.0000 (50c9a0e5) = o_comp_less (0) | Expected (0)
[PASS] i_fpu_a = 35574968320.0000 (510486ef) < i_fpu_b = 131117719552.0000 (51f439cd) = o_comp_less (1) | Expected (1)
[PASS] i_fpu_a = 6477454848.0000 (4fc10b0f) < i_fpu_b = 134562004992.0000 (51faa42a) = o_comp_less (1) | Expected (1)
[PASS] i_fpu_a = 26078699520.0000 (50c24d2c) < i_fpu_b = -15079204864.0000 (d060b29a) = o_comp_less (0) | Expected (0)
[PASS] i_fpu_a = 46474133504.0000 (512d2130) < i_fpu_b = 32477542400.0000 (50f1f9ff) = o_comp_less (0) | Expected (0)
[PASS] i_fpu_a = 33474205696.0000 (50f966fb) < i_fpu_b = 86937526272.0000 (51a1ef0b) = o_comp_less (1) | Expected (1)
[PASS] i_fpu_a = 41452208128.0000 (511a6be8) < i_fpu_b = 128649183232.0000 (51efa0b6) = o_comp_less (1) | Expected (1)
[PASS] i_fpu_a = 32675962880.0000 (50f37474) < i_fpu_b = 51031863296.0000 (513e1bc7) = o_comp_less (1) | Expected (1)
[PASS] i_fpu_a = 11177949184.0000 (5026907e) < i_fpu_b = 140804882432.0000 (52032280) = o_comp_less (1) | Expected (1)
[PASS] i_fpu_a = 44041084928.0000 (512410da) < i_fpu_b = 56747528192.0000 (515366a9) = o_comp_less (1) | Expected (1)
[PASS] i_fpu_a = 18646708224.0000 (508aedc6) < i_fpu_b = 57668812800.0000 (5156d544) = o_comp_less (1) | Expected (1)
[PASS] i_fpu_a = 42730676224.0000 (511f2f26) < i_fpu_b = 161528840192.0000 (52166f7a) = o_comp_less (1) | Expected (1)
[PASS] i_fpu_a = 16092062720.0000 (506fca59) < i_fpu_b = 210394857472.0000 (5243f20b) = o_comp_less (1) | Expected (1)
[PASS] i_fpu_a = 4608744960.0000 (4f8959ef) < i_fpu_b = 130382897152.0000 (51f2db69) = o_comp_less (1) | Expected (1)
[PASS] i_fpu_a = 41154367488.0000 (51194fdd) < i_fpu_b = 3062873088.0000 (4f368fbc) = o_comp_less (0) | Expected (0)
[PASS] i_fpu_a = 23534039040.0000 (50af579e) < i_fpu_b = 59100508160.0000 (515c2aa3) = o_comp_less (1) | Expected (1)
[PASS] i_fpu_a = 9170663424.0000 (5008a74e) < i_fpu_b = 141040959488.0000 (52035ac9) = o_comp_less (1) | Expected (1)
[PASS] i_fpu_a = 6152074752.0000 (4fb7589b) < i_fpu_b = 106497433600.0000 (51c65def) = o_comp_less (1) | Expected (1)
[PASS] i_fpu_a = 27874363392.0000 (50cfae21) < i_fpu_b = 121773850624.0000 (51e2d24c) = o_comp_less (1) | Expected (1)
[PASS] i_fpu_a = 13510908928.0000 (50495407) < i_fpu_b = 122792722432.0000 (51e4b822) = o_comp_less (1) | Expected (1)
[PASS] i_fpu_a = 36564480000.0000 (5108369b) < i_fpu_b = 126443372544.0000 (51eb84e6) = o_comp_less (1) | Expected (1)
[PASS] i_fpu_a = 39793901568.0000 (51143e6c) < i_fpu_b = 192178405376.0000 (5232fae7) = o_comp_less (1) | Expected (1)
[PASS] i_fpu_a = 42283274240.0000 (511d8479) < i_fpu_b = 146284756992.0000 (52083d01) = o_comp_less (1) | Expected (1)
[PASS] i_fpu_a = 32580593664.0000 (50f2be8d) < i_fpu_b = 21226565632.0000 (509e2676) = o_comp_less (0) | Expected (0)
[PASS] i_fpu_a = 25905379328.0000 (50c10297) < i_fpu_b = 25929777152.0000 (50c13120) = o_comp_less (1) | Expected (1)
[PASS] i_fpu_a = -892145728.0000 (ce54b441) < i_fpu_b = 167346896896.0000 (521bda9c) = o_comp_less (1) | Expected (1)
[PASS] i_fpu_a = 17889783808.0000 (50854a0e) < i_fpu_b = 96413573120.0000 (51b39593) = o_comp_less (1) | Expected (1)
[PASS] i_fpu_a = 24777537536.0000 (50b89b67) < i_fpu_b = 100795416576.0000 (51bbbf00) = o_comp_less (1) | Expected (1)
[PASS] i_fpu_a = -213096864.0000 (cd4b399a) < i_fpu_b = 122029752320.0000 (51e34c52) = o_comp_less (1) | Expected (1)
[PASS] i_fpu_a = 40040771584.0000 (511529db) < i_fpu_b = 74883891200.0000 (518b7b6c) = o_comp_less (1) | Expected (1)
[PASS] i_fpu_a = 29068187648.0000 (50d8932b) < i_fpu_b = 81043546112.0000 (5196f493) = o_comp_less (1) | Expected (1)
[PASS] i_fpu_a = 21100191744.0000 (509d356c) < i_fpu_b = 124401065984.0000 (51e7b70d) = o_comp_less (1) | Expected (1)
[PASS] i_fpu_a = 33276827648.0000 (50f7ee83) < i_fpu_b = 95050997760.0000 (51b10bd9) = o_comp_less (1) | Expected (1)
[PASS] i_fpu_a = 47637848064.0000 (513176fe) < i_fpu_b = 216935514112.0000 (524a0975) = o_comp_less (1) | Expected (1)
[PASS] i_fpu_a = 42395222016.0000 (511def3c) < i_fpu_b = 212807057408.0000 (52463128) = o_comp_less (1) | Expected (1)
[PASS] i_fpu_a = 30489620480.0000 (50e32a56) < i_fpu_b = 119621435392.0000 (51decff2) = o_comp_less (1) | Expected (1)
[PASS] i_fpu_a = 48272134144.0000 (5133d3e5) < i_fpu_b = 32502816768.0000 (50f22a34) = o_comp_less (0) | Expected (0)
[PASS] i_fpu_a = 41559052288.0000 (511ad1cd) < i_fpu_b = 95343435776.0000 (51b1974b) = o_comp_less (1) | Expected (1)
[PASS] i_fpu_a = 15785667584.0000 (506b398b) < i_fpu_b = 199549272064.0000 (5239d841) = o_comp_less (1) | Expected (1)
[PASS] i_fpu_a = 6106240512.0000 (4fb5faeb) < i_fpu_b = 101003812864.0000 (51bc225f) = o_comp_less (1) | Expected (1)
[PASS] i_fpu_a = 17596977152.0000 (50831b92) < i_fpu_b = 4826444288.0000 (4f8fd6d9) = o_comp_less (0) | Expected (0)
[PASS] i_fpu_a = 48611946496.0000 (513517f7) < i_fpu_b = -16312956928.0000 (d07314fe) = o_comp_less (0) | Expected (0)
[PASS] i_fpu_a = 36901806080.0000 (5109784e) < i_fpu_b = 68483076096.0000 (517f1e8d) = o_comp_less (1) | Expected (1)
[PASS] i_fpu_a = 43559964672.0000 (51224605) < i_fpu_b = 95800983552.0000 (51b27178) = o_comp_less (1) | Expected (1)
[PASS] i_fpu_a = 11708156928.0000 (502e7713) < i_fpu_b = 36576477184.0000 (5108420c) = o_comp_less (1) | Expected (1)
[PASS] i_fpu_a = 44943470592.0000 (51276d6f) < i_fpu_b = 171521638400.0000 (521fbdf2) = o_comp_less (1) | Expected (1)
[PASS] i_fpu_a = 31233468416.0000 (50e8b51d) < i_fpu_b = 9507987456.0000 (500dae18) = o_comp_less (0) | Expected (0)
[PASS] i_fpu_a = 42923253760.0000 (511fe6ce) < i_fpu_b = -75767488.0000 (cc9083d8) = o_comp_less (0) | Expected (0)
[PASS] i_fpu_a = 17651535872.0000 (508383a2) < i_fpu_b = 180181549056.0000 (5227cea1) = o_comp_less (1) | Expected (1)
[PASS] i_fpu_a = 28658348032.0000 (50d58576) < i_fpu_b = 89630392320.0000 (51a6f31a) = o_comp_less (1) | Expected (1)
[PASS] i_fpu_a = 33885181952.0000 (50fc76db) < i_fpu_b = 119042744320.0000 (51ddbc01) = o_comp_less (1) | Expected (1)
[PASS] i_fpu_a = 677191296.0000 (4e21747a) < i_fpu_b = 131653656576.0000 (51f5395b) = o_comp_less (1) | Expected (1)
[PASS] i_fpu_a = 33074518016.0000 (50f66ca3) < i_fpu_b = 90574094336.0000 (51a8b518) = o_comp_less (1) | Expected (1)
[PASS] i_fpu_a = 45103214592.0000 (512805c7) < i_fpu_b = 90974167040.0000 (51a973dd) = o_comp_less (1) | Expected (1)
[PASS] i_fpu_a = 11475887104.0000 (502b0109) < i_fpu_b = -4294385152.0000 (cf7ff71e) = o_comp_less (0) | Expected (0)
[PASS] i_fpu_a = 38339870720.0000 (510ed3c0) < i_fpu_b = 11180866560.0000 (50269b9f) = o_comp_less (0) | Expected (0)
[PASS] i_fpu_a = 27020883968.0000 (50c9523f) < i_fpu_b = 198033784832.0000 (52386eef) = o_comp_less (1) | Expected (1)
[PASS] i_fpu_a = 21128329216.0000 (509d6b17) < i_fpu_b = 187663581184.0000 (522ec67c) = o_comp_less (1) | Expected (1)
[PASS] i_fpu_a = 34162395136.0000 (50fe8799) < i_fpu_b = 181333344256.0000 (5228e13d) = o_comp_less (1) | Expected (1)
[PASS] i_fpu_a = 43780362240.0000 (51231835) < i_fpu_b = 152718114816.0000 (520e3ad6) = o_comp_less (1) | Expected (1)
[PASS] i_fpu_a = 37572050944.0000 (510bf780) < i_fpu_b = 17992075264.0000 (50860d29) = o_comp_less (0) | Expected (0)
[PASS] i_fpu_a = 10537338880.0000 (501d04c2) < i_fpu_b = -4289166592.0000 (cf7fa77d) = o_comp_less (0) | Expected (0)
[PASS] i_fpu_a = 31456731136.0000 (50ea5ef4) < i_fpu_b = 1720450048.0000 (4ecd17f8) = o_comp_less (0) | Expected (0)
[PASS] i_fpu_a = 47849353216.0000 (513240b3) < i_fpu_b = 206749892608.0000 (52408d04) = o_comp_less (1) | Expected (1)
[PASS] i_fpu_a = 35230560256.0000 (51033e7b) < i_fpu_b = -6032944640.0000 (cfb3cbb7) = o_comp_less (0) | Expected (0)
[PASS] i_fpu_a = 10208936960.0000 (50182001) < i_fpu_b = 181851504640.0000 (52295cc7) = o_comp_less (1) | Expected (1)
[PASS] i_fpu_a = 31710844928.0000 (50ec43a3) < i_fpu_b = 8998262784.0000 (500615a6) = o_comp_less (0) | Expected (0)
[PASS] i_fpu_a = 49579089920.0000 (5138b24e) < i_fpu_b = -5631121408.0000 (cfa7d20c) = o_comp_less (0) | Expected (0)
[PASS] i_fpu_a = 20442288128.0000 (50984e92) < i_fpu_b = 93265928192.0000 (51adb8a9) = o_comp_less (1) | Expected (1)
[PASS] i_fpu_a = 21787154432.0000 (50a253b3) < i_fpu_b = 194593243136.0000 (52353aa5) = o_comp_less (1) | Expected (1)
[PASS] i_fpu_a = 40663257088.0000 (51177b81) < i_fpu_b = 136750145536.0000 (51feb78d) = o_comp_less (1) | Expected (1)
[PASS] i_fpu_a = 3692696064.0000 (4f5c1a12) < i_fpu_b = 33245648896.0000 (50f7b30b) = o_comp_less (1) | Expected (1)
[PASS] i_fpu_a = 26476089344.0000 (50c54322) < i_fpu_b = 179938361344.0000 (522794a6) = o_comp_less (1) | Expected (1)
[PASS] i_fpu_a = 17169598464.0000 (507fd8d2) < i_fpu_b = 133478498304.0000 (51f89f82) = o_comp_less (1) | Expected (1)
[PASS] i_fpu_a = 38744940544.0000 (5110560e) < i_fpu_b = 159613435904.0000 (5214a6cf) = o_comp_less (1) | Expected (1)
[PASS] i_fpu_a = 24057198592.0000 (50b33d77) < i_fpu_b = 563628032.0000 (4e066120) = o_comp_less (0) | Expected (0)
[PASS] i_fpu_a = 42601054208.0000 (511eb388) < i_fpu_b = 42118184960.0000 (511ce708) = o_comp_less (0) | Expected (0)
[PASS] i_fpu_a = 25023465472.0000 (50ba7079) < i_fpu_b = 162679930880.0000 (521781eb) = o_comp_less (1) | Expected (1)
[PASS] i_fpu_a = 16852844544.0000 (507b2080) < i_fpu_b = 91001610240.0000 (51a980f3) = o_comp_less (1) | Expected (1)
[PASS] i_fpu_a = 37704933376.0000 (510c763a) < i_fpu_b = 154263240704.0000 (520fab39) = o_comp_less (1) | Expected (1)
[PASS] i_fpu_a = 40883294208.0000 (51184d59) < i_fpu_b = 218617790464.0000 (524b9a8b) = o_comp_less (1) | Expected (1)
[PASS] i_fpu_a = 28029652992.0000 (50d0d652) < i_fpu_b = 138092036096.0000 (52009bb5) = o_comp_less (1) | Expected (1)
[PASS] i_fpu_a = 40372793344.0000 (5116667f) < i_fpu_b = -19326726144.0000 (d08ffece) = o_comp_less (0) | Expected (0)
[PASS] i_fpu_a = 32715087872.0000 (50f3bf14) < i_fpu_b = 150684614656.0000 (520c5603) = o_comp_less (1) | Expected (1)
[PASS] i_fpu_a = 44573712384.0000 (51260cce) < i_fpu_b = -9233570816.0000 (d0099747) = o_comp_less (0) | Expected (0)
[PASS] i_fpu_a = 49061482496.0000 (5136c4ad) < i_fpu_b = 219803975680.0000 (524cb55a) = o_comp_less (1) | Expected (1)
[PASS] i_fpu_a = 22117873664.0000 (50a4ca7f) < i_fpu_b = 52699049984.0000 (514451bb) = o_comp_less (1) | Expected (1)
[PASS] i_fpu_a = 19946158080.0000 (50949c47) < i_fpu_b = 99858300928.0000 (51ba0026) = o_comp_less (1) | Expected (1)
[PASS] i_fpu_a = 44906315776.0000 (51274a00) < i_fpu_b = 71600398336.0000 (51855dbb) = o_comp_less (1) | Expected (1)
[PASS] i_fpu_a = 11492370432.0000 (502b3fea) < i_fpu_b = 96275701760.0000 (51b353d5) = o_comp_less (1) | Expected (1)
[PASS] i_fpu_a = 14749238272.0000 (505bc7e1) < i_fpu_b = 167691042816.0000 (521c2ca9) = o_comp_less (1) | Expected (1)
[PASS] i_fpu_a = 42793844736.0000 (511f6b64) < i_fpu_b = 120067497984.0000 (51dfa4a5) = o_comp_less (1) | Expected (1)
[PASS] i_fpu_a = 28944244736.0000 (50d7a6c4) < i_fpu_b = 166899482624.0000 (521b6ff0) = o_comp_less (1) | Expected (1)
[PASS] i_fpu_a = 22025242624.0000 (50a419d1) < i_fpu_b = 153264963584.0000 (520ebd37) = o_comp_less (1) | Expected (1)
[PASS] i_fpu_a = 45573140480.0000 (5129c5ef) < i_fpu_b = 81570889728.0000 (5197f008) = o_comp_less (1) | Expected (1)
[PASS] i_fpu_a = 38384775168.0000 (510efe93) < i_fpu_b = 56522977280.0000 (51529083) = o_comp_less (1) | Expected (1)
[PASS] i_fpu_a = 5937001984.0000 (4fb0efbb) < i_fpu_b = 60550361088.0000 (51619153) = o_comp_less (1) | Expected (1)
[PASS] i_fpu_a = 25653614592.0000 (50bf2263) < i_fpu_b = 38963695616.0000 (511126ad) = o_comp_less (1) | Expected (1)
[PASS] i_fpu_a = 9032656896.0000 (500698da) < i_fpu_b = -11217249280.0000 (d0272669) = o_comp_less (0) | Expected (0)
[PASS] i_fpu_a = 8211017728.0000 (4ff4b518) < i_fpu_b = -22519240704.0000 (d0a7c80b) = o_comp_less (0) | Expected (0)
[PASS] i_fpu_a = 14627945472.0000 (5059f92f) < i_fpu_b = 80787562496.0000 (51967a83) = o_comp_less (1) | Expected (1)
[PASS] i_fpu_a = 44048904192.0000 (5124184f) < i_fpu_b = 99788234752.0000 (51b9debd) = o_comp_less (1) | Expected (1)
[PASS] i_fpu_a = 449671488.0000 (4dd66b8a) < i_fpu_b = 134940172288.0000 (51fb587d) = o_comp_less (1) | Expected (1)
[PASS] i_fpu_a = 8354717184.0000 (4ff8fd6f) < i_fpu_b = 119054565376.0000 (51ddc1a4) = o_comp_less (1) | Expected (1)
[PASS] i_fpu_a = 18107969536.0000 (5086ea36) < i_fpu_b = 176822337536.0000 (5224adbb) = o_comp_less (1) | Expected (1)
[PASS] i_fpu_a = 45495660544.0000 (51297c0b) < i_fpu_b = 27396902912.0000 (50cc1f72) = o_comp_less (0) | Expected (0)
[PASS] i_fpu_a = 5607069184.0000 (4fa71a8b) < i_fpu_b = 4214698240.0000 (4f7b3731) = o_comp_less (0) | Expected (0)
[PASS] i_fpu_a = 13310632960.0000 (50465809) < i_fpu_b = 216798167040.0000 (5249e8b6) = o_comp_less (1) | Expected (1)
[PASS] i_fpu_a = 22914080768.0000 (50aab924) < i_fpu_b = 82696904704.0000 (519a08f5) = o_comp_less (1) | Expected (1)
[PASS] i_fpu_a = 22229907456.0000 (50a5a02f) < i_fpu_b = 2499431168.0000 (4f14fa4b) = o_comp_less (0) | Expected (0)
[PASS] i_fpu_a = 10805518336.0000 (502103c8) < i_fpu_b = 118002532352.0000 (51dbcbfe) = o_comp_less (1) | Expected (1)
[PASS] i_fpu_a = 25272860672.0000 (50bc4c28) < i_fpu_b = 140870025216.0000 (52033208) = o_comp_less (1) | Expected (1)
[PASS] i_fpu_a = 747542976.0000 (4e323a67) < i_fpu_b = 35610693632.0000 (5104a901) = o_comp_less (1) | Expected (1)
[PASS] i_fpu_a = 21081223168.0000 (509d113e) < i_fpu_b = 34056278016.0000 (50fdbd32) = o_comp_less (1) | Expected (1)
[PASS] i_fpu_a = 14130236416.0000 (50528e93) < i_fpu_b = -22078511104.0000 (d0a47f6b) = o_comp_less (0) | Expected (0)
[PASS] i_fpu_a = 43245719552.0000 (51211a55) < i_fpu_b = 35592126464.0000 (5104974c) = o_comp_less (0) | Expected (0)
[PASS] i_fpu_a = 21449658368.0000 (509fcffa) < i_fpu_b = 3093891840.0000 (4f38690b) = o_comp_less (0) | Expected (0)
[PASS] i_fpu_a = 49942925312.0000 (513a0d49) < i_fpu_b = 28178085888.0000 (50d1f16f) = o_comp_less (0) | Expected (0)
[PASS] i_fpu_a = 43154518016.0000 (5120c35b) < i_fpu_b = 193334460416.0000 (52340e87) = o_comp_less (1) | Expected (1)
[PASS] i_fpu_a = 47658954752.0000 (51318b1f) < i_fpu_b = 96113688576.0000 (51b30694) = o_comp_less (1) | Expected (1)
[PASS] i_fpu_a = 43426500608.0000 (5121c6bd) < i_fpu_b = 193641906176.0000 (523457d4) = o_comp_less (1) | Expected (1)
[PASS] i_fpu_a = 8353460224.0000 (4ff8f3d8) < i_fpu_b = 34995336.0000 (4c057f22) = o_comp_less (0) | Expected (0)
[PASS] i_fpu_a = 1847111424.0000 (4edc315e) < i_fpu_b = 56194002944.0000 (515156c7) = o_comp_less (1) | Expected (1)
[PASS] i_fpu_a = 27738478592.0000 (50ceaaf3) < i_fpu_b = 101908914176.0000 (51bdd1f5) = o_comp_less (1) | Expected (1)
[PASS] i_fpu_a = 19930908672.0000 (50947f31) < i_fpu_b = 132395319296.0000 (51f69b02) = o_comp_less (1) | Expected (1)
[PASS] i_fpu_a = 21592535040.0000 (50a0e07e) < i_fpu_b = 97108320256.0000 (51b4e0db) = o_comp_less (1) | Expected (1)
[PASS] i_fpu_a = 13655250944.0000 (504b7aa6) < i_fpu_b = -20609714176.0000 (d0998de9) = o_comp_less (0) | Expected (0)
[PASS] i_fpu_a = 13644329984.0000 (504b50fd) < i_fpu_b = 124709625856.0000 (51e84a2f) = o_comp_less (1) | Expected (1)
[PASS] i_fpu_a = -1746214272.0000 (ced02a3b) < i_fpu_b = 37255159808.0000 (510ac94a) = o_comp_less (1) | Expected (1)
[PASS] i_fpu_a = 18766780416.0000 (508bd2cb) < i_fpu_b = 4452469760.0000 (4f84b1a6) = o_comp_less (0) | Expected (0)
[PASS] i_fpu_a = 27717902336.0000 (50ce83b4) < i_fpu_b = 79487254528.0000 (51940e7a) = o_comp_less (1) | Expected (1)
[PASS] i_fpu_a = 15726060544.0000 (506a5629) < i_fpu_b = 187557511168.0000 (522ead32) = o_comp_less (1) | Expected (1)
[PASS] i_fpu_a = 43865391104.0000 (5123694c) < i_fpu_b = 14567262208.0000 (505911b2) = o_comp_less (0) | Expected (0)
[PASS] i_fpu_a = 16456038400.0000 (507536ce) < i_fpu_b = -11490034688.0000 (d02b3701) = o_comp_less (0) | Expected (0)
[PASS] i_fpu_a = 12505290752.0000 (503a57e6) < i_fpu_b = 24054071296.0000 (50b33780) = o_comp_less (1) | Expected (1)
[PASS] i_fpu_a = 30084855808.0000 (50e0264f) < i_fpu_b = 72927600640.0000 (5187d697) = o_comp_less (1) | Expected (1)
[PASS] i_fpu_a = 48899784704.0000 (51362a78) < i_fpu_b = 51577421824.0000 (51402410) = o_comp_less (1) | Expected (1)
[PASS] i_fpu_a = 11946844160.0000 (50320598) < i_fpu_b = 143614967808.0000 (5205c07a) = o_comp_less (1) | Expected (1)
[PASS] i_fpu_a = 35008086016.0000 (51026a50) < i_fpu_b = 46585053184.0000 (512d8af8) = o_comp_less (1) | Expected (1)
[PASS] i_fpu_a = 24621711360.0000 (50b77230) < i_fpu_b = 100424015872.0000 (51bb0de7) = o_comp_less (1) | Expected (1)
[PASS] i_fpu_a = 48364572672.0000 (51342c0d) < i_fpu_b = 139244601344.0000 (5201ae80) = o_comp_less (1) | Expected (1)
[PASS] i_fpu_a = 29313972224.0000 (50da67f7) < i_fpu_b = 27251982336.0000 (50cb0b08) = o_comp_less (0) | Expected (0)
[PASS] i_fpu_a = 8741907456.0000 (500243bb) < i_fpu_b = 148826095616.0000 (520a9ae8) = o_comp_less (1) | Expected (1)
[PASS] i_fpu_a = 20313042944.0000 (5097580e) < i_fpu_b = 202031611904.0000 (523c2817) = o_comp_less (1) | Expected (1)
[PASS] i_fpu_a = 6201113088.0000 (4fb8cebd) < i_fpu_b = 52638724096.0000 (51441833) = o_comp_less (1) | Expected (1)
[PASS] i_fpu_a = 16275198976.0000 (507284f5) < i_fpu_b = 18097346560.0000 (5086d5f3) = o_comp_less (1) | Expected (1)
[PASS] i_fpu_a = 8692237312.0000 (50018641) < i_fpu_b = 98369421312.0000 (51b73a32) = o_comp_less (1) | Expected (1)
[PASS] i_fpu_a = 44955713536.0000 (5127791c) < i_fpu_b = 146958237696.0000 (5208dd93) = o_comp_less (1) | Expected (1)
[PASS] i_fpu_a = 30198910976.0000 (50e0ffda) < i_fpu_b = -17881880576.0000 (d0853afb) = o_comp_less (0) | Expected (0)
[PASS] i_fpu_a = 10232778752.0000 (50187af4) < i_fpu_b = -9624467456.0000 (d00f6a6e) = o_comp_less (0) | Expected (0)
[PASS] i_fpu_a = 35387424768.0000 (5103d414) < i_fpu_b = 98461696000.0000 (51b76632) = o_comp_less (1) | Expected (1)
[PASS] i_fpu_a = 3893293.2500 (4a6da0b5) < i_fpu_b = -11425948672.0000 (d02a4289) = o_comp_less (0) | Expected (0)
[PASS] i_fpu_a = 42435956736.0000 (511e1615) < i_fpu_b = 85012545536.0000 (519e5924) = o_comp_less (1) | Expected (1)
[PASS] i_fpu_a = 9134112768.0000 (50081be0) < i_fpu_b = 150980509696.0000 (520c9c8f) = o_comp_less (1) | Expected (1)
[PASS] i_fpu_a = 13641935872.0000 (504b47db) < i_fpu_b = 49409466368.0000 (5138108a) = o_comp_less (1) | Expected (1)
[PASS] i_fpu_a = 8265570304.0000 (4ff6554c) < i_fpu_b = 203032051712.0000 (523d169d) = o_comp_less (1) | Expected (1)
[PASS] i_fpu_a = 35460005888.0000 (5104194c) < i_fpu_b = -22481756160.0000 (d0a7808c) = o_comp_less (0) | Expected (0)
[PASS] i_fpu_a = 42724524032.0000 (511f2948) < i_fpu_b = 107196260352.0000 (51c7ab29) = o_comp_less (1) | Expected (1)
[PASS] i_fpu_a = 23649409024.0000 (50b033ab) < i_fpu_b = 20138547200.0000 (50960b3b) = o_comp_less (0) | Expected (0)
[PASS] i_fpu_a = 36391768064.0000 (510791e5) < i_fpu_b = 86555394048.0000 (51a138d4) = o_comp_less (1) | Expected (1)
[PASS] i_fpu_a = 30793850880.0000 (50e56e9c) < i_fpu_b = 124463783936.0000 (51e7d4f5) = o_comp_less (1) | Expected (1)
[PASS] i_fpu_a = 38935273472.0000 (51110b92) < i_fpu_b = 183959568384.0000 (522b5361) = o_comp_less (1) | Expected (1)
[PASS] i_fpu_a = 16799011840.0000 (507a5325) < i_fpu_b = 210295783424.0000 (5243da6c) = o_comp_less (1) | Expected (1)
[PASS] i_fpu_a = 12381321216.0000 (50387efe) < i_fpu_b = 67457519616.0000 (517b4c81) = o_comp_less (1) | Expected (1)
[PASS] i_fpu_a = 13877513216.0000 (504eca83) < i_fpu_b = 42663485440.0000 (511eef12) = o_comp_less (1) | Expected (1)
[PASS] i_fpu_a = 15167682560.0000 (5062041e) < i_fpu_b = -3358339840.0000 (cf482c33) = o_comp_less (0) | Expected (0)
[PASS] i_fpu_a = 28700354560.0000 (50d5d595) < i_fpu_b = 28462917632.0000 (50d410b5) = o_comp_less (0) | Expected (0)
[PASS] i_fpu_a = 44675887104.0000 (51266e3f) < i_fpu_b = 202048946176.0000 (523c2c39) = o_comp_less (1) | Expected (1)
[PASS] i_fpu_a = 11948209152.0000 (50320acd) < i_fpu_b = -21958168576.0000 (d0a399e2) = o_comp_less (0) | Expected (0)
[PASS] i_fpu_a = 25047148544.0000 (50ba9da5) < i_fpu_b = 5136610304.0000 (4f99153a) = o_comp_less (0) | Expected (0)
[PASS] i_fpu_a = 190948976.0000 (4d361a67) < i_fpu_b = 16555449344.0000 (5076b207) = o_comp_less (1) | Expected (1)
[PASS] i_fpu_a = 44997009408.0000 (5127a07e) < i_fpu_b = 11745523712.0000 (502f059e) = o_comp_less (0) | Expected (0)
[PASS] i_fpu_a = 27974821888.0000 (50d06dbd) < i_fpu_b = 75018625024.0000 (518bbbab) = o_comp_less (1) | Expected (1)
[PASS] i_fpu_a = 42534289408.0000 (511e73dc) < i_fpu_b = 103305256960.0000 (51c06bc9) = o_comp_less (1) | Expected (1)
[PASS] i_fpu_a = 40795164672.0000 (5117f94d) < i_fpu_b = 220524118016.0000 (524d610c) = o_comp_less (1) | Expected (1)
[PASS] i_fpu_a = 32354707456.0000 (50f10fb5) < i_fpu_b = 186168393728.0000 (522d6201) = o_comp_less (1) | Expected (1)
[PASS] i_fpu_a = 20975380480.0000 (509c475d) < i_fpu_b = 151071817728.0000 (520cb254) = o_comp_less (1) | Expected (1)
[PASS] i_fpu_a = 8375219200.0000 (4ff999da) < i_fpu_b = -14551974912.0000 (d058d761) = o_comp_less (0) | Expected (0)
[PASS] i_fpu_a = 16419536896.0000 (5074ab90) < i_fpu_b = 174837448704.0000 (5222d47f) = o_comp_less (1) | Expected (1)
[PASS] i_fpu_a = 34830557184.0000 (5101c102) < i_fpu_b = 66597801984.0000 (5178189d) = o_comp_less (1) | Expected (1)
[PASS] i_fpu_a = 9335392256.0000 (500b1bb2) < i_fpu_b = 131243458560.0000 (51f475c2) = o_comp_less (1) | Expected (1)
[FAIL] i_fpu_a = -1963921792.0000 (ceea1e23) < i_fpu_b = -14446331904.0000 (d0574462) = o_comp_less (1) | Expected (0)
[PASS] i_fpu_a = 2273007872.0000 (4f077b59) < i_fpu_b = 89033302016.0000 (51a5d663) = o_comp_less (1) | Expected (1)
[PASS] i_fpu_a = 3172566528.0000 (4f3d1986) < i_fpu_b = -7371273728.0000 (cfdbae5b) = o_comp_less (0) | Expected (0)
[PASS] i_fpu_a = 15455726592.0000 (50664eeb) < i_fpu_b = 200183971840.0000 (523a6f94) = o_comp_less (1) | Expected (1)
[PASS] i_fpu_a = 36807434240.0000 (51091e4e) < i_fpu_b = 104893489152.0000 (51c3611d) = o_comp_less (1) | Expected (1)
[PASS] i_fpu_a = 17136421888.0000 (507f5a43) < i_fpu_b = 187532591104.0000 (522ea741) = o_comp_less (1) | Expected (1)
[PASS] i_fpu_a = 45470212096.0000 (512963c6) < i_fpu_b = 148025163776.0000 (5209dbf3) = o_comp_less (1) | Expected (1)
[PASS] i_fpu_a = 38748258304.0000 (51105938) < i_fpu_b = 21921939456.0000 (50a354c8) = o_comp_less (0) | Expected (0)
[PASS] i_fpu_a = 12118305792.0000 (503493ab) < i_fpu_b = -16773531648.0000 (d079f1f2) = o_comp_less (0) | Expected (0)
[PASS] i_fpu_a = 31206275072.0000 (50e8813f) < i_fpu_b = 82131730432.0000 (5198fb76) = o_comp_less (1) | Expected (1)
[PASS] i_fpu_a = 14493438976.0000 (5057f815) < i_fpu_b = 99191398400.0000 (51b8c225) = o_comp_less (1) | Expected (1)
[PASS] i_fpu_a = 33562789888.0000 (50fa0ff1) < i_fpu_b = 182292561920.0000 (5229c5ef) = o_comp_less (1) | Expected (1)
[PASS] i_fpu_a = 26241689600.0000 (50c3840d) < i_fpu_b = 216845156352.0000 (5249f3ea) = o_comp_less (1) | Expected (1)
[PASS] i_fpu_a = 24166672384.0000 (50b40e45) < i_fpu_b = 123490336768.0000 (51e604c8) = o_comp_less (1) | Expected (1)
[PASS] i_fpu_a = 49103486976.0000 (5136ecbc) < i_fpu_b = 98758705152.0000 (51b7f3d2) = o_comp_less (1) | Expected (1)
[PASS] i_fpu_a = 31150579712.0000 (50e81704) < i_fpu_b = -23073120256.0000 (d0abe87c) = o_comp_less (0) | Expected (0)
[PASS] i_fpu_a = 17294149632.0000 (5080d9f9) < i_fpu_b = 18156197888.0000 (50874633) = o_comp_less (1) | Expected (1)
[PASS] i_fpu_a = 31733786624.0000 (50ec6f65) < i_fpu_b = 586142720.0000 (4e0bbf50) = o_comp_less (0) | Expected (0)
[PASS] i_fpu_a = 32884596736.0000 (50f50264) < i_fpu_b = 81061429248.0000 (5196fd1a) = o_comp_less (1) | Expected (1)
[PASS] i_fpu_a = 47360409600.0000 (51306e68) < i_fpu_b = 72538808320.0000 (51871d33) = o_comp_less (1) | Expected (1)
[PASS] i_fpu_a = 24807428096.0000 (50b8d46a) < i_fpu_b = 63863689216.0000 (516de929) = o_comp_less (1) | Expected (1)
[PASS] i_fpu_a = 21680236544.0000 (50a187c5) < i_fpu_b = -17267562496.0000 (d080a743) = o_comp_less (0) | Expected (0)
[PASS] i_fpu_a = 28659681280.0000 (50d58801) < i_fpu_b = 44366372864.0000 (51254712) = o_comp_less (1) | Expected (1)
[PASS] i_fpu_a = 35729633280.0000 (51051a6f) < i_fpu_b = 74300170240.0000 (518a6515) = o_comp_less (1) | Expected (1)
[PASS] i_fpu_a = 2111730304.0000 (4efbbce5) < i_fpu_b = 20575401984.0000 (50994c77) = o_comp_less (1) | Expected (1)
[PASS] i_fpu_a = 34621968384.0000 (5100fa15) < i_fpu_b = -5015545856.0000 (cf957994) = o_comp_less (0) | Expected (0)
[PASS] i_fpu_a = 30245523456.0000 (50e158c2) < i_fpu_b = -10819534848.0000 (d0213940) = o_comp_less (0) | Expected (0)
[PASS] i_fpu_a = 6895216640.0000 (4fcd7e54) < i_fpu_b = 119576207360.0000 (51deba61) = o_comp_less (1) | Expected (1)
[PASS] i_fpu_a = 28020576256.0000 (50d0c502) < i_fpu_b = 207657172992.0000 (52416554) = o_comp_less (1) | Expected (1)
[PASS] i_fpu_a = 40622710784.0000 (511754d6) < i_fpu_b = 28379584512.0000 (50d371c3) = o_comp_less (0) | Expected (0)
[PASS] i_fpu_a = 14063975424.0000 (505191cf) < i_fpu_b = 65404719104.0000 (5173a6cd) = o_comp_less (1) | Expected (1)
[PASS] i_fpu_a = 26523365376.0000 (50c59d4e) < i_fpu_b = 94520598528.0000 (51b00eef) = o_comp_less (1) | Expected (1)
[PASS] i_fpu_a = 31474509824.0000 (50ea80dd) < i_fpu_b = 50230034432.0000 (513b1f18) = o_comp_less (1) | Expected (1)
[PASS] i_fpu_a = 47666589696.0000 (51319267) < i_fpu_b = 6599667200.0000 (4fc4af77) = o_comp_less (0) | Expected (0)
[PASS] i_fpu_a = 49456828416.0000 (51383db5) < i_fpu_b = 200932720640.0000 (523b2218) = o_comp_less (1) | Expected (1)
[PASS] i_fpu_a = 9725604864.0000 (5010ec3d) < i_fpu_b = 29415438336.0000 (50db297f) = o_comp_less (1) | Expected (1)
[PASS] i_fpu_a = 2443780864.0000 (4f11a923) < i_fpu_b = 78908350464.0000 (5192fa6f) = o_comp_less (1) | Expected (1)
[PASS] i_fpu_a = 39600611328.0000 (51138616) < i_fpu_b = 106134831104.0000 (51c5b108) = o_comp_less (1) | Expected (1)
[PASS] i_fpu_a = 37629288448.0000 (510c2e16) < i_fpu_b = 178285117440.0000 (52260a7c) = o_comp_less (1) | Expected (1)
[PASS] i_fpu_a = 34097807360.0000 (50fe0c68) < i_fpu_b = 19304822784.0000 (508fd507) = o_comp_less (0) | Expected (0)
[PASS] i_fpu_a = 20004063232.0000 (50950ab9) < i_fpu_b = 21127294976.0000 (509d691e) = o_comp_less (1) | Expected (1)
[PASS] i_fpu_a = 45105766400.0000 (51280836) < i_fpu_b = 201985441792.0000 (523c1d15) = o_comp_less (1) | Expected (1)
[PASS] i_fpu_a = 199118480.0000 (4d3de4e9) < i_fpu_b = 169121415168.0000 (521d81b0) = o_comp_less (1) | Expected (1)
[PASS] i_fpu_a = 44827721728.0000 (5126ff0c) < i_fpu_b = 199695237120.0000 (5239fb0e) = o_comp_less (1) | Expected (1)
[PASS] i_fpu_a = 7123137536.0000 (4fd4493a) < i_fpu_b = 11159673856.0000 (50264ac7) = o_comp_less (1) | Expected (1)
[PASS] i_fpu_a = 16910544896.0000 (507bfc9c) < i_fpu_b = 17204654080.0000 (50802f46) = o_comp_less (1) | Expected (1)
[PASS] i_fpu_a = 29929930752.0000 (50defed0) < i_fpu_b = 130629697536.0000 (51f35118) = o_comp_less (1) | Expected (1)
[PASS] i_fpu_a = 25349109760.0000 (50bcdd97) < i_fpu_b = 65179840512.0000 (5172d057) = o_comp_less (1) | Expected (1)
[PASS] i_fpu_a = 7037044224.0000 (4fd1b863) < i_fpu_b = 167562543104.0000 (521c0e06) = o_comp_less (1) | Expected (1)
[PASS] i_fpu_a = 14516845568.0000 (5058515f) < i_fpu_b = 8539379712.0000 (4ffe7e4c) = o_comp_less (0) | Expected (0)
[PASS] i_fpu_a = 35285585920.0000 (510372f5) < i_fpu_b = 146691932160.0000 (52089e15) = o_comp_less (1) | Expected (1)
[PASS] i_fpu_a = 3123052800.0000 (4f3a2601) < i_fpu_b = 219928166400.0000 (524cd2f6) = o_comp_less (1) | Expected (1)
[PASS] i_fpu_a = 12452126720.0000 (50398d18) < i_fpu_b = 208399171584.0000 (5242163c) = o_comp_less (1) | Expected (1)
[PASS] i_fpu_a = 22664994816.0000 (50a8de0c) < i_fpu_b = 141832044544.0000 (52041765) = o_comp_less (1) | Expected (1)
[PASS] i_fpu_a = 10253519872.0000 (5018ca13) < i_fpu_b = 15437660160.0000 (50660a00) = o_comp_less (1) | Expected (1)
[PASS] i_fpu_a = 30708914176.0000 (50e4cc9b) < i_fpu_b = 148520402944.0000 (520a5206) = o_comp_less (1) | Expected (1)
[PASS] i_fpu_a = 46739685376.0000 (512e1e70) < i_fpu_b = 56053121024.0000 (5150d06c) = o_comp_less (1) | Expected (1)
[PASS] i_fpu_a = 11702598656.0000 (502e61df) < i_fpu_b = 216955682816.0000 (524a0e44) = o_comp_less (1) | Expected (1)
[PASS] i_fpu_a = 35124760576.0000 (5102d995) < i_fpu_b = -11439367168.0000 (d02a75b9) = o_comp_less (0) | Expected (0)
[PASS] i_fpu_a = 23687886848.0000 (50b07d0f) < i_fpu_b = 93120724992.0000 (51ad736c) = o_comp_less (1) | Expected (1)
[PASS] i_fpu_a = 20721301504.0000 (509a62bf) < i_fpu_b = 178434883584.0000 (52262e31) = o_comp_less (1) | Expected (1)
[PASS] i_fpu_a = 6792980992.0000 (4fca7255) < i_fpu_b = 61660082176.0000 (5165b3a3) = o_comp_less (1) | Expected (1)
[PASS] i_fpu_a = 46242381824.0000 (512c442c) < i_fpu_b = 45048393728.0000 (5127d17f) = o_comp_less (0) | Expected (0)
[PASS] i_fpu_a = 35403292672.0000 (5103e336) < i_fpu_b = 13429276672.0000 (50481ca0) = o_comp_less (0) | Expected (0)
[PASS] i_fpu_a = 38125318144.0000 (510e0723) < i_fpu_b = 173460570112.0000 (52218c39) = o_comp_less (1) | Expected (1)
[PASS] i_fpu_a = 38742810624.0000 (51105406) < i_fpu_b = 65981313024.0000 (5175ccaf) = o_comp_less (1) | Expected (1)
[PASS] i_fpu_a = 3418252544.0000 (4f4bbe65) < i_fpu_b = 163372105728.0000 (521826f2) = o_comp_less (1) | Expected (1)
[PASS] i_fpu_a = 47659053056.0000 (51318b37) < i_fpu_b = -13192320000.0000 (d04494b5) = o_comp_less (0) | Expected (0)
[PASS] i_fpu_a = 30065573888.0000 (50e00188) < i_fpu_b = -3923486976.0000 (cf69dba9) = o_comp_less (0) | Expected (0)
[PASS] i_fpu_a = 40316854272.0000 (51163126) < i_fpu_b = 142128119808.0000 (52045dfc) = o_comp_less (1) | Expected (1)
[PASS] i_fpu_a = 5980533248.0000 (4fb23bd9) < i_fpu_b = 83245047808.0000 (519b0e55) = o_comp_less (1) | Expected (1)
[PASS] i_fpu_a = 40912244736.0000 (511868f5) < i_fpu_b = 83431522304.0000 (519b6740) = o_comp_less (1) | Expected (1)
[PASS] i_fpu_a = 6202446336.0000 (4fb8d8e9) < i_fpu_b = 208815521792.0000 (52427980) = o_comp_less (1) | Expected (1)
[PASS] i_fpu_a = 15630020608.0000 (5068e7cc) < i_fpu_b = 38044905472.0000 (510dba73) = o_comp_less (1) | Expected (1)
[PASS] i_fpu_a = 41981177856.0000 (511c645f) < i_fpu_b = 216436080640.0000 (52499262) = o_comp_less (1) | Expected (1)
[PASS] i_fpu_a = 23081981952.0000 (50abf963) < i_fpu_b = 92563120128.0000 (51ac6989) = o_comp_less (1) | Expected (1)
[PASS] i_fpu_a = 29628688384.0000 (50dcc03d) < i_fpu_b = 123907145728.0000 (51e6cb88) = o_comp_less (1) | Expected (1)
[PASS] i_fpu_a = 11941547008.0000 (5031f163) < i_fpu_b = 102693019648.0000 (51bf47d9) = o_comp_less (1) | Expected (1)
[PASS] i_fpu_a = -1493656448.0000 (ceb20ec7) < i_fpu_b = 85356306432.0000 (519efd0f) = o_comp_less (1) | Expected (1)
[PASS] i_fpu_a = 7691768320.0000 (4fe53b89) < i_fpu_b = 93318610944.0000 (51add1c8) = o_comp_less (1) | Expected (1)
[PASS] i_fpu_a = 42608771072.0000 (511ebae4) < i_fpu_b = 163915628544.0000 (5218a888) = o_comp_less (1) | Expected (1)
[PASS] i_fpu_a = 26848593920.0000 (50c809a1) < i_fpu_b = -20428562432.0000 (d0983464) = o_comp_less (0) | Expected (0)
[PASS] i_fpu_a = 16410361856.0000 (50748890) < i_fpu_b = 114707832832.0000 (51d5a8f5) = o_comp_less (1) | Expected (1)
[PASS] i_fpu_a = 44040658944.0000 (51241072) < i_fpu_b = 151880531968.0000 (520d7324) = o_comp_less (1) | Expected (1)
[PASS] i_fpu_a = 43130675200.0000 (5120ac9e) < i_fpu_b = -641666944.0000 (ce18fc3e) = o_comp_less (0) | Expected (0)
[PASS] i_fpu_a = 20513726464.0000 (5098d6d4) < i_fpu_b = 178847907840.0000 (522690aa) = o_comp_less (1) | Expected (1)
[PASS] i_fpu_a = 23492864000.0000 (50af0915) < i_fpu_b = 29797994496.0000 (50de032a) = o_comp_less (1) | Expected (1)
[PASS] i_fpu_a = 16040228864.0000 (506f049e) < i_fpu_b = 188508094464.0000 (522f8fd5) = o_comp_less (1) | Expected (1)
[PASS] i_fpu_a = 9268016128.0000 (500a1aad) < i_fpu_b = -3262931968.0000 (cf427c64) = o_comp_less (0) | Expected (0)
[PASS] i_fpu_a = 42663133184.0000 (511eeebc) < i_fpu_b = 19702306816.0000 (5092cb2b) = o_comp_less (0) | Expected (0)
[PASS] i_fpu_a = 8481220096.0000 (4ffcc293) < i_fpu_b = 147285950464.0000 (52092bb5) = o_comp_less (1) | Expected (1)
[PASS] i_fpu_a = 12338993152.0000 (5037dd86) < i_fpu_b = 8174284800.0000 (4ff39cd8) = o_comp_less (0) | Expected (0)
[PASS] i_fpu_a = 11671515136.0000 (502deb4c) < i_fpu_b = -4269297920.0000 (cf7e7851) = o_comp_less (0) | Expected (0)
[PASS] i_fpu_a = 7561561600.0000 (4fe15a23) < i_fpu_b = 166157484032.0000 (521abf08) = o_comp_less (1) | Expected (1)
[PASS] i_fpu_a = 29650876416.0000 (50dcea8f) < i_fpu_b = 122480934912.0000 (51e42376) = o_comp_less (1) | Expected (1)
[PASS] i_fpu_a = 12305214464.0000 (50375cab) < i_fpu_b = 201395585024.0000 (523b9073) = o_comp_less (1) | Expected (1)
[PASS] i_fpu_a = 12650326016.0000 (503c812a) < i_fpu_b = 33549811712.0000 (50f9f730) = o_comp_less (1) | Expected (1)
[PASS] i_fpu_a = 4547938304.0000 (4f878a04) < i_fpu_b = 104720171008.0000 (51c30e78) = o_comp_less (1) | Expected (1)
[PASS] i_fpu_a = 24787009536.0000 (50b8ad78) < i_fpu_b = -13416702976.0000 (d047eca9) = o_comp_less (0) | Expected (0)
[PASS] i_fpu_a = 16064433152.0000 (506f60f3) < i_fpu_b = 74473488384.0000 (518ab7ba) = o_comp_less (1) | Expected (1)
[PASS] i_fpu_a = 49849966592.0000 (5139b4a2) < i_fpu_b = 116466335744.0000 (51d8ef7a) = o_comp_less (1) | Expected (1)
[PASS] i_fpu_a = 17491836928.0000 (50825308) < i_fpu_b = 35735252992.0000 (51051fcb) = o_comp_less (1) | Expected (1)
[PASS] i_fpu_a = 40126418944.0000 (51157b89) < i_fpu_b = -20613400576.0000 (d09994f1) = o_comp_less (0) | Expected (0)
[PASS] i_fpu_a = 31065849856.0000 (50e77568) < i_fpu_b = 130332442624.0000 (51f2c35a) = o_comp_less (1) | Expected (1)
[PASS] i_fpu_a = 44391567360.0000 (51255f19) < i_fpu_b = 132322631680.0000 (51f67859) = o_comp_less (1) | Expected (1)
[PASS] i_fpu_a = 15956037632.0000 (506dc374) < i_fpu_b = 217116966912.0000 (524a34b8) = o_comp_less (1) | Expected (1)
[PASS] i_fpu_a = 23764826112.0000 (50b10fcf) < i_fpu_b = 154386382848.0000 (520fc895) = o_comp_less (1) | Expected (1)
[PASS] i_fpu_a = -860446656.0000 (ce4d257f) < i_fpu_b = 28543408128.0000 (50d4aa3b) = o_comp_less (1) | Expected (1)
[PASS] i_fpu_a = 28257054720.0000 (50d2880e) < i_fpu_b = 196105076736.0000 (5236a318) = o_comp_less (1) | Expected (1)
[PASS] i_fpu_a = 10717374464.0000 (501fb38a) < i_fpu_b = -21402914816.0000 (d09f76d2) = o_comp_less (0) | Expected (0)
[PASS] i_fpu_a = 31087917056.0000 (50e79f7f) < i_fpu_b = 5504475648.0000 (4fa40bd1) = o_comp_less (0) | Expected (0)

==================================
========== TEST SUMMARY ==========
Total test cases:   2050
Passed          :   2044
Failed          :      6
==================================

End Simulation
Simulation complete via $finish(1) at time 82350 NS + 0
../SUBMODULE/PA_MEM_COM_FPU/tb_COMP_FPU.sv:94     $finish;
xcelium> exit
TOOL:	xrun(64)	20.09-s001: Exiting on Jan 07, 2026 at 00:16:38 EST  (total: 00:00:01)
