xrun(64): 20.09-s001: (c) Copyright 1995-2020 Cadence Design Systems, Inc.
TOOL:	xrun(64)	20.09-s001: Started on Jan 02, 2026 at 08:20:10 EST
xrun
	+xm64bit
	-sv
	-f ./../SUBMODULE/BPF16_UNIT/flist.f
		./../../03_verif/SUBMODULE/BPF16_UNIT/tb_BFP16_add.sv
		./../../02_rtl/PA_CAL_MEAN/PACS_UNIT/ADD_SUB_CLA_4bit.sv
		./../../02_rtl/PA_CAL_MEAN/PACS_UNIT/ADD_SUB_CLA_8bit.sv
		./../../02_rtl/PA_CAL_MEAN/PACS_UNIT/ADD_SUB_CLA_16bit.sv
		./../../02_rtl/PA_CAL_MEAN/PACS_UNIT/ADD_SUB_CLA_24bit.sv
		./../../02_rtl/PA_CAL_MEAN/PACS_UNIT/ADD_SUB_CLS_4bit.sv
		./../../02_rtl/PA_CAL_MEAN/PACS_UNIT/ADD_SUB_COMP_4bit.sv
		./../../02_rtl/PA_CAL_MEAN/PACS_UNIT/ADD_SUB_COMP_8bit.sv
		./../../02_rtl/PA_CAL_MEAN/PACS_UNIT/ADD_SUB_COMP_24bit.sv
		./../../02_rtl/PA_CAL_MEAN/PACS_UNIT/ADD_SUB_EXP_adjust.sv
		./../../02_rtl/PA_CAL_MEAN/PACS_UNIT/ADD_SUB_EXP_comp.sv
		./../../02_rtl/PA_CAL_MEAN/PACS_UNIT/ADD_SUB_EXP_rounding.sv
		./../../02_rtl/PA_CAL_MEAN/PACS_UNIT/ADD_SUB_EXP_sub.sv
		./../../02_rtl/PA_CAL_MEAN/PACS_UNIT/ADD_SUB_EXP_swap.sv
		./../../02_rtl/PA_CAL_MEAN/PACS_UNIT/ADD_SUB_LOPD_8bit.sv
		./../../02_rtl/PA_CAL_MEAN/PACS_UNIT/ADD_SUB_LOPD_16bit.sv
		./../../02_rtl/PA_CAL_MEAN/PACS_UNIT/ADD_SUB_LOPD_24bit.sv
		./../../02_rtl/PA_CAL_MEAN/PACS_UNIT/ADD_SUB_MAN_ALU.sv
		./../../02_rtl/PA_CAL_MEAN/PACS_UNIT/ADD_SUB_MAN_rounding.sv
		./../../02_rtl/PA_CAL_MEAN/PACS_UNIT/ADD_SUB_MAN_swap.sv
		./../../02_rtl/PA_CAL_MEAN/PACS_UNIT/ADD_SUB_NOR_unit.sv
		./../../02_rtl/PA_CAL_MEAN/PACS_UNIT/ADD_SUB_PSC_unit.sv
		./../../02_rtl/PA_CAL_MEAN/PACS_UNIT/ADD_SUB_SHF_left.sv
		./../../02_rtl/PA_CAL_MEAN/PACS_UNIT/ADD_SUB_SHF_right.sv
		./../../02_rtl/PA_CAL_MEAN/PACS_UNIT/ADD_SUB_SIGN_unit.sv
		./../../02_rtl/PA_CAL_MEAN/PACS_UNIT/ADD_SUB_SUB_4bit.sv
		./../../02_rtl/PA_CAL_MEAN/PACS_UNIT/ADD_SUB_SUB_8bit.sv
		./../../02_rtl/PA_CAL_MEAN/PACS_UNIT/BFP16_add.sv
	-top tb_BFP16_add
	-access +rwc
	-clean
	-log ./../SUBMODULE/BPF16_UNIT/Xcelium/compile.log
	+nctimescale+1ns/1ps
	+ntb_random_seed=automatic
	-allowredefinition
	-v93

   User defined plus("+") options:
	+ntb_random_seed=automatic

xrun: *W,OPDEPRREN: Command Line Option (+nctimescale+1ns/1ps) is deprecated. Use (+xmtimescale+1ns/1ps) instead.
xrun: *N,CLEAN: Removing existing directory ./xcelium.d.
file: ./../../03_verif/SUBMODULE/BPF16_UNIT/tb_BFP16_add.sv
	module worklib.tb_BFP16_add:sv
		errors: 0, warnings: 0
file: ./../../02_rtl/PA_CAL_MEAN/PACS_UNIT/ADD_SUB_CLA_4bit.sv
	module worklib.ADD_SUB_CLA_4bit:sv
		errors: 0, warnings: 0
file: ./../../02_rtl/PA_CAL_MEAN/PACS_UNIT/ADD_SUB_CLA_8bit.sv
	module worklib.ADD_SUB_CLA_8bit:sv
		errors: 0, warnings: 0
file: ./../../02_rtl/PA_CAL_MEAN/PACS_UNIT/ADD_SUB_CLA_16bit.sv
	module worklib.ADD_SUB_CLA_16bit:sv
		errors: 0, warnings: 0
file: ./../../02_rtl/PA_CAL_MEAN/PACS_UNIT/ADD_SUB_CLA_24bit.sv
	module worklib.ADD_SUB_CLA_24bit:sv
		errors: 0, warnings: 0
file: ./../../02_rtl/PA_CAL_MEAN/PACS_UNIT/ADD_SUB_CLS_4bit.sv
	module worklib.ADD_SUB_CLS_4bit:sv
		errors: 0, warnings: 0
file: ./../../02_rtl/PA_CAL_MEAN/PACS_UNIT/ADD_SUB_COMP_4bit.sv
	module worklib.ADD_SUB_COMP_4bit:sv
		errors: 0, warnings: 0
file: ./../../02_rtl/PA_CAL_MEAN/PACS_UNIT/ADD_SUB_COMP_8bit.sv
	module worklib.ADD_SUB_COMP_8bit:sv
		errors: 0, warnings: 0
file: ./../../02_rtl/PA_CAL_MEAN/PACS_UNIT/ADD_SUB_COMP_24bit.sv
	module worklib.ADD_SUB_COMP_24bit:sv
		errors: 0, warnings: 0
file: ./../../02_rtl/PA_CAL_MEAN/PACS_UNIT/ADD_SUB_EXP_adjust.sv
	module worklib.ADD_SUB_EXP_adjust:sv
		errors: 0, warnings: 0
file: ./../../02_rtl/PA_CAL_MEAN/PACS_UNIT/ADD_SUB_EXP_comp.sv
	module worklib.ADD_SUB_EXP_comp:sv
		errors: 0, warnings: 0
file: ./../../02_rtl/PA_CAL_MEAN/PACS_UNIT/ADD_SUB_EXP_rounding.sv
	module worklib.ADD_SUB_EXP_rounding:sv
		errors: 0, warnings: 0
file: ./../../02_rtl/PA_CAL_MEAN/PACS_UNIT/ADD_SUB_EXP_sub.sv
	module worklib.ADD_SUB_EXP_sub:sv
		errors: 0, warnings: 0
file: ./../../02_rtl/PA_CAL_MEAN/PACS_UNIT/ADD_SUB_EXP_swap.sv
	module worklib.ADD_SUB_EXP_swap:sv
		errors: 0, warnings: 0
file: ./../../02_rtl/PA_CAL_MEAN/PACS_UNIT/ADD_SUB_LOPD_8bit.sv
	module worklib.ADD_SUB_LOPD_8bit:sv
		errors: 0, warnings: 0
file: ./../../02_rtl/PA_CAL_MEAN/PACS_UNIT/ADD_SUB_LOPD_16bit.sv
	module worklib.ADD_SUB_LOPD_16bit:sv
		errors: 0, warnings: 0
file: ./../../02_rtl/PA_CAL_MEAN/PACS_UNIT/ADD_SUB_LOPD_24bit.sv
	module worklib.ADD_SUB_LOPD_24bit:sv
		errors: 0, warnings: 0
file: ./../../02_rtl/PA_CAL_MEAN/PACS_UNIT/ADD_SUB_MAN_ALU.sv
	module worklib.ADD_SUB_MAN_ALU:sv
		errors: 0, warnings: 0
file: ./../../02_rtl/PA_CAL_MEAN/PACS_UNIT/ADD_SUB_MAN_rounding.sv
	module worklib.ADD_SUB_MAN_rounding:sv
		errors: 0, warnings: 0
file: ./../../02_rtl/PA_CAL_MEAN/PACS_UNIT/ADD_SUB_MAN_swap.sv
	module worklib.ADD_SUB_MAN_swap:sv
		errors: 0, warnings: 0
file: ./../../02_rtl/PA_CAL_MEAN/PACS_UNIT/ADD_SUB_NOR_unit.sv
	module worklib.ADD_SUB_NOR_unit:sv
		errors: 0, warnings: 0
file: ./../../02_rtl/PA_CAL_MEAN/PACS_UNIT/ADD_SUB_PSC_unit.sv
	module worklib.ADD_SUB_PSC_unit:sv
		errors: 0, warnings: 0
file: ./../../02_rtl/PA_CAL_MEAN/PACS_UNIT/ADD_SUB_SHF_left.sv
	module worklib.ADD_SUB_SHF_left:sv
		errors: 0, warnings: 0
file: ./../../02_rtl/PA_CAL_MEAN/PACS_UNIT/ADD_SUB_SHF_right.sv
	module worklib.ADD_SUB_SHF_right:sv
		errors: 0, warnings: 0
file: ./../../02_rtl/PA_CAL_MEAN/PACS_UNIT/ADD_SUB_SIGN_unit.sv
	module worklib.ADD_SUB_SIGN_unit:sv
		errors: 0, warnings: 0
file: ./../../02_rtl/PA_CAL_MEAN/PACS_UNIT/ADD_SUB_SUB_4bit.sv
	module worklib.ADD_SUB_SUB_4bit:sv
		errors: 0, warnings: 0
file: ./../../02_rtl/PA_CAL_MEAN/PACS_UNIT/ADD_SUB_SUB_8bit.sv
	module worklib.ADD_SUB_SUB_8bit:sv
		errors: 0, warnings: 0
file: ./../../02_rtl/PA_CAL_MEAN/PACS_UNIT/BFP16_add.sv
	module worklib.BFP16_add:sv
		errors: 0, warnings: 0
	Elaborating the design hierarchy:
		Caching library 'worklib' ....... Done
	Top level design units:
		$unit_0x5a90e633
		tb_BFP16_add
xmelab: *W,DSEMEL: This SystemVerilog design will be simulated as per IEEE 1800-2009 SystemVerilog simulation semantics. Use -disable_sem2009 option for turning off SV 2009 simulation semantics.
	Building instance overlay tables: .................... Done
	Generating native compiled code:
		worklib.ADD_SUB_NOR_unit:sv <0x4bd6f12a>
			streams:   2, words:   917
		worklib.ADD_SUB_EXP_adjust:sv <0x6799cc5d>
			streams:   6, words:  1783
		worklib.ADD_SUB_LOPD_8bit:sv <0x6dfc8f1d>
			streams:   5, words:  2314
		worklib.ADD_SUB_LOPD_8bit:sv <0x03f86e4c>
			streams:   5, words:  2314
		worklib.ADD_SUB_LOPD_16bit:sv <0x09a488fa>
			streams:  10, words:  4004
		worklib.ADD_SUB_LOPD_24bit:sv <0x2fe8ad98>
			streams:  15, words:  5494
		worklib.ADD_SUB_MAN_ALU:sv <0x3292e508>
			streams:  12, words:  4141
		worklib.ADD_SUB_CLS_4bit:sv <0x30869c20>
			streams:   7, words:  2353
		worklib.ADD_SUB_PSC_unit:sv <0x116390f2>
			streams:  12, words:  4833
		worklib.ADD_SUB_SIGN_unit:sv <0x6489c82a>
			streams:   1, words:   370
		worklib.ADD_SUB_COMP_24bit:sv <0x4409cfc4>
			streams:  13, words:  5452
		worklib.ADD_SUB_MAN_swap:sv <0x60251866>
			streams:   2, words:   562
		worklib.ADD_SUB_CLA_4bit:sv <0x15624285>
			streams:   9, words:  3384
		worklib.ADD_SUB_CLA_8bit:sv <0x6206e420>
			streams:  13, words:  4418
		worklib.ADD_SUB_EXP_sub:sv <0x24a03568>
			streams:   4, words:  1006
		worklib.ADD_SUB_EXP_swap:sv <0x03969d93>
			streams:   2, words:   559
		worklib.ADD_SUB_COMP_4bit:sv <0x02ab27bc>
			streams:   2, words:  1737
		worklib.ADD_SUB_COMP_8bit:sv <0x782acdc3>
			streams:   5, words:  1802
		worklib.ADD_SUB_EXP_comp:sv <0x7f901a6d>
			streams:   1, words:   393
		worklib.BFP16_add:sv <0x3e6bf1c6>
			streams:  76, words: 22648
		worklib.tb_BFP16_add:sv <0x1f1f6c4f>
			streams:  15, words: 31924
		worklib.ADD_SUB_SHF_right:sv <0x36810142>
			streams:   7, words:  4020
		worklib.ADD_SUB_CLA_24bit:sv <0x2b6cdd91>
			streams:  44, words: 14667
		worklib.ADD_SUB_SHF_left:sv <0x3e3201dd>
			streams:   7, words:  3911
		worklib.ADD_SUB_MAN_rounding:sv <0x5be864a5>
			streams:  31, words: 12810
		worklib.ADD_SUB_EXP_rounding:sv <0x0d653896>
			streams:   9, words:  3824
		worklib.\$unit_0x5a90e633 :compilation_unit <0x4a4563a5>
			streams:  11, words: 11068
	Building instance specific data structures.
	Loading native compiled code:     .................... Done
	Design hierarchy summary:
		                 Instances  Unique
		Modules:                45      25
		Registers:             341     232
		Scalar wires:          312       -
		Expanded wires:         80       5
		Vectored wires:        207       -
		Initial blocks:          7       7
		Parallel blocks:         1       1
		Cont. assignments:     264     119
		Pseudo assignments:    156     145
		Compilation units:       1       1
		Simulation timescale:  1ps
	Writing initial simulation snapshot: worklib.tb_BFP16_add:sv
Loading snapshot worklib.tb_BFP16_add:sv .................... Done
xmsim: *W,DSEM2009: This SystemVerilog design is simulated as per IEEE 1800-2009 SystemVerilog simulation semantics. Use -disable_sem2009 option for turning off SV 2009 simulation semantics.
xcelium> source /opt/cadence/XCELIUM2009/tools/xcelium/files/xmsimrc
xcelium> run
xmsim: *W,RMEMAR: $readmem warning: address incremented out of range. Too many data words read
	at line 1025 of file "./../../03_verif/SUBMODULE/BPF16_UNIT/FPU_list_B.txt". Current address: 1024, address range: [0:1023].
            File: ../SUBMODULE/BPF16_UNIT/tb_BFP16_add.sv, line = 28, pos = 31
           Scope: tb_BFP16_add
            Time: 0 FS + 0

xmsim: *W,RMEMAR: $readmem warning: address incremented out of range. Too many data words read
	at line 1025 of file "./../../03_verif/SUBMODULE/BPF16_UNIT/FPU_list_A.txt". Current address: 1024, address range: [0:1023].
            File: ../SUBMODULE/BPF16_UNIT/tb_BFP16_add.sv, line = 29, pos = 31
           Scope: tb_BFP16_add
            Time: 0 FS + 0

==========[ Read data from ROM ]==========
[Random][ADD]i_32_a=c20fe459 (-35.972995758056640625000000) + i_32_b=c5b65de3 (-5835.735839843750000000000000) 	| o_32_s=c5b77dac (-5871.708984375000000000000000) 	 
=> PASS: expect=-5871.708984375000000000000000 (c5b77dac), dut=-5871.708984375000000000000000 (c5b77dac), rounding_error=0.00000000 % (exp_error = 1.00000000 %)
[Random][ADD]i_32_a=c5b65de3 (-5835.735839843750000000000000) + i_32_b=c20fe459 (-35.972995758056640625000000) 	| o_32_s=c5b77dac (-5871.708984375000000000000000) 	 
=> PASS: expect=-5871.708984375000000000000000 (c5b77dac), dut=-5871.708984375000000000000000 (c5b77dac), rounding_error=0.00000000 % (exp_error = 1.00000000 %)
==========[ Read data from ROM ]==========
[Random][ADD]i_32_a=c20fe459 (-35.972995758056640625000000) + i_32_b=c5b65de3 (-5835.735839843750000000000000) 	| o_32_s=c5b77dac (-5871.708984375000000000000000) 	 
=> PASS: expect=-5871.708984375000000000000000 (c5b77dac), dut=-5871.708984375000000000000000 (c5b77dac), rounding_error=0.00000000 % (exp_error = 1.00000000 %)
[Random][ADD]i_32_a=c5b65de3 (-5835.735839843750000000000000) + i_32_b=c20fe459 (-35.972995758056640625000000) 	| o_32_s=c5b77dac (-5871.708984375000000000000000) 	 
=> PASS: expect=-5871.708984375000000000000000 (c5b77dac), dut=-5871.708984375000000000000000 (c5b77dac), rounding_error=0.00000000 % (exp_error = 1.00000000 %)
==========[ Read data from ROM ]==========
[Random][ADD]i_32_a=42a2d2c0 (81.411621093750000000000000) + i_32_b=46ec7d53 (30270.662109375000000000000000) 	| o_32_s=46ed2025 (30352.072265625000000000000000) 	 
=> PASS: expect=30352.074218750000000000000000 (46ed2026), dut=30352.072265625000000000000000 (46ed2025), rounding_error=0.00000643 % (exp_error = 1.00000000 %)
[Random][ADD]i_32_a=46ec7d53 (30270.662109375000000000000000) + i_32_b=42a2d2c0 (81.411621093750000000000000) 	| o_32_s=46ed2025 (30352.072265625000000000000000) 	 
=> PASS: expect=30352.074218750000000000000000 (46ed2026), dut=30352.072265625000000000000000 (46ed2025), rounding_error=0.00000643 % (exp_error = 1.00000000 %)
==========[ Read data from ROM ]==========
[Random][ADD]i_32_a=cb133ba4 (-9649060.000000000000000000000000) + i_32_b=435df01e (221.937957763671875000000000) 	| o_32_s=cb133ac6 (-9648838.000000000000000000000000) 	 
=> PASS: expect=-9648838.000000000000000000000000 (cb133ac6), dut=-9648838.000000000000000000000000 (cb133ac6), rounding_error=0.00000000 % (exp_error = 1.00000000 %)
[Random][ADD]i_32_a=435df01e (221.937957763671875000000000) + i_32_b=cb133ba4 (-9649060.000000000000000000000000) 	| o_32_s=cb133ac6 (-9648838.000000000000000000000000) 	 
=> PASS: expect=-9648838.000000000000000000000000 (cb133ac6), dut=-9648838.000000000000000000000000 (cb133ac6), rounding_error=0.00000000 % (exp_error = 1.00000000 %)
==========[ Read data from ROM ]==========
[Random][ADD]i_32_a=4d64110f (239145200.000000000000000000000000) + i_32_b=438f6727 (286.805877685546875000000000) 	| o_32_s=4d641120 (239145472.000000000000000000000000) 	 
=> PASS: expect=239145488.000000000000000000000000 (4d641121), dut=239145472.000000000000000000000000 (4d641120), rounding_error=0.00000669 % (exp_error = 1.00000000 %)
[Random][ADD]i_32_a=438f6727 (286.805877685546875000000000) + i_32_b=4d64110f (239145200.000000000000000000000000) 	| o_32_s=4d641120 (239145472.000000000000000000000000) 	 
=> PASS: expect=239145488.000000000000000000000000 (4d641121), dut=239145472.000000000000000000000000 (4d641120), rounding_error=0.00000669 % (exp_error = 1.00000000 %)
==========[ Read data from ROM ]==========
[Random][ADD]i_32_a=c1508b86 (-13.034063339233398437500000) + i_32_b=cc579d05 (-56521748.000000000000000000000000) 	| o_32_s=cc579d09 (-56521764.000000000000000000000000) 	 
=> PASS: expect=-56521760.000000000000000000000000 (cc579d08), dut=-56521764.000000000000000000000000 (cc579d09), rounding_error=0.00000708 % (exp_error = 1.00000000 %)
[Random][ADD]i_32_a=cc579d05 (-56521748.000000000000000000000000) + i_32_b=c1508b86 (-13.034063339233398437500000) 	| o_32_s=cc579d09 (-56521764.000000000000000000000000) 	 
=> PASS: expect=-56521760.000000000000000000000000 (cc579d08), dut=-56521764.000000000000000000000000 (cc579d09), rounding_error=0.00000708 % (exp_error = 1.00000000 %)
==========[ Read data from ROM ]==========
[Random][ADD]i_32_a=c25444d8 (-53.067230224609375000000000) + i_32_b=c5e1bc1b (-7223.513183593750000000000000) 	| o_32_s=c5e364a5 (-7276.580566406250000000000000) 	 
=> PASS: expect=-7276.580566406250000000000000 (c5e364a5), dut=-7276.580566406250000000000000 (c5e364a5), rounding_error=0.00000000 % (exp_error = 1.00000000 %)
[Random][ADD]i_32_a=c5e1bc1b (-7223.513183593750000000000000) + i_32_b=c25444d8 (-53.067230224609375000000000) 	| o_32_s=c5e364a5 (-7276.580566406250000000000000) 	 
=> PASS: expect=-7276.580566406250000000000000 (c5e364a5), dut=-7276.580566406250000000000000 (c5e364a5), rounding_error=0.00000000 % (exp_error = 1.00000000 %)
==========[ Read data from ROM ]==========
[Random][ADD]i_32_a=44a0b36d (1285.607055664062500000000000) + i_32_b=cddeb14e (-467020224.000000000000000000000000) 	| o_32_s=cddeb126 (-467018944.000000000000000000000000) 	 
=> PASS: expect=-467018944.000000000000000000000000 (cddeb126), dut=-467018944.000000000000000000000000 (cddeb126), rounding_error=0.00000000 % (exp_error = 1.00000000 %)
[Random][ADD]i_32_a=cddeb14e (-467020224.000000000000000000000000) + i_32_b=44a0b36d (1285.607055664062500000000000) 	| o_32_s=cddeb126 (-467018944.000000000000000000000000) 	 
=> PASS: expect=-467018944.000000000000000000000000 (cddeb126), dut=-467018944.000000000000000000000000 (cddeb126), rounding_error=0.00000000 % (exp_error = 1.00000000 %)
==========[ Read data from ROM ]==========
[Random][ADD]i_32_a=4a8144c2 (4235873.000000000000000000000000) + i_32_b=c8394319 (-189708.390625000000000000000000) 	| o_32_s=4a76f552 (4046164.500000000000000000000000) 	 
=> PASS: expect=4046164.500000000000000000000000 (4a76f552), dut=4046164.500000000000000000000000 (4a76f552), rounding_error=0.00000000 % (exp_error = 1.00000000 %)
[Random][ADD]i_32_a=c8394319 (-189708.390625000000000000000000) + i_32_b=4a8144c2 (4235873.000000000000000000000000) 	| o_32_s=4a76f552 (4046164.500000000000000000000000) 	 
=> PASS: expect=4046164.500000000000000000000000 (4a76f552), dut=4046164.500000000000000000000000 (4a76f552), rounding_error=0.00000000 % (exp_error = 1.00000000 %)
==========[ Read data from ROM ]==========
[Random][ADD]i_32_a=4d8ab282 (290869312.000000000000000000000000) + i_32_b=ca7d1337 (-4146381.750000000000000000000000) 	| o_32_s=4d88b85b (286722912.000000000000000000000000) 	 
=> PASS: expect=286722944.000000000000000000000000 (4d88b85c), dut=286722912.000000000000000000000000 (4d88b85b), rounding_error=0.00001116 % (exp_error = 1.00000000 %)
[Random][ADD]i_32_a=ca7d1337 (-4146381.750000000000000000000000) + i_32_b=4d8ab282 (290869312.000000000000000000000000) 	| o_32_s=4d88b85b (286722912.000000000000000000000000) 	 
=> PASS: expect=286722944.000000000000000000000000 (4d88b85c), dut=286722912.000000000000000000000000 (4d88b85b), rounding_error=0.00001116 % (exp_error = 1.00000000 %)
==========[ Read data from ROM ]==========
[Random][ADD]i_32_a=44e0e15a (1799.042236328125000000000000) + i_32_b=c7c7ba9a (-102261.203125000000000000000000) 	| o_32_s=c7c43714 (-100462.156250000000000000000000) 	 
=> PASS: expect=-100462.164062500000000000000000 (c7c43715), dut=-100462.156250000000000000000000 (c7c43714), rounding_error=0.00000778 % (exp_error = 1.00000000 %)
[Random][ADD]i_32_a=c7c7ba9a (-102261.203125000000000000000000) + i_32_b=44e0e15a (1799.042236328125000000000000) 	| o_32_s=c7c43714 (-100462.156250000000000000000000) 	 
=> PASS: expect=-100462.164062500000000000000000 (c7c43715), dut=-100462.156250000000000000000000 (c7c43714), rounding_error=0.00000778 % (exp_error = 1.00000000 %)
==========[ Read data from ROM ]==========
[Random][ADD]i_32_a=cdb15e53 (-371968608.000000000000000000000000) + i_32_b=cab1c28d (-5824838.500000000000000000000000) 	| o_32_s=cdb4255e (-377793472.000000000000000000000000) 	 
=> PASS: expect=-377793440.000000000000000000000000 (cdb4255d), dut=-377793472.000000000000000000000000 (cdb4255e), rounding_error=0.00000847 % (exp_error = 1.00000000 %)
[Random][ADD]i_32_a=cab1c28d (-5824838.500000000000000000000000) + i_32_b=cdb15e53 (-371968608.000000000000000000000000) 	| o_32_s=cdb4255e (-377793472.000000000000000000000000) 	 
=> PASS: expect=-377793440.000000000000000000000000 (cdb4255d), dut=-377793472.000000000000000000000000 (cdb4255e), rounding_error=0.00000847 % (exp_error = 1.00000000 %)
==========[ Read data from ROM ]==========
[Random][ADD]i_32_a=ce59d482 (-913645696.000000000000000000000000) + i_32_b=c8087085 (-139714.078125000000000000000000) 	| o_32_s=ce59dd09 (-913785408.000000000000000000000000) 	 
=> PASS: expect=-913785408.000000000000000000000000 (ce59dd09), dut=-913785408.000000000000000000000000 (ce59dd09), rounding_error=0.00000000 % (exp_error = 1.00000000 %)
[Random][ADD]i_32_a=c8087085 (-139714.078125000000000000000000) + i_32_b=ce59d482 (-913645696.000000000000000000000000) 	| o_32_s=ce59dd09 (-913785408.000000000000000000000000) 	 
=> PASS: expect=-913785408.000000000000000000000000 (ce59dd09), dut=-913785408.000000000000000000000000 (ce59dd09), rounding_error=0.00000000 % (exp_error = 1.00000000 %)
==========[ Read data from ROM ]==========
[Random][ADD]i_32_a=438eec53 (285.846282958984375000000000) + i_32_b=ccf3419b (-127536344.000000000000000000000000) 	| o_32_s=ccf34178 (-127536064.000000000000000000000000) 	 
=> PASS: expect=-127536056.000000000000000000000000 (ccf34177), dut=-127536064.000000000000000000000000 (ccf34178), rounding_error=0.00000627 % (exp_error = 1.00000000 %)
[Random][ADD]i_32_a=ccf3419b (-127536344.000000000000000000000000) + i_32_b=438eec53 (285.846282958984375000000000) 	| o_32_s=ccf34178 (-127536064.000000000000000000000000) 	 
=> PASS: expect=-127536056.000000000000000000000000 (ccf34177), dut=-127536064.000000000000000000000000 (ccf34178), rounding_error=0.00000627 % (exp_error = 1.00000000 %)
==========[ Read data from ROM ]==========
[Random][ADD]i_32_a=cad5dad9 (-7007596.500000000000000000000000) + i_32_b=cb896681 (-18009346.000000000000000000000000) 	| o_32_s=cbbedd38 (-25016944.000000000000000000000000) 	 
=> PASS: expect=-25016942.000000000000000000000000 (cbbedd37), dut=-25016944.000000000000000000000000 (cbbedd38), rounding_error=0.00000799 % (exp_error = 1.00000000 %)
[Random][ADD]i_32_a=cb896681 (-18009346.000000000000000000000000) + i_32_b=cad5dad9 (-7007596.500000000000000000000000) 	| o_32_s=cbbedd38 (-25016944.000000000000000000000000) 	 
=> PASS: expect=-25016942.000000000000000000000000 (cbbedd37), dut=-25016944.000000000000000000000000 (cbbedd38), rounding_error=0.00000799 % (exp_error = 1.00000000 %)
==========[ Read data from ROM ]==========
[Random][ADD]i_32_a=c838c714 (-189212.312500000000000000000000) + i_32_b=ca23a9f1 (-2681468.250000000000000000000000) 	| o_32_s=ca2f3663 (-2870680.750000000000000000000000) 	 
=> PASS: expect=-2870680.500000000000000000000000 (ca2f3662), dut=-2870680.750000000000000000000000 (ca2f3663), rounding_error=0.00000871 % (exp_error = 1.00000000 %)
[Random][ADD]i_32_a=ca23a9f1 (-2681468.250000000000000000000000) + i_32_b=c838c714 (-189212.312500000000000000000000) 	| o_32_s=ca2f3663 (-2870680.750000000000000000000000) 	 
=> PASS: expect=-2870680.500000000000000000000000 (ca2f3662), dut=-2870680.750000000000000000000000 (ca2f3663), rounding_error=0.00000871 % (exp_error = 1.00000000 %)
==========[ Read data from ROM ]==========
[Random][ADD]i_32_a=4bea4145 (30704266.000000000000000000000000) + i_32_b=452b41f3 (2740.121826171875000000000000) 	| o_32_s=4bea469f (30707006.000000000000000000000000) 	 
=> PASS: expect=30707006.000000000000000000000000 (4bea469f), dut=30707006.000000000000000000000000 (4bea469f), rounding_error=0.00000000 % (exp_error = 1.00000000 %)
[Random][ADD]i_32_a=452b41f3 (2740.121826171875000000000000) + i_32_b=4bea4145 (30704266.000000000000000000000000) 	| o_32_s=4bea469f (30707006.000000000000000000000000) 	 
=> PASS: expect=30707006.000000000000000000000000 (4bea469f), dut=30707006.000000000000000000000000 (4bea469f), rounding_error=0.00000000 % (exp_error = 1.00000000 %)
==========[ Read data from ROM ]==========
[Random][ADD]i_32_a=4879cb18 (255788.375000000000000000000000) + i_32_b=417cb7ac (15.794841766357421875000000) 	| o_32_s=4879cf0a (255804.156250000000000000000000) 	 
=> PASS: expect=255804.171875000000000000000000 (4879cf0b), dut=255804.156250000000000000000000 (4879cf0a), rounding_error=0.00000611 % (exp_error = 1.00000000 %)
[Random][ADD]i_32_a=417cb7ac (15.794841766357421875000000) + i_32_b=4879cb18 (255788.375000000000000000000000) 	| o_32_s=4879cf0a (255804.156250000000000000000000) 	 
=> PASS: expect=255804.171875000000000000000000 (4879cf0b), dut=255804.156250000000000000000000 (4879cf0a), rounding_error=0.00000611 % (exp_error = 1.00000000 %)
==========[ Read data from ROM ]==========
[Random][ADD]i_32_a=c616bf73 (-9647.862304687500000000000000) + i_32_b=c6a43195 (-21016.791015625000000000000000) 	| o_32_s=c6ef914e (-30664.652343750000000000000000) 	 
=> PASS: expect=-30664.652343750000000000000000 (c6ef914e), dut=-30664.652343750000000000000000 (c6ef914e), rounding_error=0.00000000 % (exp_error = 1.00000000 %)
[Random][ADD]i_32_a=c6a43195 (-21016.791015625000000000000000) + i_32_b=c616bf73 (-9647.862304687500000000000000) 	| o_32_s=c6ef914e (-30664.652343750000000000000000) 	 
=> PASS: expect=-30664.652343750000000000000000 (c6ef914e), dut=-30664.652343750000000000000000 (c6ef914e), rounding_error=0.00000000 % (exp_error = 1.00000000 %)
==========[ Read data from ROM ]==========
[Random][ADD]i_32_a=4a8dc6fe (4645759.000000000000000000000000) + i_32_b=4a7581f5 (4022397.250000000000000000000000) 	| o_32_s=4b0443fc (8668156.000000000000000000000000) 	 
=> PASS: expect=8668156.000000000000000000000000 (4b0443fc), dut=8668156.000000000000000000000000 (4b0443fc), rounding_error=0.00000000 % (exp_error = 1.00000000 %)
[Random][ADD]i_32_a=4a7581f5 (4022397.250000000000000000000000) + i_32_b=4a8dc6fe (4645759.000000000000000000000000) 	| o_32_s=4b0443fc (8668156.000000000000000000000000) 	 
=> PASS: expect=8668156.000000000000000000000000 (4b0443fc), dut=8668156.000000000000000000000000 (4b0443fc), rounding_error=0.00000000 % (exp_error = 1.00000000 %)
==========[ Read data from ROM ]==========
[Random][ADD]i_32_a=4cea771d (122927336.000000000000000000000000) + i_32_b=4c57571f (56450172.000000000000000000000000) 	| o_32_s=4d2b1156 (179377504.000000000000000000000000) 	 
=> PASS: expect=179377504.000000000000000000000000 (4d2b1156), dut=179377504.000000000000000000000000 (4d2b1156), rounding_error=0.00000000 % (exp_error = 1.00000000 %)
[Random][ADD]i_32_a=4c57571f (56450172.000000000000000000000000) + i_32_b=4cea771d (122927336.000000000000000000000000) 	| o_32_s=4d2b1156 (179377504.000000000000000000000000) 	 
=> PASS: expect=179377504.000000000000000000000000 (4d2b1156), dut=179377504.000000000000000000000000 (4d2b1156), rounding_error=0.00000000 % (exp_error = 1.00000000 %)
==========[ Read data from ROM ]==========
[Random][ADD]i_32_a=c3a25a10 (-324.703613281250000000000000) + i_32_b=493651b0 (746779.000000000000000000000000) 	| o_32_s=49363d65 (746454.312500000000000000000000) 	 
=> PASS: expect=746454.312500000000000000000000 (49363d65), dut=746454.312500000000000000000000 (49363d65), rounding_error=0.00000000 % (exp_error = 1.00000000 %)
[Random][ADD]i_32_a=493651b0 (746779.000000000000000000000000) + i_32_b=c3a25a10 (-324.703613281250000000000000) 	| o_32_s=49363d65 (746454.312500000000000000000000) 	 
=> PASS: expect=746454.312500000000000000000000 (49363d65), dut=746454.312500000000000000000000 (49363d65), rounding_error=0.00000000 % (exp_error = 1.00000000 %)
==========[ Read data from ROM ]==========
[Random][ADD]i_32_a=451e7b55 (2535.708251953125000000000000) + i_32_b=44b93b14 (1481.846191406250000000000000) 	| o_32_s=457b18df (4017.554443359375000000000000) 	 
=> PASS: expect=4017.554443359375000000000000 (457b18df), dut=4017.554443359375000000000000 (457b18df), rounding_error=0.00000000 % (exp_error = 1.00000000 %)
[Random][ADD]i_32_a=44b93b14 (1481.846191406250000000000000) + i_32_b=451e7b55 (2535.708251953125000000000000) 	| o_32_s=457b18df (4017.554443359375000000000000) 	 
=> PASS: expect=4017.554443359375000000000000 (457b18df), dut=4017.554443359375000000000000 (457b18df), rounding_error=0.00000000 % (exp_error = 1.00000000 %)
==========[ Read data from ROM ]==========
[Random][ADD]i_32_a=c2cf5acb (-103.677330017089843750000000) + i_32_b=c125cd94 (-10.362689971923828125000000) 	| o_32_s=c2e4147d (-114.040016174316406250000000) 	 
=> PASS: expect=-114.040023803710937500000000 (c2e4147e), dut=-114.040016174316406250000000 (c2e4147d), rounding_error=0.00000669 % (exp_error = 1.00000000 %)
[Random][ADD]i_32_a=c125cd94 (-10.362689971923828125000000) + i_32_b=c2cf5acb (-103.677330017089843750000000) 	| o_32_s=c2e4147d (-114.040016174316406250000000) 	 
=> PASS: expect=-114.040023803710937500000000 (c2e4147e), dut=-114.040016174316406250000000 (c2e4147d), rounding_error=0.00000669 % (exp_error = 1.00000000 %)
==========[ Read data from ROM ]==========
[Random][ADD]i_32_a=c61f4f4c (-10195.824218750000000000000000) + i_32_b=c55f700b (-3575.002685546875000000000000) 	| o_32_s=c6572b4e (-13770.826171875000000000000000) 	 
=> PASS: expect=-13770.827148437500000000000000 (c6572b4f), dut=-13770.826171875000000000000000 (c6572b4e), rounding_error=0.00000709 % (exp_error = 1.00000000 %)
[Random][ADD]i_32_a=c55f700b (-3575.002685546875000000000000) + i_32_b=c61f4f4c (-10195.824218750000000000000000) 	| o_32_s=c6572b4e (-13770.826171875000000000000000) 	 
=> PASS: expect=-13770.827148437500000000000000 (c6572b4f), dut=-13770.826171875000000000000000 (c6572b4e), rounding_error=0.00000709 % (exp_error = 1.00000000 %)
==========[ Read data from ROM ]==========
[Random][ADD]i_32_a=c367ae7c (-231.681579589843750000000000) + i_32_b=c150f719 (-13.060326576232910156250000) 	| o_32_s=c374bdee (-244.741912841796875000000000) 	 
=> PASS: expect=-244.741912841796875000000000 (c374bdee), dut=-244.741912841796875000000000 (c374bdee), rounding_error=0.00000000 % (exp_error = 1.00000000 %)
[Random][ADD]i_32_a=c150f719 (-13.060326576232910156250000) + i_32_b=c367ae7c (-231.681579589843750000000000) 	| o_32_s=c374bdee (-244.741912841796875000000000) 	 
=> PASS: expect=-244.741912841796875000000000 (c374bdee), dut=-244.741912841796875000000000 (c374bdee), rounding_error=0.00000000 % (exp_error = 1.00000000 %)
==========[ Read data from ROM ]==========
[Random][ADD]i_32_a=c8472547 (-203925.109375000000000000000000) + i_32_b=42fb826d (125.754737854003906250000000) 	| o_32_s=c84705d7 (-203799.359375000000000000000000) 	 
=> PASS: expect=-203799.359375000000000000000000 (c84705d7), dut=-203799.359375000000000000000000 (c84705d7), rounding_error=0.00000000 % (exp_error = 1.00000000 %)
[Random][ADD]i_32_a=42fb826d (125.754737854003906250000000) + i_32_b=c8472547 (-203925.109375000000000000000000) 	| o_32_s=c84705d7 (-203799.359375000000000000000000) 	 
=> PASS: expect=-203799.359375000000000000000000 (c84705d7), dut=-203799.359375000000000000000000 (c84705d7), rounding_error=0.00000000 % (exp_error = 1.00000000 %)
==========[ Read data from ROM ]==========
[Random][ADD]i_32_a=423ad3c9 (46.706821441650390625000000) + i_32_b=44e30f45 (1816.477172851562500000000000) 	| o_32_s=44e8e5e4 (1863.184082031250000000000000) 	 
=> PASS: expect=1863.183959960937500000000000 (44e8e5e3), dut=1863.184082031250000000000000 (44e8e5e4), rounding_error=0.00000655 % (exp_error = 1.00000000 %)
[Random][ADD]i_32_a=44e30f45 (1816.477172851562500000000000) + i_32_b=423ad3c9 (46.706821441650390625000000) 	| o_32_s=44e8e5e4 (1863.184082031250000000000000) 	 
=> PASS: expect=1863.183959960937500000000000 (44e8e5e3), dut=1863.184082031250000000000000 (44e8e5e4), rounding_error=0.00000655 % (exp_error = 1.00000000 %)
==========[ Read data from ROM ]==========
[Random][ADD]i_32_a=cec6fb1b (-1669172608.000000000000000000000000) + i_32_b=c2893494 (-68.602691650390625000000000) 	| o_32_s=cec6fb1b (-1669172608.000000000000000000000000) 	 
=> PASS: expect=-1669172736.000000000000000000000000 (cec6fb1c), dut=-1669172608.000000000000000000000000 (cec6fb1b), rounding_error=0.00000767 % (exp_error = 1.00000000 %)
[Random][ADD]i_32_a=c2893494 (-68.602691650390625000000000) + i_32_b=cec6fb1b (-1669172608.000000000000000000000000) 	| o_32_s=cec6fb1b (-1669172608.000000000000000000000000) 	 
=> PASS: expect=-1669172736.000000000000000000000000 (cec6fb1c), dut=-1669172608.000000000000000000000000 (cec6fb1b), rounding_error=0.00000767 % (exp_error = 1.00000000 %)
==========[ Read data from ROM ]==========
[Random][ADD]i_32_a=c708c727 (-35015.152343750000000000000000) + i_32_b=449d3bae (1257.864990234375000000000000) 	| o_32_s=c703dd49 (-33757.285156250000000000000000) 	 
=> PASS: expect=-33757.289062500000000000000000 (c703dd4a), dut=-33757.285156250000000000000000 (c703dd49), rounding_error=0.00001157 % (exp_error = 1.00000000 %)
[Random][ADD]i_32_a=449d3bae (1257.864990234375000000000000) + i_32_b=c708c727 (-35015.152343750000000000000000) 	| o_32_s=c703dd49 (-33757.285156250000000000000000) 	 
=> PASS: expect=-33757.289062500000000000000000 (c703dd4a), dut=-33757.285156250000000000000000 (c703dd49), rounding_error=0.00001157 % (exp_error = 1.00000000 %)
==========[ Read data from ROM ]==========
[Random][ADD]i_32_a=c48c15e7 (-1120.684448242187500000000000) + i_32_b=4e5bc01f (921700288.000000000000000000000000) 	| o_32_s=4e5bc00d (921699136.000000000000000000000000) 	 
=> PASS: expect=921699136.000000000000000000000000 (4e5bc00d), dut=921699136.000000000000000000000000 (4e5bc00d), rounding_error=0.00000000 % (exp_error = 1.00000000 %)
[Random][ADD]i_32_a=4e5bc01f (921700288.000000000000000000000000) + i_32_b=c48c15e7 (-1120.684448242187500000000000) 	| o_32_s=4e5bc00d (921699136.000000000000000000000000) 	 
=> PASS: expect=921699136.000000000000000000000000 (4e5bc00d), dut=921699136.000000000000000000000000 (4e5bc00d), rounding_error=0.00000000 % (exp_error = 1.00000000 %)
==========[ Read data from ROM ]==========
[Random][ADD]i_32_a=4a8635ad (4397782.500000000000000000000000) + i_32_b=4eb9f955 (1560062592.000000000000000000000000) 	| o_32_s=4eba7f8b (1564460416.000000000000000000000000) 	 
=> PASS: expect=1564460416.000000000000000000000000 (4eba7f8b), dut=1564460416.000000000000000000000000 (4eba7f8b), rounding_error=0.00000000 % (exp_error = 1.00000000 %)
[Random][ADD]i_32_a=4eb9f955 (1560062592.000000000000000000000000) + i_32_b=4a8635ad (4397782.500000000000000000000000) 	| o_32_s=4eba7f8b (1564460416.000000000000000000000000) 	 
=> PASS: expect=1564460416.000000000000000000000000 (4eba7f8b), dut=1564460416.000000000000000000000000 (4eba7f8b), rounding_error=0.00000000 % (exp_error = 1.00000000 %)
==========[ Read data from ROM ]==========
[Random][ADD]i_32_a=c6928069 (-18752.205078125000000000000000) + i_32_b=4ea0d3f2 (1349122304.000000000000000000000000) 	| o_32_s=4ea0d35f (1349103488.000000000000000000000000) 	 
=> PASS: expect=1349103488.000000000000000000000000 (4ea0d35f), dut=1349103488.000000000000000000000000 (4ea0d35f), rounding_error=0.00000000 % (exp_error = 1.00000000 %)
[Random][ADD]i_32_a=4ea0d3f2 (1349122304.000000000000000000000000) + i_32_b=c6928069 (-18752.205078125000000000000000) 	| o_32_s=4ea0d35f (1349103488.000000000000000000000000) 	 
=> PASS: expect=1349103488.000000000000000000000000 (4ea0d35f), dut=1349103488.000000000000000000000000 (4ea0d35f), rounding_error=0.00000000 % (exp_error = 1.00000000 %)
==========[ Read data from ROM ]==========
[Random][ADD]i_32_a=c173a05a (-15.226648330688476562500000) + i_32_b=c871ca3a (-247592.906250000000000000000000) 	| o_32_s=c871ce08 (-247608.125000000000000000000000) 	 
=> PASS: expect=-247608.140625000000000000000000 (c871ce09), dut=-247608.125000000000000000000000 (c871ce08), rounding_error=0.00000631 % (exp_error = 1.00000000 %)
[Random][ADD]i_32_a=c871ca3a (-247592.906250000000000000000000) + i_32_b=c173a05a (-15.226648330688476562500000) 	| o_32_s=c871ce08 (-247608.125000000000000000000000) 	 
=> PASS: expect=-247608.140625000000000000000000 (c871ce09), dut=-247608.125000000000000000000000 (c871ce08), rounding_error=0.00000631 % (exp_error = 1.00000000 %)
==========[ Read data from ROM ]==========
[Random][ADD]i_32_a=46394780 (11857.875000000000000000000000) + i_32_b=c8a3837f (-334875.968750000000000000000000) 	| o_32_s=c89db943 (-323018.093750000000000000000000) 	 
=> PASS: expect=-323018.093750000000000000000000 (c89db943), dut=-323018.093750000000000000000000 (c89db943), rounding_error=0.00000000 % (exp_error = 1.00000000 %)
[Random][ADD]i_32_a=c8a3837f (-334875.968750000000000000000000) + i_32_b=46394780 (11857.875000000000000000000000) 	| o_32_s=c89db943 (-323018.093750000000000000000000) 	 
=> PASS: expect=-323018.093750000000000000000000 (c89db943), dut=-323018.093750000000000000000000 (c89db943), rounding_error=0.00000000 % (exp_error = 1.00000000 %)
==========[ Read data from ROM ]==========
[Random][ADD]i_32_a=cbe54aff (-30053886.000000000000000000000000) + i_32_b=44104321 (577.048889160156250000000000) 	| o_32_s=cbe549de (-30053308.000000000000000000000000) 	 
=> PASS: expect=-30053308.000000000000000000000000 (cbe549de), dut=-30053308.000000000000000000000000 (cbe549de), rounding_error=0.00000000 % (exp_error = 1.00000000 %)
[Random][ADD]i_32_a=44104321 (577.048889160156250000000000) + i_32_b=cbe54aff (-30053886.000000000000000000000000) 	| o_32_s=cbe549de (-30053308.000000000000000000000000) 	 
=> PASS: expect=-30053308.000000000000000000000000 (cbe549de), dut=-30053308.000000000000000000000000 (cbe549de), rounding_error=0.00000000 % (exp_error = 1.00000000 %)
==========[ Read data from ROM ]==========
[Random][ADD]i_32_a=42a21a0f (81.050895690917968750000000) + i_32_b=42664cc6 (57.574974060058593750000000) 	| o_32_s=430aa039 (138.625869750976562500000000) 	 
=> PASS: expect=138.625869750976562500000000 (430aa039), dut=138.625869750976562500000000 (430aa039), rounding_error=0.00000000 % (exp_error = 1.00000000 %)
[Random][ADD]i_32_a=42664cc6 (57.574974060058593750000000) + i_32_b=42a21a0f (81.050895690917968750000000) 	| o_32_s=430aa039 (138.625869750976562500000000) 	 
=> PASS: expect=138.625869750976562500000000 (430aa039), dut=138.625869750976562500000000 (430aa039), rounding_error=0.00000000 % (exp_error = 1.00000000 %)
==========[ Read data from ROM ]==========
[Random][ADD]i_32_a=c271ce59 (-60.451511383056640625000000) + i_32_b=c6b3320b (-22937.021484375000000000000000) 	| o_32_s=c6b3aaf3 (-22997.474609375000000000000000) 	 
=> PASS: expect=-22997.472656250000000000000000 (c6b3aaf2), dut=-22997.474609375000000000000000 (c6b3aaf3), rounding_error=0.00000849 % (exp_error = 1.00000000 %)
[Random][ADD]i_32_a=c6b3320b (-22937.021484375000000000000000) + i_32_b=c271ce59 (-60.451511383056640625000000) 	| o_32_s=c6b3aaf3 (-22997.474609375000000000000000) 	 
=> PASS: expect=-22997.472656250000000000000000 (c6b3aaf2), dut=-22997.474609375000000000000000 (c6b3aaf3), rounding_error=0.00000849 % (exp_error = 1.00000000 %)
==========[ Read data from ROM ]==========
[Random][ADD]i_32_a=4a323a35 (2920077.250000000000000000000000) + i_32_b=c2306d9b (-44.107036590576171875000000) 	| o_32_s=4a323984 (2920033.000000000000000000000000) 	 
=> PASS: expect=2920033.250000000000000000000000 (4a323985), dut=2920033.000000000000000000000000 (4a323984), rounding_error=0.00000856 % (exp_error = 1.00000000 %)
[Random][ADD]i_32_a=c2306d9b (-44.107036590576171875000000) + i_32_b=4a323a35 (2920077.250000000000000000000000) 	| o_32_s=4a323984 (2920033.000000000000000000000000) 	 
=> PASS: expect=2920033.250000000000000000000000 (4a323985), dut=2920033.000000000000000000000000 (4a323984), rounding_error=0.00000856 % (exp_error = 1.00000000 %)
==========[ Read data from ROM ]==========
[Random][ADD]i_32_a=c619f0f3 (-9852.237304687500000000000000) + i_32_b=c708280a (-34856.039062500000000000000000) 	| o_32_s=c72ea446 (-44708.273437500000000000000000) 	 
=> PASS: expect=-44708.277343750000000000000000 (c72ea447), dut=-44708.273437500000000000000000 (c72ea446), rounding_error=0.00000874 % (exp_error = 1.00000000 %)
[Random][ADD]i_32_a=c708280a (-34856.039062500000000000000000) + i_32_b=c619f0f3 (-9852.237304687500000000000000) 	| o_32_s=c72ea446 (-44708.273437500000000000000000) 	 
=> PASS: expect=-44708.277343750000000000000000 (c72ea447), dut=-44708.273437500000000000000000 (c72ea446), rounding_error=0.00000874 % (exp_error = 1.00000000 %)
==========[ Read data from ROM ]==========
[Random][ADD]i_32_a=c698e2b7 (-19569.357421875000000000000000) + i_32_b=c4c0c490 (-1542.142578125000000000000000) 	| o_32_s=c6a4ef00 (-21111.500000000000000000000000) 	 
=> PASS: expect=-21111.500000000000000000000000 (c6a4ef00), dut=-21111.500000000000000000000000 (c6a4ef00), rounding_error=0.00000000 % (exp_error = 1.00000000 %)
[Random][ADD]i_32_a=c4c0c490 (-1542.142578125000000000000000) + i_32_b=c698e2b7 (-19569.357421875000000000000000) 	| o_32_s=c6a4ef00 (-21111.500000000000000000000000) 	 
=> PASS: expect=-21111.500000000000000000000000 (c6a4ef00), dut=-21111.500000000000000000000000 (c6a4ef00), rounding_error=0.00000000 % (exp_error = 1.00000000 %)
==========[ Read data from ROM ]==========
[Random][ADD]i_32_a=4c2fe886 (46113304.000000000000000000000000) + i_32_b=c463db9f (-911.431579589843750000000000) 	| o_32_s=4c2fe7a2 (46112392.000000000000000000000000) 	 
=> PASS: expect=46112392.000000000000000000000000 (4c2fe7a2), dut=46112392.000000000000000000000000 (4c2fe7a2), rounding_error=0.00000000 % (exp_error = 1.00000000 %)
[Random][ADD]i_32_a=c463db9f (-911.431579589843750000000000) + i_32_b=4c2fe886 (46113304.000000000000000000000000) 	| o_32_s=4c2fe7a2 (46112392.000000000000000000000000) 	 
=> PASS: expect=46112392.000000000000000000000000 (4c2fe7a2), dut=46112392.000000000000000000000000 (4c2fe7a2), rounding_error=0.00000000 % (exp_error = 1.00000000 %)
==========[ Read data from ROM ]==========
[Random][ADD]i_32_a=c7ab6f88 (-87775.062500000000000000000000) + i_32_b=cbcf4883 (-27169030.000000000000000000000000) 	| o_32_s=cbcff3f2 (-27256804.000000000000000000000000) 	 
=> PASS: expect=-27256806.000000000000000000000000 (cbcff3f3), dut=-27256804.000000000000000000000000 (cbcff3f2), rounding_error=0.00000734 % (exp_error = 1.00000000 %)
[Random][ADD]i_32_a=cbcf4883 (-27169030.000000000000000000000000) + i_32_b=c7ab6f88 (-87775.062500000000000000000000) 	| o_32_s=cbcff3f2 (-27256804.000000000000000000000000) 	 
=> PASS: expect=-27256806.000000000000000000000000 (cbcff3f3), dut=-27256804.000000000000000000000000 (cbcff3f2), rounding_error=0.00000734 % (exp_error = 1.00000000 %)
==========[ Read data from ROM ]==========
[Random][ADD]i_32_a=c17ab5d0 (-15.669387817382812500000000) + i_32_b=cdc970c6 (-422451392.000000000000000000000000) 	| o_32_s=cdc970c6 (-422451392.000000000000000000000000) 	 
=> PASS: expect=-422451392.000000000000000000000000 (cdc970c6), dut=-422451392.000000000000000000000000 (cdc970c6), rounding_error=0.00000000 % (exp_error = 1.00000000 %)
[Random][ADD]i_32_a=cdc970c6 (-422451392.000000000000000000000000) + i_32_b=c17ab5d0 (-15.669387817382812500000000) 	| o_32_s=cdc970c6 (-422451392.000000000000000000000000) 	 
=> PASS: expect=-422451392.000000000000000000000000 (cdc970c6), dut=-422451392.000000000000000000000000 (cdc970c6), rounding_error=0.00000000 % (exp_error = 1.00000000 %)
==========[ Read data from ROM ]==========
[Random][ADD]i_32_a=cbcbd9b1 (-26719074.000000000000000000000000) + i_32_b=4e93df3e (1240440576.000000000000000000000000) 	| o_32_s=4e90afd7 (1213721472.000000000000000000000000) 	 
=> PASS: expect=1213721472.000000000000000000000000 (4e90afd7), dut=1213721472.000000000000000000000000 (4e90afd7), rounding_error=0.00000000 % (exp_error = 1.00000000 %)
[Random][ADD]i_32_a=4e93df3e (1240440576.000000000000000000000000) + i_32_b=cbcbd9b1 (-26719074.000000000000000000000000) 	| o_32_s=4e90afd7 (1213721472.000000000000000000000000) 	 
=> PASS: expect=1213721472.000000000000000000000000 (4e90afd7), dut=1213721472.000000000000000000000000 (4e90afd7), rounding_error=0.00000000 % (exp_error = 1.00000000 %)
==========[ Read data from ROM ]==========
[Random][ADD]i_32_a=ccb39b2b (-94165336.000000000000000000000000) + i_32_b=ca8043d5 (-4202986.500000000000000000000000) 	| o_32_s=ccbb9f68 (-98368320.000000000000000000000000) 	 
=> PASS: expect=-98368320.000000000000000000000000 (ccbb9f68), dut=-98368320.000000000000000000000000 (ccbb9f68), rounding_error=0.00000000 % (exp_error = 1.00000000 %)
[Random][ADD]i_32_a=ca8043d5 (-4202986.500000000000000000000000) + i_32_b=ccb39b2b (-94165336.000000000000000000000000) 	| o_32_s=ccbb9f68 (-98368320.000000000000000000000000) 	 
=> PASS: expect=-98368320.000000000000000000000000 (ccbb9f68), dut=-98368320.000000000000000000000000 (ccbb9f68), rounding_error=0.00000000 % (exp_error = 1.00000000 %)
==========[ Read data from ROM ]==========
[Random][ADD]i_32_a=4e571348 (902091264.000000000000000000000000) + i_32_b=43c39e70 (391.237792968750000000000000) 	| o_32_s=4e57134f (902091712.000000000000000000000000) 	 
=> PASS: expect=902091648.000000000000000000000000 (4e57134e), dut=902091712.000000000000000000000000 (4e57134f), rounding_error=0.00000709 % (exp_error = 1.00000000 %)
[Random][ADD]i_32_a=43c39e70 (391.237792968750000000000000) + i_32_b=4e571348 (902091264.000000000000000000000000) 	| o_32_s=4e57134f (902091712.000000000000000000000000) 	 
=> PASS: expect=902091648.000000000000000000000000 (4e57134e), dut=902091712.000000000000000000000000 (4e57134f), rounding_error=0.00000709 % (exp_error = 1.00000000 %)
==========[ Read data from ROM ]==========
[Random][ADD]i_32_a=4e3eee89 (800825920.000000000000000000000000) + i_32_b=49af1f31 (1434598.125000000000000000000000) 	| o_32_s=4e3f4619 (802260544.000000000000000000000000) 	 
=> PASS: expect=802260544.000000000000000000000000 (4e3f4619), dut=802260544.000000000000000000000000 (4e3f4619), rounding_error=0.00000000 % (exp_error = 1.00000000 %)
[Random][ADD]i_32_a=49af1f31 (1434598.125000000000000000000000) + i_32_b=4e3eee89 (800825920.000000000000000000000000) 	| o_32_s=4e3f4619 (802260544.000000000000000000000000) 	 
=> PASS: expect=802260544.000000000000000000000000 (4e3f4619), dut=802260544.000000000000000000000000 (4e3f4619), rounding_error=0.00000000 % (exp_error = 1.00000000 %)
==========[ Read data from ROM ]==========
[Random][ADD]i_32_a=ce06f611 (-566068288.000000000000000000000000) + i_32_b=cb788946 (-16288070.000000000000000000000000) 	| o_32_s=ce0ad837 (-582356416.000000000000000000000000) 	 
=> PASS: expect=-582356352.000000000000000000000000 (ce0ad836), dut=-582356416.000000000000000000000000 (ce0ad837), rounding_error=0.00001099 % (exp_error = 1.00000000 %)
[Random][ADD]i_32_a=cb788946 (-16288070.000000000000000000000000) + i_32_b=ce06f611 (-566068288.000000000000000000000000) 	| o_32_s=ce0ad837 (-582356416.000000000000000000000000) 	 
=> PASS: expect=-582356352.000000000000000000000000 (ce0ad836), dut=-582356416.000000000000000000000000 (ce0ad837), rounding_error=0.00001099 % (exp_error = 1.00000000 %)
==========[ Read data from ROM ]==========
[Random][ADD]i_32_a=c58ade6b (-4443.802246093750000000000000) + i_32_b=44a2962f (1300.693237304687500000000000) 	| o_32_s=c54471be (-3143.108886718750000000000000) 	 
=> PASS: expect=-3143.108886718750000000000000 (c54471be), dut=-3143.108886718750000000000000 (c54471be), rounding_error=0.00000000 % (exp_error = 1.00000000 %)
[Random][ADD]i_32_a=44a2962f (1300.693237304687500000000000) + i_32_b=c58ade6b (-4443.802246093750000000000000) 	| o_32_s=c54471be (-3143.108886718750000000000000) 	 
=> PASS: expect=-3143.108886718750000000000000 (c54471be), dut=-3143.108886718750000000000000 (c54471be), rounding_error=0.00000000 % (exp_error = 1.00000000 %)
==========[ Read data from ROM ]==========
[Random][ADD]i_32_a=c596be87 (-4823.815917968750000000000000) + i_32_b=c381c542 (-259.541076660156250000000000) 	| o_32_s=c59edadc (-5083.357421875000000000000000) 	 
=> PASS: expect=-5083.356933593750000000000000 (c59edadb), dut=-5083.357421875000000000000000 (c59edadc), rounding_error=0.00000961 % (exp_error = 1.00000000 %)
[Random][ADD]i_32_a=c381c542 (-259.541076660156250000000000) + i_32_b=c596be87 (-4823.815917968750000000000000) 	| o_32_s=c59edadc (-5083.357421875000000000000000) 	 
=> PASS: expect=-5083.356933593750000000000000 (c59edadb), dut=-5083.357421875000000000000000 (c59edadc), rounding_error=0.00000961 % (exp_error = 1.00000000 %)
==========[ Read data from ROM ]==========
[Random][ADD]i_32_a=49d27351 (1724010.125000000000000000000000) + i_32_b=caed0fe3 (-7768049.500000000000000000000000) 	| o_32_s=cab8730f (-6044039.500000000000000000000000) 	 
=> PASS: expect=-6044039.500000000000000000000000 (cab8730f), dut=-6044039.500000000000000000000000 (cab8730f), rounding_error=0.00000000 % (exp_error = 1.00000000 %)
[Random][ADD]i_32_a=caed0fe3 (-7768049.500000000000000000000000) + i_32_b=49d27351 (1724010.125000000000000000000000) 	| o_32_s=cab8730f (-6044039.500000000000000000000000) 	 
=> PASS: expect=-6044039.500000000000000000000000 (cab8730f), dut=-6044039.500000000000000000000000 (cab8730f), rounding_error=0.00000000 % (exp_error = 1.00000000 %)
==========[ Read data from ROM ]==========
[Random][ADD]i_32_a=cc5e28db (-58237804.000000000000000000000000) + i_32_b=4900f2cc (528172.750000000000000000000000) 	| o_32_s=cc5c2510 (-57709632.000000000000000000000000) 	 
=> PASS: expect=-57709632.000000000000000000000000 (cc5c2510), dut=-57709632.000000000000000000000000 (cc5c2510), rounding_error=0.00000000 % (exp_error = 1.00000000 %)
[Random][ADD]i_32_a=4900f2cc (528172.750000000000000000000000) + i_32_b=cc5e28db (-58237804.000000000000000000000000) 	| o_32_s=cc5c2510 (-57709632.000000000000000000000000) 	 
=> PASS: expect=-57709632.000000000000000000000000 (cc5c2510), dut=-57709632.000000000000000000000000 (cc5c2510), rounding_error=0.00000000 % (exp_error = 1.00000000 %)
==========[ Read data from ROM ]==========
[Random][ADD]i_32_a=c821e1ca (-165767.156250000000000000000000) + i_32_b=ce91bc55 (-1222519424.000000000000000000000000) 	| o_32_s=ce91c164 (-1222685184.000000000000000000000000) 	 
=> PASS: expect=-1222685184.000000000000000000000000 (ce91c164), dut=-1222685184.000000000000000000000000 (ce91c164), rounding_error=0.00000000 % (exp_error = 1.00000000 %)
[Random][ADD]i_32_a=ce91bc55 (-1222519424.000000000000000000000000) + i_32_b=c821e1ca (-165767.156250000000000000000000) 	| o_32_s=ce91c164 (-1222685184.000000000000000000000000) 	 
=> PASS: expect=-1222685184.000000000000000000000000 (ce91c164), dut=-1222685184.000000000000000000000000 (ce91c164), rounding_error=0.00000000 % (exp_error = 1.00000000 %)
==========[ Read data from ROM ]==========
[Random][ADD]i_32_a=4e0e1d09 (596066880.000000000000000000000000) + i_32_b=c540793f (-3079.577880859375000000000000) 	| o_32_s=4e0e1cd9 (596063808.000000000000000000000000) 	 
=> PASS: expect=596063808.000000000000000000000000 (4e0e1cd9), dut=596063808.000000000000000000000000 (4e0e1cd9), rounding_error=0.00000000 % (exp_error = 1.00000000 %)
[Random][ADD]i_32_a=c540793f (-3079.577880859375000000000000) + i_32_b=4e0e1d09 (596066880.000000000000000000000000) 	| o_32_s=4e0e1cd9 (596063808.000000000000000000000000) 	 
=> PASS: expect=596063808.000000000000000000000000 (4e0e1cd9), dut=596063808.000000000000000000000000 (4e0e1cd9), rounding_error=0.00000000 % (exp_error = 1.00000000 %)
==========[ Read data from ROM ]==========
[Random][ADD]i_32_a=4378e12f (248.879623413085937500000000) + i_32_b=41baad86 (23.334728240966796875000000) 	| o_32_s=43881b6f (272.214324951171875000000000) 	 
=> PASS: expect=272.214355468750000000000000 (43881b70), dut=272.214324951171875000000000 (43881b6f), rounding_error=0.00001121 % (exp_error = 1.00000000 %)
[Random][ADD]i_32_a=41baad86 (23.334728240966796875000000) + i_32_b=4378e12f (248.879623413085937500000000) 	| o_32_s=43881b6f (272.214324951171875000000000) 	 
=> PASS: expect=272.214355468750000000000000 (43881b70), dut=272.214324951171875000000000 (43881b6f), rounding_error=0.00001121 % (exp_error = 1.00000000 %)
==========[ Read data from ROM ]==========
[Random][ADD]i_32_a=4298b746 (76.357955932617187500000000) + i_32_b=ccb07e24 (-92533024.000000000000000000000000) 	| o_32_s=ccb07e1a (-92532944.000000000000000000000000) 	 
=> PASS: expect=-92532944.000000000000000000000000 (ccb07e1a), dut=-92532944.000000000000000000000000 (ccb07e1a), rounding_error=0.00000000 % (exp_error = 1.00000000 %)
[Random][ADD]i_32_a=ccb07e24 (-92533024.000000000000000000000000) + i_32_b=4298b746 (76.357955932617187500000000) 	| o_32_s=ccb07e1a (-92532944.000000000000000000000000) 	 
=> PASS: expect=-92532944.000000000000000000000000 (ccb07e1a), dut=-92532944.000000000000000000000000 (ccb07e1a), rounding_error=0.00000000 % (exp_error = 1.00000000 %)
==========[ Read data from ROM ]==========
[Random][ADD]i_32_a=c3964a92 (-300.582580566406250000000000) + i_32_b=480ef6ad (146394.703125000000000000000000) 	| o_32_s=480eab88 (146094.125000000000000000000000) 	 
=> PASS: expect=146094.125000000000000000000000 (480eab88), dut=146094.125000000000000000000000 (480eab88), rounding_error=0.00000000 % (exp_error = 1.00000000 %)
[Random][ADD]i_32_a=480ef6ad (146394.703125000000000000000000) + i_32_b=c3964a92 (-300.582580566406250000000000) 	| o_32_s=480eab88 (146094.125000000000000000000000) 	 
=> PASS: expect=146094.125000000000000000000000 (480eab88), dut=146094.125000000000000000000000 (480eab88), rounding_error=0.00000000 % (exp_error = 1.00000000 %)
==========[ Read data from ROM ]==========
[Random][ADD]i_32_a=4452afcb (842.746765136718750000000000) + i_32_b=45ac0b14 (5505.384765625000000000000000) 	| o_32_s=45c6610d (6348.131347656250000000000000) 	 
=> PASS: expect=6348.131347656250000000000000 (45c6610d), dut=6348.131347656250000000000000 (45c6610d), rounding_error=0.00000000 % (exp_error = 1.00000000 %)
[Random][ADD]i_32_a=45ac0b14 (5505.384765625000000000000000) + i_32_b=4452afcb (842.746765136718750000000000) 	| o_32_s=45c6610d (6348.131347656250000000000000) 	 
=> PASS: expect=6348.131347656250000000000000 (45c6610d), dut=6348.131347656250000000000000 (45c6610d), rounding_error=0.00000000 % (exp_error = 1.00000000 %)
==========[ Read data from ROM ]==========
[Random][ADD]i_32_a=49f5e86a (2014477.250000000000000000000000) + i_32_b=c77d1880 (-64792.500000000000000000000000) 	| o_32_s=49edffa6 (1949684.750000000000000000000000) 	 
=> PASS: expect=1949684.750000000000000000000000 (49edffa6), dut=1949684.750000000000000000000000 (49edffa6), rounding_error=0.00000000 % (exp_error = 1.00000000 %)
[Random][ADD]i_32_a=c77d1880 (-64792.500000000000000000000000) + i_32_b=49f5e86a (2014477.250000000000000000000000) 	| o_32_s=49edffa6 (1949684.750000000000000000000000) 	 
=> PASS: expect=1949684.750000000000000000000000 (49edffa6), dut=1949684.750000000000000000000000 (49edffa6), rounding_error=0.00000000 % (exp_error = 1.00000000 %)
==========[ Read data from ROM ]==========
[Random][ADD]i_32_a=c4dea86c (-1781.263183593750000000000000) + i_32_b=c8aa637a (-348955.812500000000000000000000) 	| o_32_s=c8ab4222 (-350737.062500000000000000000000) 	 
=> PASS: expect=-350737.062500000000000000000000 (c8ab4222), dut=-350737.062500000000000000000000 (c8ab4222), rounding_error=0.00000000 % (exp_error = 1.00000000 %)
[Random][ADD]i_32_a=c8aa637a (-348955.812500000000000000000000) + i_32_b=c4dea86c (-1781.263183593750000000000000) 	| o_32_s=c8ab4222 (-350737.062500000000000000000000) 	 
=> PASS: expect=-350737.062500000000000000000000 (c8ab4222), dut=-350737.062500000000000000000000 (c8ab4222), rounding_error=0.00000000 % (exp_error = 1.00000000 %)
==========[ Read data from ROM ]==========
[Random][ADD]i_32_a=c83c7efe (-193019.968750000000000000000000) + i_32_b=ce2a906d (-715397952.000000000000000000000000) 	| o_32_s=ce2a9c34 (-715590912.000000000000000000000000) 	 
=> PASS: expect=-715590976.000000000000000000000000 (ce2a9c35), dut=-715590912.000000000000000000000000 (ce2a9c34), rounding_error=0.00000894 % (exp_error = 1.00000000 %)
[Random][ADD]i_32_a=ce2a906d (-715397952.000000000000000000000000) + i_32_b=c83c7efe (-193019.968750000000000000000000) 	| o_32_s=ce2a9c34 (-715590912.000000000000000000000000) 	 
=> PASS: expect=-715590976.000000000000000000000000 (ce2a9c35), dut=-715590912.000000000000000000000000 (ce2a9c34), rounding_error=0.00000894 % (exp_error = 1.00000000 %)
==========[ Read data from ROM ]==========
[Random][ADD]i_32_a=c51b2d19 (-2482.818603515625000000000000) + i_32_b=4c168f64 (39468432.000000000000000000000000) 	| o_32_s=4c168cf8 (39465952.000000000000000000000000) 	 
=> PASS: expect=39465948.000000000000000000000000 (4c168cf7), dut=39465952.000000000000000000000000 (4c168cf8), rounding_error=0.00001014 % (exp_error = 1.00000000 %)
[Random][ADD]i_32_a=4c168f64 (39468432.000000000000000000000000) + i_32_b=c51b2d19 (-2482.818603515625000000000000) 	| o_32_s=4c168cf8 (39465952.000000000000000000000000) 	 
=> PASS: expect=39465948.000000000000000000000000 (4c168cf7), dut=39465952.000000000000000000000000 (4c168cf8), rounding_error=0.00001014 % (exp_error = 1.00000000 %)
==========[ Read data from ROM ]==========
[Random][ADD]i_32_a=4663d971 (14582.360351562500000000000000) + i_32_b=4c6f9256 (62802264.000000000000000000000000) 	| o_32_s=4c6fa094 (62816848.000000000000000000000000) 	 
=> PASS: expect=62816848.000000000000000000000000 (4c6fa094), dut=62816848.000000000000000000000000 (4c6fa094), rounding_error=0.00000000 % (exp_error = 1.00000000 %)
[Random][ADD]i_32_a=4c6f9256 (62802264.000000000000000000000000) + i_32_b=4663d971 (14582.360351562500000000000000) 	| o_32_s=4c6fa094 (62816848.000000000000000000000000) 	 
=> PASS: expect=62816848.000000000000000000000000 (4c6fa094), dut=62816848.000000000000000000000000 (4c6fa094), rounding_error=0.00000000 % (exp_error = 1.00000000 %)
==========[ Read data from ROM ]==========
[Random][ADD]i_32_a=4ce1cdfd (118386664.000000000000000000000000) + i_32_b=4d9732b7 (317085408.000000000000000000000000) 	| o_32_s=4dcfa637 (435472096.000000000000000000000000) 	 
=> PASS: expect=435472064.000000000000000000000000 (4dcfa636), dut=435472096.000000000000000000000000 (4dcfa637), rounding_error=0.00000735 % (exp_error = 1.00000000 %)
[Random][ADD]i_32_a=4d9732b7 (317085408.000000000000000000000000) + i_32_b=4ce1cdfd (118386664.000000000000000000000000) 	| o_32_s=4dcfa637 (435472096.000000000000000000000000) 	 
=> PASS: expect=435472064.000000000000000000000000 (4dcfa636), dut=435472096.000000000000000000000000 (4dcfa637), rounding_error=0.00000735 % (exp_error = 1.00000000 %)
==========[ Read data from ROM ]==========
[Random][ADD]i_32_a=4ed37f9b (1774177664.000000000000000000000000) + i_32_b=cdaea07c (-366219136.000000000000000000000000) 	| o_32_s=4ea7d77c (1407958528.000000000000000000000000) 	 
=> PASS: expect=1407958528.000000000000000000000000 (4ea7d77c), dut=1407958528.000000000000000000000000 (4ea7d77c), rounding_error=0.00000000 % (exp_error = 1.00000000 %)
[Random][ADD]i_32_a=cdaea07c (-366219136.000000000000000000000000) + i_32_b=4ed37f9b (1774177664.000000000000000000000000) 	| o_32_s=4ea7d77c (1407958528.000000000000000000000000) 	 
=> PASS: expect=1407958528.000000000000000000000000 (4ea7d77c), dut=1407958528.000000000000000000000000 (4ea7d77c), rounding_error=0.00000000 % (exp_error = 1.00000000 %)
==========[ Read data from ROM ]==========
[Random][ADD]i_32_a=cac67e95 (-6504266.500000000000000000000000) + i_32_b=c62ee2e8 (-11192.726562500000000000000000) 	| o_32_s=cac6d606 (-6515459.000000000000000000000000) 	 
=> PASS: expect=-6515459.000000000000000000000000 (cac6d606), dut=-6515459.000000000000000000000000 (cac6d606), rounding_error=0.00000000 % (exp_error = 1.00000000 %)
[Random][ADD]i_32_a=c62ee2e8 (-11192.726562500000000000000000) + i_32_b=cac67e95 (-6504266.500000000000000000000000) 	| o_32_s=cac6d606 (-6515459.000000000000000000000000) 	 
=> PASS: expect=-6515459.000000000000000000000000 (cac6d606), dut=-6515459.000000000000000000000000 (cac6d606), rounding_error=0.00000000 % (exp_error = 1.00000000 %)
==========[ Read data from ROM ]==========
[Random][ADD]i_32_a=44826fad (1043.489868164062500000000000) + i_32_b=c14d5bd7 (-12.834921836853027343750000) 	| o_32_s=4480d4f6 (1030.655029296875000000000000) 	 
=> PASS: expect=1030.654907226562500000000000 (4480d4f5), dut=1030.655029296875000000000000 (4480d4f6), rounding_error=0.00001184 % (exp_error = 1.00000000 %)
[Random][ADD]i_32_a=c14d5bd7 (-12.834921836853027343750000) + i_32_b=44826fad (1043.489868164062500000000000) 	| o_32_s=4480d4f6 (1030.655029296875000000000000) 	 
=> PASS: expect=1030.654907226562500000000000 (4480d4f5), dut=1030.655029296875000000000000 (4480d4f6), rounding_error=0.00001184 % (exp_error = 1.00000000 %)
==========[ Read data from ROM ]==========
[Random][ADD]i_32_a=485772bd (220618.953125000000000000000000) + i_32_b=47c9fb56 (103414.671875000000000000000000) 	| o_32_s=489e3834 (324033.625000000000000000000000) 	 
=> PASS: expect=324033.625000000000000000000000 (489e3834), dut=324033.625000000000000000000000 (489e3834), rounding_error=0.00000000 % (exp_error = 1.00000000 %)
[Random][ADD]i_32_a=47c9fb56 (103414.671875000000000000000000) + i_32_b=485772bd (220618.953125000000000000000000) 	| o_32_s=489e3834 (324033.625000000000000000000000) 	 
=> PASS: expect=324033.625000000000000000000000 (489e3834), dut=324033.625000000000000000000000 (489e3834), rounding_error=0.00000000 % (exp_error = 1.00000000 %)
==========[ Read data from ROM ]==========
[Random][ADD]i_32_a=c6ad343f (-22170.123046875000000000000000) + i_32_b=46abc843 (21988.130859375000000000000000) 	| o_32_s=c335fe00 (-181.992187500000000000000000) 	 
=> PASS: expect=-181.992187500000000000000000 (c335fe00), dut=-181.992187500000000000000000 (c335fe00), rounding_error=0.00000000 % (exp_error = 1.00000000 %)
[Random][ADD]i_32_a=46abc843 (21988.130859375000000000000000) + i_32_b=c6ad343f (-22170.123046875000000000000000) 	| o_32_s=c335fe00 (-181.992187500000000000000000) 	 
=> PASS: expect=-181.992187500000000000000000 (c335fe00), dut=-181.992187500000000000000000 (c335fe00), rounding_error=0.00000000 % (exp_error = 1.00000000 %)
==========[ Read data from ROM ]==========
[Random][ADD]i_32_a=4d49b0a7 (211487344.000000000000000000000000) + i_32_b=4db69c9e (382964672.000000000000000000000000) 	| o_32_s=4e0dba79 (594452032.000000000000000000000000) 	 
=> PASS: expect=594452032.000000000000000000000000 (4e0dba79), dut=594452032.000000000000000000000000 (4e0dba79), rounding_error=0.00000000 % (exp_error = 1.00000000 %)
[Random][ADD]i_32_a=4db69c9e (382964672.000000000000000000000000) + i_32_b=4d49b0a7 (211487344.000000000000000000000000) 	| o_32_s=4e0dba79 (594452032.000000000000000000000000) 	 
=> PASS: expect=594452032.000000000000000000000000 (4e0dba79), dut=594452032.000000000000000000000000 (4e0dba79), rounding_error=0.00000000 % (exp_error = 1.00000000 %)
==========[ Read data from ROM ]==========
[Random][ADD]i_32_a=46396346 (11864.818359375000000000000000) + i_32_b=4868e7f0 (238495.750000000000000000000000) 	| o_32_s=48747e24 (250360.562500000000000000000000) 	 
=> PASS: expect=250360.562500000000000000000000 (48747e24), dut=250360.562500000000000000000000 (48747e24), rounding_error=0.00000000 % (exp_error = 1.00000000 %)
[Random][ADD]i_32_a=4868e7f0 (238495.750000000000000000000000) + i_32_b=46396346 (11864.818359375000000000000000) 	| o_32_s=48747e24 (250360.562500000000000000000000) 	 
=> PASS: expect=250360.562500000000000000000000 (48747e24), dut=250360.562500000000000000000000 (48747e24), rounding_error=0.00000000 % (exp_error = 1.00000000 %)
==========[ Read data from ROM ]==========
[Random][ADD]i_32_a=42006b02 (32.104499816894531250000000) + i_32_b=c1d3473a (-26.409778594970703125000000) 	| o_32_s=40b63b28 (5.694721221923828125000000) 	 
=> PASS: expect=5.694721221923828125000000 (40b63b28), dut=5.694721221923828125000000 (40b63b28), rounding_error=0.00000000 % (exp_error = 1.00000000 %)
[Random][ADD]i_32_a=c1d3473a (-26.409778594970703125000000) + i_32_b=42006b02 (32.104499816894531250000000) 	| o_32_s=40b63b28 (5.694721221923828125000000) 	 
=> PASS: expect=5.694721221923828125000000 (40b63b28), dut=5.694721221923828125000000 (40b63b28), rounding_error=0.00000000 % (exp_error = 1.00000000 %)
==========[ Read data from ROM ]==========
[Random][ADD]i_32_a=cd2abd20 (-179032576.000000000000000000000000) + i_32_b=c53aece2 (-2990.805175781250000000000000) 	| o_32_s=cd2abdda (-179035552.000000000000000000000000) 	 
=> PASS: expect=-179035568.000000000000000000000000 (cd2abddb), dut=-179035552.000000000000000000000000 (cd2abdda), rounding_error=0.00000894 % (exp_error = 1.00000000 %)
[Random][ADD]i_32_a=c53aece2 (-2990.805175781250000000000000) + i_32_b=cd2abd20 (-179032576.000000000000000000000000) 	| o_32_s=cd2abdda (-179035552.000000000000000000000000) 	 
=> PASS: expect=-179035568.000000000000000000000000 (cd2abddb), dut=-179035552.000000000000000000000000 (cd2abdda), rounding_error=0.00000894 % (exp_error = 1.00000000 %)
==========[ Read data from ROM ]==========
[Random][ADD]i_32_a=cd88408e (-285741504.000000000000000000000000) + i_32_b=cd9d30bd (-329652128.000000000000000000000000) 	| o_32_s=ce12b8a5 (-615393600.000000000000000000000000) 	 
=> PASS: expect=-615393664.000000000000000000000000 (ce12b8a6), dut=-615393600.000000000000000000000000 (ce12b8a5), rounding_error=0.00001040 % (exp_error = 1.00000000 %)
[Random][ADD]i_32_a=cd9d30bd (-329652128.000000000000000000000000) + i_32_b=cd88408e (-285741504.000000000000000000000000) 	| o_32_s=ce12b8a5 (-615393600.000000000000000000000000) 	 
=> PASS: expect=-615393664.000000000000000000000000 (ce12b8a6), dut=-615393600.000000000000000000000000 (ce12b8a5), rounding_error=0.00001040 % (exp_error = 1.00000000 %)
==========[ Read data from ROM ]==========
[Random][ADD]i_32_a=46e3c3b2 (29153.847656250000000000000000) + i_32_b=49cd646f (1682573.875000000000000000000000) 	| o_32_s=49d0f37d (1711727.625000000000000000000000) 	 
=> PASS: expect=1711727.750000000000000000000000 (49d0f37e), dut=1711727.625000000000000000000000 (49d0f37d), rounding_error=0.00000730 % (exp_error = 1.00000000 %)
[Random][ADD]i_32_a=49cd646f (1682573.875000000000000000000000) + i_32_b=46e3c3b2 (29153.847656250000000000000000) 	| o_32_s=49d0f37d (1711727.625000000000000000000000) 	 
=> PASS: expect=1711727.750000000000000000000000 (49d0f37e), dut=1711727.625000000000000000000000 (49d0f37d), rounding_error=0.00000730 % (exp_error = 1.00000000 %)
==========[ Read data from ROM ]==========
[Random][ADD]i_32_a=ce7d46cd (-1062318912.000000000000000000000000) + i_32_b=47c84c1c (102552.218750000000000000000000) 	| o_32_s=ce7d408a (-1062216320.000000000000000000000000) 	 
=> PASS: expect=-1062216384.000000000000000000000000 (ce7d408b), dut=-1062216320.000000000000000000000000 (ce7d408a), rounding_error=0.00000603 % (exp_error = 1.00000000 %)
[Random][ADD]i_32_a=47c84c1c (102552.218750000000000000000000) + i_32_b=ce7d46cd (-1062318912.000000000000000000000000) 	| o_32_s=ce7d408a (-1062216320.000000000000000000000000) 	 
=> PASS: expect=-1062216384.000000000000000000000000 (ce7d408b), dut=-1062216320.000000000000000000000000 (ce7d408a), rounding_error=0.00000603 % (exp_error = 1.00000000 %)
==========[ Read data from ROM ]==========
[Random][ADD]i_32_a=c41ad6d9 (-619.356994628906250000000000) + i_32_b=488f79d7 (293838.718750000000000000000000) 	| o_32_s=488f2c6b (293219.343750000000000000000000) 	 
=> PASS: expect=293219.375000000000000000000000 (488f2c6c), dut=293219.343750000000000000000000 (488f2c6b), rounding_error=0.00001066 % (exp_error = 1.00000000 %)
[Random][ADD]i_32_a=488f79d7 (293838.718750000000000000000000) + i_32_b=c41ad6d9 (-619.356994628906250000000000) 	| o_32_s=488f2c6b (293219.343750000000000000000000) 	 
=> PASS: expect=293219.375000000000000000000000 (488f2c6c), dut=293219.343750000000000000000000 (488f2c6b), rounding_error=0.00001066 % (exp_error = 1.00000000 %)
==========[ Read data from ROM ]==========
[Random][ADD]i_32_a=cc38a20f (-48400444.000000000000000000000000) + i_32_b=41a50e23 (20.631902694702148437500000) 	| o_32_s=cc38a20a (-48400424.000000000000000000000000) 	 
=> PASS: expect=-48400424.000000000000000000000000 (cc38a20a), dut=-48400424.000000000000000000000000 (cc38a20a), rounding_error=0.00000000 % (exp_error = 1.00000000 %)
[Random][ADD]i_32_a=41a50e23 (20.631902694702148437500000) + i_32_b=cc38a20f (-48400444.000000000000000000000000) 	| o_32_s=cc38a20a (-48400424.000000000000000000000000) 	 
=> PASS: expect=-48400424.000000000000000000000000 (cc38a20a), dut=-48400424.000000000000000000000000 (cc38a20a), rounding_error=0.00000000 % (exp_error = 1.00000000 %)
==========[ Read data from ROM ]==========
[Random][ADD]i_32_a=c4bac29d (-1494.081665039062500000000000) + i_32_b=43021eda (130.120513916015625000000000) 	| o_32_s=c4aa7ec2 (-1363.961181640625000000000000) 	 
=> PASS: expect=-1363.961181640625000000000000 (c4aa7ec2), dut=-1363.961181640625000000000000 (c4aa7ec2), rounding_error=0.00000000 % (exp_error = 1.00000000 %)
[Random][ADD]i_32_a=43021eda (130.120513916015625000000000) + i_32_b=c4bac29d (-1494.081665039062500000000000) 	| o_32_s=c4aa7ec2 (-1363.961181640625000000000000) 	 
=> PASS: expect=-1363.961181640625000000000000 (c4aa7ec2), dut=-1363.961181640625000000000000 (c4aa7ec2), rounding_error=0.00000000 % (exp_error = 1.00000000 %)
==========[ Read data from ROM ]==========
[Random][ADD]i_32_a=488ebf0d (292344.406250000000000000000000) + i_32_b=c33d375d (-189.216262817382812500000000) 	| o_32_s=488ea766 (292155.187500000000000000000000) 	 
=> PASS: expect=292155.187500000000000000000000 (488ea766), dut=292155.187500000000000000000000 (488ea766), rounding_error=0.00000000 % (exp_error = 1.00000000 %)
[Random][ADD]i_32_a=c33d375d (-189.216262817382812500000000) + i_32_b=488ebf0d (292344.406250000000000000000000) 	| o_32_s=488ea766 (292155.187500000000000000000000) 	 
=> PASS: expect=292155.187500000000000000000000 (488ea766), dut=292155.187500000000000000000000 (488ea766), rounding_error=0.00000000 % (exp_error = 1.00000000 %)
==========[ Read data from ROM ]==========
[Random][ADD]i_32_a=c7b88644 (-94476.531250000000000000000000) + i_32_b=45654de7 (3668.868896484375000000000000) 	| o_32_s=c7b15bd5 (-90807.664062500000000000000000) 	 
=> PASS: expect=-90807.664062500000000000000000 (c7b15bd5), dut=-90807.664062500000000000000000 (c7b15bd5), rounding_error=0.00000000 % (exp_error = 1.00000000 %)
[Random][ADD]i_32_a=45654de7 (3668.868896484375000000000000) + i_32_b=c7b88644 (-94476.531250000000000000000000) 	| o_32_s=c7b15bd5 (-90807.664062500000000000000000) 	 
=> PASS: expect=-90807.664062500000000000000000 (c7b15bd5), dut=-90807.664062500000000000000000 (c7b15bd5), rounding_error=0.00000000 % (exp_error = 1.00000000 %)
==========[ Read data from ROM ]==========
[Random][ADD]i_32_a=4c78b167 (65193372.000000000000000000000000) + i_32_b=4d883d89 (285716768.000000000000000000000000) 	| o_32_s=4da753b5 (350910112.000000000000000000000000) 	 
=> PASS: expect=350910144.000000000000000000000000 (4da753b6), dut=350910112.000000000000000000000000 (4da753b5), rounding_error=0.00000912 % (exp_error = 1.00000000 %)
[Random][ADD]i_32_a=4d883d89 (285716768.000000000000000000000000) + i_32_b=4c78b167 (65193372.000000000000000000000000) 	| o_32_s=4da753b5 (350910112.000000000000000000000000) 	 
=> PASS: expect=350910144.000000000000000000000000 (4da753b6), dut=350910112.000000000000000000000000 (4da753b5), rounding_error=0.00000912 % (exp_error = 1.00000000 %)
==========[ Read data from ROM ]==========
[Random][ADD]i_32_a=c87cc681 (-258842.015625000000000000000000) + i_32_b=48e427d1 (467262.531250000000000000000000) 	| o_32_s=484b8921 (208420.515625000000000000000000) 	 
=> PASS: expect=208420.515625000000000000000000 (484b8921), dut=208420.515625000000000000000000 (484b8921), rounding_error=0.00000000 % (exp_error = 1.00000000 %)
[Random][ADD]i_32_a=48e427d1 (467262.531250000000000000000000) + i_32_b=c87cc681 (-258842.015625000000000000000000) 	| o_32_s=484b8921 (208420.515625000000000000000000) 	 
=> PASS: expect=208420.515625000000000000000000 (484b8921), dut=208420.515625000000000000000000 (484b8921), rounding_error=0.00000000 % (exp_error = 1.00000000 %)
==========[ Read data from ROM ]==========
[Random][ADD]i_32_a=c530ebc4 (-2830.735351562500000000000000) + i_32_b=cb89327c (-17982712.000000000000000000000000) 	| o_32_s=cb893803 (-17985542.000000000000000000000000) 	 
=> PASS: expect=-17985542.000000000000000000000000 (cb893803), dut=-17985542.000000000000000000000000 (cb893803), rounding_error=0.00000000 % (exp_error = 1.00000000 %)
[Random][ADD]i_32_a=cb89327c (-17982712.000000000000000000000000) + i_32_b=c530ebc4 (-2830.735351562500000000000000) 	| o_32_s=cb893803 (-17985542.000000000000000000000000) 	 
=> PASS: expect=-17985542.000000000000000000000000 (cb893803), dut=-17985542.000000000000000000000000 (cb893803), rounding_error=0.00000000 % (exp_error = 1.00000000 %)
==========[ Read data from ROM ]==========
[Random][ADD]i_32_a=457e1742 (4065.453613281250000000000000) + i_32_b=c3b3be42 (-359.486389160156250000000000) 	| o_32_s=45679f7a (3705.967285156250000000000000) 	 
=> PASS: expect=3705.967285156250000000000000 (45679f7a), dut=3705.967285156250000000000000 (45679f7a), rounding_error=0.00000000 % (exp_error = 1.00000000 %)
[Random][ADD]i_32_a=c3b3be42 (-359.486389160156250000000000) + i_32_b=457e1742 (4065.453613281250000000000000) 	| o_32_s=45679f7a (3705.967285156250000000000000) 	 
=> PASS: expect=3705.967285156250000000000000 (45679f7a), dut=3705.967285156250000000000000 (45679f7a), rounding_error=0.00000000 % (exp_error = 1.00000000 %)
==========[ Read data from ROM ]==========
[Random][ADD]i_32_a=c246606e (-49.594169616699218750000000) + i_32_b=4e10aca0 (606808064.000000000000000000000000) 	| o_32_s=4e10ac9f (606808000.000000000000000000000000) 	 
=> PASS: expect=606808000.000000000000000000000000 (4e10ac9f), dut=606808000.000000000000000000000000 (4e10ac9f), rounding_error=0.00000000 % (exp_error = 1.00000000 %)
[Random][ADD]i_32_a=4e10aca0 (606808064.000000000000000000000000) + i_32_b=c246606e (-49.594169616699218750000000) 	| o_32_s=4e10ac9f (606808000.000000000000000000000000) 	 
=> PASS: expect=606808000.000000000000000000000000 (4e10ac9f), dut=606808000.000000000000000000000000 (4e10ac9f), rounding_error=0.00000000 % (exp_error = 1.00000000 %)
==========[ Read data from ROM ]==========
[Random][ADD]i_32_a=c74196a2 (-49558.632812500000000000000000) + i_32_b=4a7e3c67 (4165401.750000000000000000000000) 	| o_32_s=4a7b360c (4115843.000000000000000000000000) 	 
=> PASS: expect=4115843.000000000000000000000000 (4a7b360c), dut=4115843.000000000000000000000000 (4a7b360c), rounding_error=0.00000000 % (exp_error = 1.00000000 %)
[Random][ADD]i_32_a=4a7e3c67 (4165401.750000000000000000000000) + i_32_b=c74196a2 (-49558.632812500000000000000000) 	| o_32_s=4a7b360c (4115843.000000000000000000000000) 	 
=> PASS: expect=4115843.000000000000000000000000 (4a7b360c), dut=4115843.000000000000000000000000 (4a7b360c), rounding_error=0.00000000 % (exp_error = 1.00000000 %)
==========[ Read data from ROM ]==========
[Random][ADD]i_32_a=ce736409 (-1020854848.000000000000000000000000) + i_32_b=42c83741 (100.107917785644531250000000) 	| o_32_s=ce736408 (-1020854784.000000000000000000000000) 	 
=> PASS: expect=-1020854720.000000000000000000000000 (ce736407), dut=-1020854784.000000000000000000000000 (ce736408), rounding_error=0.00000627 % (exp_error = 1.00000000 %)
[Random][ADD]i_32_a=42c83741 (100.107917785644531250000000) + i_32_b=ce736409 (-1020854848.000000000000000000000000) 	| o_32_s=ce736408 (-1020854784.000000000000000000000000) 	 
=> PASS: expect=-1020854720.000000000000000000000000 (ce736407), dut=-1020854784.000000000000000000000000 (ce736408), rounding_error=0.00000627 % (exp_error = 1.00000000 %)
==========[ Read data from ROM ]==========
[Random][ADD]i_32_a=4ddd3622 (463914048.000000000000000000000000) + i_32_b=cb249737 (-10786615.000000000000000000000000) 	| o_32_s=4dd81169 (453127456.000000000000000000000000) 	 
=> PASS: expect=453127424.000000000000000000000000 (4dd81168), dut=453127456.000000000000000000000000 (4dd81169), rounding_error=0.00000706 % (exp_error = 1.00000000 %)
[Random][ADD]i_32_a=cb249737 (-10786615.000000000000000000000000) + i_32_b=4ddd3622 (463914048.000000000000000000000000) 	| o_32_s=4dd81169 (453127456.000000000000000000000000) 	 
=> PASS: expect=453127424.000000000000000000000000 (4dd81168), dut=453127456.000000000000000000000000 (4dd81169), rounding_error=0.00000706 % (exp_error = 1.00000000 %)
==========[ Read data from ROM ]==========
[Random][ADD]i_32_a=44a19c5d (1292.886352539062500000000000) + i_32_b=cb992511 (-20072994.000000000000000000000000) 	| o_32_s=cb99228a (-20071700.000000000000000000000000) 	 
=> PASS: expect=-20071702.000000000000000000000000 (cb99228b), dut=-20071700.000000000000000000000000 (cb99228a), rounding_error=0.00000996 % (exp_error = 1.00000000 %)
[Random][ADD]i_32_a=cb992511 (-20072994.000000000000000000000000) + i_32_b=44a19c5d (1292.886352539062500000000000) 	| o_32_s=cb99228a (-20071700.000000000000000000000000) 	 
=> PASS: expect=-20071702.000000000000000000000000 (cb99228b), dut=-20071700.000000000000000000000000 (cb99228a), rounding_error=0.00000996 % (exp_error = 1.00000000 %)
==========[ Read data from ROM ]==========
[Random][ADD]i_32_a=435a9638 (218.586791992187500000000000) + i_32_b=4a672263 (3786904.750000000000000000000000) 	| o_32_s=4a6725cd (3787123.250000000000000000000000) 	 
=> PASS: expect=3787123.250000000000000000000000 (4a6725cd), dut=3787123.250000000000000000000000 (4a6725cd), rounding_error=0.00000000 % (exp_error = 1.00000000 %)
[Random][ADD]i_32_a=4a672263 (3786904.750000000000000000000000) + i_32_b=435a9638 (218.586791992187500000000000) 	| o_32_s=4a6725cd (3787123.250000000000000000000000) 	 
=> PASS: expect=3787123.250000000000000000000000 (4a6725cd), dut=3787123.250000000000000000000000 (4a6725cd), rounding_error=0.00000000 % (exp_error = 1.00000000 %)
==========[ Read data from ROM ]==========
[Random][ADD]i_32_a=c265370a (-57.303749084472656250000000) + i_32_b=c3ca5af2 (-404.710510253906250000000000) 	| o_32_s=c3e701d4 (-462.014282226562500000000000) 	 
=> PASS: expect=-462.014251708984375000000000 (c3e701d3), dut=-462.014282226562500000000000 (c3e701d4), rounding_error=0.00000661 % (exp_error = 1.00000000 %)
[Random][ADD]i_32_a=c3ca5af2 (-404.710510253906250000000000) + i_32_b=c265370a (-57.303749084472656250000000) 	| o_32_s=c3e701d4 (-462.014282226562500000000000) 	 
=> PASS: expect=-462.014251708984375000000000 (c3e701d3), dut=-462.014282226562500000000000 (c3e701d4), rounding_error=0.00000661 % (exp_error = 1.00000000 %)
==========[ Read data from ROM ]==========
[Random][ADD]i_32_a=447df260 (1015.787109375000000000000000) + i_32_b=cbb8cf86 (-24223500.000000000000000000000000) 	| o_32_s=cbb8cd8a (-24222484.000000000000000000000000) 	 
=> PASS: expect=-24222484.000000000000000000000000 (cbb8cd8a), dut=-24222484.000000000000000000000000 (cbb8cd8a), rounding_error=0.00000000 % (exp_error = 1.00000000 %)
[Random][ADD]i_32_a=cbb8cf86 (-24223500.000000000000000000000000) + i_32_b=447df260 (1015.787109375000000000000000) 	| o_32_s=cbb8cd8a (-24222484.000000000000000000000000) 	 
=> PASS: expect=-24222484.000000000000000000000000 (cbb8cd8a), dut=-24222484.000000000000000000000000 (cbb8cd8a), rounding_error=0.00000000 % (exp_error = 1.00000000 %)
==========[ Read data from ROM ]==========
[Random][ADD]i_32_a=421146f2 (36.319282531738281250000000) + i_32_b=c73c8894 (-48264.578125000000000000000000) 	| o_32_s=c73c6443 (-48228.261718750000000000000000) 	 
=> PASS: expect=-48228.257812500000000000000000 (c73c6442), dut=-48228.261718750000000000000000 (c73c6443), rounding_error=0.00000810 % (exp_error = 1.00000000 %)
[Random][ADD]i_32_a=c73c8894 (-48264.578125000000000000000000) + i_32_b=421146f2 (36.319282531738281250000000) 	| o_32_s=c73c6443 (-48228.261718750000000000000000) 	 
=> PASS: expect=-48228.257812500000000000000000 (c73c6442), dut=-48228.261718750000000000000000 (c73c6443), rounding_error=0.00000810 % (exp_error = 1.00000000 %)
==========[ Read data from ROM ]==========
[Random][ADD]i_32_a=c1262e97 (-10.386374473571777343750000) + i_32_b=41ce2f96 (25.773235321044921875000000) 	| o_32_s=41763095 (15.386860847473144531250000) 	 
=> PASS: expect=15.386860847473144531250000 (41763095), dut=15.386860847473144531250000 (41763095), rounding_error=0.00000000 % (exp_error = 1.00000000 %)
[Random][ADD]i_32_a=41ce2f96 (25.773235321044921875000000) + i_32_b=c1262e97 (-10.386374473571777343750000) 	| o_32_s=41763095 (15.386860847473144531250000) 	 
=> PASS: expect=15.386860847473144531250000 (41763095), dut=15.386860847473144531250000 (41763095), rounding_error=0.00000000 % (exp_error = 1.00000000 %)
==========[ Read data from ROM ]==========
[Random][ADD]i_32_a=c58e849e (-4560.577148437500000000000000) + i_32_b=c1d89b21 (-27.075746536254882812500000) 	| o_32_s=c58f5d3a (-4587.653320312500000000000000) 	 
=> PASS: expect=-4587.652832031250000000000000 (c58f5d39), dut=-4587.653320312500000000000000 (c58f5d3a), rounding_error=0.00001064 % (exp_error = 1.00000000 %)
[Random][ADD]i_32_a=c1d89b21 (-27.075746536254882812500000) + i_32_b=c58e849e (-4560.577148437500000000000000) 	| o_32_s=c58f5d3a (-4587.653320312500000000000000) 	 
=> PASS: expect=-4587.652832031250000000000000 (c58f5d39), dut=-4587.653320312500000000000000 (c58f5d3a), rounding_error=0.00001064 % (exp_error = 1.00000000 %)
==========[ Read data from ROM ]==========
[Random][ADD]i_32_a=46b04bbc (22565.867187500000000000000000) + i_32_b=4e3cd150 (791958528.000000000000000000000000) 	| o_32_s=4e3cd2b1 (791981120.000000000000000000000000) 	 
=> PASS: expect=791981120.000000000000000000000000 (4e3cd2b1), dut=791981120.000000000000000000000000 (4e3cd2b1), rounding_error=0.00000000 % (exp_error = 1.00000000 %)
[Random][ADD]i_32_a=4e3cd150 (791958528.000000000000000000000000) + i_32_b=46b04bbc (22565.867187500000000000000000) 	| o_32_s=4e3cd2b1 (791981120.000000000000000000000000) 	 
=> PASS: expect=791981120.000000000000000000000000 (4e3cd2b1), dut=791981120.000000000000000000000000 (4e3cd2b1), rounding_error=0.00000000 % (exp_error = 1.00000000 %)
==========[ Read data from ROM ]==========
[Random][ADD]i_32_a=c5cd541e (-6570.514648437500000000000000) + i_32_b=48cecc3b (423521.843750000000000000000000) 	| o_32_s=48cb96ea (416951.312500000000000000000000) 	 
=> PASS: expect=416951.343750000000000000000000 (48cb96eb), dut=416951.312500000000000000000000 (48cb96ea), rounding_error=0.00000749 % (exp_error = 1.00000000 %)
[Random][ADD]i_32_a=48cecc3b (423521.843750000000000000000000) + i_32_b=c5cd541e (-6570.514648437500000000000000) 	| o_32_s=48cb96ea (416951.312500000000000000000000) 	 
=> PASS: expect=416951.343750000000000000000000 (48cb96eb), dut=416951.312500000000000000000000 (48cb96ea), rounding_error=0.00000749 % (exp_error = 1.00000000 %)
==========[ Read data from ROM ]==========
[Random][ADD]i_32_a=c8a2a6f6 (-333111.687500000000000000000000) + i_32_b=4b8610e2 (17572292.000000000000000000000000) 	| o_32_s=4b838646 (17239180.000000000000000000000000) 	 
=> PASS: expect=17239180.000000000000000000000000 (4b838646), dut=17239180.000000000000000000000000 (4b838646), rounding_error=0.00000000 % (exp_error = 1.00000000 %)
[Random][ADD]i_32_a=4b8610e2 (17572292.000000000000000000000000) + i_32_b=c8a2a6f6 (-333111.687500000000000000000000) 	| o_32_s=4b838646 (17239180.000000000000000000000000) 	 
=> PASS: expect=17239180.000000000000000000000000 (4b838646), dut=17239180.000000000000000000000000 (4b838646), rounding_error=0.00000000 % (exp_error = 1.00000000 %)
==========[ Read data from ROM ]==========
[Random][ADD]i_32_a=c571582c (-3861.510742187500000000000000) + i_32_b=41fd7859 (31.683763504028320312500000) 	| o_32_s=c56f5d3c (-3829.827148437500000000000000) 	 
=> PASS: expect=-3829.826904296875000000000000 (c56f5d3b), dut=-3829.827148437500000000000000 (c56f5d3c), rounding_error=0.00000637 % (exp_error = 1.00000000 %)
[Random][ADD]i_32_a=41fd7859 (31.683763504028320312500000) + i_32_b=c571582c (-3861.510742187500000000000000) 	| o_32_s=c56f5d3c (-3829.827148437500000000000000) 	 
=> PASS: expect=-3829.826904296875000000000000 (c56f5d3b), dut=-3829.827148437500000000000000 (c56f5d3c), rounding_error=0.00000637 % (exp_error = 1.00000000 %)
==========[ Read data from ROM ]==========
[Random][ADD]i_32_a=4ca572ad (86742376.000000000000000000000000) + i_32_b=4e25efc7 (695988672.000000000000000000000000) 	| o_32_s=4e3a9e1d (782731072.000000000000000000000000) 	 
=> PASS: expect=782731072.000000000000000000000000 (4e3a9e1d), dut=782731072.000000000000000000000000 (4e3a9e1d), rounding_error=0.00000000 % (exp_error = 1.00000000 %)
[Random][ADD]i_32_a=4e25efc7 (695988672.000000000000000000000000) + i_32_b=4ca572ad (86742376.000000000000000000000000) 	| o_32_s=4e3a9e1d (782731072.000000000000000000000000) 	 
=> PASS: expect=782731072.000000000000000000000000 (4e3a9e1d), dut=782731072.000000000000000000000000 (4e3a9e1d), rounding_error=0.00000000 % (exp_error = 1.00000000 %)
==========[ Read data from ROM ]==========
[Random][ADD]i_32_a=cd08d633 (-143483696.000000000000000000000000) + i_32_b=479381a6 (75523.296875000000000000000000) 	| o_32_s=cd08c3c3 (-143408176.000000000000000000000000) 	 
=> PASS: expect=-143408176.000000000000000000000000 (cd08c3c3), dut=-143408176.000000000000000000000000 (cd08c3c3), rounding_error=0.00000000 % (exp_error = 1.00000000 %)
[Random][ADD]i_32_a=479381a6 (75523.296875000000000000000000) + i_32_b=cd08d633 (-143483696.000000000000000000000000) 	| o_32_s=cd08c3c3 (-143408176.000000000000000000000000) 	 
=> PASS: expect=-143408176.000000000000000000000000 (cd08c3c3), dut=-143408176.000000000000000000000000 (cd08c3c3), rounding_error=0.00000000 % (exp_error = 1.00000000 %)
==========[ Read data from ROM ]==========
[Random][ADD]i_32_a=c5d0a8d8 (-6677.105468750000000000000000) + i_32_b=47a152a2 (82597.265625000000000000000000) 	| o_32_s=47944814 (75920.156250000000000000000000) 	 
=> PASS: expect=75920.156250000000000000000000 (47944814), dut=75920.156250000000000000000000 (47944814), rounding_error=0.00000000 % (exp_error = 1.00000000 %)
[Random][ADD]i_32_a=47a152a2 (82597.265625000000000000000000) + i_32_b=c5d0a8d8 (-6677.105468750000000000000000) 	| o_32_s=47944814 (75920.156250000000000000000000) 	 
=> PASS: expect=75920.156250000000000000000000 (47944814), dut=75920.156250000000000000000000 (47944814), rounding_error=0.00000000 % (exp_error = 1.00000000 %)
==========[ Read data from ROM ]==========
[Random][ADD]i_32_a=485c275c (225437.437500000000000000000000) + i_32_b=4cfffd3b (134212056.000000000000000000000000) 	| o_32_s=4d0035a7 (134437488.000000000000000000000000) 	 
=> PASS: expect=134437488.000000000000000000000000 (4d0035a7), dut=134437488.000000000000000000000000 (4d0035a7), rounding_error=0.00000000 % (exp_error = 1.00000000 %)
[Random][ADD]i_32_a=4cfffd3b (134212056.000000000000000000000000) + i_32_b=485c275c (225437.437500000000000000000000) 	| o_32_s=4d0035a7 (134437488.000000000000000000000000) 	 
=> PASS: expect=134437488.000000000000000000000000 (4d0035a7), dut=134437488.000000000000000000000000 (4d0035a7), rounding_error=0.00000000 % (exp_error = 1.00000000 %)
==========[ Read data from ROM ]==========
[Random][ADD]i_32_a=469ab002 (19800.003906250000000000000000) + i_32_b=4ed9ebe3 (1828057472.000000000000000000000000) 	| o_32_s=4ed9ec7e (1828077312.000000000000000000000000) 	 
=> PASS: expect=1828077312.000000000000000000000000 (4ed9ec7e), dut=1828077312.000000000000000000000000 (4ed9ec7e), rounding_error=0.00000000 % (exp_error = 1.00000000 %)
[Random][ADD]i_32_a=4ed9ebe3 (1828057472.000000000000000000000000) + i_32_b=469ab002 (19800.003906250000000000000000) 	| o_32_s=4ed9ec7e (1828077312.000000000000000000000000) 	 
=> PASS: expect=1828077312.000000000000000000000000 (4ed9ec7e), dut=1828077312.000000000000000000000000 (4ed9ec7e), rounding_error=0.00000000 % (exp_error = 1.00000000 %)
==========[ Read data from ROM ]==========
[Random][ADD]i_32_a=4b6c9c03 (15506435.000000000000000000000000) + i_32_b=492e8e0b (714976.687500000000000000000000) 	| o_32_s=4b7784e4 (16221412.000000000000000000000000) 	 
=> PASS: expect=16221412.000000000000000000000000 (4b7784e4), dut=16221412.000000000000000000000000 (4b7784e4), rounding_error=0.00000000 % (exp_error = 1.00000000 %)
[Random][ADD]i_32_a=492e8e0b (714976.687500000000000000000000) + i_32_b=4b6c9c03 (15506435.000000000000000000000000) 	| o_32_s=4b7784e4 (16221412.000000000000000000000000) 	 
=> PASS: expect=16221412.000000000000000000000000 (4b7784e4), dut=16221412.000000000000000000000000 (4b7784e4), rounding_error=0.00000000 % (exp_error = 1.00000000 %)
==========[ Read data from ROM ]==========
[Random][ADD]i_32_a=42b2d697 (89.419120788574218750000000) + i_32_b=cc0edf9f (-37453436.000000000000000000000000) 	| o_32_s=cc0edf88 (-37453344.000000000000000000000000) 	 
=> PASS: expect=-37453348.000000000000000000000000 (cc0edf89), dut=-37453344.000000000000000000000000 (cc0edf88), rounding_error=0.00001068 % (exp_error = 1.00000000 %)
[Random][ADD]i_32_a=cc0edf9f (-37453436.000000000000000000000000) + i_32_b=42b2d697 (89.419120788574218750000000) 	| o_32_s=cc0edf88 (-37453344.000000000000000000000000) 	 
=> PASS: expect=-37453348.000000000000000000000000 (cc0edf89), dut=-37453344.000000000000000000000000 (cc0edf88), rounding_error=0.00001068 % (exp_error = 1.00000000 %)
==========[ Read data from ROM ]==========
[Random][ADD]i_32_a=438ac235 (277.517242431640625000000000) + i_32_b=4c47cd9b (52377196.000000000000000000000000) 	| o_32_s=4c47cde0 (52377472.000000000000000000000000) 	 
=> PASS: expect=52377472.000000000000000000000000 (4c47cde0), dut=52377472.000000000000000000000000 (4c47cde0), rounding_error=0.00000000 % (exp_error = 1.00000000 %)
[Random][ADD]i_32_a=4c47cd9b (52377196.000000000000000000000000) + i_32_b=438ac235 (277.517242431640625000000000) 	| o_32_s=4c47cde0 (52377472.000000000000000000000000) 	 
=> PASS: expect=52377472.000000000000000000000000 (4c47cde0), dut=52377472.000000000000000000000000 (4c47cde0), rounding_error=0.00000000 % (exp_error = 1.00000000 %)
==========[ Read data from ROM ]==========
[Random][ADD]i_32_a=cdf7f041 (-519964704.000000000000000000000000) + i_32_b=c616b13d (-9644.309570312500000000000000) 	| o_32_s=cdf7f16e (-519974336.000000000000000000000000) 	 
=> PASS: expect=-519974336.000000000000000000000000 (cdf7f16e), dut=-519974336.000000000000000000000000 (cdf7f16e), rounding_error=0.00000000 % (exp_error = 1.00000000 %)
[Random][ADD]i_32_a=c616b13d (-9644.309570312500000000000000) + i_32_b=cdf7f041 (-519964704.000000000000000000000000) 	| o_32_s=cdf7f16e (-519974336.000000000000000000000000) 	 
=> PASS: expect=-519974336.000000000000000000000000 (cdf7f16e), dut=-519974336.000000000000000000000000 (cdf7f16e), rounding_error=0.00000000 % (exp_error = 1.00000000 %)
==========[ Read data from ROM ]==========
[Random][ADD]i_32_a=c6a63dbc (-21278.867187500000000000000000) + i_32_b=cb72ce3b (-15912507.000000000000000000000000) 	| o_32_s=cb732159 (-15933785.000000000000000000000000) 	 
=> PASS: expect=-15933786.000000000000000000000000 (cb73215a), dut=-15933785.000000000000000000000000 (cb732159), rounding_error=0.00000628 % (exp_error = 1.00000000 %)
[Random][ADD]i_32_a=cb72ce3b (-15912507.000000000000000000000000) + i_32_b=c6a63dbc (-21278.867187500000000000000000) 	| o_32_s=cb732159 (-15933785.000000000000000000000000) 	 
=> PASS: expect=-15933786.000000000000000000000000 (cb73215a), dut=-15933785.000000000000000000000000 (cb732159), rounding_error=0.00000628 % (exp_error = 1.00000000 %)
==========[ Read data from ROM ]==========
[Random][ADD]i_32_a=4b5852d0 (14176976.000000000000000000000000) + i_32_b=4cb47a2c (94622048.000000000000000000000000) 	| o_32_s=4ccf8486 (108799024.000000000000000000000000) 	 
=> PASS: expect=108799024.000000000000000000000000 (4ccf8486), dut=108799024.000000000000000000000000 (4ccf8486), rounding_error=0.00000000 % (exp_error = 1.00000000 %)
[Random][ADD]i_32_a=4cb47a2c (94622048.000000000000000000000000) + i_32_b=4b5852d0 (14176976.000000000000000000000000) 	| o_32_s=4ccf8486 (108799024.000000000000000000000000) 	 
=> PASS: expect=108799024.000000000000000000000000 (4ccf8486), dut=108799024.000000000000000000000000 (4ccf8486), rounding_error=0.00000000 % (exp_error = 1.00000000 %)
==========[ Read data from ROM ]==========
[Random][ADD]i_32_a=4cfd9382 (132946960.000000000000000000000000) + i_32_b=47322458 (45604.343750000000000000000000) 	| o_32_s=4cfda9c6 (132992560.000000000000000000000000) 	 
=> PASS: expect=132992568.000000000000000000000000 (4cfda9c7), dut=132992560.000000000000000000000000 (4cfda9c6), rounding_error=0.00000602 % (exp_error = 1.00000000 %)
[Random][ADD]i_32_a=47322458 (45604.343750000000000000000000) + i_32_b=4cfd9382 (132946960.000000000000000000000000) 	| o_32_s=4cfda9c6 (132992560.000000000000000000000000) 	 
=> PASS: expect=132992568.000000000000000000000000 (4cfda9c7), dut=132992560.000000000000000000000000 (4cfda9c6), rounding_error=0.00000602 % (exp_error = 1.00000000 %)
==========[ Read data from ROM ]==========
[Random][ADD]i_32_a=448be0c1 (1119.023559570312500000000000) + i_32_b=c867525a (-236873.406250000000000000000000) 	| o_32_s=c8663a98 (-235754.375000000000000000000000) 	 
=> PASS: expect=-235754.375000000000000000000000 (c8663a98), dut=-235754.375000000000000000000000 (c8663a98), rounding_error=0.00000000 % (exp_error = 1.00000000 %)
[Random][ADD]i_32_a=c867525a (-236873.406250000000000000000000) + i_32_b=448be0c1 (1119.023559570312500000000000) 	| o_32_s=c8663a98 (-235754.375000000000000000000000) 	 
=> PASS: expect=-235754.375000000000000000000000 (c8663a98), dut=-235754.375000000000000000000000 (c8663a98), rounding_error=0.00000000 % (exp_error = 1.00000000 %)
==========[ Read data from ROM ]==========
[Random][ADD]i_32_a=c8abfd20 (-352233.000000000000000000000000) + i_32_b=ced571a2 (-1790497024.000000000000000000000000) 	| o_32_s=ced57c61 (-1790849152.000000000000000000000000) 	 
=> PASS: expect=-1790849280.000000000000000000000000 (ced57c62), dut=-1790849152.000000000000000000000000 (ced57c61), rounding_error=0.00000715 % (exp_error = 1.00000000 %)
[Random][ADD]i_32_a=ced571a2 (-1790497024.000000000000000000000000) + i_32_b=c8abfd20 (-352233.000000000000000000000000) 	| o_32_s=ced57c61 (-1790849152.000000000000000000000000) 	 
=> PASS: expect=-1790849280.000000000000000000000000 (ced57c62), dut=-1790849152.000000000000000000000000 (ced57c61), rounding_error=0.00000715 % (exp_error = 1.00000000 %)
==========[ Read data from ROM ]==========
[Random][ADD]i_32_a=46dccca8 (28262.328125000000000000000000) + i_32_b=45e1f29f (7230.327636718750000000000000) 	| o_32_s=470aa4a7 (35492.652343750000000000000000) 	 
=> PASS: expect=35492.656250000000000000000000 (470aa4a8), dut=35492.652343750000000000000000 (470aa4a7), rounding_error=0.00001101 % (exp_error = 1.00000000 %)
[Random][ADD]i_32_a=45e1f29f (7230.327636718750000000000000) + i_32_b=46dccca8 (28262.328125000000000000000000) 	| o_32_s=470aa4a7 (35492.652343750000000000000000) 	 
=> PASS: expect=35492.656250000000000000000000 (470aa4a8), dut=35492.652343750000000000000000 (470aa4a7), rounding_error=0.00001101 % (exp_error = 1.00000000 %)
==========[ Read data from ROM ]==========
[Random][ADD]i_32_a=475412cd (54290.800781250000000000000000) + i_32_b=4e7ac930 (1051872256.000000000000000000000000) 	| o_32_s=4e7acc81 (1051926592.000000000000000000000000) 	 
=> PASS: expect=1051926528.000000000000000000000000 (4e7acc80), dut=1051926592.000000000000000000000000 (4e7acc81), rounding_error=0.00000608 % (exp_error = 1.00000000 %)
[Random][ADD]i_32_a=4e7ac930 (1051872256.000000000000000000000000) + i_32_b=475412cd (54290.800781250000000000000000) 	| o_32_s=4e7acc81 (1051926592.000000000000000000000000) 	 
=> PASS: expect=1051926528.000000000000000000000000 (4e7acc80), dut=1051926592.000000000000000000000000 (4e7acc81), rounding_error=0.00000608 % (exp_error = 1.00000000 %)
==========[ Read data from ROM ]==========
[Random][ADD]i_32_a=c849cc92 (-206642.281250000000000000000000) + i_32_b=44fb0abf (2008.335815429687500000000000) 	| o_32_s=c847d67c (-204633.937500000000000000000000) 	 
=> PASS: expect=-204633.953125000000000000000000 (c847d67d), dut=-204633.937500000000000000000000 (c847d67c), rounding_error=0.00000764 % (exp_error = 1.00000000 %)
[Random][ADD]i_32_a=44fb0abf (2008.335815429687500000000000) + i_32_b=c849cc92 (-206642.281250000000000000000000) 	| o_32_s=c847d67c (-204633.937500000000000000000000) 	 
=> PASS: expect=-204633.953125000000000000000000 (c847d67d), dut=-204633.937500000000000000000000 (c847d67c), rounding_error=0.00000764 % (exp_error = 1.00000000 %)
==========[ Read data from ROM ]==========
[Random][ADD]i_32_a=4da22151 (340011552.000000000000000000000000) + i_32_b=c19047c8 (-18.035049438476562500000000) 	| o_32_s=4da22151 (340011552.000000000000000000000000) 	 
=> PASS: expect=340011520.000000000000000000000000 (4da22150), dut=340011552.000000000000000000000000 (4da22151), rounding_error=0.00000941 % (exp_error = 1.00000000 %)
[Random][ADD]i_32_a=c19047c8 (-18.035049438476562500000000) + i_32_b=4da22151 (340011552.000000000000000000000000) 	| o_32_s=4da22151 (340011552.000000000000000000000000) 	 
=> PASS: expect=340011520.000000000000000000000000 (4da22150), dut=340011552.000000000000000000000000 (4da22151), rounding_error=0.00000941 % (exp_error = 1.00000000 %)
==========[ Read data from ROM ]==========
[Random][ADD]i_32_a=c68d5318 (-18089.546875000000000000000000) + i_32_b=41427e72 (12.155870437622070312500000) 	| o_32_s=c68d3ac8 (-18077.390625000000000000000000) 	 
=> PASS: expect=-18077.390625000000000000000000 (c68d3ac8), dut=-18077.390625000000000000000000 (c68d3ac8), rounding_error=0.00000000 % (exp_error = 1.00000000 %)
[Random][ADD]i_32_a=41427e72 (12.155870437622070312500000) + i_32_b=c68d5318 (-18089.546875000000000000000000) 	| o_32_s=c68d3ac8 (-18077.390625000000000000000000) 	 
=> PASS: expect=-18077.390625000000000000000000 (c68d3ac8), dut=-18077.390625000000000000000000 (c68d3ac8), rounding_error=0.00000000 % (exp_error = 1.00000000 %)
==========[ Read data from ROM ]==========
[Random][ADD]i_32_a=4ed1e743 (1760797056.000000000000000000000000) + i_32_b=c5752966 (-3922.587402343750000000000000) 	| o_32_s=4ed1e725 (1760793216.000000000000000000000000) 	 
=> PASS: expect=1760793088.000000000000000000000000 (4ed1e724), dut=1760793216.000000000000000000000000 (4ed1e725), rounding_error=0.00000727 % (exp_error = 1.00000000 %)
[Random][ADD]i_32_a=c5752966 (-3922.587402343750000000000000) + i_32_b=4ed1e743 (1760797056.000000000000000000000000) 	| o_32_s=4ed1e725 (1760793216.000000000000000000000000) 	 
=> PASS: expect=1760793088.000000000000000000000000 (4ed1e724), dut=1760793216.000000000000000000000000 (4ed1e725), rounding_error=0.00000727 % (exp_error = 1.00000000 %)
==========[ Read data from ROM ]==========
[Random][ADD]i_32_a=4b8c0b1d (18355770.000000000000000000000000) + i_32_b=469c1f65 (19983.697265625000000000000000) 	| o_32_s=4b8c3224 (18375752.000000000000000000000000) 	 
=> PASS: expect=18375754.000000000000000000000000 (4b8c3225), dut=18375752.000000000000000000000000 (4b8c3224), rounding_error=0.00001088 % (exp_error = 1.00000000 %)
[Random][ADD]i_32_a=469c1f65 (19983.697265625000000000000000) + i_32_b=4b8c0b1d (18355770.000000000000000000000000) 	| o_32_s=4b8c3224 (18375752.000000000000000000000000) 	 
=> PASS: expect=18375754.000000000000000000000000 (4b8c3225), dut=18375752.000000000000000000000000 (4b8c3224), rounding_error=0.00001088 % (exp_error = 1.00000000 %)
==========[ Read data from ROM ]==========
[Random][ADD]i_32_a=4d50d4d1 (218975504.000000000000000000000000) + i_32_b=c281c809 (-64.890693664550781250000000) 	| o_32_s=4d50d4cd (218975440.000000000000000000000000) 	 
=> PASS: expect=218975440.000000000000000000000000 (4d50d4cd), dut=218975440.000000000000000000000000 (4d50d4cd), rounding_error=0.00000000 % (exp_error = 1.00000000 %)
[Random][ADD]i_32_a=c281c809 (-64.890693664550781250000000) + i_32_b=4d50d4d1 (218975504.000000000000000000000000) 	| o_32_s=4d50d4cd (218975440.000000000000000000000000) 	 
=> PASS: expect=218975440.000000000000000000000000 (4d50d4cd), dut=218975440.000000000000000000000000 (4d50d4cd), rounding_error=0.00000000 % (exp_error = 1.00000000 %)
==========[ Read data from ROM ]==========
[Random][ADD]i_32_a=4dda2c63 (457542752.000000000000000000000000) + i_32_b=4dc66405 (416055456.000000000000000000000000) 	| o_32_s=4e504834 (873598208.000000000000000000000000) 	 
=> PASS: expect=873598208.000000000000000000000000 (4e504834), dut=873598208.000000000000000000000000 (4e504834), rounding_error=0.00000000 % (exp_error = 1.00000000 %)
[Random][ADD]i_32_a=4dc66405 (416055456.000000000000000000000000) + i_32_b=4dda2c63 (457542752.000000000000000000000000) 	| o_32_s=4e504834 (873598208.000000000000000000000000) 	 
=> PASS: expect=873598208.000000000000000000000000 (4e504834), dut=873598208.000000000000000000000000 (4e504834), rounding_error=0.00000000 % (exp_error = 1.00000000 %)
==========[ Read data from ROM ]==========
[Random][ADD]i_32_a=4638a8ff (11818.249023437500000000000000) + i_32_b=4d85fbe8 (280984832.000000000000000000000000) 	| o_32_s=4d85fd59 (280996640.000000000000000000000000) 	 
=> PASS: expect=280996640.000000000000000000000000 (4d85fd59), dut=280996640.000000000000000000000000 (4d85fd59), rounding_error=0.00000000 % (exp_error = 1.00000000 %)
[Random][ADD]i_32_a=4d85fbe8 (280984832.000000000000000000000000) + i_32_b=4638a8ff (11818.249023437500000000000000) 	| o_32_s=4d85fd59 (280996640.000000000000000000000000) 	 
=> PASS: expect=280996640.000000000000000000000000 (4d85fd59), dut=280996640.000000000000000000000000 (4d85fd59), rounding_error=0.00000000 % (exp_error = 1.00000000 %)
==========[ Read data from ROM ]==========
[Random][ADD]i_32_a=4c00a684 (33724944.000000000000000000000000) + i_32_b=4814ee63 (152505.546875000000000000000000) 	| o_32_s=4c013b72 (33877448.000000000000000000000000) 	 
=> PASS: expect=33877448.000000000000000000000000 (4c013b72), dut=33877448.000000000000000000000000 (4c013b72), rounding_error=0.00000000 % (exp_error = 1.00000000 %)
[Random][ADD]i_32_a=4814ee63 (152505.546875000000000000000000) + i_32_b=4c00a684 (33724944.000000000000000000000000) 	| o_32_s=4c013b72 (33877448.000000000000000000000000) 	 
=> PASS: expect=33877448.000000000000000000000000 (4c013b72), dut=33877448.000000000000000000000000 (4c013b72), rounding_error=0.00000000 % (exp_error = 1.00000000 %)
==========[ Read data from ROM ]==========
[Random][ADD]i_32_a=489942d4 (313878.625000000000000000000000) + i_32_b=43a7c831 (335.563995361328125000000000) 	| o_32_s=48996cc6 (314214.187500000000000000000000) 	 
=> PASS: expect=314214.187500000000000000000000 (48996cc6), dut=314214.187500000000000000000000 (48996cc6), rounding_error=0.00000000 % (exp_error = 1.00000000 %)
[Random][ADD]i_32_a=43a7c831 (335.563995361328125000000000) + i_32_b=489942d4 (313878.625000000000000000000000) 	| o_32_s=48996cc6 (314214.187500000000000000000000) 	 
=> PASS: expect=314214.187500000000000000000000 (48996cc6), dut=314214.187500000000000000000000 (48996cc6), rounding_error=0.00000000 % (exp_error = 1.00000000 %)
==========[ Read data from ROM ]==========
[Random][ADD]i_32_a=4d75c80d (257720528.000000000000000000000000) + i_32_b=c3397cb0 (-185.487060546875000000000000) 	| o_32_s=4d75c802 (257720352.000000000000000000000000) 	 
=> PASS: expect=257720336.000000000000000000000000 (4d75c801), dut=257720352.000000000000000000000000 (4d75c802), rounding_error=0.00000621 % (exp_error = 1.00000000 %)
[Random][ADD]i_32_a=c3397cb0 (-185.487060546875000000000000) + i_32_b=4d75c80d (257720528.000000000000000000000000) 	| o_32_s=4d75c802 (257720352.000000000000000000000000) 	 
=> PASS: expect=257720336.000000000000000000000000 (4d75c801), dut=257720352.000000000000000000000000 (4d75c802), rounding_error=0.00000621 % (exp_error = 1.00000000 %)
==========[ Read data from ROM ]==========
[Random][ADD]i_32_a=cadb1b63 (-7179697.500000000000000000000000) + i_32_b=c8a51855 (-338114.656250000000000000000000) 	| o_32_s=cae56ce8 (-7517812.000000000000000000000000) 	 
=> PASS: expect=-7517812.000000000000000000000000 (cae56ce8), dut=-7517812.000000000000000000000000 (cae56ce8), rounding_error=0.00000000 % (exp_error = 1.00000000 %)
[Random][ADD]i_32_a=c8a51855 (-338114.656250000000000000000000) + i_32_b=cadb1b63 (-7179697.500000000000000000000000) 	| o_32_s=cae56ce8 (-7517812.000000000000000000000000) 	 
=> PASS: expect=-7517812.000000000000000000000000 (cae56ce8), dut=-7517812.000000000000000000000000 (cae56ce8), rounding_error=0.00000000 % (exp_error = 1.00000000 %)
==========[ Read data from ROM ]==========
[Random][ADD]i_32_a=cad442aa (-6955349.000000000000000000000000) + i_32_b=46441a4c (12550.574218750000000000000000) 	| o_32_s=cad3e09d (-6942798.500000000000000000000000) 	 
=> PASS: expect=-6942798.500000000000000000000000 (cad3e09d), dut=-6942798.500000000000000000000000 (cad3e09d), rounding_error=0.00000000 % (exp_error = 1.00000000 %)
[Random][ADD]i_32_a=46441a4c (12550.574218750000000000000000) + i_32_b=cad442aa (-6955349.000000000000000000000000) 	| o_32_s=cad3e09d (-6942798.500000000000000000000000) 	 
=> PASS: expect=-6942798.500000000000000000000000 (cad3e09d), dut=-6942798.500000000000000000000000 (cad3e09d), rounding_error=0.00000000 % (exp_error = 1.00000000 %)
==========[ Read data from ROM ]==========
[Random][ADD]i_32_a=42b1ac4f (88.836540222167968750000000) + i_32_b=caaefa9d (-5733710.500000000000000000000000) 	| o_32_s=caaef9ec (-5733622.000000000000000000000000) 	 
=> PASS: expect=-5733621.500000000000000000000000 (caaef9eb), dut=-5733622.000000000000000000000000 (caaef9ec), rounding_error=0.00000872 % (exp_error = 1.00000000 %)
[Random][ADD]i_32_a=caaefa9d (-5733710.500000000000000000000000) + i_32_b=42b1ac4f (88.836540222167968750000000) 	| o_32_s=caaef9ec (-5733622.000000000000000000000000) 	 
=> PASS: expect=-5733621.500000000000000000000000 (caaef9eb), dut=-5733622.000000000000000000000000 (caaef9ec), rounding_error=0.00000872 % (exp_error = 1.00000000 %)
==========[ Read data from ROM ]==========
[Random][ADD]i_32_a=c6ee124c (-30473.148437500000000000000000) + i_32_b=c50458db (-2117.553466796875000000000000) 	| o_32_s=c6fe9d67 (-32590.701171875000000000000000) 	 
=> PASS: expect=-32590.701171875000000000000000 (c6fe9d67), dut=-32590.701171875000000000000000 (c6fe9d67), rounding_error=0.00000000 % (exp_error = 1.00000000 %)
[Random][ADD]i_32_a=c50458db (-2117.553466796875000000000000) + i_32_b=c6ee124c (-30473.148437500000000000000000) 	| o_32_s=c6fe9d67 (-32590.701171875000000000000000) 	 
=> PASS: expect=-32590.701171875000000000000000 (c6fe9d67), dut=-32590.701171875000000000000000 (c6fe9d67), rounding_error=0.00000000 % (exp_error = 1.00000000 %)
==========[ Read data from ROM ]==========
[Random][ADD]i_32_a=c7f69fcd (-126271.601562500000000000000000) + i_32_b=4c320653 (46668108.000000000000000000000000) 	| o_32_s=4c318b03 (46541836.000000000000000000000000) 	 
=> PASS: expect=46541836.000000000000000000000000 (4c318b03), dut=46541836.000000000000000000000000 (4c318b03), rounding_error=0.00000000 % (exp_error = 1.00000000 %)
[Random][ADD]i_32_a=4c320653 (46668108.000000000000000000000000) + i_32_b=c7f69fcd (-126271.601562500000000000000000) 	| o_32_s=4c318b03 (46541836.000000000000000000000000) 	 
=> PASS: expect=46541836.000000000000000000000000 (4c318b03), dut=46541836.000000000000000000000000 (4c318b03), rounding_error=0.00000000 % (exp_error = 1.00000000 %)
==========[ Read data from ROM ]==========
[Random][ADD]i_32_a=4ed85451 (1814702208.000000000000000000000000) + i_32_b=454cbd3a (3275.826660156250000000000000) 	| o_32_s=4ed8546b (1814705536.000000000000000000000000) 	 
=> PASS: expect=1814705536.000000000000000000000000 (4ed8546b), dut=1814705536.000000000000000000000000 (4ed8546b), rounding_error=0.00000000 % (exp_error = 1.00000000 %)
[Random][ADD]i_32_a=454cbd3a (3275.826660156250000000000000) + i_32_b=4ed85451 (1814702208.000000000000000000000000) 	| o_32_s=4ed8546b (1814705536.000000000000000000000000) 	 
=> PASS: expect=1814705536.000000000000000000000000 (4ed8546b), dut=1814705536.000000000000000000000000 (4ed8546b), rounding_error=0.00000000 % (exp_error = 1.00000000 %)
==========[ Read data from ROM ]==========
[Random][ADD]i_32_a=42a54fde (82.655990600585937500000000) + i_32_b=4772c09c (62144.609375000000000000000000) 	| o_32_s=47731343 (62227.261718750000000000000000) 	 
=> PASS: expect=62227.265625000000000000000000 (47731344), dut=62227.261718750000000000000000 (47731343), rounding_error=0.00000628 % (exp_error = 1.00000000 %)
[Random][ADD]i_32_a=4772c09c (62144.609375000000000000000000) + i_32_b=42a54fde (82.655990600585937500000000) 	| o_32_s=47731343 (62227.261718750000000000000000) 	 
=> PASS: expect=62227.265625000000000000000000 (47731344), dut=62227.261718750000000000000000 (47731343), rounding_error=0.00000628 % (exp_error = 1.00000000 %)
==========[ Read data from ROM ]==========
[Random][ADD]i_32_a=4a4de7bb (3373550.750000000000000000000000) + i_32_b=4a0ae7a6 (2275817.500000000000000000000000) 	| o_32_s=4aac67b0 (5649368.000000000000000000000000) 	 
=> PASS: expect=5649368.000000000000000000000000 (4aac67b0), dut=5649368.000000000000000000000000 (4aac67b0), rounding_error=0.00000000 % (exp_error = 1.00000000 %)
[Random][ADD]i_32_a=4a0ae7a6 (2275817.500000000000000000000000) + i_32_b=4a4de7bb (3373550.750000000000000000000000) 	| o_32_s=4aac67b0 (5649368.000000000000000000000000) 	 
=> PASS: expect=5649368.000000000000000000000000 (4aac67b0), dut=5649368.000000000000000000000000 (4aac67b0), rounding_error=0.00000000 % (exp_error = 1.00000000 %)
==========[ Read data from ROM ]==========
[Random][ADD]i_32_a=463dfa28 (12158.539062500000000000000000) + i_32_b=4389d868 (275.690673828125000000000000) 	| o_32_s=464248ec (12434.230468750000000000000000) 	 
=> PASS: expect=12434.229492187500000000000000 (464248eb), dut=12434.230468750000000000000000 (464248ec), rounding_error=0.00000785 % (exp_error = 1.00000000 %)
[Random][ADD]i_32_a=4389d868 (275.690673828125000000000000) + i_32_b=463dfa28 (12158.539062500000000000000000) 	| o_32_s=464248ec (12434.230468750000000000000000) 	 
=> PASS: expect=12434.229492187500000000000000 (464248eb), dut=12434.230468750000000000000000 (464248ec), rounding_error=0.00000785 % (exp_error = 1.00000000 %)
==========[ Read data from ROM ]==========
[Random][ADD]i_32_a=4b2f4a85 (11487877.000000000000000000000000) + i_32_b=4c03a8df (34513788.000000000000000000000000) 	| o_32_s=4c2f7b81 (46001668.000000000000000000000000) 	 
=> PASS: expect=46001664.000000000000000000000000 (4c2f7b80), dut=46001668.000000000000000000000000 (4c2f7b81), rounding_error=0.00000870 % (exp_error = 1.00000000 %)
[Random][ADD]i_32_a=4c03a8df (34513788.000000000000000000000000) + i_32_b=4b2f4a85 (11487877.000000000000000000000000) 	| o_32_s=4c2f7b81 (46001668.000000000000000000000000) 	 
=> PASS: expect=46001664.000000000000000000000000 (4c2f7b80), dut=46001668.000000000000000000000000 (4c2f7b81), rounding_error=0.00000870 % (exp_error = 1.00000000 %)
==========[ Read data from ROM ]==========
[Random][ADD]i_32_a=4136481f (11.392607688903808593750000) + i_32_b=caa66bdd (-5453294.500000000000000000000000) 	| o_32_s=caa66bc6 (-5453283.000000000000000000000000) 	 
=> PASS: expect=-5453283.000000000000000000000000 (caa66bc6), dut=-5453283.000000000000000000000000 (caa66bc6), rounding_error=0.00000000 % (exp_error = 1.00000000 %)
[Random][ADD]i_32_a=caa66bdd (-5453294.500000000000000000000000) + i_32_b=4136481f (11.392607688903808593750000) 	| o_32_s=caa66bc6 (-5453283.000000000000000000000000) 	 
=> PASS: expect=-5453283.000000000000000000000000 (caa66bc6), dut=-5453283.000000000000000000000000 (caa66bc6), rounding_error=0.00000000 % (exp_error = 1.00000000 %)
==========[ Read data from ROM ]==========
[Random][ADD]i_32_a=44f57684 (1963.703613281250000000000000) + i_32_b=c70d00c5 (-36096.769531250000000000000000) 	| o_32_s=c7055511 (-34133.066406250000000000000000) 	 
=> PASS: expect=-34133.066406250000000000000000 (c7055511), dut=-34133.066406250000000000000000 (c7055511), rounding_error=0.00000000 % (exp_error = 1.00000000 %)
[Random][ADD]i_32_a=c70d00c5 (-36096.769531250000000000000000) + i_32_b=44f57684 (1963.703613281250000000000000) 	| o_32_s=c7055511 (-34133.066406250000000000000000) 	 
=> PASS: expect=-34133.066406250000000000000000 (c7055511), dut=-34133.066406250000000000000000 (c7055511), rounding_error=0.00000000 % (exp_error = 1.00000000 %)
==========[ Read data from ROM ]==========
[Random][ADD]i_32_a=47001766 (32791.398437500000000000000000) + i_32_b=c185468d (-16.659448623657226562500000) 	| o_32_s=470006bd (32774.738281250000000000000000) 	 
=> PASS: expect=32774.738281250000000000000000 (470006bd), dut=32774.738281250000000000000000 (470006bd), rounding_error=0.00000000 % (exp_error = 1.00000000 %)
[Random][ADD]i_32_a=c185468d (-16.659448623657226562500000) + i_32_b=47001766 (32791.398437500000000000000000) 	| o_32_s=470006bd (32774.738281250000000000000000) 	 
=> PASS: expect=32774.738281250000000000000000 (470006bd), dut=32774.738281250000000000000000 (470006bd), rounding_error=0.00000000 % (exp_error = 1.00000000 %)
==========[ Read data from ROM ]==========
[Random][ADD]i_32_a=cd9955c9 (-321567008.000000000000000000000000) + i_32_b=4d1f7944 (167220288.000000000000000000000000) 	| o_32_s=cd13324e (-154346720.000000000000000000000000) 	 
=> PASS: expect=-154346720.000000000000000000000000 (cd13324e), dut=-154346720.000000000000000000000000 (cd13324e), rounding_error=0.00000000 % (exp_error = 1.00000000 %)
[Random][ADD]i_32_a=4d1f7944 (167220288.000000000000000000000000) + i_32_b=cd9955c9 (-321567008.000000000000000000000000) 	| o_32_s=cd13324e (-154346720.000000000000000000000000) 	 
=> PASS: expect=-154346720.000000000000000000000000 (cd13324e), dut=-154346720.000000000000000000000000 (cd13324e), rounding_error=0.00000000 % (exp_error = 1.00000000 %)
==========[ Read data from ROM ]==========
[Random][ADD]i_32_a=ce42600d (-815268672.000000000000000000000000) + i_32_b=c3028966 (-130.536712646484375000000000) 	| o_32_s=ce42600f (-815268800.000000000000000000000000) 	 
=> PASS: expect=-815268800.000000000000000000000000 (ce42600f), dut=-815268800.000000000000000000000000 (ce42600f), rounding_error=0.00000000 % (exp_error = 1.00000000 %)
[Random][ADD]i_32_a=c3028966 (-130.536712646484375000000000) + i_32_b=ce42600d (-815268672.000000000000000000000000) 	| o_32_s=ce42600f (-815268800.000000000000000000000000) 	 
=> PASS: expect=-815268800.000000000000000000000000 (ce42600f), dut=-815268800.000000000000000000000000 (ce42600f), rounding_error=0.00000000 % (exp_error = 1.00000000 %)
==========[ Read data from ROM ]==========
[Random][ADD]i_32_a=c23a9d90 (-46.653869628906250000000000) + i_32_b=484c340c (209104.187500000000000000000000) 	| o_32_s=484c2862 (209057.531250000000000000000000) 	 
=> PASS: expect=209057.531250000000000000000000 (484c2862), dut=209057.531250000000000000000000 (484c2862), rounding_error=0.00000000 % (exp_error = 1.00000000 %)
[Random][ADD]i_32_a=484c340c (209104.187500000000000000000000) + i_32_b=c23a9d90 (-46.653869628906250000000000) 	| o_32_s=484c2862 (209057.531250000000000000000000) 	 
=> PASS: expect=209057.531250000000000000000000 (484c2862), dut=209057.531250000000000000000000 (484c2862), rounding_error=0.00000000 % (exp_error = 1.00000000 %)
==========[ Read data from ROM ]==========
[Random][ADD]i_32_a=c2a9a1a7 (-84.815727233886718750000000) + i_32_b=43acef9e (345.872009277343750000000000) 	| o_32_s=43828734 (261.056274414062500000000000) 	 
=> PASS: expect=261.056274414062500000000000 (43828734), dut=261.056274414062500000000000 (43828734), rounding_error=0.00000000 % (exp_error = 1.00000000 %)
[Random][ADD]i_32_a=43acef9e (345.872009277343750000000000) + i_32_b=c2a9a1a7 (-84.815727233886718750000000) 	| o_32_s=43828734 (261.056274414062500000000000) 	 
=> PASS: expect=261.056274414062500000000000 (43828734), dut=261.056274414062500000000000 (43828734), rounding_error=0.00000000 % (exp_error = 1.00000000 %)
==========[ Read data from ROM ]==========
[Random][ADD]i_32_a=41878106 (16.937999725341796875000000) + i_32_b=cc19de82 (-40335880.000000000000000000000000) 	| o_32_s=cc19de7e (-40335864.000000000000000000000000) 	 
=> PASS: expect=-40335864.000000000000000000000000 (cc19de7e), dut=-40335864.000000000000000000000000 (cc19de7e), rounding_error=0.00000000 % (exp_error = 1.00000000 %)
[Random][ADD]i_32_a=cc19de82 (-40335880.000000000000000000000000) + i_32_b=41878106 (16.937999725341796875000000) 	| o_32_s=cc19de7e (-40335864.000000000000000000000000) 	 
=> PASS: expect=-40335864.000000000000000000000000 (cc19de7e), dut=-40335864.000000000000000000000000 (cc19de7e), rounding_error=0.00000000 % (exp_error = 1.00000000 %)
==========[ Read data from ROM ]==========
[Random][ADD]i_32_a=c3b17aab (-354.958343505859375000000000) + i_32_b=c8394fa0 (-189758.500000000000000000000000) 	| o_32_s=c839a85d (-190113.453125000000000000000000) 	 
=> PASS: expect=-190113.453125000000000000000000 (c839a85d), dut=-190113.453125000000000000000000 (c839a85d), rounding_error=0.00000000 % (exp_error = 1.00000000 %)
[Random][ADD]i_32_a=c8394fa0 (-189758.500000000000000000000000) + i_32_b=c3b17aab (-354.958343505859375000000000) 	| o_32_s=c839a85d (-190113.453125000000000000000000) 	 
=> PASS: expect=-190113.453125000000000000000000 (c839a85d), dut=-190113.453125000000000000000000 (c839a85d), rounding_error=0.00000000 % (exp_error = 1.00000000 %)
==========[ Read data from ROM ]==========
[Random][ADD]i_32_a=4aaed9bc (5729502.000000000000000000000000) + i_32_b=49e2f36b (1859181.375000000000000000000000) 	| o_32_s=4ae79696 (7588683.000000000000000000000000) 	 
=> PASS: expect=7588683.500000000000000000000000 (4ae79697), dut=7588683.000000000000000000000000 (4ae79696), rounding_error=0.00000659 % (exp_error = 1.00000000 %)
[Random][ADD]i_32_a=49e2f36b (1859181.375000000000000000000000) + i_32_b=4aaed9bc (5729502.000000000000000000000000) 	| o_32_s=4ae79696 (7588683.000000000000000000000000) 	 
=> PASS: expect=7588683.500000000000000000000000 (4ae79697), dut=7588683.000000000000000000000000 (4ae79696), rounding_error=0.00000659 % (exp_error = 1.00000000 %)
==========[ Read data from ROM ]==========
[Random][ADD]i_32_a=4d3bbea1 (196864528.000000000000000000000000) + i_32_b=c8a770e1 (-342919.031250000000000000000000) 	| o_32_s=4d3b6ae8 (196521600.000000000000000000000000) 	 
=> PASS: expect=196521616.000000000000000000000000 (4d3b6ae9), dut=196521600.000000000000000000000000 (4d3b6ae8), rounding_error=0.00000814 % (exp_error = 1.00000000 %)
[Random][ADD]i_32_a=c8a770e1 (-342919.031250000000000000000000) + i_32_b=4d3bbea1 (196864528.000000000000000000000000) 	| o_32_s=4d3b6ae8 (196521600.000000000000000000000000) 	 
=> PASS: expect=196521616.000000000000000000000000 (4d3b6ae9), dut=196521600.000000000000000000000000 (4d3b6ae8), rounding_error=0.00000814 % (exp_error = 1.00000000 %)
==========[ Read data from ROM ]==========
[Random][ADD]i_32_a=418d8314 (17.689002990722656250000000) + i_32_b=41d3c2d8 (26.470138549804687500000000) 	| o_32_s=4230a2f6 (44.159141540527343750000000) 	 
=> PASS: expect=44.159141540527343750000000 (4230a2f6), dut=44.159141540527343750000000 (4230a2f6), rounding_error=0.00000000 % (exp_error = 1.00000000 %)
[Random][ADD]i_32_a=41d3c2d8 (26.470138549804687500000000) + i_32_b=418d8314 (17.689002990722656250000000) 	| o_32_s=4230a2f6 (44.159141540527343750000000) 	 
=> PASS: expect=44.159141540527343750000000 (4230a2f6), dut=44.159141540527343750000000 (4230a2f6), rounding_error=0.00000000 % (exp_error = 1.00000000 %)
==========[ Read data from ROM ]==========
[Random][ADD]i_32_a=483cbc8a (193266.156250000000000000000000) + i_32_b=421ec743 (39.694591522216796875000000) 	| o_32_s=483cc676 (193305.843750000000000000000000) 	 
=> PASS: expect=193305.843750000000000000000000 (483cc676), dut=193305.843750000000000000000000 (483cc676), rounding_error=0.00000000 % (exp_error = 1.00000000 %)
[Random][ADD]i_32_a=421ec743 (39.694591522216796875000000) + i_32_b=483cbc8a (193266.156250000000000000000000) 	| o_32_s=483cc676 (193305.843750000000000000000000) 	 
=> PASS: expect=193305.843750000000000000000000 (483cc676), dut=193305.843750000000000000000000 (483cc676), rounding_error=0.00000000 % (exp_error = 1.00000000 %)
==========[ Read data from ROM ]==========
[Random][ADD]i_32_a=c6c1d43d (-24810.119140625000000000000000) + i_32_b=4339fee3 (185.995651245117187500000000) 	| o_32_s=c6c0603f (-24624.123046875000000000000000) 	 
=> PASS: expect=-24624.123046875000000000000000 (c6c0603f), dut=-24624.123046875000000000000000 (c6c0603f), rounding_error=0.00000000 % (exp_error = 1.00000000 %)
[Random][ADD]i_32_a=4339fee3 (185.995651245117187500000000) + i_32_b=c6c1d43d (-24810.119140625000000000000000) 	| o_32_s=c6c0603f (-24624.123046875000000000000000) 	 
=> PASS: expect=-24624.123046875000000000000000 (c6c0603f), dut=-24624.123046875000000000000000 (c6c0603f), rounding_error=0.00000000 % (exp_error = 1.00000000 %)
==========[ Read data from ROM ]==========
[Random][ADD]i_32_a=4bbd5389 (24815378.000000000000000000000000) + i_32_b=c4ab554e (-1370.665771484375000000000000) 	| o_32_s=4bbd50db (24814006.000000000000000000000000) 	 
=> PASS: expect=24814008.000000000000000000000000 (4bbd50dc), dut=24814006.000000000000000000000000 (4bbd50db), rounding_error=0.00000806 % (exp_error = 1.00000000 %)
[Random][ADD]i_32_a=c4ab554e (-1370.665771484375000000000000) + i_32_b=4bbd5389 (24815378.000000000000000000000000) 	| o_32_s=4bbd50db (24814006.000000000000000000000000) 	 
=> PASS: expect=24814008.000000000000000000000000 (4bbd50dc), dut=24814006.000000000000000000000000 (4bbd50db), rounding_error=0.00000806 % (exp_error = 1.00000000 %)
==========[ Read data from ROM ]==========
[Random][ADD]i_32_a=460ef805 (9150.004882812500000000000000) + i_32_b=4916312e (615186.875000000000000000000000) 	| o_32_s=49186d0f (624336.937500000000000000000000) 	 
=> PASS: expect=624336.875000000000000000000000 (49186d0e), dut=624336.937500000000000000000000 (49186d0f), rounding_error=0.00001001 % (exp_error = 1.00000000 %)
[Random][ADD]i_32_a=4916312e (615186.875000000000000000000000) + i_32_b=460ef805 (9150.004882812500000000000000) 	| o_32_s=49186d0f (624336.937500000000000000000000) 	 
=> PASS: expect=624336.875000000000000000000000 (49186d0e), dut=624336.937500000000000000000000 (49186d0f), rounding_error=0.00001001 % (exp_error = 1.00000000 %)
==========[ Read data from ROM ]==========
[Random][ADD]i_32_a=48483f30 (205052.750000000000000000000000) + i_32_b=49999621 (1258180.125000000000000000000000) 	| o_32_s=49b29e07 (1463232.875000000000000000000000) 	 
=> PASS: expect=1463232.875000000000000000000000 (49b29e07), dut=1463232.875000000000000000000000 (49b29e07), rounding_error=0.00000000 % (exp_error = 1.00000000 %)
[Random][ADD]i_32_a=49999621 (1258180.125000000000000000000000) + i_32_b=48483f30 (205052.750000000000000000000000) 	| o_32_s=49b29e07 (1463232.875000000000000000000000) 	 
=> PASS: expect=1463232.875000000000000000000000 (49b29e07), dut=1463232.875000000000000000000000 (49b29e07), rounding_error=0.00000000 % (exp_error = 1.00000000 %)
==========[ Read data from ROM ]==========
[Random][ADD]i_32_a=c17d25fc (-15.821773529052734375000000) + i_32_b=cbd490da (-27861428.000000000000000000000000) 	| o_32_s=cbd490e1 (-27861442.000000000000000000000000) 	 
=> PASS: expect=-27861444.000000000000000000000000 (cbd490e2), dut=-27861442.000000000000000000000000 (cbd490e1), rounding_error=0.00000718 % (exp_error = 1.00000000 %)
[Random][ADD]i_32_a=cbd490da (-27861428.000000000000000000000000) + i_32_b=c17d25fc (-15.821773529052734375000000) 	| o_32_s=cbd490e1 (-27861442.000000000000000000000000) 	 
=> PASS: expect=-27861444.000000000000000000000000 (cbd490e2), dut=-27861442.000000000000000000000000 (cbd490e1), rounding_error=0.00000718 % (exp_error = 1.00000000 %)
==========[ Read data from ROM ]==========
[Random][ADD]i_32_a=c227326d (-41.799243927001953125000000) + i_32_b=4ba79eb9 (21970290.000000000000000000000000) 	| o_32_s=4ba79ea4 (21970248.000000000000000000000000) 	 
=> PASS: expect=21970248.000000000000000000000000 (4ba79ea4), dut=21970248.000000000000000000000000 (4ba79ea4), rounding_error=0.00000000 % (exp_error = 1.00000000 %)
[Random][ADD]i_32_a=4ba79eb9 (21970290.000000000000000000000000) + i_32_b=c227326d (-41.799243927001953125000000) 	| o_32_s=4ba79ea4 (21970248.000000000000000000000000) 	 
=> PASS: expect=21970248.000000000000000000000000 (4ba79ea4), dut=21970248.000000000000000000000000 (4ba79ea4), rounding_error=0.00000000 % (exp_error = 1.00000000 %)
==========[ Read data from ROM ]==========
[Random][ADD]i_32_a=cd9234f9 (-306618144.000000000000000000000000) + i_32_b=c336d568 (-182.833618164062500000000000) 	| o_32_s=cd9234ff (-306618336.000000000000000000000000) 	 
=> PASS: expect=-306618336.000000000000000000000000 (cd9234ff), dut=-306618336.000000000000000000000000 (cd9234ff), rounding_error=0.00000000 % (exp_error = 1.00000000 %)
[Random][ADD]i_32_a=c336d568 (-182.833618164062500000000000) + i_32_b=cd9234f9 (-306618144.000000000000000000000000) 	| o_32_s=cd9234ff (-306618336.000000000000000000000000) 	 
=> PASS: expect=-306618336.000000000000000000000000 (cd9234ff), dut=-306618336.000000000000000000000000 (cd9234ff), rounding_error=0.00000000 % (exp_error = 1.00000000 %)
==========[ Read data from ROM ]==========
[Random][ADD]i_32_a=c4782dc8 (-992.715332031250000000000000) + i_32_b=cbecdea1 (-31046978.000000000000000000000000) 	| o_32_s=cbece091 (-31047970.000000000000000000000000) 	 
=> PASS: expect=-31047970.000000000000000000000000 (cbece091), dut=-31047970.000000000000000000000000 (cbece091), rounding_error=0.00000000 % (exp_error = 1.00000000 %)
[Random][ADD]i_32_a=cbecdea1 (-31046978.000000000000000000000000) + i_32_b=c4782dc8 (-992.715332031250000000000000) 	| o_32_s=cbece091 (-31047970.000000000000000000000000) 	 
=> PASS: expect=-31047970.000000000000000000000000 (cbece091), dut=-31047970.000000000000000000000000 (cbece091), rounding_error=0.00000000 % (exp_error = 1.00000000 %)
==========[ Read data from ROM ]==========
[Random][ADD]i_32_a=c1451f47 (-12.320136070251464843750000) + i_32_b=ce7e4529 (-1066486336.000000000000000000000000) 	| o_32_s=ce7e452a (-1066486400.000000000000000000000000) 	 
=> PASS: expect=-1066486336.000000000000000000000000 (ce7e4529), dut=-1066486400.000000000000000000000000 (ce7e452a), rounding_error=0.00000600 % (exp_error = 1.00000000 %)
[Random][ADD]i_32_a=ce7e4529 (-1066486336.000000000000000000000000) + i_32_b=c1451f47 (-12.320136070251464843750000) 	| o_32_s=ce7e452a (-1066486400.000000000000000000000000) 	 
=> PASS: expect=-1066486336.000000000000000000000000 (ce7e4529), dut=-1066486400.000000000000000000000000 (ce7e452a), rounding_error=0.00000600 % (exp_error = 1.00000000 %)
==========[ Read data from ROM ]==========
[Random][ADD]i_32_a=cca019a8 (-83938624.000000000000000000000000) + i_32_b=c70243c2 (-33347.757812500000000000000000) 	| o_32_s=cca029f0 (-83971968.000000000000000000000000) 	 
=> PASS: expect=-83971968.000000000000000000000000 (cca029f0), dut=-83971968.000000000000000000000000 (cca029f0), rounding_error=0.00000000 % (exp_error = 1.00000000 %)
[Random][ADD]i_32_a=c70243c2 (-33347.757812500000000000000000) + i_32_b=cca019a8 (-83938624.000000000000000000000000) 	| o_32_s=cca029f0 (-83971968.000000000000000000000000) 	 
=> PASS: expect=-83971968.000000000000000000000000 (cca029f0), dut=-83971968.000000000000000000000000 (cca029f0), rounding_error=0.00000000 % (exp_error = 1.00000000 %)
==========[ Read data from ROM ]==========
[Random][ADD]i_32_a=c21c5c9b (-39.090435028076171875000000) + i_32_b=4b242336 (10756918.000000000000000000000000) 	| o_32_s=4b24230f (10756879.000000000000000000000000) 	 
=> PASS: expect=10756879.000000000000000000000000 (4b24230f), dut=10756879.000000000000000000000000 (4b24230f), rounding_error=0.00000000 % (exp_error = 1.00000000 %)
[Random][ADD]i_32_a=4b242336 (10756918.000000000000000000000000) + i_32_b=c21c5c9b (-39.090435028076171875000000) 	| o_32_s=4b24230f (10756879.000000000000000000000000) 	 
=> PASS: expect=10756879.000000000000000000000000 (4b24230f), dut=10756879.000000000000000000000000 (4b24230f), rounding_error=0.00000000 % (exp_error = 1.00000000 %)
==========[ Read data from ROM ]==========
[Random][ADD]i_32_a=c5aee89f (-5597.077636718750000000000000) + i_32_b=cd49878b (-211318960.000000000000000000000000) 	| o_32_s=cd4988e8 (-211324544.000000000000000000000000) 	 
=> PASS: expect=-211324560.000000000000000000000000 (cd4988e9), dut=-211324544.000000000000000000000000 (cd4988e8), rounding_error=0.00000757 % (exp_error = 1.00000000 %)
[Random][ADD]i_32_a=cd49878b (-211318960.000000000000000000000000) + i_32_b=c5aee89f (-5597.077636718750000000000000) 	| o_32_s=cd4988e8 (-211324544.000000000000000000000000) 	 
=> PASS: expect=-211324560.000000000000000000000000 (cd4988e9), dut=-211324544.000000000000000000000000 (cd4988e8), rounding_error=0.00000757 % (exp_error = 1.00000000 %)
==========[ Read data from ROM ]==========
[Random][ADD]i_32_a=4c6ee066 (62620056.000000000000000000000000) + i_32_b=45db8219 (7024.262207031250000000000000) 	| o_32_s=4c6ee743 (62627084.000000000000000000000000) 	 
=> PASS: expect=62627080.000000000000000000000000 (4c6ee742), dut=62627084.000000000000000000000000 (4c6ee743), rounding_error=0.00000639 % (exp_error = 1.00000000 %)
[Random][ADD]i_32_a=45db8219 (7024.262207031250000000000000) + i_32_b=4c6ee066 (62620056.000000000000000000000000) 	| o_32_s=4c6ee743 (62627084.000000000000000000000000) 	 
=> PASS: expect=62627080.000000000000000000000000 (4c6ee742), dut=62627084.000000000000000000000000 (4c6ee743), rounding_error=0.00000639 % (exp_error = 1.00000000 %)
==========[ Read data from ROM ]==========
[Random][ADD]i_32_a=4b96a5ba (19745652.000000000000000000000000) + i_32_b=45461893 (3169.535888671875000000000000) 	| o_32_s=4b96abea (19748820.000000000000000000000000) 	 
=> PASS: expect=19748822.000000000000000000000000 (4b96abeb), dut=19748820.000000000000000000000000 (4b96abea), rounding_error=0.00001013 % (exp_error = 1.00000000 %)
[Random][ADD]i_32_a=45461893 (3169.535888671875000000000000) + i_32_b=4b96a5ba (19745652.000000000000000000000000) 	| o_32_s=4b96abea (19748820.000000000000000000000000) 	 
=> PASS: expect=19748822.000000000000000000000000 (4b96abeb), dut=19748820.000000000000000000000000 (4b96abea), rounding_error=0.00001013 % (exp_error = 1.00000000 %)
==========[ Read data from ROM ]==========
[Random][ADD]i_32_a=c992f3f5 (-1203838.625000000000000000000000) + i_32_b=cc571c75 (-56390100.000000000000000000000000) 	| o_32_s=cc5bb415 (-57593940.000000000000000000000000) 	 
=> PASS: expect=-57593940.000000000000000000000000 (cc5bb415), dut=-57593940.000000000000000000000000 (cc5bb415), rounding_error=0.00000000 % (exp_error = 1.00000000 %)
[Random][ADD]i_32_a=cc571c75 (-56390100.000000000000000000000000) + i_32_b=c992f3f5 (-1203838.625000000000000000000000) 	| o_32_s=cc5bb415 (-57593940.000000000000000000000000) 	 
=> PASS: expect=-57593940.000000000000000000000000 (cc5bb415), dut=-57593940.000000000000000000000000 (cc5bb415), rounding_error=0.00000000 % (exp_error = 1.00000000 %)
==========[ Read data from ROM ]==========
[Random][ADD]i_32_a=481d4fa8 (161086.625000000000000000000000) + i_32_b=4ac0505d (6301742.500000000000000000000000) 	| o_32_s=4ac53adb (6462829.500000000000000000000000) 	 
=> PASS: expect=6462829.000000000000000000000000 (4ac53ada), dut=6462829.500000000000000000000000 (4ac53adb), rounding_error=0.00000774 % (exp_error = 1.00000000 %)
[Random][ADD]i_32_a=4ac0505d (6301742.500000000000000000000000) + i_32_b=481d4fa8 (161086.625000000000000000000000) 	| o_32_s=4ac53adb (6462829.500000000000000000000000) 	 
=> PASS: expect=6462829.000000000000000000000000 (4ac53ada), dut=6462829.500000000000000000000000 (4ac53adb), rounding_error=0.00000774 % (exp_error = 1.00000000 %)
==========[ Read data from ROM ]==========
[Random][ADD]i_32_a=4a82ca99 (4285772.500000000000000000000000) + i_32_b=41b1ae86 (22.210216522216796875000000) 	| o_32_s=4a82cac5 (4285794.500000000000000000000000) 	 
=> PASS: expect=4285794.500000000000000000000000 (4a82cac5), dut=4285794.500000000000000000000000 (4a82cac5), rounding_error=0.00000000 % (exp_error = 1.00000000 %)
[Random][ADD]i_32_a=41b1ae86 (22.210216522216796875000000) + i_32_b=4a82ca99 (4285772.500000000000000000000000) 	| o_32_s=4a82cac5 (4285794.500000000000000000000000) 	 
=> PASS: expect=4285794.500000000000000000000000 (4a82cac5), dut=4285794.500000000000000000000000 (4a82cac5), rounding_error=0.00000000 % (exp_error = 1.00000000 %)
==========[ Read data from ROM ]==========
[Random][ADD]i_32_a=453b760f (2999.378662109375000000000000) + i_32_b=c1bf0f50 (-23.882476806640625000000000) 	| o_32_s=4539f7f1 (2975.496337890625000000000000) 	 
=> PASS: expect=2975.496093750000000000000000 (4539f7f0), dut=2975.496337890625000000000000 (4539f7f1), rounding_error=0.00000821 % (exp_error = 1.00000000 %)
[Random][ADD]i_32_a=c1bf0f50 (-23.882476806640625000000000) + i_32_b=453b760f (2999.378662109375000000000000) 	| o_32_s=4539f7f1 (2975.496337890625000000000000) 	 
=> PASS: expect=2975.496093750000000000000000 (4539f7f0), dut=2975.496337890625000000000000 (4539f7f1), rounding_error=0.00000821 % (exp_error = 1.00000000 %)
==========[ Read data from ROM ]==========
[Random][ADD]i_32_a=cddb2397 (-459567840.000000000000000000000000) + i_32_b=c73f54c9 (-48980.785156250000000000000000) 	| o_32_s=cddb2992 (-459616832.000000000000000000000000) 	 
=> PASS: expect=-459616832.000000000000000000000000 (cddb2992), dut=-459616832.000000000000000000000000 (cddb2992), rounding_error=0.00000000 % (exp_error = 1.00000000 %)
[Random][ADD]i_32_a=c73f54c9 (-48980.785156250000000000000000) + i_32_b=cddb2397 (-459567840.000000000000000000000000) 	| o_32_s=cddb2992 (-459616832.000000000000000000000000) 	 
=> PASS: expect=-459616832.000000000000000000000000 (cddb2992), dut=-459616832.000000000000000000000000 (cddb2992), rounding_error=0.00000000 % (exp_error = 1.00000000 %)
==========[ Read data from ROM ]==========
[Random][ADD]i_32_a=cde64a07 (-482951392.000000000000000000000000) + i_32_b=c29dadee (-78.839706420898437500000000) 	| o_32_s=cde64a09 (-482951456.000000000000000000000000) 	 
=> PASS: expect=-482951456.000000000000000000000000 (cde64a09), dut=-482951456.000000000000000000000000 (cde64a09), rounding_error=0.00000000 % (exp_error = 1.00000000 %)
[Random][ADD]i_32_a=c29dadee (-78.839706420898437500000000) + i_32_b=cde64a07 (-482951392.000000000000000000000000) 	| o_32_s=cde64a09 (-482951456.000000000000000000000000) 	 
=> PASS: expect=-482951456.000000000000000000000000 (cde64a09), dut=-482951456.000000000000000000000000 (cde64a09), rounding_error=0.00000000 % (exp_error = 1.00000000 %)
==========[ Read data from ROM ]==========
[Random][ADD]i_32_a=c7871a46 (-69172.546875000000000000000000) + i_32_b=c154f083 (-13.308718681335449218750000) 	| o_32_s=c78720ed (-69185.851562500000000000000000) 	 
=> PASS: expect=-69185.859375000000000000000000 (c78720ee), dut=-69185.851562500000000000000000 (c78720ed), rounding_error=0.00001129 % (exp_error = 1.00000000 %)
[Random][ADD]i_32_a=c154f083 (-13.308718681335449218750000) + i_32_b=c7871a46 (-69172.546875000000000000000000) 	| o_32_s=c78720ed (-69185.851562500000000000000000) 	 
=> PASS: expect=-69185.859375000000000000000000 (c78720ee), dut=-69185.851562500000000000000000 (c78720ed), rounding_error=0.00001129 % (exp_error = 1.00000000 %)
==========[ Read data from ROM ]==========
[Random][ADD]i_32_a=419a7583 (19.307378768920898437500000) + i_32_b=c484fb39 (-1063.850708007812500000000000) 	| o_32_s=c4829163 (-1044.543334960937500000000000) 	 
=> PASS: expect=-1044.543334960937500000000000 (c4829163), dut=-1044.543334960937500000000000 (c4829163), rounding_error=0.00000000 % (exp_error = 1.00000000 %)
[Random][ADD]i_32_a=c484fb39 (-1063.850708007812500000000000) + i_32_b=419a7583 (19.307378768920898437500000) 	| o_32_s=c4829163 (-1044.543334960937500000000000) 	 
=> PASS: expect=-1044.543334960937500000000000 (c4829163), dut=-1044.543334960937500000000000 (c4829163), rounding_error=0.00000000 % (exp_error = 1.00000000 %)
==========[ Read data from ROM ]==========
[Random][ADD]i_32_a=4d090f10 (143716608.000000000000000000000000) + i_32_b=41c8d5fc (25.104484558105468750000000) 	| o_32_s=4d090f12 (143716640.000000000000000000000000) 	 
=> PASS: expect=143716640.000000000000000000000000 (4d090f12), dut=143716640.000000000000000000000000 (4d090f12), rounding_error=0.00000000 % (exp_error = 1.00000000 %)
[Random][ADD]i_32_a=41c8d5fc (25.104484558105468750000000) + i_32_b=4d090f10 (143716608.000000000000000000000000) 	| o_32_s=4d090f12 (143716640.000000000000000000000000) 	 
=> PASS: expect=143716640.000000000000000000000000 (4d090f12), dut=143716640.000000000000000000000000 (4d090f12), rounding_error=0.00000000 % (exp_error = 1.00000000 %)
==========[ Read data from ROM ]==========
[Random][ADD]i_32_a=ce615db6 (-945253760.000000000000000000000000) + i_32_b=43dea355 (445.276031494140625000000000) 	| o_32_s=ce615daf (-945253312.000000000000000000000000) 	 
=> PASS: expect=-945253312.000000000000000000000000 (ce615daf), dut=-945253312.000000000000000000000000 (ce615daf), rounding_error=0.00000000 % (exp_error = 1.00000000 %)
[Random][ADD]i_32_a=43dea355 (445.276031494140625000000000) + i_32_b=ce615db6 (-945253760.000000000000000000000000) 	| o_32_s=ce615daf (-945253312.000000000000000000000000) 	 
=> PASS: expect=-945253312.000000000000000000000000 (ce615daf), dut=-945253312.000000000000000000000000 (ce615daf), rounding_error=0.00000000 % (exp_error = 1.00000000 %)
==========[ Read data from ROM ]==========
[Random][ADD]i_32_a=caa8ec8c (-5535302.000000000000000000000000) + i_32_b=cbba94bd (-24455546.000000000000000000000000) 	| o_32_s=cbe4cfe0 (-29990848.000000000000000000000000) 	 
=> PASS: expect=-29990848.000000000000000000000000 (cbe4cfe0), dut=-29990848.000000000000000000000000 (cbe4cfe0), rounding_error=0.00000000 % (exp_error = 1.00000000 %)
[Random][ADD]i_32_a=cbba94bd (-24455546.000000000000000000000000) + i_32_b=caa8ec8c (-5535302.000000000000000000000000) 	| o_32_s=cbe4cfe0 (-29990848.000000000000000000000000) 	 
=> PASS: expect=-29990848.000000000000000000000000 (cbe4cfe0), dut=-29990848.000000000000000000000000 (cbe4cfe0), rounding_error=0.00000000 % (exp_error = 1.00000000 %)
==========[ Read data from ROM ]==========
[Random][ADD]i_32_a=cd6700f7 (-242225008.000000000000000000000000) + i_32_b=4a34dc55 (2963221.250000000000000000000000) 	| o_32_s=cd642d85 (-239261776.000000000000000000000000) 	 
=> PASS: expect=-239261792.000000000000000000000000 (cd642d86), dut=-239261776.000000000000000000000000 (cd642d85), rounding_error=0.00000669 % (exp_error = 1.00000000 %)
[Random][ADD]i_32_a=4a34dc55 (2963221.250000000000000000000000) + i_32_b=cd6700f7 (-242225008.000000000000000000000000) 	| o_32_s=cd642d85 (-239261776.000000000000000000000000) 	 
=> PASS: expect=-239261792.000000000000000000000000 (cd642d86), dut=-239261776.000000000000000000000000 (cd642d85), rounding_error=0.00000669 % (exp_error = 1.00000000 %)
==========[ Read data from ROM ]==========
[Random][ADD]i_32_a=ce758e96 (-1029940608.000000000000000000000000) + i_32_b=c30e2155 (-142.130203247070312500000000) 	| o_32_s=ce758e99 (-1029940800.000000000000000000000000) 	 
=> PASS: expect=-1029940736.000000000000000000000000 (ce758e98), dut=-1029940800.000000000000000000000000 (ce758e99), rounding_error=0.00000621 % (exp_error = 1.00000000 %)
[Random][ADD]i_32_a=c30e2155 (-142.130203247070312500000000) + i_32_b=ce758e96 (-1029940608.000000000000000000000000) 	| o_32_s=ce758e99 (-1029940800.000000000000000000000000) 	 
=> PASS: expect=-1029940736.000000000000000000000000 (ce758e98), dut=-1029940800.000000000000000000000000 (ce758e99), rounding_error=0.00000621 % (exp_error = 1.00000000 %)
==========[ Read data from ROM ]==========
[Random][ADD]i_32_a=438ab819 (277.438262939453125000000000) + i_32_b=c69cb565 (-20058.697265625000000000000000) 	| o_32_s=c69a8a84 (-19781.257812500000000000000000) 	 
=> PASS: expect=-19781.259765625000000000000000 (c69a8a85), dut=-19781.257812500000000000000000 (c69a8a84), rounding_error=0.00000987 % (exp_error = 1.00000000 %)
[Random][ADD]i_32_a=c69cb565 (-20058.697265625000000000000000) + i_32_b=438ab819 (277.438262939453125000000000) 	| o_32_s=c69a8a84 (-19781.257812500000000000000000) 	 
=> PASS: expect=-19781.259765625000000000000000 (c69a8a85), dut=-19781.257812500000000000000000 (c69a8a84), rounding_error=0.00000987 % (exp_error = 1.00000000 %)
==========[ Read data from ROM ]==========
[Random][ADD]i_32_a=4d2d7c39 (181912464.000000000000000000000000) + i_32_b=4e9489d0 (1246029824.000000000000000000000000) 	| o_32_s=4eaa3958 (1427942400.000000000000000000000000) 	 
=> PASS: expect=1427942272.000000000000000000000000 (4eaa3957), dut=1427942400.000000000000000000000000 (4eaa3958), rounding_error=0.00000896 % (exp_error = 1.00000000 %)
[Random][ADD]i_32_a=4e9489d0 (1246029824.000000000000000000000000) + i_32_b=4d2d7c39 (181912464.000000000000000000000000) 	| o_32_s=4eaa3958 (1427942400.000000000000000000000000) 	 
=> PASS: expect=1427942272.000000000000000000000000 (4eaa3957), dut=1427942400.000000000000000000000000 (4eaa3958), rounding_error=0.00000896 % (exp_error = 1.00000000 %)
==========[ Read data from ROM ]==========
[Random][ADD]i_32_a=c577c7bc (-3964.483398437500000000000000) + i_32_b=4b80a525 (16861770.000000000000000000000000) 	| o_32_s=4b809d67 (16857806.000000000000000000000000) 	 
=> PASS: expect=16857806.000000000000000000000000 (4b809d67), dut=16857806.000000000000000000000000 (4b809d67), rounding_error=0.00000000 % (exp_error = 1.00000000 %)
[Random][ADD]i_32_a=4b80a525 (16861770.000000000000000000000000) + i_32_b=c577c7bc (-3964.483398437500000000000000) 	| o_32_s=4b809d67 (16857806.000000000000000000000000) 	 
=> PASS: expect=16857806.000000000000000000000000 (4b809d67), dut=16857806.000000000000000000000000 (4b809d67), rounding_error=0.00000000 % (exp_error = 1.00000000 %)
==========[ Read data from ROM ]==========
[Random][ADD]i_32_a=cdf70072 (-518000192.000000000000000000000000) + i_32_b=c31e7a71 (-158.478286743164062500000000) 	| o_32_s=cdf70076 (-518000320.000000000000000000000000) 	 
=> PASS: expect=-518000352.000000000000000000000000 (cdf70077), dut=-518000320.000000000000000000000000 (cdf70076), rounding_error=0.00000618 % (exp_error = 1.00000000 %)
[Random][ADD]i_32_a=c31e7a71 (-158.478286743164062500000000) + i_32_b=cdf70072 (-518000192.000000000000000000000000) 	| o_32_s=cdf70076 (-518000320.000000000000000000000000) 	 
=> PASS: expect=-518000352.000000000000000000000000 (cdf70077), dut=-518000320.000000000000000000000000 (cdf70076), rounding_error=0.00000618 % (exp_error = 1.00000000 %)
==========[ Read data from ROM ]==========
[Random][ADD]i_32_a=46b9a240 (23761.125000000000000000000000) + i_32_b=489636f1 (307639.531250000000000000000000) 	| o_32_s=48a1d115 (331400.656250000000000000000000) 	 
=> PASS: expect=331400.656250000000000000000000 (48a1d115), dut=331400.656250000000000000000000 (48a1d115), rounding_error=0.00000000 % (exp_error = 1.00000000 %)
[Random][ADD]i_32_a=489636f1 (307639.531250000000000000000000) + i_32_b=46b9a240 (23761.125000000000000000000000) 	| o_32_s=48a1d115 (331400.656250000000000000000000) 	 
=> PASS: expect=331400.656250000000000000000000 (48a1d115), dut=331400.656250000000000000000000 (48a1d115), rounding_error=0.00000000 % (exp_error = 1.00000000 %)
==========[ Read data from ROM ]==========
[Random][ADD]i_32_a=c8daa82f (-447809.468750000000000000000000) + i_32_b=4d82da49 (274417952.000000000000000000000000) 	| o_32_s=4d82a39f (273970144.000000000000000000000000) 	 
=> PASS: expect=273970144.000000000000000000000000 (4d82a39f), dut=273970144.000000000000000000000000 (4d82a39f), rounding_error=0.00000000 % (exp_error = 1.00000000 %)
[Random][ADD]i_32_a=4d82da49 (274417952.000000000000000000000000) + i_32_b=c8daa82f (-447809.468750000000000000000000) 	| o_32_s=4d82a39f (273970144.000000000000000000000000) 	 
=> PASS: expect=273970144.000000000000000000000000 (4d82a39f), dut=273970144.000000000000000000000000 (4d82a39f), rounding_error=0.00000000 % (exp_error = 1.00000000 %)
==========[ Read data from ROM ]==========
[Random][ADD]i_32_a=cb500afa (-13634298.000000000000000000000000) + i_32_b=4c9f3f3d (83491304.000000000000000000000000) 	| o_32_s=4c853dde (69857008.000000000000000000000000) 	 
=> PASS: expect=69857008.000000000000000000000000 (4c853dde), dut=69857008.000000000000000000000000 (4c853dde), rounding_error=0.00000000 % (exp_error = 1.00000000 %)
[Random][ADD]i_32_a=4c9f3f3d (83491304.000000000000000000000000) + i_32_b=cb500afa (-13634298.000000000000000000000000) 	| o_32_s=4c853dde (69857008.000000000000000000000000) 	 
=> PASS: expect=69857008.000000000000000000000000 (4c853dde), dut=69857008.000000000000000000000000 (4c853dde), rounding_error=0.00000000 % (exp_error = 1.00000000 %)
==========[ Read data from ROM ]==========
[Random][ADD]i_32_a=43b41d0a (360.226867675781250000000000) + i_32_b=4337ef78 (183.935424804687500000000000) 	| o_32_s=44080a63 (544.162292480468750000000000) 	 
=> PASS: expect=544.162292480468750000000000 (44080a63), dut=544.162292480468750000000000 (44080a63), rounding_error=0.00000000 % (exp_error = 1.00000000 %)
[Random][ADD]i_32_a=4337ef78 (183.935424804687500000000000) + i_32_b=43b41d0a (360.226867675781250000000000) 	| o_32_s=44080a63 (544.162292480468750000000000) 	 
=> PASS: expect=544.162292480468750000000000 (44080a63), dut=544.162292480468750000000000 (44080a63), rounding_error=0.00000000 % (exp_error = 1.00000000 %)
==========[ Read data from ROM ]==========
[Random][ADD]i_32_a=c68b2d52 (-17814.660156250000000000000000) + i_32_b=c43102ee (-708.045776367187500000000000) 	| o_32_s=c690b569 (-18522.705078125000000000000000) 	 
=> PASS: expect=-18522.705078125000000000000000 (c690b569), dut=-18522.705078125000000000000000 (c690b569), rounding_error=0.00000000 % (exp_error = 1.00000000 %)
[Random][ADD]i_32_a=c43102ee (-708.045776367187500000000000) + i_32_b=c68b2d52 (-17814.660156250000000000000000) 	| o_32_s=c690b569 (-18522.705078125000000000000000) 	 
=> PASS: expect=-18522.705078125000000000000000 (c690b569), dut=-18522.705078125000000000000000 (c690b569), rounding_error=0.00000000 % (exp_error = 1.00000000 %)
==========[ Read data from ROM ]==========
[Random][ADD]i_32_a=4d47dc65 (209569360.000000000000000000000000) + i_32_b=c19ad332 (-19.353122711181640625000000) 	| o_32_s=4d47dc64 (209569344.000000000000000000000000) 	 
=> PASS: expect=209569344.000000000000000000000000 (4d47dc64), dut=209569344.000000000000000000000000 (4d47dc64), rounding_error=0.00000000 % (exp_error = 1.00000000 %)
[Random][ADD]i_32_a=c19ad332 (-19.353122711181640625000000) + i_32_b=4d47dc65 (209569360.000000000000000000000000) 	| o_32_s=4d47dc64 (209569344.000000000000000000000000) 	 
=> PASS: expect=209569344.000000000000000000000000 (4d47dc64), dut=209569344.000000000000000000000000 (4d47dc64), rounding_error=0.00000000 % (exp_error = 1.00000000 %)
==========[ Read data from ROM ]==========
[Random][ADD]i_32_a=c9d39005 (-1733120.625000000000000000000000) + i_32_b=c2f11d9d (-120.557838439941406250000000) 	| o_32_s=c9d393c9 (-1733241.125000000000000000000000) 	 
=> PASS: expect=-1733241.125000000000000000000000 (c9d393c9), dut=-1733241.125000000000000000000000 (c9d393c9), rounding_error=0.00000000 % (exp_error = 1.00000000 %)
[Random][ADD]i_32_a=c2f11d9d (-120.557838439941406250000000) + i_32_b=c9d39005 (-1733120.625000000000000000000000) 	| o_32_s=c9d393c9 (-1733241.125000000000000000000000) 	 
=> PASS: expect=-1733241.125000000000000000000000 (c9d393c9), dut=-1733241.125000000000000000000000 (c9d393c9), rounding_error=0.00000000 % (exp_error = 1.00000000 %)
==========[ Read data from ROM ]==========
[Random][ADD]i_32_a=4843723f (200136.984375000000000000000000) + i_32_b=4aca7cf9 (6635132.500000000000000000000000) 	| o_32_s=4ad0988a (6835269.000000000000000000000000) 	 
=> PASS: expect=6835269.500000000000000000000000 (4ad0988b), dut=6835269.000000000000000000000000 (4ad0988a), rounding_error=0.00000732 % (exp_error = 1.00000000 %)
[Random][ADD]i_32_a=4aca7cf9 (6635132.500000000000000000000000) + i_32_b=4843723f (200136.984375000000000000000000) 	| o_32_s=4ad0988a (6835269.000000000000000000000000) 	 
=> PASS: expect=6835269.500000000000000000000000 (4ad0988b), dut=6835269.000000000000000000000000 (4ad0988a), rounding_error=0.00000732 % (exp_error = 1.00000000 %)
==========[ Read data from ROM ]==========
[Random][ADD]i_32_a=4a74669c (4004263.000000000000000000000000) + i_32_b=cdc44fd9 (-411695904.000000000000000000000000) 	| o_32_s=cdc2670c (-407691648.000000000000000000000000) 	 
=> PASS: expect=-407691648.000000000000000000000000 (cdc2670c), dut=-407691648.000000000000000000000000 (cdc2670c), rounding_error=0.00000000 % (exp_error = 1.00000000 %)
[Random][ADD]i_32_a=cdc44fd9 (-411695904.000000000000000000000000) + i_32_b=4a74669c (4004263.000000000000000000000000) 	| o_32_s=cdc2670c (-407691648.000000000000000000000000) 	 
=> PASS: expect=-407691648.000000000000000000000000 (cdc2670c), dut=-407691648.000000000000000000000000 (cdc2670c), rounding_error=0.00000000 % (exp_error = 1.00000000 %)
==========[ Read data from ROM ]==========
[Random][ADD]i_32_a=43050cc9 (133.049942016601562500000000) + i_32_b=4982920e (1069633.750000000000000000000000) 	| o_32_s=49829636 (1069766.750000000000000000000000) 	 
=> PASS: expect=1069766.750000000000000000000000 (49829636), dut=1069766.750000000000000000000000 (49829636), rounding_error=0.00000000 % (exp_error = 1.00000000 %)
[Random][ADD]i_32_a=4982920e (1069633.750000000000000000000000) + i_32_b=43050cc9 (133.049942016601562500000000) 	| o_32_s=49829636 (1069766.750000000000000000000000) 	 
=> PASS: expect=1069766.750000000000000000000000 (49829636), dut=1069766.750000000000000000000000 (49829636), rounding_error=0.00000000 % (exp_error = 1.00000000 %)
==========[ Read data from ROM ]==========
[Random][ADD]i_32_a=442b0d0b (684.203796386718750000000000) + i_32_b=c4384927 (-737.143005371093750000000000) 	| o_32_s=c253c1c0 (-52.939208984375000000000000) 	 
=> PASS: expect=-52.939208984375000000000000 (c253c1c0), dut=-52.939208984375000000000000 (c253c1c0), rounding_error=0.00000000 % (exp_error = 1.00000000 %)
[Random][ADD]i_32_a=c4384927 (-737.143005371093750000000000) + i_32_b=442b0d0b (684.203796386718750000000000) 	| o_32_s=c253c1c0 (-52.939208984375000000000000) 	 
=> PASS: expect=-52.939208984375000000000000 (c253c1c0), dut=-52.939208984375000000000000 (c253c1c0), rounding_error=0.00000000 % (exp_error = 1.00000000 %)
==========[ Read data from ROM ]==========
[Random][ADD]i_32_a=c9932891 (-1205522.125000000000000000000000) + i_32_b=cc3ba2fd (-49187828.000000000000000000000000) 	| o_32_s=cc403c41 (-50393348.000000000000000000000000) 	 
=> PASS: expect=-50393352.000000000000000000000000 (cc403c42), dut=-50393348.000000000000000000000000 (cc403c41), rounding_error=0.00000794 % (exp_error = 1.00000000 %)
[Random][ADD]i_32_a=cc3ba2fd (-49187828.000000000000000000000000) + i_32_b=c9932891 (-1205522.125000000000000000000000) 	| o_32_s=cc403c41 (-50393348.000000000000000000000000) 	 
=> PASS: expect=-50393352.000000000000000000000000 (cc403c42), dut=-50393348.000000000000000000000000 (cc403c41), rounding_error=0.00000794 % (exp_error = 1.00000000 %)
==========[ Read data from ROM ]==========
[Random][ADD]i_32_a=45702776 (3842.466308593750000000000000) + i_32_b=c208773c (-34.116439819335937500000000) 	| o_32_s=456e0599 (3808.349853515625000000000000) 	 
=> PASS: expect=3808.349853515625000000000000 (456e0599), dut=3808.349853515625000000000000 (456e0599), rounding_error=0.00000000 % (exp_error = 1.00000000 %)
[Random][ADD]i_32_a=c208773c (-34.116439819335937500000000) + i_32_b=45702776 (3842.466308593750000000000000) 	| o_32_s=456e0599 (3808.349853515625000000000000) 	 
=> PASS: expect=3808.349853515625000000000000 (456e0599), dut=3808.349853515625000000000000 (456e0599), rounding_error=0.00000000 % (exp_error = 1.00000000 %)
==========[ Read data from ROM ]==========
[Random][ADD]i_32_a=4bf55884 (32157960.000000000000000000000000) + i_32_b=c3f154a1 (-482.661163330078125000000000) 	| o_32_s=4bf55792 (32157476.000000000000000000000000) 	 
=> PASS: expect=32157478.000000000000000000000000 (4bf55793), dut=32157476.000000000000000000000000 (4bf55792), rounding_error=0.00000622 % (exp_error = 1.00000000 %)
[Random][ADD]i_32_a=c3f154a1 (-482.661163330078125000000000) + i_32_b=4bf55884 (32157960.000000000000000000000000) 	| o_32_s=4bf55792 (32157476.000000000000000000000000) 	 
=> PASS: expect=32157478.000000000000000000000000 (4bf55793), dut=32157476.000000000000000000000000 (4bf55792), rounding_error=0.00000622 % (exp_error = 1.00000000 %)
==========[ Read data from ROM ]==========
[Random][ADD]i_32_a=c43c7d76 (-753.960327148437500000000000) + i_32_b=c548447c (-3204.280273437500000000000000) 	| o_32_s=c57763d9 (-3958.240478515625000000000000) 	 
=> PASS: expect=-3958.240722656250000000000000 (c57763da), dut=-3958.240478515625000000000000 (c57763d9), rounding_error=0.00000617 % (exp_error = 1.00000000 %)
[Random][ADD]i_32_a=c548447c (-3204.280273437500000000000000) + i_32_b=c43c7d76 (-753.960327148437500000000000) 	| o_32_s=c57763d9 (-3958.240478515625000000000000) 	 
=> PASS: expect=-3958.240722656250000000000000 (c57763da), dut=-3958.240478515625000000000000 (c57763d9), rounding_error=0.00000617 % (exp_error = 1.00000000 %)
==========[ Read data from ROM ]==========
[Random][ADD]i_32_a=c7dd4357 (-113286.679687500000000000000000) + i_32_b=c653141c (-13509.027343750000000000000000) 	| o_32_s=c7f7a5da (-126795.703125000000000000000000) 	 
=> PASS: expect=-126795.703125000000000000000000 (c7f7a5da), dut=-126795.703125000000000000000000 (c7f7a5da), rounding_error=0.00000000 % (exp_error = 1.00000000 %)
[Random][ADD]i_32_a=c653141c (-13509.027343750000000000000000) + i_32_b=c7dd4357 (-113286.679687500000000000000000) 	| o_32_s=c7f7a5da (-126795.703125000000000000000000) 	 
=> PASS: expect=-126795.703125000000000000000000 (c7f7a5da), dut=-126795.703125000000000000000000 (c7f7a5da), rounding_error=0.00000000 % (exp_error = 1.00000000 %)
==========[ Read data from ROM ]==========
[Random][ADD]i_32_a=c48a3e65 (-1105.949829101562500000000000) + i_32_b=c916e42f (-618050.937500000000000000000000) 	| o_32_s=c917294f (-619156.937500000000000000000000) 	 
=> PASS: expect=-619156.875000000000000000000000 (c917294e), dut=-619156.937500000000000000000000 (c917294f), rounding_error=0.00001009 % (exp_error = 1.00000000 %)
[Random][ADD]i_32_a=c916e42f (-618050.937500000000000000000000) + i_32_b=c48a3e65 (-1105.949829101562500000000000) 	| o_32_s=c917294f (-619156.937500000000000000000000) 	 
=> PASS: expect=-619156.875000000000000000000000 (c917294e), dut=-619156.937500000000000000000000 (c917294f), rounding_error=0.00001009 % (exp_error = 1.00000000 %)
==========[ Read data from ROM ]==========
[Random][ADD]i_32_a=48536ff1 (216511.765625000000000000000000) + i_32_b=c22999ac (-42.400070190429687500000000) 	| o_32_s=48536558 (216469.375000000000000000000000) 	 
=> PASS: expect=216469.359375000000000000000000 (48536557), dut=216469.375000000000000000000000 (48536558), rounding_error=0.00000722 % (exp_error = 1.00000000 %)
[Random][ADD]i_32_a=c22999ac (-42.400070190429687500000000) + i_32_b=48536ff1 (216511.765625000000000000000000) 	| o_32_s=48536558 (216469.375000000000000000000000) 	 
=> PASS: expect=216469.359375000000000000000000 (48536557), dut=216469.375000000000000000000000 (48536558), rounding_error=0.00000722 % (exp_error = 1.00000000 %)
==========[ Read data from ROM ]==========
[Random][ADD]i_32_a=cd376d7d (-192337872.000000000000000000000000) + i_32_b=4e0e88f4 (597835008.000000000000000000000000) 	| o_32_s=4dc15b29 (405497120.000000000000000000000000) 	 
=> PASS: expect=405497152.000000000000000000000000 (4dc15b2a), dut=405497120.000000000000000000000000 (4dc15b29), rounding_error=0.00000789 % (exp_error = 1.00000000 %)
[Random][ADD]i_32_a=4e0e88f4 (597835008.000000000000000000000000) + i_32_b=cd376d7d (-192337872.000000000000000000000000) 	| o_32_s=4dc15b29 (405497120.000000000000000000000000) 	 
=> PASS: expect=405497152.000000000000000000000000 (4dc15b2a), dut=405497120.000000000000000000000000 (4dc15b29), rounding_error=0.00000789 % (exp_error = 1.00000000 %)
==========[ Read data from ROM ]==========
[Random][ADD]i_32_a=c6ffdcf8 (-32750.484375000000000000000000) + i_32_b=c7257adc (-42362.859375000000000000000000) 	| o_32_s=c792b4ac (-75113.343750000000000000000000) 	 
=> PASS: expect=-75113.343750000000000000000000 (c792b4ac), dut=-75113.343750000000000000000000 (c792b4ac), rounding_error=0.00000000 % (exp_error = 1.00000000 %)
[Random][ADD]i_32_a=c7257adc (-42362.859375000000000000000000) + i_32_b=c6ffdcf8 (-32750.484375000000000000000000) 	| o_32_s=c792b4ac (-75113.343750000000000000000000) 	 
=> PASS: expect=-75113.343750000000000000000000 (c792b4ac), dut=-75113.343750000000000000000000 (c792b4ac), rounding_error=0.00000000 % (exp_error = 1.00000000 %)
==========[ Read data from ROM ]==========
[Random][ADD]i_32_a=4d842eb2 (277206592.000000000000000000000000) + i_32_b=47e8aba0 (119127.250000000000000000000000) 	| o_32_s=4d843d3d (277325728.000000000000000000000000) 	 
=> PASS: expect=277325728.000000000000000000000000 (4d843d3d), dut=277325728.000000000000000000000000 (4d843d3d), rounding_error=0.00000000 % (exp_error = 1.00000000 %)
[Random][ADD]i_32_a=47e8aba0 (119127.250000000000000000000000) + i_32_b=4d842eb2 (277206592.000000000000000000000000) 	| o_32_s=4d843d3d (277325728.000000000000000000000000) 	 
=> PASS: expect=277325728.000000000000000000000000 (4d843d3d), dut=277325728.000000000000000000000000 (4d843d3d), rounding_error=0.00000000 % (exp_error = 1.00000000 %)
==========[ Read data from ROM ]==========
[Random][ADD]i_32_a=c20c6cef (-35.106380462646484375000000) + i_32_b=cd6cfe49 (-248505488.000000000000000000000000) 	| o_32_s=cd6cfe4c (-248505536.000000000000000000000000) 	 
=> PASS: expect=-248505520.000000000000000000000000 (cd6cfe4b), dut=-248505536.000000000000000000000000 (cd6cfe4c), rounding_error=0.00000644 % (exp_error = 1.00000000 %)
[Random][ADD]i_32_a=cd6cfe49 (-248505488.000000000000000000000000) + i_32_b=c20c6cef (-35.106380462646484375000000) 	| o_32_s=cd6cfe4c (-248505536.000000000000000000000000) 	 
=> PASS: expect=-248505520.000000000000000000000000 (cd6cfe4b), dut=-248505536.000000000000000000000000 (cd6cfe4c), rounding_error=0.00000644 % (exp_error = 1.00000000 %)
==========[ Read data from ROM ]==========
[Random][ADD]i_32_a=c1c41196 (-24.508586883544921875000000) + i_32_b=438a0d25 (276.102691650390625000000000) 	| o_32_s=437b9817 (251.594100952148437500000000) 	 
=> PASS: expect=251.594100952148437500000000 (437b9817), dut=251.594100952148437500000000 (437b9817), rounding_error=0.00000000 % (exp_error = 1.00000000 %)
[Random][ADD]i_32_a=438a0d25 (276.102691650390625000000000) + i_32_b=c1c41196 (-24.508586883544921875000000) 	| o_32_s=437b9817 (251.594100952148437500000000) 	 
=> PASS: expect=251.594100952148437500000000 (437b9817), dut=251.594100952148437500000000 (437b9817), rounding_error=0.00000000 % (exp_error = 1.00000000 %)
==========[ Read data from ROM ]==========
[Random][ADD]i_32_a=4d1de96b (165582512.000000000000000000000000) + i_32_b=ce29fcc9 (-712979008.000000000000000000000000) 	| o_32_s=ce02826e (-547396480.000000000000000000000000) 	 
=> PASS: expect=-547396480.000000000000000000000000 (ce02826e), dut=-547396480.000000000000000000000000 (ce02826e), rounding_error=0.00000000 % (exp_error = 1.00000000 %)
[Random][ADD]i_32_a=ce29fcc9 (-712979008.000000000000000000000000) + i_32_b=4d1de96b (165582512.000000000000000000000000) 	| o_32_s=ce02826e (-547396480.000000000000000000000000) 	 
=> PASS: expect=-547396480.000000000000000000000000 (ce02826e), dut=-547396480.000000000000000000000000 (ce02826e), rounding_error=0.00000000 % (exp_error = 1.00000000 %)
==========[ Read data from ROM ]==========
[Random][ADD]i_32_a=c7ce0e0d (-105500.101562500000000000000000) + i_32_b=4bcffc21 (27260994.000000000000000000000000) 	| o_32_s=4bcf2e13 (27155494.000000000000000000000000) 	 
=> PASS: expect=27155494.000000000000000000000000 (4bcf2e13), dut=27155494.000000000000000000000000 (4bcf2e13), rounding_error=0.00000000 % (exp_error = 1.00000000 %)
[Random][ADD]i_32_a=4bcffc21 (27260994.000000000000000000000000) + i_32_b=c7ce0e0d (-105500.101562500000000000000000) 	| o_32_s=4bcf2e13 (27155494.000000000000000000000000) 	 
=> PASS: expect=27155494.000000000000000000000000 (4bcf2e13), dut=27155494.000000000000000000000000 (4bcf2e13), rounding_error=0.00000000 % (exp_error = 1.00000000 %)
==========[ Read data from ROM ]==========
[Random][ADD]i_32_a=4c9641e9 (78778184.000000000000000000000000) + i_32_b=cb0edd8b (-9362827.000000000000000000000000) 	| o_32_s=4c846637 (69415352.000000000000000000000000) 	 
=> PASS: expect=69415360.000000000000000000000000 (4c846638), dut=69415352.000000000000000000000000 (4c846637), rounding_error=0.00001152 % (exp_error = 1.00000000 %)
[Random][ADD]i_32_a=cb0edd8b (-9362827.000000000000000000000000) + i_32_b=4c9641e9 (78778184.000000000000000000000000) 	| o_32_s=4c846637 (69415352.000000000000000000000000) 	 
=> PASS: expect=69415360.000000000000000000000000 (4c846638), dut=69415352.000000000000000000000000 (4c846637), rounding_error=0.00001152 % (exp_error = 1.00000000 %)
==========[ Read data from ROM ]==========
[Random][ADD]i_32_a=c860bfa7 (-230142.609375000000000000000000) + i_32_b=4df19bb5 (506689184.000000000000000000000000) 	| o_32_s=4df17f9d (506459040.000000000000000000000000) 	 
=> PASS: expect=506459040.000000000000000000000000 (4df17f9d), dut=506459040.000000000000000000000000 (4df17f9d), rounding_error=0.00000000 % (exp_error = 1.00000000 %)
[Random][ADD]i_32_a=4df19bb5 (506689184.000000000000000000000000) + i_32_b=c860bfa7 (-230142.609375000000000000000000) 	| o_32_s=4df17f9d (506459040.000000000000000000000000) 	 
=> PASS: expect=506459040.000000000000000000000000 (4df17f9d), dut=506459040.000000000000000000000000 (4df17f9d), rounding_error=0.00000000 % (exp_error = 1.00000000 %)
==========[ Read data from ROM ]==========
[Random][ADD]i_32_a=464ffa7b (13310.620117187500000000000000) + i_32_b=c5160208 (-2400.126953125000000000000000) 	| o_32_s=462a79f9 (10910.493164062500000000000000) 	 
=> PASS: expect=10910.493164062500000000000000 (462a79f9), dut=10910.493164062500000000000000 (462a79f9), rounding_error=0.00000000 % (exp_error = 1.00000000 %)
[Random][ADD]i_32_a=c5160208 (-2400.126953125000000000000000) + i_32_b=464ffa7b (13310.620117187500000000000000) 	| o_32_s=462a79f9 (10910.493164062500000000000000) 	 
=> PASS: expect=10910.493164062500000000000000 (462a79f9), dut=10910.493164062500000000000000 (462a79f9), rounding_error=0.00000000 % (exp_error = 1.00000000 %)
==========[ Read data from ROM ]==========
[Random][ADD]i_32_a=4999e794 (1260786.500000000000000000000000) + i_32_b=c815c8ae (-153378.718750000000000000000000) 	| o_32_s=49872e7e (1107407.750000000000000000000000) 	 
=> PASS: expect=1107407.750000000000000000000000 (49872e7e), dut=1107407.750000000000000000000000 (49872e7e), rounding_error=0.00000000 % (exp_error = 1.00000000 %)
[Random][ADD]i_32_a=c815c8ae (-153378.718750000000000000000000) + i_32_b=4999e794 (1260786.500000000000000000000000) 	| o_32_s=49872e7e (1107407.750000000000000000000000) 	 
=> PASS: expect=1107407.750000000000000000000000 (49872e7e), dut=1107407.750000000000000000000000 (49872e7e), rounding_error=0.00000000 % (exp_error = 1.00000000 %)
==========[ Read data from ROM ]==========
[Random][ADD]i_32_a=47c3e87b (100304.960937500000000000000000) + i_32_b=cc245ceb (-43086764.000000000000000000000000) 	| o_32_s=cc23faf7 (-42986460.000000000000000000000000) 	 
=> PASS: expect=-42986460.000000000000000000000000 (cc23faf7), dut=-42986460.000000000000000000000000 (cc23faf7), rounding_error=0.00000000 % (exp_error = 1.00000000 %)
[Random][ADD]i_32_a=cc245ceb (-43086764.000000000000000000000000) + i_32_b=47c3e87b (100304.960937500000000000000000) 	| o_32_s=cc23faf7 (-42986460.000000000000000000000000) 	 
=> PASS: expect=-42986460.000000000000000000000000 (cc23faf7), dut=-42986460.000000000000000000000000 (cc23faf7), rounding_error=0.00000000 % (exp_error = 1.00000000 %)
==========[ Read data from ROM ]==========
[Random][ADD]i_32_a=4583bb7f (4215.437011718750000000000000) + i_32_b=cacc4b0d (-6694278.500000000000000000000000) 	| o_32_s=cacc2a1e (-6690063.000000000000000000000000) 	 
=> PASS: expect=-6690063.000000000000000000000000 (cacc2a1e), dut=-6690063.000000000000000000000000 (cacc2a1e), rounding_error=0.00000000 % (exp_error = 1.00000000 %)
[Random][ADD]i_32_a=cacc4b0d (-6694278.500000000000000000000000) + i_32_b=4583bb7f (4215.437011718750000000000000) 	| o_32_s=cacc2a1e (-6690063.000000000000000000000000) 	 
=> PASS: expect=-6690063.000000000000000000000000 (cacc2a1e), dut=-6690063.000000000000000000000000 (cacc2a1e), rounding_error=0.00000000 % (exp_error = 1.00000000 %)
==========[ Read data from ROM ]==========
[Random][ADD]i_32_a=c652c97e (-13490.373046875000000000000000) + i_32_b=c20e4e85 (-35.576679229736328125000000) 	| o_32_s=c65357cc (-13525.949218750000000000000000) 	 
=> PASS: expect=-13525.950195312500000000000000 (c65357cd), dut=-13525.949218750000000000000000 (c65357cc), rounding_error=0.00000722 % (exp_error = 1.00000000 %)
[Random][ADD]i_32_a=c20e4e85 (-35.576679229736328125000000) + i_32_b=c652c97e (-13490.373046875000000000000000) 	| o_32_s=c65357cc (-13525.949218750000000000000000) 	 
=> PASS: expect=-13525.950195312500000000000000 (c65357cd), dut=-13525.949218750000000000000000 (c65357cc), rounding_error=0.00000722 % (exp_error = 1.00000000 %)
==========[ Read data from ROM ]==========
[Random][ADD]i_32_a=c31177d5 (-145.468093872070312500000000) + i_32_b=c8b6364d (-373170.406250000000000000000000) 	| o_32_s=c8b6487b (-373315.843750000000000000000000) 	 
=> PASS: expect=-373315.875000000000000000000000 (c8b6487c), dut=-373315.843750000000000000000000 (c8b6487b), rounding_error=0.00000837 % (exp_error = 1.00000000 %)
[Random][ADD]i_32_a=c8b6364d (-373170.406250000000000000000000) + i_32_b=c31177d5 (-145.468093872070312500000000) 	| o_32_s=c8b6487b (-373315.843750000000000000000000) 	 
=> PASS: expect=-373315.875000000000000000000000 (c8b6487c), dut=-373315.843750000000000000000000 (c8b6487b), rounding_error=0.00000837 % (exp_error = 1.00000000 %)
==========[ Read data from ROM ]==========
[Random][ADD]i_32_a=c960a045 (-920068.312500000000000000000000) + i_32_b=c4b99ace (-1484.837646484375000000000000) 	| o_32_s=c960fd12 (-921553.125000000000000000000000) 	 
=> PASS: expect=-921553.125000000000000000000000 (c960fd12), dut=-921553.125000000000000000000000 (c960fd12), rounding_error=0.00000000 % (exp_error = 1.00000000 %)
[Random][ADD]i_32_a=c4b99ace (-1484.837646484375000000000000) + i_32_b=c960a045 (-920068.312500000000000000000000) 	| o_32_s=c960fd12 (-921553.125000000000000000000000) 	 
=> PASS: expect=-921553.125000000000000000000000 (c960fd12), dut=-921553.125000000000000000000000 (c960fd12), rounding_error=0.00000000 % (exp_error = 1.00000000 %)
==========[ Read data from ROM ]==========
[Random][ADD]i_32_a=c64ab0de (-12972.216796875000000000000000) + i_32_b=c5d0a0a0 (-6676.078125000000000000000000) 	| o_32_s=c6998097 (-19648.294921875000000000000000) 	 
=> PASS: expect=-19648.294921875000000000000000 (c6998097), dut=-19648.294921875000000000000000 (c6998097), rounding_error=0.00000000 % (exp_error = 1.00000000 %)
[Random][ADD]i_32_a=c5d0a0a0 (-6676.078125000000000000000000) + i_32_b=c64ab0de (-12972.216796875000000000000000) 	| o_32_s=c6998097 (-19648.294921875000000000000000) 	 
=> PASS: expect=-19648.294921875000000000000000 (c6998097), dut=-19648.294921875000000000000000 (c6998097), rounding_error=0.00000000 % (exp_error = 1.00000000 %)
==========[ Read data from ROM ]==========
[Random][ADD]i_32_a=ccbced88 (-99052608.000000000000000000000000) + i_32_b=45cd135e (6562.420898437500000000000000) 	| o_32_s=ccbcea54 (-99046048.000000000000000000000000) 	 
=> PASS: expect=-99046048.000000000000000000000000 (ccbcea54), dut=-99046048.000000000000000000000000 (ccbcea54), rounding_error=0.00000000 % (exp_error = 1.00000000 %)
[Random][ADD]i_32_a=45cd135e (6562.420898437500000000000000) + i_32_b=ccbced88 (-99052608.000000000000000000000000) 	| o_32_s=ccbcea54 (-99046048.000000000000000000000000) 	 
=> PASS: expect=-99046048.000000000000000000000000 (ccbcea54), dut=-99046048.000000000000000000000000 (ccbcea54), rounding_error=0.00000000 % (exp_error = 1.00000000 %)
==========[ Read data from ROM ]==========
[Random][ADD]i_32_a=cdcb8e98 (-426889984.000000000000000000000000) + i_32_b=4928b3e8 (691006.500000000000000000000000) 	| o_32_s=cdcb3a3e (-426198976.000000000000000000000000) 	 
=> PASS: expect=-426198976.000000000000000000000000 (cdcb3a3e), dut=-426198976.000000000000000000000000 (cdcb3a3e), rounding_error=0.00000000 % (exp_error = 1.00000000 %)
[Random][ADD]i_32_a=4928b3e8 (691006.500000000000000000000000) + i_32_b=cdcb8e98 (-426889984.000000000000000000000000) 	| o_32_s=cdcb3a3e (-426198976.000000000000000000000000) 	 
=> PASS: expect=-426198976.000000000000000000000000 (cdcb3a3e), dut=-426198976.000000000000000000000000 (cdcb3a3e), rounding_error=0.00000000 % (exp_error = 1.00000000 %)
==========[ Read data from ROM ]==========
[Random][ADD]i_32_a=cd1c7d41 (-164090896.000000000000000000000000) + i_32_b=4bafff54 (23068328.000000000000000000000000) 	| o_32_s=cd067d56 (-141022560.000000000000000000000000) 	 
=> PASS: expect=-141022560.000000000000000000000000 (cd067d56), dut=-141022560.000000000000000000000000 (cd067d56), rounding_error=0.00000000 % (exp_error = 1.00000000 %)
[Random][ADD]i_32_a=4bafff54 (23068328.000000000000000000000000) + i_32_b=cd1c7d41 (-164090896.000000000000000000000000) 	| o_32_s=cd067d56 (-141022560.000000000000000000000000) 	 
=> PASS: expect=-141022560.000000000000000000000000 (cd067d56), dut=-141022560.000000000000000000000000 (cd067d56), rounding_error=0.00000000 % (exp_error = 1.00000000 %)
==========[ Read data from ROM ]==========
[Random][ADD]i_32_a=c60e7132 (-9116.298828125000000000000000) + i_32_b=4eb7fc8e (1543390976.000000000000000000000000) 	| o_32_s=4eb7fc47 (1543381888.000000000000000000000000) 	 
=> PASS: expect=1543381888.000000000000000000000000 (4eb7fc47), dut=1543381888.000000000000000000000000 (4eb7fc47), rounding_error=0.00000000 % (exp_error = 1.00000000 %)
[Random][ADD]i_32_a=4eb7fc8e (1543390976.000000000000000000000000) + i_32_b=c60e7132 (-9116.298828125000000000000000) 	| o_32_s=4eb7fc47 (1543381888.000000000000000000000000) 	 
=> PASS: expect=1543381888.000000000000000000000000 (4eb7fc47), dut=1543381888.000000000000000000000000 (4eb7fc47), rounding_error=0.00000000 % (exp_error = 1.00000000 %)
==========[ Read data from ROM ]==========
[Random][ADD]i_32_a=c2c1a069 (-96.813301086425781250000000) + i_32_b=4aa2ebda (5338605.000000000000000000000000) 	| o_32_s=4aa2eb19 (5338508.500000000000000000000000) 	 
=> PASS: expect=5338508.000000000000000000000000 (4aa2eb18), dut=5338508.500000000000000000000000 (4aa2eb19), rounding_error=0.00000937 % (exp_error = 1.00000000 %)
[Random][ADD]i_32_a=4aa2ebda (5338605.000000000000000000000000) + i_32_b=c2c1a069 (-96.813301086425781250000000) 	| o_32_s=4aa2eb19 (5338508.500000000000000000000000) 	 
=> PASS: expect=5338508.000000000000000000000000 (4aa2eb18), dut=5338508.500000000000000000000000 (4aa2eb19), rounding_error=0.00000937 % (exp_error = 1.00000000 %)
==========[ Read data from ROM ]==========
[Random][ADD]i_32_a=c98581ab (-1093685.375000000000000000000000) + i_32_b=c3e659ef (-460.702606201171875000000000) 	| o_32_s=c9859011 (-1094146.125000000000000000000000) 	 
=> PASS: expect=-1094146.125000000000000000000000 (c9859011), dut=-1094146.125000000000000000000000 (c9859011), rounding_error=0.00000000 % (exp_error = 1.00000000 %)
[Random][ADD]i_32_a=c3e659ef (-460.702606201171875000000000) + i_32_b=c98581ab (-1093685.375000000000000000000000) 	| o_32_s=c9859011 (-1094146.125000000000000000000000) 	 
=> PASS: expect=-1094146.125000000000000000000000 (c9859011), dut=-1094146.125000000000000000000000 (c9859011), rounding_error=0.00000000 % (exp_error = 1.00000000 %)
==========[ Read data from ROM ]==========
[Random][ADD]i_32_a=4e20d7d7 (674624960.000000000000000000000000) + i_32_b=cbbb9993 (-24589094.000000000000000000000000) 	| o_32_s=4e1afb0b (650035904.000000000000000000000000) 	 
=> PASS: expect=650035840.000000000000000000000000 (4e1afb0a), dut=650035904.000000000000000000000000 (4e1afb0b), rounding_error=0.00000985 % (exp_error = 1.00000000 %)
[Random][ADD]i_32_a=cbbb9993 (-24589094.000000000000000000000000) + i_32_b=4e20d7d7 (674624960.000000000000000000000000) 	| o_32_s=4e1afb0b (650035904.000000000000000000000000) 	 
=> PASS: expect=650035840.000000000000000000000000 (4e1afb0a), dut=650035904.000000000000000000000000 (4e1afb0b), rounding_error=0.00000985 % (exp_error = 1.00000000 %)
==========[ Read data from ROM ]==========
[Random][ADD]i_32_a=4bcef006 (27123724.000000000000000000000000) + i_32_b=c6665aae (-14742.669921875000000000000000) 	| o_32_s=4bced33a (27108980.000000000000000000000000) 	 
=> PASS: expect=27108982.000000000000000000000000 (4bced33b), dut=27108980.000000000000000000000000 (4bced33a), rounding_error=0.00000738 % (exp_error = 1.00000000 %)
[Random][ADD]i_32_a=c6665aae (-14742.669921875000000000000000) + i_32_b=4bcef006 (27123724.000000000000000000000000) 	| o_32_s=4bced33a (27108980.000000000000000000000000) 	 
=> PASS: expect=27108982.000000000000000000000000 (4bced33b), dut=27108980.000000000000000000000000 (4bced33a), rounding_error=0.00000738 % (exp_error = 1.00000000 %)
==========[ Read data from ROM ]==========
[Random][ADD]i_32_a=cee3c327 (-1910608768.000000000000000000000000) + i_32_b=44bf5a48 (1530.821289062500000000000000) 	| o_32_s=cee3c31b (-1910607232.000000000000000000000000) 	 
=> PASS: expect=-1910607232.000000000000000000000000 (cee3c31b), dut=-1910607232.000000000000000000000000 (cee3c31b), rounding_error=0.00000000 % (exp_error = 1.00000000 %)
[Random][ADD]i_32_a=44bf5a48 (1530.821289062500000000000000) + i_32_b=cee3c327 (-1910608768.000000000000000000000000) 	| o_32_s=cee3c31b (-1910607232.000000000000000000000000) 	 
=> PASS: expect=-1910607232.000000000000000000000000 (cee3c31b), dut=-1910607232.000000000000000000000000 (cee3c31b), rounding_error=0.00000000 % (exp_error = 1.00000000 %)
==========[ Read data from ROM ]==========
[Random][ADD]i_32_a=c4ecbddb (-1893.932983398437500000000000) + i_32_b=c3e87b6e (-464.964294433593750000000000) 	| o_32_s=c5136e5b (-2358.897216796875000000000000) 	 
=> PASS: expect=-2358.897216796875000000000000 (c5136e5b), dut=-2358.897216796875000000000000 (c5136e5b), rounding_error=0.00000000 % (exp_error = 1.00000000 %)
[Random][ADD]i_32_a=c3e87b6e (-464.964294433593750000000000) + i_32_b=c4ecbddb (-1893.932983398437500000000000) 	| o_32_s=c5136e5b (-2358.897216796875000000000000) 	 
=> PASS: expect=-2358.897216796875000000000000 (c5136e5b), dut=-2358.897216796875000000000000 (c5136e5b), rounding_error=0.00000000 % (exp_error = 1.00000000 %)
==========[ Read data from ROM ]==========
[Random][ADD]i_32_a=ca2d7158 (-2841686.000000000000000000000000) + i_32_b=cad6af10 (-7034760.000000000000000000000000) 	| o_32_s=cb16b3de (-9876446.000000000000000000000000) 	 
=> PASS: expect=-9876446.000000000000000000000000 (cb16b3de), dut=-9876446.000000000000000000000000 (cb16b3de), rounding_error=0.00000000 % (exp_error = 1.00000000 %)
[Random][ADD]i_32_a=cad6af10 (-7034760.000000000000000000000000) + i_32_b=ca2d7158 (-2841686.000000000000000000000000) 	| o_32_s=cb16b3de (-9876446.000000000000000000000000) 	 
=> PASS: expect=-9876446.000000000000000000000000 (cb16b3de), dut=-9876446.000000000000000000000000 (cb16b3de), rounding_error=0.00000000 % (exp_error = 1.00000000 %)
==========[ Read data from ROM ]==========
[Random][ADD]i_32_a=c433be32 (-718.971801757812500000000000) + i_32_b=43200cfd (160.050735473632812500000000) 	| o_32_s=c40bbaf3 (-558.921081542968750000000000) 	 
=> PASS: expect=-558.921081542968750000000000 (c40bbaf3), dut=-558.921081542968750000000000 (c40bbaf3), rounding_error=0.00000000 % (exp_error = 1.00000000 %)
[Random][ADD]i_32_a=43200cfd (160.050735473632812500000000) + i_32_b=c433be32 (-718.971801757812500000000000) 	| o_32_s=c40bbaf3 (-558.921081542968750000000000) 	 
=> PASS: expect=-558.921081542968750000000000 (c40bbaf3), dut=-558.921081542968750000000000 (c40bbaf3), rounding_error=0.00000000 % (exp_error = 1.00000000 %)
==========[ Read data from ROM ]==========
[Random][ADD]i_32_a=4c318a2a (46540968.000000000000000000000000) + i_32_b=4957c4a6 (883786.375000000000000000000000) 	| o_32_s=4c34e93d (47424756.000000000000000000000000) 	 
=> PASS: expect=47424756.000000000000000000000000 (4c34e93d), dut=47424756.000000000000000000000000 (4c34e93d), rounding_error=0.00000000 % (exp_error = 1.00000000 %)
[Random][ADD]i_32_a=4957c4a6 (883786.375000000000000000000000) + i_32_b=4c318a2a (46540968.000000000000000000000000) 	| o_32_s=4c34e93d (47424756.000000000000000000000000) 	 
=> PASS: expect=47424756.000000000000000000000000 (4c34e93d), dut=47424756.000000000000000000000000 (4c34e93d), rounding_error=0.00000000 % (exp_error = 1.00000000 %)
==========[ Read data from ROM ]==========
[Random][ADD]i_32_a=43b17078 (354.878662109375000000000000) + i_32_b=c33964a8 (-185.393188476562500000000000) 	| o_32_s=43297c48 (169.485473632812500000000000) 	 
=> PASS: expect=169.485473632812500000000000 (43297c48), dut=169.485473632812500000000000 (43297c48), rounding_error=0.00000000 % (exp_error = 1.00000000 %)
[Random][ADD]i_32_a=c33964a8 (-185.393188476562500000000000) + i_32_b=43b17078 (354.878662109375000000000000) 	| o_32_s=43297c48 (169.485473632812500000000000) 	 
=> PASS: expect=169.485473632812500000000000 (43297c48), dut=169.485473632812500000000000 (43297c48), rounding_error=0.00000000 % (exp_error = 1.00000000 %)
==========[ Read data from ROM ]==========
[Random][ADD]i_32_a=43363d79 (182.240127563476562500000000) + i_32_b=42999e78 (76.809509277343750000000000) 	| o_32_s=4381865a (259.049621582031250000000000) 	 
=> PASS: expect=259.049621582031250000000000 (4381865a), dut=259.049621582031250000000000 (4381865a), rounding_error=0.00000000 % (exp_error = 1.00000000 %)
[Random][ADD]i_32_a=42999e78 (76.809509277343750000000000) + i_32_b=43363d79 (182.240127563476562500000000) 	| o_32_s=4381865a (259.049621582031250000000000) 	 
=> PASS: expect=259.049621582031250000000000 (4381865a), dut=259.049621582031250000000000 (4381865a), rounding_error=0.00000000 % (exp_error = 1.00000000 %)
==========[ Read data from ROM ]==========
[Random][ADD]i_32_a=cea629cb (-1393878400.000000000000000000000000) + i_32_b=443a885e (746.130737304687500000000000) 	| o_32_s=cea629c5 (-1393877632.000000000000000000000000) 	 
=> PASS: expect=-1393877632.000000000000000000000000 (cea629c5), dut=-1393877632.000000000000000000000000 (cea629c5), rounding_error=0.00000000 % (exp_error = 1.00000000 %)
[Random][ADD]i_32_a=443a885e (746.130737304687500000000000) + i_32_b=cea629cb (-1393878400.000000000000000000000000) 	| o_32_s=cea629c5 (-1393877632.000000000000000000000000) 	 
=> PASS: expect=-1393877632.000000000000000000000000 (cea629c5), dut=-1393877632.000000000000000000000000 (cea629c5), rounding_error=0.00000000 % (exp_error = 1.00000000 %)
==========[ Read data from ROM ]==========
[Random][ADD]i_32_a=c6b9075b (-23683.677734375000000000000000) + i_32_b=4a8d5b3e (4631967.000000000000000000000000) 	| o_32_s=4a8ca236 (4608283.000000000000000000000000) 	 
=> PASS: expect=4608283.500000000000000000000000 (4a8ca237), dut=4608283.000000000000000000000000 (4a8ca236), rounding_error=0.00001085 % (exp_error = 1.00000000 %)
[Random][ADD]i_32_a=4a8d5b3e (4631967.000000000000000000000000) + i_32_b=c6b9075b (-23683.677734375000000000000000) 	| o_32_s=4a8ca236 (4608283.000000000000000000000000) 	 
=> PASS: expect=4608283.500000000000000000000000 (4a8ca237), dut=4608283.000000000000000000000000 (4a8ca236), rounding_error=0.00001085 % (exp_error = 1.00000000 %)
==========[ Read data from ROM ]==========
[Random][ADD]i_32_a=47c02709 (98382.070312500000000000000000) + i_32_b=4e8c5699 (1177242752.000000000000000000000000) 	| o_32_s=4e8c599a (1177341184.000000000000000000000000) 	 
=> PASS: expect=1177341184.000000000000000000000000 (4e8c599a), dut=1177341184.000000000000000000000000 (4e8c599a), rounding_error=0.00000000 % (exp_error = 1.00000000 %)
[Random][ADD]i_32_a=4e8c5699 (1177242752.000000000000000000000000) + i_32_b=47c02709 (98382.070312500000000000000000) 	| o_32_s=4e8c599a (1177341184.000000000000000000000000) 	 
=> PASS: expect=1177341184.000000000000000000000000 (4e8c599a), dut=1177341184.000000000000000000000000 (4e8c599a), rounding_error=0.00000000 % (exp_error = 1.00000000 %)
==========[ Read data from ROM ]==========
[Random][ADD]i_32_a=c1599a66 (-13.600194931030273437500000) + i_32_b=ca32f6d8 (-2932150.000000000000000000000000) 	| o_32_s=ca32f70e (-2932163.500000000000000000000000) 	 
=> PASS: expect=-2932163.500000000000000000000000 (ca32f70e), dut=-2932163.500000000000000000000000 (ca32f70e), rounding_error=0.00000000 % (exp_error = 1.00000000 %)
[Random][ADD]i_32_a=ca32f6d8 (-2932150.000000000000000000000000) + i_32_b=c1599a66 (-13.600194931030273437500000) 	| o_32_s=ca32f70e (-2932163.500000000000000000000000) 	 
=> PASS: expect=-2932163.500000000000000000000000 (ca32f70e), dut=-2932163.500000000000000000000000 (ca32f70e), rounding_error=0.00000000 % (exp_error = 1.00000000 %)
==========[ Read data from ROM ]==========
[Random][ADD]i_32_a=c43a5123 (-745.267761230468750000000000) + i_32_b=45770508 (3952.314453125000000000000000) 	| o_32_s=454870bf (3207.046630859375000000000000) 	 
=> PASS: expect=3207.046630859375000000000000 (454870bf), dut=3207.046630859375000000000000 (454870bf), rounding_error=0.00000000 % (exp_error = 1.00000000 %)
[Random][ADD]i_32_a=45770508 (3952.314453125000000000000000) + i_32_b=c43a5123 (-745.267761230468750000000000) 	| o_32_s=454870bf (3207.046630859375000000000000) 	 
=> PASS: expect=3207.046630859375000000000000 (454870bf), dut=3207.046630859375000000000000 (454870bf), rounding_error=0.00000000 % (exp_error = 1.00000000 %)
==========[ Read data from ROM ]==========
[Random][ADD]i_32_a=431fa77c (159.654235839843750000000000) + i_32_b=47cc20ed (104513.851562500000000000000000) 	| o_32_s=47cc70c1 (104673.507812500000000000000000) 	 
=> PASS: expect=104673.507812500000000000000000 (47cc70c1), dut=104673.507812500000000000000000 (47cc70c1), rounding_error=0.00000000 % (exp_error = 1.00000000 %)
[Random][ADD]i_32_a=47cc20ed (104513.851562500000000000000000) + i_32_b=431fa77c (159.654235839843750000000000) 	| o_32_s=47cc70c1 (104673.507812500000000000000000) 	 
=> PASS: expect=104673.507812500000000000000000 (47cc70c1), dut=104673.507812500000000000000000 (47cc70c1), rounding_error=0.00000000 % (exp_error = 1.00000000 %)
==========[ Read data from ROM ]==========
[Random][ADD]i_32_a=4de75ae3 (485186656.000000000000000000000000) + i_32_b=c6df2e14 (-28567.039062500000000000000000) 	| o_32_s=4de75767 (485158112.000000000000000000000000) 	 
=> PASS: expect=485158080.000000000000000000000000 (4de75766), dut=485158112.000000000000000000000000 (4de75767), rounding_error=0.00000660 % (exp_error = 1.00000000 %)
[Random][ADD]i_32_a=c6df2e14 (-28567.039062500000000000000000) + i_32_b=4de75ae3 (485186656.000000000000000000000000) 	| o_32_s=4de75767 (485158112.000000000000000000000000) 	 
=> PASS: expect=485158080.000000000000000000000000 (4de75766), dut=485158112.000000000000000000000000 (4de75767), rounding_error=0.00000660 % (exp_error = 1.00000000 %)
==========[ Read data from ROM ]==========
[Random][ADD]i_32_a=469b2614 (19859.039062500000000000000000) + i_32_b=c8a2bc1f (-333280.968750000000000000000000) 	| o_32_s=c89909be (-313421.937500000000000000000000) 	 
=> PASS: expect=-313421.937500000000000000000000 (c89909be), dut=-313421.937500000000000000000000 (c89909be), rounding_error=0.00000000 % (exp_error = 1.00000000 %)
[Random][ADD]i_32_a=c8a2bc1f (-333280.968750000000000000000000) + i_32_b=469b2614 (19859.039062500000000000000000) 	| o_32_s=c89909be (-313421.937500000000000000000000) 	 
=> PASS: expect=-313421.937500000000000000000000 (c89909be), dut=-313421.937500000000000000000000 (c89909be), rounding_error=0.00000000 % (exp_error = 1.00000000 %)
==========[ Read data from ROM ]==========
[Random][ADD]i_32_a=c53b405d (-2996.022705078125000000000000) + i_32_b=c90991f1 (-563487.062500000000000000000000) 	| o_32_s=c90a4d31 (-566483.062500000000000000000000) 	 
=> PASS: expect=-566483.062500000000000000000000 (c90a4d31), dut=-566483.062500000000000000000000 (c90a4d31), rounding_error=0.00000000 % (exp_error = 1.00000000 %)
[Random][ADD]i_32_a=c90991f1 (-563487.062500000000000000000000) + i_32_b=c53b405d (-2996.022705078125000000000000) 	| o_32_s=c90a4d31 (-566483.062500000000000000000000) 	 
=> PASS: expect=-566483.062500000000000000000000 (c90a4d31), dut=-566483.062500000000000000000000 (c90a4d31), rounding_error=0.00000000 % (exp_error = 1.00000000 %)
==========[ Read data from ROM ]==========
[Random][ADD]i_32_a=c76bac64 (-60332.390625000000000000000000) + i_32_b=42bced82 (94.463882446289062500000000) 	| o_32_s=c76b4ded (-60237.925781250000000000000000) 	 
=> PASS: expect=-60237.925781250000000000000000 (c76b4ded), dut=-60237.925781250000000000000000 (c76b4ded), rounding_error=0.00000000 % (exp_error = 1.00000000 %)
[Random][ADD]i_32_a=42bced82 (94.463882446289062500000000) + i_32_b=c76bac64 (-60332.390625000000000000000000) 	| o_32_s=c76b4ded (-60237.925781250000000000000000) 	 
=> PASS: expect=-60237.925781250000000000000000 (c76b4ded), dut=-60237.925781250000000000000000 (c76b4ded), rounding_error=0.00000000 % (exp_error = 1.00000000 %)
==========[ Read data from ROM ]==========
[Random][ADD]i_32_a=4ed2e71b (1769180544.000000000000000000000000) + i_32_b=488e609f (291588.968750000000000000000000) 	| o_32_s=4ed2f001 (1769472128.000000000000000000000000) 	 
=> PASS: expect=1769472128.000000000000000000000000 (4ed2f001), dut=1769472128.000000000000000000000000 (4ed2f001), rounding_error=0.00000000 % (exp_error = 1.00000000 %)
[Random][ADD]i_32_a=488e609f (291588.968750000000000000000000) + i_32_b=4ed2e71b (1769180544.000000000000000000000000) 	| o_32_s=4ed2f001 (1769472128.000000000000000000000000) 	 
=> PASS: expect=1769472128.000000000000000000000000 (4ed2f001), dut=1769472128.000000000000000000000000 (4ed2f001), rounding_error=0.00000000 % (exp_error = 1.00000000 %)
==========[ Read data from ROM ]==========
[Random][ADD]i_32_a=43e3cfc7 (455.623260498046875000000000) + i_32_b=4ad9ab1e (7132559.000000000000000000000000) 	| o_32_s=4ad9aeae (7133015.000000000000000000000000) 	 
=> PASS: expect=7133014.500000000000000000000000 (4ad9aead), dut=7133015.000000000000000000000000 (4ad9aeae), rounding_error=0.00000701 % (exp_error = 1.00000000 %)
[Random][ADD]i_32_a=4ad9ab1e (7132559.000000000000000000000000) + i_32_b=43e3cfc7 (455.623260498046875000000000) 	| o_32_s=4ad9aeae (7133015.000000000000000000000000) 	 
=> PASS: expect=7133014.500000000000000000000000 (4ad9aead), dut=7133015.000000000000000000000000 (4ad9aeae), rounding_error=0.00000701 % (exp_error = 1.00000000 %)
==========[ Read data from ROM ]==========
[Random][ADD]i_32_a=4d744b5c (256161216.000000000000000000000000) + i_32_b=c3e456d5 (-456.678375244140625000000000) 	| o_32_s=4d744b3f (256160752.000000000000000000000000) 	 
=> PASS: expect=256160752.000000000000000000000000 (4d744b3f), dut=256160752.000000000000000000000000 (4d744b3f), rounding_error=0.00000000 % (exp_error = 1.00000000 %)
[Random][ADD]i_32_a=c3e456d5 (-456.678375244140625000000000) + i_32_b=4d744b5c (256161216.000000000000000000000000) 	| o_32_s=4d744b3f (256160752.000000000000000000000000) 	 
=> PASS: expect=256160752.000000000000000000000000 (4d744b3f), dut=256160752.000000000000000000000000 (4d744b3f), rounding_error=0.00000000 % (exp_error = 1.00000000 %)
==========[ Read data from ROM ]==========
[Random][ADD]i_32_a=47078cd0 (34700.812500000000000000000000) + i_32_b=c2f583a6 (-122.757125854492187500000000) 	| o_32_s=4707120e (34578.054687500000000000000000) 	 
=> PASS: expect=34578.054687500000000000000000 (4707120e), dut=34578.054687500000000000000000 (4707120e), rounding_error=0.00000000 % (exp_error = 1.00000000 %)
[Random][ADD]i_32_a=c2f583a6 (-122.757125854492187500000000) + i_32_b=47078cd0 (34700.812500000000000000000000) 	| o_32_s=4707120e (34578.054687500000000000000000) 	 
=> PASS: expect=34578.054687500000000000000000 (4707120e), dut=34578.054687500000000000000000 (4707120e), rounding_error=0.00000000 % (exp_error = 1.00000000 %)
==========[ Read data from ROM ]==========
[Random][ADD]i_32_a=c7678b2e (-59275.179687500000000000000000) + i_32_b=4a954a2c (4891926.000000000000000000000000) 	| o_32_s=4a937b15 (4832650.500000000000000000000000) 	 
=> PASS: expect=4832651.000000000000000000000000 (4a937b16), dut=4832650.500000000000000000000000 (4a937b15), rounding_error=0.00001035 % (exp_error = 1.00000000 %)
[Random][ADD]i_32_a=4a954a2c (4891926.000000000000000000000000) + i_32_b=c7678b2e (-59275.179687500000000000000000) 	| o_32_s=4a937b15 (4832650.500000000000000000000000) 	 
=> PASS: expect=4832651.000000000000000000000000 (4a937b16), dut=4832650.500000000000000000000000 (4a937b15), rounding_error=0.00001035 % (exp_error = 1.00000000 %)
==========[ Read data from ROM ]==========
[Random][ADD]i_32_a=4ab33029 (5871636.500000000000000000000000) + i_32_b=4404743b (529.816101074218750000000000) 	| o_32_s=4ab3344d (5872166.500000000000000000000000) 	 
=> PASS: expect=5872166.500000000000000000000000 (4ab3344d), dut=5872166.500000000000000000000000 (4ab3344d), rounding_error=0.00000000 % (exp_error = 1.00000000 %)
[Random][ADD]i_32_a=4404743b (529.816101074218750000000000) + i_32_b=4ab33029 (5871636.500000000000000000000000) 	| o_32_s=4ab3344d (5872166.500000000000000000000000) 	 
=> PASS: expect=5872166.500000000000000000000000 (4ab3344d), dut=5872166.500000000000000000000000 (4ab3344d), rounding_error=0.00000000 % (exp_error = 1.00000000 %)
==========[ Read data from ROM ]==========
[Random][ADD]i_32_a=c8cb8986 (-416844.187500000000000000000000) + i_32_b=c7b16a21 (-90836.257812500000000000000000) 	| o_32_s=c8f7e40f (-507680.468750000000000000000000) 	 
=> PASS: expect=-507680.437500000000000000000000 (c8f7e40e), dut=-507680.468750000000000000000000 (c8f7e40f), rounding_error=0.00000616 % (exp_error = 1.00000000 %)
[Random][ADD]i_32_a=c7b16a21 (-90836.257812500000000000000000) + i_32_b=c8cb8986 (-416844.187500000000000000000000) 	| o_32_s=c8f7e40f (-507680.468750000000000000000000) 	 
=> PASS: expect=-507680.437500000000000000000000 (c8f7e40e), dut=-507680.468750000000000000000000 (c8f7e40f), rounding_error=0.00000616 % (exp_error = 1.00000000 %)
==========[ Read data from ROM ]==========
[Random][ADD]i_32_a=4525d940 (2653.578125000000000000000000) + i_32_b=4cde2f97 (116489400.000000000000000000000000) 	| o_32_s=4cde30e3 (116492056.000000000000000000000000) 	 
=> PASS: expect=116492056.000000000000000000000000 (4cde30e3), dut=116492056.000000000000000000000000 (4cde30e3), rounding_error=0.00000000 % (exp_error = 1.00000000 %)
[Random][ADD]i_32_a=4cde2f97 (116489400.000000000000000000000000) + i_32_b=4525d940 (2653.578125000000000000000000) 	| o_32_s=4cde30e3 (116492056.000000000000000000000000) 	 
=> PASS: expect=116492056.000000000000000000000000 (4cde30e3), dut=116492056.000000000000000000000000 (4cde30e3), rounding_error=0.00000000 % (exp_error = 1.00000000 %)
==========[ Read data from ROM ]==========
[Random][ADD]i_32_a=45c0faa7 (6175.331542968750000000000000) + i_32_b=4ba70e4d (21896346.000000000000000000000000) 	| o_32_s=4ba71a5d (21902522.000000000000000000000000) 	 
=> PASS: expect=21902522.000000000000000000000000 (4ba71a5d), dut=21902522.000000000000000000000000 (4ba71a5d), rounding_error=0.00000000 % (exp_error = 1.00000000 %)
[Random][ADD]i_32_a=4ba70e4d (21896346.000000000000000000000000) + i_32_b=45c0faa7 (6175.331542968750000000000000) 	| o_32_s=4ba71a5d (21902522.000000000000000000000000) 	 
=> PASS: expect=21902522.000000000000000000000000 (4ba71a5d), dut=21902522.000000000000000000000000 (4ba71a5d), rounding_error=0.00000000 % (exp_error = 1.00000000 %)
==========[ Read data from ROM ]==========
[Random][ADD]i_32_a=c2ade51e (-86.947494506835937500000000) + i_32_b=4ccfd983 (108973080.000000000000000000000000) 	| o_32_s=4ccfd978 (108972992.000000000000000000000000) 	 
=> PASS: expect=108972992.000000000000000000000000 (4ccfd978), dut=108972992.000000000000000000000000 (4ccfd978), rounding_error=0.00000000 % (exp_error = 1.00000000 %)
[Random][ADD]i_32_a=4ccfd983 (108973080.000000000000000000000000) + i_32_b=c2ade51e (-86.947494506835937500000000) 	| o_32_s=4ccfd978 (108972992.000000000000000000000000) 	 
=> PASS: expect=108972992.000000000000000000000000 (4ccfd978), dut=108972992.000000000000000000000000 (4ccfd978), rounding_error=0.00000000 % (exp_error = 1.00000000 %)
==========[ Read data from ROM ]==========
[Random][ADD]i_32_a=4b29591d (11098397.000000000000000000000000) + i_32_b=45b7e1af (5884.210449218750000000000000) 	| o_32_s=4b29701a (11104282.000000000000000000000000) 	 
=> PASS: expect=11104281.000000000000000000000000 (4b297019), dut=11104282.000000000000000000000000 (4b29701a), rounding_error=0.00000901 % (exp_error = 1.00000000 %)
[Random][ADD]i_32_a=45b7e1af (5884.210449218750000000000000) + i_32_b=4b29591d (11098397.000000000000000000000000) 	| o_32_s=4b29701a (11104282.000000000000000000000000) 	 
=> PASS: expect=11104281.000000000000000000000000 (4b297019), dut=11104282.000000000000000000000000 (4b29701a), rounding_error=0.00000901 % (exp_error = 1.00000000 %)
==========[ Read data from ROM ]==========
[Random][ADD]i_32_a=c44949c9 (-805.152893066406250000000000) + i_32_b=c28c40d2 (-70.126602172851562500000000) 	| o_32_s=c45ad1e4 (-875.279541015625000000000000) 	 
=> PASS: expect=-875.279479980468750000000000 (c45ad1e3), dut=-875.279541015625000000000000 (c45ad1e4), rounding_error=0.00000697 % (exp_error = 1.00000000 %)
[Random][ADD]i_32_a=c28c40d2 (-70.126602172851562500000000) + i_32_b=c44949c9 (-805.152893066406250000000000) 	| o_32_s=c45ad1e4 (-875.279541015625000000000000) 	 
=> PASS: expect=-875.279479980468750000000000 (c45ad1e3), dut=-875.279541015625000000000000 (c45ad1e4), rounding_error=0.00000697 % (exp_error = 1.00000000 %)
==========[ Read data from ROM ]==========
[Random][ADD]i_32_a=ce8f1c99 (-1200508032.000000000000000000000000) + i_32_b=4eefbd17 (2011073408.000000000000000000000000) 	| o_32_s=4e4140fc (810565376.000000000000000000000000) 	 
=> PASS: expect=810565376.000000000000000000000000 (4e4140fc), dut=810565376.000000000000000000000000 (4e4140fc), rounding_error=0.00000000 % (exp_error = 1.00000000 %)
[Random][ADD]i_32_a=4eefbd17 (2011073408.000000000000000000000000) + i_32_b=ce8f1c99 (-1200508032.000000000000000000000000) 	| o_32_s=4e4140fc (810565376.000000000000000000000000) 	 
=> PASS: expect=810565376.000000000000000000000000 (4e4140fc), dut=810565376.000000000000000000000000 (4e4140fc), rounding_error=0.00000000 % (exp_error = 1.00000000 %)
==========[ Read data from ROM ]==========
[Random][ADD]i_32_a=469cc4ab (20066.333984375000000000000000) + i_32_b=4418bae0 (610.919921875000000000000000) 	| o_32_s=46a18a82 (20677.253906250000000000000000) 	 
=> PASS: expect=20677.253906250000000000000000 (46a18a82), dut=20677.253906250000000000000000 (46a18a82), rounding_error=0.00000000 % (exp_error = 1.00000000 %)
[Random][ADD]i_32_a=4418bae0 (610.919921875000000000000000) + i_32_b=469cc4ab (20066.333984375000000000000000) 	| o_32_s=46a18a82 (20677.253906250000000000000000) 	 
=> PASS: expect=20677.253906250000000000000000 (46a18a82), dut=20677.253906250000000000000000 (46a18a82), rounding_error=0.00000000 % (exp_error = 1.00000000 %)
==========[ Read data from ROM ]==========
[Random][ADD]i_32_a=c266798b (-57.618694305419921875000000) + i_32_b=49a309c6 (1335608.750000000000000000000000) 	| o_32_s=49a307f9 (1335551.125000000000000000000000) 	 
=> PASS: expect=1335551.125000000000000000000000 (49a307f9), dut=1335551.125000000000000000000000 (49a307f9), rounding_error=0.00000000 % (exp_error = 1.00000000 %)
[Random][ADD]i_32_a=49a309c6 (1335608.750000000000000000000000) + i_32_b=c266798b (-57.618694305419921875000000) 	| o_32_s=49a307f9 (1335551.125000000000000000000000) 	 
=> PASS: expect=1335551.125000000000000000000000 (49a307f9), dut=1335551.125000000000000000000000 (49a307f9), rounding_error=0.00000000 % (exp_error = 1.00000000 %)
==========[ Read data from ROM ]==========
[Random][ADD]i_32_a=c529bc9c (-2715.788085937500000000000000) + i_32_b=c48ea451 (-1141.134887695312500000000000) 	| o_32_s=c5710ec4 (-3856.922851562500000000000000) 	 
=> PASS: expect=-3856.922851562500000000000000 (c5710ec4), dut=-3856.922851562500000000000000 (c5710ec4), rounding_error=0.00000000 % (exp_error = 1.00000000 %)
[Random][ADD]i_32_a=c48ea451 (-1141.134887695312500000000000) + i_32_b=c529bc9c (-2715.788085937500000000000000) 	| o_32_s=c5710ec4 (-3856.922851562500000000000000) 	 
=> PASS: expect=-3856.922851562500000000000000 (c5710ec4), dut=-3856.922851562500000000000000 (c5710ec4), rounding_error=0.00000000 % (exp_error = 1.00000000 %)
==========[ Read data from ROM ]==========
[Random][ADD]i_32_a=c9976628 (-1240261.000000000000000000000000) + i_32_b=4cd00bc9 (109076040.000000000000000000000000) 	| o_32_s=4ccdae31 (107835784.000000000000000000000000) 	 
=> PASS: expect=107835776.000000000000000000000000 (4ccdae30), dut=107835784.000000000000000000000000 (4ccdae31), rounding_error=0.00000742 % (exp_error = 1.00000000 %)
[Random][ADD]i_32_a=4cd00bc9 (109076040.000000000000000000000000) + i_32_b=c9976628 (-1240261.000000000000000000000000) 	| o_32_s=4ccdae31 (107835784.000000000000000000000000) 	 
=> PASS: expect=107835776.000000000000000000000000 (4ccdae30), dut=107835784.000000000000000000000000 (4ccdae31), rounding_error=0.00000742 % (exp_error = 1.00000000 %)
==========[ Read data from ROM ]==========
[Random][ADD]i_32_a=c1d96cb8 (-27.178085327148437500000000) + i_32_b=4cae536b (91396952.000000000000000000000000) 	| o_32_s=4cae5367 (91396920.000000000000000000000000) 	 
=> PASS: expect=91396928.000000000000000000000000 (4cae5368), dut=91396920.000000000000000000000000 (4cae5367), rounding_error=0.00000875 % (exp_error = 1.00000000 %)
[Random][ADD]i_32_a=4cae536b (91396952.000000000000000000000000) + i_32_b=c1d96cb8 (-27.178085327148437500000000) 	| o_32_s=4cae5367 (91396920.000000000000000000000000) 	 
=> PASS: expect=91396928.000000000000000000000000 (4cae5368), dut=91396920.000000000000000000000000 (4cae5367), rounding_error=0.00000875 % (exp_error = 1.00000000 %)
==========[ Read data from ROM ]==========
[Random][ADD]i_32_a=c815beaf (-153338.734375000000000000000000) + i_32_b=cebe6991 (-1597294720.000000000000000000000000) 	| o_32_s=cebe6e3e (-1597447936.000000000000000000000000) 	 
=> PASS: expect=-1597448064.000000000000000000000000 (cebe6e3f), dut=-1597447936.000000000000000000000000 (cebe6e3e), rounding_error=0.00000801 % (exp_error = 1.00000000 %)
[Random][ADD]i_32_a=cebe6991 (-1597294720.000000000000000000000000) + i_32_b=c815beaf (-153338.734375000000000000000000) 	| o_32_s=cebe6e3e (-1597447936.000000000000000000000000) 	 
=> PASS: expect=-1597448064.000000000000000000000000 (cebe6e3f), dut=-1597447936.000000000000000000000000 (cebe6e3e), rounding_error=0.00000801 % (exp_error = 1.00000000 %)
==========[ Read data from ROM ]==========
[Random][ADD]i_32_a=44e1cbb6 (1806.365966796875000000000000) + i_32_b=c97d8e0a (-1038560.625000000000000000000000) 	| o_32_s=c97d1d24 (-1036754.250000000000000000000000) 	 
=> PASS: expect=-1036754.250000000000000000000000 (c97d1d24), dut=-1036754.250000000000000000000000 (c97d1d24), rounding_error=0.00000000 % (exp_error = 1.00000000 %)
[Random][ADD]i_32_a=c97d8e0a (-1038560.625000000000000000000000) + i_32_b=44e1cbb6 (1806.365966796875000000000000) 	| o_32_s=c97d1d24 (-1036754.250000000000000000000000) 	 
=> PASS: expect=-1036754.250000000000000000000000 (c97d1d24), dut=-1036754.250000000000000000000000 (c97d1d24), rounding_error=0.00000000 % (exp_error = 1.00000000 %)
==========[ Read data from ROM ]==========
[Random][ADD]i_32_a=4cdea960 (116738816.000000000000000000000000) + i_32_b=475e45b6 (56901.710937500000000000000000) 	| o_32_s=4cdec529 (116795720.000000000000000000000000) 	 
=> PASS: expect=116795720.000000000000000000000000 (4cdec529), dut=116795720.000000000000000000000000 (4cdec529), rounding_error=0.00000000 % (exp_error = 1.00000000 %)
[Random][ADD]i_32_a=475e45b6 (56901.710937500000000000000000) + i_32_b=4cdea960 (116738816.000000000000000000000000) 	| o_32_s=4cdec529 (116795720.000000000000000000000000) 	 
=> PASS: expect=116795720.000000000000000000000000 (4cdec529), dut=116795720.000000000000000000000000 (4cdec529), rounding_error=0.00000000 % (exp_error = 1.00000000 %)
==========[ Read data from ROM ]==========
[Random][ADD]i_32_a=47a6f9f3 (85491.898437500000000000000000) + i_32_b=c88e0297 (-290836.718750000000000000000000) 	| o_32_s=c8488834 (-205344.812500000000000000000000) 	 
=> PASS: expect=-205344.812500000000000000000000 (c8488834), dut=-205344.812500000000000000000000 (c8488834), rounding_error=0.00000000 % (exp_error = 1.00000000 %)
[Random][ADD]i_32_a=c88e0297 (-290836.718750000000000000000000) + i_32_b=47a6f9f3 (85491.898437500000000000000000) 	| o_32_s=c8488834 (-205344.812500000000000000000000) 	 
=> PASS: expect=-205344.812500000000000000000000 (c8488834), dut=-205344.812500000000000000000000 (c8488834), rounding_error=0.00000000 % (exp_error = 1.00000000 %)
==========[ Read data from ROM ]==========
[Random][ADD]i_32_a=c592762f (-4686.772949218750000000000000) + i_32_b=4dd89439 (454199072.000000000000000000000000) 	| o_32_s=4dd893a6 (454194368.000000000000000000000000) 	 
=> PASS: expect=454194400.000000000000000000000000 (4dd893a7), dut=454194368.000000000000000000000000 (4dd893a6), rounding_error=0.00000705 % (exp_error = 1.00000000 %)
[Random][ADD]i_32_a=4dd89439 (454199072.000000000000000000000000) + i_32_b=c592762f (-4686.772949218750000000000000) 	| o_32_s=4dd893a6 (454194368.000000000000000000000000) 	 
=> PASS: expect=454194400.000000000000000000000000 (4dd893a7), dut=454194368.000000000000000000000000 (4dd893a6), rounding_error=0.00000705 % (exp_error = 1.00000000 %)
==========[ Read data from ROM ]==========
[Random][ADD]i_32_a=48462c0f (202928.234375000000000000000000) + i_32_b=4cb212a4 (93361440.000000000000000000000000) 	| o_32_s=4cb275ba (93564368.000000000000000000000000) 	 
=> PASS: expect=93564368.000000000000000000000000 (4cb275ba), dut=93564368.000000000000000000000000 (4cb275ba), rounding_error=0.00000000 % (exp_error = 1.00000000 %)
[Random][ADD]i_32_a=4cb212a4 (93361440.000000000000000000000000) + i_32_b=48462c0f (202928.234375000000000000000000) 	| o_32_s=4cb275ba (93564368.000000000000000000000000) 	 
=> PASS: expect=93564368.000000000000000000000000 (4cb275ba), dut=93564368.000000000000000000000000 (4cb275ba), rounding_error=0.00000000 % (exp_error = 1.00000000 %)
==========[ Read data from ROM ]==========
[Random][ADD]i_32_a=c4d8f399 (-1735.612426757812500000000000) + i_32_b=c966d263 (-945446.187500000000000000000000) 	| o_32_s=c9673edc (-947181.750000000000000000000000) 	 
=> PASS: expect=-947181.812500000000000000000000 (c9673edd), dut=-947181.750000000000000000000000 (c9673edc), rounding_error=0.00000660 % (exp_error = 1.00000000 %)
[Random][ADD]i_32_a=c966d263 (-945446.187500000000000000000000) + i_32_b=c4d8f399 (-1735.612426757812500000000000) 	| o_32_s=c9673edc (-947181.750000000000000000000000) 	 
=> PASS: expect=-947181.812500000000000000000000 (c9673edd), dut=-947181.750000000000000000000000 (c9673edc), rounding_error=0.00000660 % (exp_error = 1.00000000 %)
==========[ Read data from ROM ]==========
[Random][ADD]i_32_a=46518457 (13409.084960937500000000000000) + i_32_b=457a3d3a (4003.826660156250000000000000) 	| o_32_s=468809d3 (17412.912109375000000000000000) 	 
=> PASS: expect=17412.912109375000000000000000 (468809d3), dut=17412.912109375000000000000000 (468809d3), rounding_error=0.00000000 % (exp_error = 1.00000000 %)
[Random][ADD]i_32_a=457a3d3a (4003.826660156250000000000000) + i_32_b=46518457 (13409.084960937500000000000000) 	| o_32_s=468809d3 (17412.912109375000000000000000) 	 
=> PASS: expect=17412.912109375000000000000000 (468809d3), dut=17412.912109375000000000000000 (468809d3), rounding_error=0.00000000 % (exp_error = 1.00000000 %)
==========[ Read data from ROM ]==========
[Random][ADD]i_32_a=4314055f (148.020980834960937500000000) + i_32_b=c2160f50 (-37.514953613281250000000000) 	| o_32_s=42dd0316 (110.506027221679687500000000) 	 
=> PASS: expect=110.506027221679687500000000 (42dd0316), dut=110.506027221679687500000000 (42dd0316), rounding_error=0.00000000 % (exp_error = 1.00000000 %)
[Random][ADD]i_32_a=c2160f50 (-37.514953613281250000000000) + i_32_b=4314055f (148.020980834960937500000000) 	| o_32_s=42dd0316 (110.506027221679687500000000) 	 
=> PASS: expect=110.506027221679687500000000 (42dd0316), dut=110.506027221679687500000000 (42dd0316), rounding_error=0.00000000 % (exp_error = 1.00000000 %)
==========[ Read data from ROM ]==========
[Random][ADD]i_32_a=418aa0e9 (17.328569412231445312500000) + i_32_b=47072a95 (34602.582031250000000000000000) 	| o_32_s=47073bea (34619.914062500000000000000000) 	 
=> PASS: expect=34619.910156250000000000000000 (47073be9), dut=34619.914062500000000000000000 (47073bea), rounding_error=0.00001128 % (exp_error = 1.00000000 %)
[Random][ADD]i_32_a=47072a95 (34602.582031250000000000000000) + i_32_b=418aa0e9 (17.328569412231445312500000) 	| o_32_s=47073bea (34619.914062500000000000000000) 	 
=> PASS: expect=34619.910156250000000000000000 (47073be9), dut=34619.914062500000000000000000 (47073bea), rounding_error=0.00001128 % (exp_error = 1.00000000 %)
==========[ Read data from ROM ]==========
[Random][ADD]i_32_a=4a3d606a (3102746.500000000000000000000000) + i_32_b=cb3949a3 (-12143011.000000000000000000000000) 	| o_32_s=cb09f188 (-9040264.000000000000000000000000) 	 
=> PASS: expect=-9040264.000000000000000000000000 (cb09f188), dut=-9040264.000000000000000000000000 (cb09f188), rounding_error=0.00000000 % (exp_error = 1.00000000 %)
[Random][ADD]i_32_a=cb3949a3 (-12143011.000000000000000000000000) + i_32_b=4a3d606a (3102746.500000000000000000000000) 	| o_32_s=cb09f188 (-9040264.000000000000000000000000) 	 
=> PASS: expect=-9040264.000000000000000000000000 (cb09f188), dut=-9040264.000000000000000000000000 (cb09f188), rounding_error=0.00000000 % (exp_error = 1.00000000 %)
==========[ Read data from ROM ]==========
[Random][ADD]i_32_a=4ae85d95 (7614154.500000000000000000000000) + i_32_b=4b4015bc (12588476.000000000000000000000000) 	| o_32_s=4b9a2243 (20202630.000000000000000000000000) 	 
=> PASS: expect=20202630.000000000000000000000000 (4b9a2243), dut=20202630.000000000000000000000000 (4b9a2243), rounding_error=0.00000000 % (exp_error = 1.00000000 %)
[Random][ADD]i_32_a=4b4015bc (12588476.000000000000000000000000) + i_32_b=4ae85d95 (7614154.500000000000000000000000) 	| o_32_s=4b9a2243 (20202630.000000000000000000000000) 	 
=> PASS: expect=20202630.000000000000000000000000 (4b9a2243), dut=20202630.000000000000000000000000 (4b9a2243), rounding_error=0.00000000 % (exp_error = 1.00000000 %)
==========[ Read data from ROM ]==========
[Random][ADD]i_32_a=4137f395 (11.496968269348144531250000) + i_32_b=42830eab (65.528648376464843750000000) 	| o_32_s=429a0d1e (77.025619506835937500000000) 	 
=> PASS: expect=77.025619506835937500000000 (429a0d1e), dut=77.025619506835937500000000 (429a0d1e), rounding_error=0.00000000 % (exp_error = 1.00000000 %)
[Random][ADD]i_32_a=42830eab (65.528648376464843750000000) + i_32_b=4137f395 (11.496968269348144531250000) 	| o_32_s=429a0d1e (77.025619506835937500000000) 	 
=> PASS: expect=77.025619506835937500000000 (429a0d1e), dut=77.025619506835937500000000 (429a0d1e), rounding_error=0.00000000 % (exp_error = 1.00000000 %)
==========[ Read data from ROM ]==========
[Random][ADD]i_32_a=41d81d61 (27.014345169067382812500000) + i_32_b=47fd14a4 (129577.281250000000000000000000) 	| o_32_s=47fd2225 (129604.289062500000000000000000) 	 
=> PASS: expect=129604.296875000000000000000000 (47fd2226), dut=129604.289062500000000000000000 (47fd2225), rounding_error=0.00000603 % (exp_error = 1.00000000 %)
[Random][ADD]i_32_a=47fd14a4 (129577.281250000000000000000000) + i_32_b=41d81d61 (27.014345169067382812500000) 	| o_32_s=47fd2225 (129604.289062500000000000000000) 	 
=> PASS: expect=129604.296875000000000000000000 (47fd2226), dut=129604.289062500000000000000000 (47fd2225), rounding_error=0.00000603 % (exp_error = 1.00000000 %)
==========[ Read data from ROM ]==========
[Random][ADD]i_32_a=4b460a77 (12978807.000000000000000000000000) + i_32_b=cd133291 (-154347792.000000000000000000000000) 	| o_32_s=cd06d1e9 (-141368976.000000000000000000000000) 	 
=> PASS: expect=-141368992.000000000000000000000000 (cd06d1ea), dut=-141368976.000000000000000000000000 (cd06d1e9), rounding_error=0.00001132 % (exp_error = 1.00000000 %)
[Random][ADD]i_32_a=cd133291 (-154347792.000000000000000000000000) + i_32_b=4b460a77 (12978807.000000000000000000000000) 	| o_32_s=cd06d1e9 (-141368976.000000000000000000000000) 	 
=> PASS: expect=-141368992.000000000000000000000000 (cd06d1ea), dut=-141368976.000000000000000000000000 (cd06d1e9), rounding_error=0.00001132 % (exp_error = 1.00000000 %)
==========[ Read data from ROM ]==========
[Random][ADD]i_32_a=4657e6f4 (13817.738281250000000000000000) + i_32_b=ce2e57a9 (-731245120.000000000000000000000000) 	| o_32_s=ce2e56d1 (-731231296.000000000000000000000000) 	 
=> PASS: expect=-731231296.000000000000000000000000 (ce2e56d1), dut=-731231296.000000000000000000000000 (ce2e56d1), rounding_error=0.00000000 % (exp_error = 1.00000000 %)
[Random][ADD]i_32_a=ce2e57a9 (-731245120.000000000000000000000000) + i_32_b=4657e6f4 (13817.738281250000000000000000) 	| o_32_s=ce2e56d1 (-731231296.000000000000000000000000) 	 
=> PASS: expect=-731231296.000000000000000000000000 (ce2e56d1), dut=-731231296.000000000000000000000000 (ce2e56d1), rounding_error=0.00000000 % (exp_error = 1.00000000 %)
==========[ Read data from ROM ]==========
[Random][ADD]i_32_a=c7df31d5 (-114275.664062500000000000000000) + i_32_b=cd0f8a33 (-150512432.000000000000000000000000) 	| o_32_s=cd0fa61a (-150626720.000000000000000000000000) 	 
=> PASS: expect=-150626704.000000000000000000000000 (cd0fa619), dut=-150626720.000000000000000000000000 (cd0fa61a), rounding_error=0.00001062 % (exp_error = 1.00000000 %)
[Random][ADD]i_32_a=cd0f8a33 (-150512432.000000000000000000000000) + i_32_b=c7df31d5 (-114275.664062500000000000000000) 	| o_32_s=cd0fa61a (-150626720.000000000000000000000000) 	 
=> PASS: expect=-150626704.000000000000000000000000 (cd0fa619), dut=-150626720.000000000000000000000000 (cd0fa61a), rounding_error=0.00001062 % (exp_error = 1.00000000 %)
==========[ Read data from ROM ]==========
[Random][ADD]i_32_a=41cc2973 (25.520238876342773437500000) + i_32_b=c2df06bc (-111.513153076171875000000000) 	| o_32_s=c2abfc5f (-85.992912292480468750000000) 	 
=> PASS: expect=-85.992912292480468750000000 (c2abfc5f), dut=-85.992912292480468750000000 (c2abfc5f), rounding_error=0.00000000 % (exp_error = 1.00000000 %)
[Random][ADD]i_32_a=c2df06bc (-111.513153076171875000000000) + i_32_b=41cc2973 (25.520238876342773437500000) 	| o_32_s=c2abfc5f (-85.992912292480468750000000) 	 
=> PASS: expect=-85.992912292480468750000000 (c2abfc5f), dut=-85.992912292480468750000000 (c2abfc5f), rounding_error=0.00000000 % (exp_error = 1.00000000 %)
==========[ Read data from ROM ]==========
[Random][ADD]i_32_a=4c21225d (42240372.000000000000000000000000) + i_32_b=ce1b4cfc (-651378432.000000000000000000000000) 	| o_32_s=ce113ad6 (-609138048.000000000000000000000000) 	 
=> PASS: expect=-609138048.000000000000000000000000 (ce113ad6), dut=-609138048.000000000000000000000000 (ce113ad6), rounding_error=0.00000000 % (exp_error = 1.00000000 %)
[Random][ADD]i_32_a=ce1b4cfc (-651378432.000000000000000000000000) + i_32_b=4c21225d (42240372.000000000000000000000000) 	| o_32_s=ce113ad6 (-609138048.000000000000000000000000) 	 
=> PASS: expect=-609138048.000000000000000000000000 (ce113ad6), dut=-609138048.000000000000000000000000 (ce113ad6), rounding_error=0.00000000 % (exp_error = 1.00000000 %)
==========[ Read data from ROM ]==========
[Random][ADD]i_32_a=cb843adc (-17331640.000000000000000000000000) + i_32_b=415c45dd (13.767056465148925781250000) 	| o_32_s=cb843ad5 (-17331626.000000000000000000000000) 	 
=> PASS: expect=-17331626.000000000000000000000000 (cb843ad5), dut=-17331626.000000000000000000000000 (cb843ad5), rounding_error=0.00000000 % (exp_error = 1.00000000 %)
[Random][ADD]i_32_a=415c45dd (13.767056465148925781250000) + i_32_b=cb843adc (-17331640.000000000000000000000000) 	| o_32_s=cb843ad5 (-17331626.000000000000000000000000) 	 
=> PASS: expect=-17331626.000000000000000000000000 (cb843ad5), dut=-17331626.000000000000000000000000 (cb843ad5), rounding_error=0.00000000 % (exp_error = 1.00000000 %)
==========[ Read data from ROM ]==========
[Random][ADD]i_32_a=4753e09a (54240.601562500000000000000000) + i_32_b=4926acc8 (682700.500000000000000000000000) 	| o_32_s=4933ead2 (736941.125000000000000000000000) 	 
=> PASS: expect=736941.125000000000000000000000 (4933ead2), dut=736941.125000000000000000000000 (4933ead2), rounding_error=0.00000000 % (exp_error = 1.00000000 %)
[Random][ADD]i_32_a=4926acc8 (682700.500000000000000000000000) + i_32_b=4753e09a (54240.601562500000000000000000) 	| o_32_s=4933ead2 (736941.125000000000000000000000) 	 
=> PASS: expect=736941.125000000000000000000000 (4933ead2), dut=736941.125000000000000000000000 (4933ead2), rounding_error=0.00000000 % (exp_error = 1.00000000 %)
==========[ Read data from ROM ]==========
[Random][ADD]i_32_a=c3d433ae (-424.403747558593750000000000) + i_32_b=4dbb6a3e (393037760.000000000000000000000000) 	| o_32_s=4dbb6a31 (393037344.000000000000000000000000) 	 
=> PASS: expect=393037344.000000000000000000000000 (4dbb6a31), dut=393037344.000000000000000000000000 (4dbb6a31), rounding_error=0.00000000 % (exp_error = 1.00000000 %)
[Random][ADD]i_32_a=4dbb6a3e (393037760.000000000000000000000000) + i_32_b=c3d433ae (-424.403747558593750000000000) 	| o_32_s=4dbb6a31 (393037344.000000000000000000000000) 	 
=> PASS: expect=393037344.000000000000000000000000 (4dbb6a31), dut=393037344.000000000000000000000000 (4dbb6a31), rounding_error=0.00000000 % (exp_error = 1.00000000 %)
==========[ Read data from ROM ]==========
[Random][ADD]i_32_a=c6152352 (-9544.830078125000000000000000) + i_32_b=43fb0595 (502.043609619140625000000000) 	| o_32_s=c60d4b26 (-9042.787109375000000000000000) 	 
=> PASS: expect=-9042.786132812500000000000000 (c60d4b25), dut=-9042.787109375000000000000000 (c60d4b26), rounding_error=0.00001080 % (exp_error = 1.00000000 %)
[Random][ADD]i_32_a=43fb0595 (502.043609619140625000000000) + i_32_b=c6152352 (-9544.830078125000000000000000) 	| o_32_s=c60d4b26 (-9042.787109375000000000000000) 	 
=> PASS: expect=-9042.786132812500000000000000 (c60d4b25), dut=-9042.787109375000000000000000 (c60d4b26), rounding_error=0.00001080 % (exp_error = 1.00000000 %)
==========[ Read data from ROM ]==========
[Random][ADD]i_32_a=48754419 (251152.390625000000000000000000) + i_32_b=c1988da3 (-19.069158554077148437500000) 	| o_32_s=48753f54 (251133.312500000000000000000000) 	 
=> PASS: expect=251133.328125000000000000000000 (48753f55), dut=251133.312500000000000000000000 (48753f54), rounding_error=0.00000622 % (exp_error = 1.00000000 %)
[Random][ADD]i_32_a=c1988da3 (-19.069158554077148437500000) + i_32_b=48754419 (251152.390625000000000000000000) 	| o_32_s=48753f54 (251133.312500000000000000000000) 	 
=> PASS: expect=251133.328125000000000000000000 (48753f55), dut=251133.312500000000000000000000 (48753f54), rounding_error=0.00000622 % (exp_error = 1.00000000 %)
==========[ Read data from ROM ]==========
[Random][ADD]i_32_a=c49ffb06 (-1279.844482421875000000000000) + i_32_b=c46f1d38 (-956.456542968750000000000000) 	| o_32_s=c50bc4d1 (-2236.301025390625000000000000) 	 
=> PASS: expect=-2236.301025390625000000000000 (c50bc4d1), dut=-2236.301025390625000000000000 (c50bc4d1), rounding_error=0.00000000 % (exp_error = 1.00000000 %)
[Random][ADD]i_32_a=c46f1d38 (-956.456542968750000000000000) + i_32_b=c49ffb06 (-1279.844482421875000000000000) 	| o_32_s=c50bc4d1 (-2236.301025390625000000000000) 	 
=> PASS: expect=-2236.301025390625000000000000 (c50bc4d1), dut=-2236.301025390625000000000000 (c50bc4d1), rounding_error=0.00000000 % (exp_error = 1.00000000 %)
==========[ Read data from ROM ]==========
[Random][ADD]i_32_a=c855879b (-218654.421875000000000000000000) + i_32_b=4b7c233b (16524091.000000000000000000000000) 	| o_32_s=4b78cd1c (16305436.000000000000000000000000) 	 
=> PASS: expect=16305437.000000000000000000000000 (4b78cd1d), dut=16305436.000000000000000000000000 (4b78cd1c), rounding_error=0.00000613 % (exp_error = 1.00000000 %)
[Random][ADD]i_32_a=4b7c233b (16524091.000000000000000000000000) + i_32_b=c855879b (-218654.421875000000000000000000) 	| o_32_s=4b78cd1c (16305436.000000000000000000000000) 	 
=> PASS: expect=16305437.000000000000000000000000 (4b78cd1d), dut=16305436.000000000000000000000000 (4b78cd1c), rounding_error=0.00000613 % (exp_error = 1.00000000 %)
==========[ Read data from ROM ]==========
[Random][ADD]i_32_a=cb8abe35 (-18185322.000000000000000000000000) + i_32_b=4e9fe343 (1341235584.000000000000000000000000) 	| o_32_s=4e9db84a (1323050240.000000000000000000000000) 	 
=> PASS: expect=1323050240.000000000000000000000000 (4e9db84a), dut=1323050240.000000000000000000000000 (4e9db84a), rounding_error=0.00000000 % (exp_error = 1.00000000 %)
[Random][ADD]i_32_a=4e9fe343 (1341235584.000000000000000000000000) + i_32_b=cb8abe35 (-18185322.000000000000000000000000) 	| o_32_s=4e9db84a (1323050240.000000000000000000000000) 	 
=> PASS: expect=1323050240.000000000000000000000000 (4e9db84a), dut=1323050240.000000000000000000000000 (4e9db84a), rounding_error=0.00000000 % (exp_error = 1.00000000 %)
==========[ Read data from ROM ]==========
[Random][ADD]i_32_a=4184cf4b (16.601217269897460937500000) + i_32_b=c63d1ede (-12103.716796875000000000000000) 	| o_32_s=c63cdc77 (-12087.116210937500000000000000) 	 
=> PASS: expect=-12087.115234375000000000000000 (c63cdc76), dut=-12087.116210937500000000000000 (c63cdc77), rounding_error=0.00000808 % (exp_error = 1.00000000 %)
[Random][ADD]i_32_a=c63d1ede (-12103.716796875000000000000000) + i_32_b=4184cf4b (16.601217269897460937500000) 	| o_32_s=c63cdc77 (-12087.116210937500000000000000) 	 
=> PASS: expect=-12087.115234375000000000000000 (c63cdc76), dut=-12087.116210937500000000000000 (c63cdc77), rounding_error=0.00000808 % (exp_error = 1.00000000 %)
==========[ Read data from ROM ]==========
[Random][ADD]i_32_a=4481627a (1035.077392578125000000000000) + i_32_b=c34738d6 (-199.222015380859375000000000) 	| o_32_s=4450f6be (835.855346679687500000000000) 	 
=> PASS: expect=835.855346679687500000000000 (4450f6be), dut=835.855346679687500000000000 (4450f6be), rounding_error=0.00000000 % (exp_error = 1.00000000 %)
[Random][ADD]i_32_a=c34738d6 (-199.222015380859375000000000) + i_32_b=4481627a (1035.077392578125000000000000) 	| o_32_s=4450f6be (835.855346679687500000000000) 	 
=> PASS: expect=835.855346679687500000000000 (4450f6be), dut=835.855346679687500000000000 (4450f6be), rounding_error=0.00000000 % (exp_error = 1.00000000 %)
==========[ Read data from ROM ]==========
[Random][ADD]i_32_a=4a11f1b3 (2391148.750000000000000000000000) + i_32_b=4b342fb0 (11808688.000000000000000000000000) 	| o_32_s=4b58ac1c (14199836.000000000000000000000000) 	 
=> PASS: expect=14199837.000000000000000000000000 (4b58ac1d), dut=14199836.000000000000000000000000 (4b58ac1c), rounding_error=0.00000704 % (exp_error = 1.00000000 %)
[Random][ADD]i_32_a=4b342fb0 (11808688.000000000000000000000000) + i_32_b=4a11f1b3 (2391148.750000000000000000000000) 	| o_32_s=4b58ac1c (14199836.000000000000000000000000) 	 
=> PASS: expect=14199837.000000000000000000000000 (4b58ac1d), dut=14199836.000000000000000000000000 (4b58ac1c), rounding_error=0.00000704 % (exp_error = 1.00000000 %)
==========[ Read data from ROM ]==========
[Random][ADD]i_32_a=4462c460 (907.068359375000000000000000) + i_32_b=4d4adf34 (212726592.000000000000000000000000) 	| o_32_s=4d4adf6d (212727504.000000000000000000000000) 	 
=> PASS: expect=212727504.000000000000000000000000 (4d4adf6d), dut=212727504.000000000000000000000000 (4d4adf6d), rounding_error=0.00000000 % (exp_error = 1.00000000 %)
[Random][ADD]i_32_a=4d4adf34 (212726592.000000000000000000000000) + i_32_b=4462c460 (907.068359375000000000000000) 	| o_32_s=4d4adf6d (212727504.000000000000000000000000) 	 
=> PASS: expect=212727504.000000000000000000000000 (4d4adf6d), dut=212727504.000000000000000000000000 (4d4adf6d), rounding_error=0.00000000 % (exp_error = 1.00000000 %)
==========[ Read data from ROM ]==========
[Random][ADD]i_32_a=c84ec14f (-211717.234375000000000000000000) + i_32_b=c434b5d2 (-722.840942382812500000000000) 	| o_32_s=c84f7604 (-212440.062500000000000000000000) 	 
=> PASS: expect=-212440.078125000000000000000000 (c84f7605), dut=-212440.062500000000000000000000 (c84f7604), rounding_error=0.00000736 % (exp_error = 1.00000000 %)
[Random][ADD]i_32_a=c434b5d2 (-722.840942382812500000000000) + i_32_b=c84ec14f (-211717.234375000000000000000000) 	| o_32_s=c84f7604 (-212440.062500000000000000000000) 	 
=> PASS: expect=-212440.078125000000000000000000 (c84f7605), dut=-212440.062500000000000000000000 (c84f7604), rounding_error=0.00000736 % (exp_error = 1.00000000 %)
==========[ Read data from ROM ]==========
[Random][ADD]i_32_a=c83d2680 (-193690.000000000000000000000000) + i_32_b=4c6eca4e (62597432.000000000000000000000000) 	| o_32_s=4c6e0d27 (62403740.000000000000000000000000) 	 
=> PASS: expect=62403744.000000000000000000000000 (4c6e0d28), dut=62403740.000000000000000000000000 (4c6e0d27), rounding_error=0.00000641 % (exp_error = 1.00000000 %)
[Random][ADD]i_32_a=4c6eca4e (62597432.000000000000000000000000) + i_32_b=c83d2680 (-193690.000000000000000000000000) 	| o_32_s=4c6e0d27 (62403740.000000000000000000000000) 	 
=> PASS: expect=62403744.000000000000000000000000 (4c6e0d28), dut=62403740.000000000000000000000000 (4c6e0d27), rounding_error=0.00000641 % (exp_error = 1.00000000 %)
==========[ Read data from ROM ]==========
[Random][ADD]i_32_a=4e03bdd6 (552564096.000000000000000000000000) + i_32_b=4de6fc0a (484409664.000000000000000000000000) 	| o_32_s=4e773bdb (1036973760.000000000000000000000000) 	 
=> PASS: expect=1036973760.000000000000000000000000 (4e773bdb), dut=1036973760.000000000000000000000000 (4e773bdb), rounding_error=0.00000000 % (exp_error = 1.00000000 %)
[Random][ADD]i_32_a=4de6fc0a (484409664.000000000000000000000000) + i_32_b=4e03bdd6 (552564096.000000000000000000000000) 	| o_32_s=4e773bdb (1036973760.000000000000000000000000) 	 
=> PASS: expect=1036973760.000000000000000000000000 (4e773bdb), dut=1036973760.000000000000000000000000 (4e773bdb), rounding_error=0.00000000 % (exp_error = 1.00000000 %)
==========[ Read data from ROM ]==========
[Random][ADD]i_32_a=41ea9897 (29.324506759643554687500000) + i_32_b=c6e94281 (-29857.251953125000000000000000) 	| o_32_s=c6e907db (-29827.927734375000000000000000) 	 
=> PASS: expect=-29827.927734375000000000000000 (c6e907db), dut=-29827.927734375000000000000000 (c6e907db), rounding_error=0.00000000 % (exp_error = 1.00000000 %)
[Random][ADD]i_32_a=c6e94281 (-29857.251953125000000000000000) + i_32_b=41ea9897 (29.324506759643554687500000) 	| o_32_s=c6e907db (-29827.927734375000000000000000) 	 
=> PASS: expect=-29827.927734375000000000000000 (c6e907db), dut=-29827.927734375000000000000000 (c6e907db), rounding_error=0.00000000 % (exp_error = 1.00000000 %)
==========[ Read data from ROM ]==========
[Random][ADD]i_32_a=ccd6b0df (-112559864.000000000000000000000000) + i_32_b=4c8e0d01 (74475528.000000000000000000000000) 	| o_32_s=cc1147bc (-38084336.000000000000000000000000) 	 
=> PASS: expect=-38084336.000000000000000000000000 (cc1147bc), dut=-38084336.000000000000000000000000 (cc1147bc), rounding_error=0.00000000 % (exp_error = 1.00000000 %)
[Random][ADD]i_32_a=4c8e0d01 (74475528.000000000000000000000000) + i_32_b=ccd6b0df (-112559864.000000000000000000000000) 	| o_32_s=cc1147bc (-38084336.000000000000000000000000) 	 
=> PASS: expect=-38084336.000000000000000000000000 (cc1147bc), dut=-38084336.000000000000000000000000 (cc1147bc), rounding_error=0.00000000 % (exp_error = 1.00000000 %)
==========[ Read data from ROM ]==========
[Random][ADD]i_32_a=c446f6f1 (-795.858459472656250000000000) + i_32_b=4d634ef7 (238350192.000000000000000000000000) 	| o_32_s=4d634ec6 (238349408.000000000000000000000000) 	 
=> PASS: expect=238349392.000000000000000000000000 (4d634ec5), dut=238349408.000000000000000000000000 (4d634ec6), rounding_error=0.00000671 % (exp_error = 1.00000000 %)
[Random][ADD]i_32_a=4d634ef7 (238350192.000000000000000000000000) + i_32_b=c446f6f1 (-795.858459472656250000000000) 	| o_32_s=4d634ec6 (238349408.000000000000000000000000) 	 
=> PASS: expect=238349392.000000000000000000000000 (4d634ec5), dut=238349408.000000000000000000000000 (4d634ec6), rounding_error=0.00000671 % (exp_error = 1.00000000 %)
==========[ Read data from ROM ]==========
[Random][ADD]i_32_a=c72b936c (-43923.421875000000000000000000) + i_32_b=ce1b0774 (-650239232.000000000000000000000000) 	| o_32_s=ce1b0a23 (-650283200.000000000000000000000000) 	 
=> PASS: expect=-650283136.000000000000000000000000 (ce1b0a22), dut=-650283200.000000000000000000000000 (ce1b0a23), rounding_error=0.00000984 % (exp_error = 1.00000000 %)
[Random][ADD]i_32_a=ce1b0774 (-650239232.000000000000000000000000) + i_32_b=c72b936c (-43923.421875000000000000000000) 	| o_32_s=ce1b0a23 (-650283200.000000000000000000000000) 	 
=> PASS: expect=-650283136.000000000000000000000000 (ce1b0a22), dut=-650283200.000000000000000000000000 (ce1b0a23), rounding_error=0.00000984 % (exp_error = 1.00000000 %)
==========[ Read data from ROM ]==========
[Random][ADD]i_32_a=47246d48 (42093.281250000000000000000000) + i_32_b=4eea2e59 (1964452992.000000000000000000000000) 	| o_32_s=4eea2fa1 (1964494976.000000000000000000000000) 	 
=> PASS: expect=1964495104.000000000000000000000000 (4eea2fa2), dut=1964494976.000000000000000000000000 (4eea2fa1), rounding_error=0.00000652 % (exp_error = 1.00000000 %)
[Random][ADD]i_32_a=4eea2e59 (1964452992.000000000000000000000000) + i_32_b=47246d48 (42093.281250000000000000000000) 	| o_32_s=4eea2fa1 (1964494976.000000000000000000000000) 	 
=> PASS: expect=1964495104.000000000000000000000000 (4eea2fa2), dut=1964494976.000000000000000000000000 (4eea2fa1), rounding_error=0.00000652 % (exp_error = 1.00000000 %)
==========[ Read data from ROM ]==========
[Random][ADD]i_32_a=cdb0b474 (-370577024.000000000000000000000000) + i_32_b=ca39148f (-3032355.750000000000000000000000) 	| o_32_s=cdb2269e (-373609408.000000000000000000000000) 	 
=> PASS: expect=-373609376.000000000000000000000000 (cdb2269d), dut=-373609408.000000000000000000000000 (cdb2269e), rounding_error=0.00000857 % (exp_error = 1.00000000 %)
[Random][ADD]i_32_a=ca39148f (-3032355.750000000000000000000000) + i_32_b=cdb0b474 (-370577024.000000000000000000000000) 	| o_32_s=cdb2269e (-373609408.000000000000000000000000) 	 
=> PASS: expect=-373609376.000000000000000000000000 (cdb2269d), dut=-373609408.000000000000000000000000 (cdb2269e), rounding_error=0.00000857 % (exp_error = 1.00000000 %)
==========[ Read data from ROM ]==========
[Random][ADD]i_32_a=44936595 (1179.174438476562500000000000) + i_32_b=4c41218f (50628156.000000000000000000000000) 	| o_32_s=4c4122b5 (50629332.000000000000000000000000) 	 
=> PASS: expect=50629336.000000000000000000000000 (4c4122b6), dut=50629332.000000000000000000000000 (4c4122b5), rounding_error=0.00000790 % (exp_error = 1.00000000 %)
[Random][ADD]i_32_a=4c41218f (50628156.000000000000000000000000) + i_32_b=44936595 (1179.174438476562500000000000) 	| o_32_s=4c4122b5 (50629332.000000000000000000000000) 	 
=> PASS: expect=50629336.000000000000000000000000 (4c4122b6), dut=50629332.000000000000000000000000 (4c4122b5), rounding_error=0.00000790 % (exp_error = 1.00000000 %)
==========[ Read data from ROM ]==========
[Random][ADD]i_32_a=4d85e598 (280802048.000000000000000000000000) + i_32_b=48bdfccc (389094.375000000000000000000000) 	| o_32_s=4d861518 (281191168.000000000000000000000000) 	 
=> PASS: expect=281191136.000000000000000000000000 (4d861517), dut=281191168.000000000000000000000000 (4d861518), rounding_error=0.00001138 % (exp_error = 1.00000000 %)
[Random][ADD]i_32_a=48bdfccc (389094.375000000000000000000000) + i_32_b=4d85e598 (280802048.000000000000000000000000) 	| o_32_s=4d861518 (281191168.000000000000000000000000) 	 
=> PASS: expect=281191136.000000000000000000000000 (4d861517), dut=281191168.000000000000000000000000 (4d861518), rounding_error=0.00001138 % (exp_error = 1.00000000 %)
==========[ Read data from ROM ]==========
[Random][ADD]i_32_a=c5c938d3 (-6439.103027343750000000000000) + i_32_b=4e330950 (750932992.000000000000000000000000) 	| o_32_s=4e3308ec (750926592.000000000000000000000000) 	 
=> PASS: expect=750926528.000000000000000000000000 (4e3308eb), dut=750926592.000000000000000000000000 (4e3308ec), rounding_error=0.00000852 % (exp_error = 1.00000000 %)
[Random][ADD]i_32_a=4e330950 (750932992.000000000000000000000000) + i_32_b=c5c938d3 (-6439.103027343750000000000000) 	| o_32_s=4e3308ec (750926592.000000000000000000000000) 	 
=> PASS: expect=750926528.000000000000000000000000 (4e3308eb), dut=750926592.000000000000000000000000 (4e3308ec), rounding_error=0.00000852 % (exp_error = 1.00000000 %)
==========[ Read data from ROM ]==========
[Random][ADD]i_32_a=42910a2f (72.519889831542968750000000) + i_32_b=42d6cc38 (107.398864746093750000000000) 	| o_32_s=4333eb33 (179.918746948242187500000000) 	 
=> PASS: expect=179.918762207031250000000000 (4333eb34), dut=179.918746948242187500000000 (4333eb33), rounding_error=0.00000848 % (exp_error = 1.00000000 %)
[Random][ADD]i_32_a=42d6cc38 (107.398864746093750000000000) + i_32_b=42910a2f (72.519889831542968750000000) 	| o_32_s=4333eb33 (179.918746948242187500000000) 	 
=> PASS: expect=179.918762207031250000000000 (4333eb34), dut=179.918746948242187500000000 (4333eb33), rounding_error=0.00000848 % (exp_error = 1.00000000 %)
==========[ Read data from ROM ]==========
[Random][ADD]i_32_a=473f489c (48968.609375000000000000000000) + i_32_b=44453846 (788.879272460937500000000000) 	| o_32_s=47425d7e (49757.492187500000000000000000) 	 
=> PASS: expect=49757.488281250000000000000000 (47425d7d), dut=49757.492187500000000000000000 (47425d7e), rounding_error=0.00000785 % (exp_error = 1.00000000 %)
[Random][ADD]i_32_a=44453846 (788.879272460937500000000000) + i_32_b=473f489c (48968.609375000000000000000000) 	| o_32_s=47425d7e (49757.492187500000000000000000) 	 
=> PASS: expect=49757.488281250000000000000000 (47425d7d), dut=49757.492187500000000000000000 (47425d7e), rounding_error=0.00000785 % (exp_error = 1.00000000 %)
==========[ Read data from ROM ]==========
[Random][ADD]i_32_a=c76edd76 (-61149.460937500000000000000000) + i_32_b=c1670e9d (-14.441067695617675781250000) 	| o_32_s=c76eebe6 (-61163.898437500000000000000000) 	 
=> PASS: expect=-61163.902343750000000000000000 (c76eebe7), dut=-61163.898437500000000000000000 (c76eebe6), rounding_error=0.00000639 % (exp_error = 1.00000000 %)
[Random][ADD]i_32_a=c1670e9d (-14.441067695617675781250000) + i_32_b=c76edd76 (-61149.460937500000000000000000) 	| o_32_s=c76eebe6 (-61163.898437500000000000000000) 	 
=> PASS: expect=-61163.902343750000000000000000 (c76eebe7), dut=-61163.898437500000000000000000 (c76eebe6), rounding_error=0.00000639 % (exp_error = 1.00000000 %)
==========[ Read data from ROM ]==========
[Random][ADD]i_32_a=ce024d10 (-546522112.000000000000000000000000) + i_32_b=4b67e833 (15198259.000000000000000000000000) 	| o_32_s=cdfd5ade (-531323840.000000000000000000000000) 	 
=> PASS: expect=-531323840.000000000000000000000000 (cdfd5ade), dut=-531323840.000000000000000000000000 (cdfd5ade), rounding_error=0.00000000 % (exp_error = 1.00000000 %)
[Random][ADD]i_32_a=4b67e833 (15198259.000000000000000000000000) + i_32_b=ce024d10 (-546522112.000000000000000000000000) 	| o_32_s=cdfd5ade (-531323840.000000000000000000000000) 	 
=> PASS: expect=-531323840.000000000000000000000000 (cdfd5ade), dut=-531323840.000000000000000000000000 (cdfd5ade), rounding_error=0.00000000 % (exp_error = 1.00000000 %)
==========[ Read data from ROM ]==========
[Random][ADD]i_32_a=ce1928ac (-642394880.000000000000000000000000) + i_32_b=4461d3ff (903.312438964843750000000000) 	| o_32_s=ce19289e (-642393984.000000000000000000000000) 	 
=> PASS: expect=-642393984.000000000000000000000000 (ce19289e), dut=-642393984.000000000000000000000000 (ce19289e), rounding_error=0.00000000 % (exp_error = 1.00000000 %)
[Random][ADD]i_32_a=4461d3ff (903.312438964843750000000000) + i_32_b=ce1928ac (-642394880.000000000000000000000000) 	| o_32_s=ce19289e (-642393984.000000000000000000000000) 	 
=> PASS: expect=-642393984.000000000000000000000000 (ce19289e), dut=-642393984.000000000000000000000000 (ce19289e), rounding_error=0.00000000 % (exp_error = 1.00000000 %)
==========[ Read data from ROM ]==========
[Random][ADD]i_32_a=4690022d (18433.087890625000000000000000) + i_32_b=ca804d75 (-4204218.500000000000000000000000) 	| o_32_s=ca7f7ae6 (-4185785.500000000000000000000000) 	 
=> PASS: expect=-4185785.500000000000000000000000 (ca7f7ae6), dut=-4185785.500000000000000000000000 (ca7f7ae6), rounding_error=0.00000000 % (exp_error = 1.00000000 %)
[Random][ADD]i_32_a=ca804d75 (-4204218.500000000000000000000000) + i_32_b=4690022d (18433.087890625000000000000000) 	| o_32_s=ca7f7ae6 (-4185785.500000000000000000000000) 	 
=> PASS: expect=-4185785.500000000000000000000000 (ca7f7ae6), dut=-4185785.500000000000000000000000 (ca7f7ae6), rounding_error=0.00000000 % (exp_error = 1.00000000 %)
==========[ Read data from ROM ]==========
[Random][ADD]i_32_a=4527ad6d (2682.839111328125000000000000) + i_32_b=c5b12e9e (-5669.827148437500000000000000) 	| o_32_s=c53aafcf (-2986.988037109375000000000000) 	 
=> PASS: expect=-2986.988037109375000000000000 (c53aafcf), dut=-2986.988037109375000000000000 (c53aafcf), rounding_error=0.00000000 % (exp_error = 1.00000000 %)
[Random][ADD]i_32_a=c5b12e9e (-5669.827148437500000000000000) + i_32_b=4527ad6d (2682.839111328125000000000000) 	| o_32_s=c53aafcf (-2986.988037109375000000000000) 	 
=> PASS: expect=-2986.988037109375000000000000 (c53aafcf), dut=-2986.988037109375000000000000 (c53aafcf), rounding_error=0.00000000 % (exp_error = 1.00000000 %)
==========[ Read data from ROM ]==========
[Random][ADD]i_32_a=c256f789 (-53.741733551025390625000000) + i_32_b=c9f03c15 (-1968002.625000000000000000000000) 	| o_32_s=c9f03dc2 (-1968056.250000000000000000000000) 	 
=> PASS: expect=-1968056.375000000000000000000000 (c9f03dc3), dut=-1968056.250000000000000000000000 (c9f03dc2), rounding_error=0.00000635 % (exp_error = 1.00000000 %)
[Random][ADD]i_32_a=c9f03c15 (-1968002.625000000000000000000000) + i_32_b=c256f789 (-53.741733551025390625000000) 	| o_32_s=c9f03dc2 (-1968056.250000000000000000000000) 	 
=> PASS: expect=-1968056.375000000000000000000000 (c9f03dc3), dut=-1968056.250000000000000000000000 (c9f03dc2), rounding_error=0.00000635 % (exp_error = 1.00000000 %)
==========[ Read data from ROM ]==========
[Random][ADD]i_32_a=4570d326 (3853.196777343750000000000000) + i_32_b=c201e086 (-32.469261169433593750000000) 	| o_32_s=456ecba4 (3820.727539062500000000000000) 	 
=> PASS: expect=3820.727539062500000000000000 (456ecba4), dut=3820.727539062500000000000000 (456ecba4), rounding_error=0.00000000 % (exp_error = 1.00000000 %)
[Random][ADD]i_32_a=c201e086 (-32.469261169433593750000000) + i_32_b=4570d326 (3853.196777343750000000000000) 	| o_32_s=456ecba4 (3820.727539062500000000000000) 	 
=> PASS: expect=3820.727539062500000000000000 (456ecba4), dut=3820.727539062500000000000000 (456ecba4), rounding_error=0.00000000 % (exp_error = 1.00000000 %)
==========[ Read data from ROM ]==========
[Random][ADD]i_32_a=45434656 (3124.395996093750000000000000) + i_32_b=c7bc845b (-96520.710937500000000000000000) 	| o_32_s=c7b66a29 (-93396.320312500000000000000000) 	 
=> PASS: expect=-93396.312500000000000000000000 (c7b66a28), dut=-93396.320312500000000000000000 (c7b66a29), rounding_error=0.00000836 % (exp_error = 1.00000000 %)
[Random][ADD]i_32_a=c7bc845b (-96520.710937500000000000000000) + i_32_b=45434656 (3124.395996093750000000000000) 	| o_32_s=c7b66a29 (-93396.320312500000000000000000) 	 
=> PASS: expect=-93396.312500000000000000000000 (c7b66a28), dut=-93396.320312500000000000000000 (c7b66a29), rounding_error=0.00000836 % (exp_error = 1.00000000 %)
==========[ Read data from ROM ]==========
[Random][ADD]i_32_a=cdc46412 (-411861568.000000000000000000000000) + i_32_b=c68e0623 (-18179.068359375000000000000000) 	| o_32_s=cdc4664b (-411879776.000000000000000000000000) 	 
=> PASS: expect=-411879744.000000000000000000000000 (cdc4664a), dut=-411879776.000000000000000000000000 (cdc4664b), rounding_error=0.00000777 % (exp_error = 1.00000000 %)
[Random][ADD]i_32_a=c68e0623 (-18179.068359375000000000000000) + i_32_b=cdc46412 (-411861568.000000000000000000000000) 	| o_32_s=cdc4664b (-411879776.000000000000000000000000) 	 
=> PASS: expect=-411879744.000000000000000000000000 (cdc4664a), dut=-411879776.000000000000000000000000 (cdc4664b), rounding_error=0.00000777 % (exp_error = 1.00000000 %)
==========[ Read data from ROM ]==========
[Random][ADD]i_32_a=c2282fc9 (-42.046665191650390625000000) + i_32_b=caca3ef7 (-6627195.500000000000000000000000) 	| o_32_s=caca3f4c (-6627238.000000000000000000000000) 	 
=> PASS: expect=-6627237.500000000000000000000000 (caca3f4b), dut=-6627238.000000000000000000000000 (caca3f4c), rounding_error=0.00000754 % (exp_error = 1.00000000 %)
[Random][ADD]i_32_a=caca3ef7 (-6627195.500000000000000000000000) + i_32_b=c2282fc9 (-42.046665191650390625000000) 	| o_32_s=caca3f4c (-6627238.000000000000000000000000) 	 
=> PASS: expect=-6627237.500000000000000000000000 (caca3f4b), dut=-6627238.000000000000000000000000 (caca3f4c), rounding_error=0.00000754 % (exp_error = 1.00000000 %)
==========[ Read data from ROM ]==========
[Random][ADD]i_32_a=cbb85ba1 (-24164162.000000000000000000000000) + i_32_b=c42c1d1f (-688.455017089843750000000000) 	| o_32_s=cbb85cfa (-24164852.000000000000000000000000) 	 
=> PASS: expect=-24164850.000000000000000000000000 (cbb85cf9), dut=-24164852.000000000000000000000000 (cbb85cfa), rounding_error=0.00000828 % (exp_error = 1.00000000 %)
[Random][ADD]i_32_a=c42c1d1f (-688.455017089843750000000000) + i_32_b=cbb85ba1 (-24164162.000000000000000000000000) 	| o_32_s=cbb85cfa (-24164852.000000000000000000000000) 	 
=> PASS: expect=-24164850.000000000000000000000000 (cbb85cf9), dut=-24164852.000000000000000000000000 (cbb85cfa), rounding_error=0.00000828 % (exp_error = 1.00000000 %)
==========[ Read data from ROM ]==========
[Random][ADD]i_32_a=ca61bc93 (-3698468.750000000000000000000000) + i_32_b=4244e52a (49.223793029785156250000000) 	| o_32_s=ca61bbce (-3698419.500000000000000000000000) 	 
=> PASS: expect=-3698419.500000000000000000000000 (ca61bbce), dut=-3698419.500000000000000000000000 (ca61bbce), rounding_error=0.00000000 % (exp_error = 1.00000000 %)
[Random][ADD]i_32_a=4244e52a (49.223793029785156250000000) + i_32_b=ca61bc93 (-3698468.750000000000000000000000) 	| o_32_s=ca61bbce (-3698419.500000000000000000000000) 	 
=> PASS: expect=-3698419.500000000000000000000000 (ca61bbce), dut=-3698419.500000000000000000000000 (ca61bbce), rounding_error=0.00000000 % (exp_error = 1.00000000 %)
==========[ Read data from ROM ]==========
[Random][ADD]i_32_a=4560d686 (3597.407714843750000000000000) + i_32_b=42af474e (87.639266967773437500000000) 	| o_32_s=456650c0 (3685.046875000000000000000000) 	 
=> PASS: expect=3685.046875000000000000000000 (456650c0), dut=3685.046875000000000000000000 (456650c0), rounding_error=0.00000000 % (exp_error = 1.00000000 %)
[Random][ADD]i_32_a=42af474e (87.639266967773437500000000) + i_32_b=4560d686 (3597.407714843750000000000000) 	| o_32_s=456650c0 (3685.046875000000000000000000) 	 
=> PASS: expect=3685.046875000000000000000000 (456650c0), dut=3685.046875000000000000000000 (456650c0), rounding_error=0.00000000 % (exp_error = 1.00000000 %)
==========[ Read data from ROM ]==========
[Random][ADD]i_32_a=c818f3ec (-156623.687500000000000000000000) + i_32_b=4d47ae55 (209380688.000000000000000000000000) 	| o_32_s=4d478818 (209224064.000000000000000000000000) 	 
=> PASS: expect=209224064.000000000000000000000000 (4d478818), dut=209224064.000000000000000000000000 (4d478818), rounding_error=0.00000000 % (exp_error = 1.00000000 %)
[Random][ADD]i_32_a=4d47ae55 (209380688.000000000000000000000000) + i_32_b=c818f3ec (-156623.687500000000000000000000) 	| o_32_s=4d478818 (209224064.000000000000000000000000) 	 
=> PASS: expect=209224064.000000000000000000000000 (4d478818), dut=209224064.000000000000000000000000 (4d478818), rounding_error=0.00000000 % (exp_error = 1.00000000 %)
==========[ Read data from ROM ]==========
[Random][ADD]i_32_a=47532747 (54055.277343750000000000000000) + i_32_b=caf964dd (-8172142.500000000000000000000000) 	| o_32_s=caf7be8e (-8118087.000000000000000000000000) 	 
=> PASS: expect=-8118087.000000000000000000000000 (caf7be8e), dut=-8118087.000000000000000000000000 (caf7be8e), rounding_error=0.00000000 % (exp_error = 1.00000000 %)
[Random][ADD]i_32_a=caf964dd (-8172142.500000000000000000000000) + i_32_b=47532747 (54055.277343750000000000000000) 	| o_32_s=caf7be8e (-8118087.000000000000000000000000) 	 
=> PASS: expect=-8118087.000000000000000000000000 (caf7be8e), dut=-8118087.000000000000000000000000 (caf7be8e), rounding_error=0.00000000 % (exp_error = 1.00000000 %)
==========[ Read data from ROM ]==========
[Random][ADD]i_32_a=479aee2b (79324.335937500000000000000000) + i_32_b=c340fb9e (-192.982879638671875000000000) 	| o_32_s=479a8dad (79131.351562500000000000000000) 	 
=> PASS: expect=79131.351562500000000000000000 (479a8dad), dut=79131.351562500000000000000000 (479a8dad), rounding_error=0.00000000 % (exp_error = 1.00000000 %)
[Random][ADD]i_32_a=c340fb9e (-192.982879638671875000000000) + i_32_b=479aee2b (79324.335937500000000000000000) 	| o_32_s=479a8dad (79131.351562500000000000000000) 	 
=> PASS: expect=79131.351562500000000000000000 (479a8dad), dut=79131.351562500000000000000000 (479a8dad), rounding_error=0.00000000 % (exp_error = 1.00000000 %)
==========[ Read data from ROM ]==========
[Random][ADD]i_32_a=c81f17ab (-162910.671875000000000000000000) + i_32_b=4536a883 (2922.531982421875000000000000) 	| o_32_s=c81c3d09 (-159988.140625000000000000000000) 	 
=> PASS: expect=-159988.140625000000000000000000 (c81c3d09), dut=-159988.140625000000000000000000 (c81c3d09), rounding_error=0.00000000 % (exp_error = 1.00000000 %)
[Random][ADD]i_32_a=4536a883 (2922.531982421875000000000000) + i_32_b=c81f17ab (-162910.671875000000000000000000) 	| o_32_s=c81c3d09 (-159988.140625000000000000000000) 	 
=> PASS: expect=-159988.140625000000000000000000 (c81c3d09), dut=-159988.140625000000000000000000 (c81c3d09), rounding_error=0.00000000 % (exp_error = 1.00000000 %)
==========[ Read data from ROM ]==========
[Random][ADD]i_32_a=461590fc (9572.246093750000000000000000) + i_32_b=41839106 (16.445812225341796875000000) 	| o_32_s=4615d2c4 (9588.691406250000000000000000) 	 
=> PASS: expect=9588.692382812500000000000000 (4615d2c5), dut=9588.691406250000000000000000 (4615d2c4), rounding_error=0.00001018 % (exp_error = 1.00000000 %)
[Random][ADD]i_32_a=41839106 (16.445812225341796875000000) + i_32_b=461590fc (9572.246093750000000000000000) 	| o_32_s=4615d2c4 (9588.691406250000000000000000) 	 
=> PASS: expect=9588.692382812500000000000000 (4615d2c5), dut=9588.691406250000000000000000 (4615d2c4), rounding_error=0.00001018 % (exp_error = 1.00000000 %)
==========[ Read data from ROM ]==========
[Random][ADD]i_32_a=c514a77f (-2378.468505859375000000000000) + i_32_b=c181893b (-16.192007064819335937500000) 	| o_32_s=c515aa91 (-2394.660400390625000000000000) 	 
=> PASS: expect=-2394.660400390625000000000000 (c515aa91), dut=-2394.660400390625000000000000 (c515aa91), rounding_error=0.00000000 % (exp_error = 1.00000000 %)
[Random][ADD]i_32_a=c181893b (-16.192007064819335937500000) + i_32_b=c514a77f (-2378.468505859375000000000000) 	| o_32_s=c515aa91 (-2394.660400390625000000000000) 	 
=> PASS: expect=-2394.660400390625000000000000 (c515aa91), dut=-2394.660400390625000000000000 (c515aa91), rounding_error=0.00000000 % (exp_error = 1.00000000 %)
==========[ Read data from ROM ]==========
[Random][ADD]i_32_a=cb5aab02 (-14330626.000000000000000000000000) + i_32_b=c6c35c7d (-25006.244140625000000000000000) 	| o_32_s=cb5b0cb1 (-14355633.000000000000000000000000) 	 
=> PASS: expect=-14355632.000000000000000000000000 (cb5b0cb0), dut=-14355633.000000000000000000000000 (cb5b0cb1), rounding_error=0.00000697 % (exp_error = 1.00000000 %)
[Random][ADD]i_32_a=c6c35c7d (-25006.244140625000000000000000) + i_32_b=cb5aab02 (-14330626.000000000000000000000000) 	| o_32_s=cb5b0cb1 (-14355633.000000000000000000000000) 	 
=> PASS: expect=-14355632.000000000000000000000000 (cb5b0cb0), dut=-14355633.000000000000000000000000 (cb5b0cb1), rounding_error=0.00000697 % (exp_error = 1.00000000 %)
==========[ Read data from ROM ]==========
[Random][ADD]i_32_a=c326a4ec (-166.644226074218750000000000) + i_32_b=464f8ee0 (13283.718750000000000000000000) 	| o_32_s=464cf44d (13117.075195312500000000000000) 	 
=> PASS: expect=13117.074218750000000000000000 (464cf44c), dut=13117.075195312500000000000000 (464cf44d), rounding_error=0.00000744 % (exp_error = 1.00000000 %)
[Random][ADD]i_32_a=464f8ee0 (13283.718750000000000000000000) + i_32_b=c326a4ec (-166.644226074218750000000000) 	| o_32_s=464cf44d (13117.075195312500000000000000) 	 
=> PASS: expect=13117.074218750000000000000000 (464cf44c), dut=13117.075195312500000000000000 (464cf44d), rounding_error=0.00000744 % (exp_error = 1.00000000 %)
==========[ Read data from ROM ]==========
[Random][ADD]i_32_a=ce855f48 (-1118807040.000000000000000000000000) + i_32_b=c3b6e55c (-365.791870117187500000000000) 	| o_32_s=ce855f4a (-1118807296.000000000000000000000000) 	 
=> PASS: expect=-1118807424.000000000000000000000000 (ce855f4b), dut=-1118807296.000000000000000000000000 (ce855f4a), rounding_error=0.00001144 % (exp_error = 1.00000000 %)
[Random][ADD]i_32_a=c3b6e55c (-365.791870117187500000000000) + i_32_b=ce855f48 (-1118807040.000000000000000000000000) 	| o_32_s=ce855f4a (-1118807296.000000000000000000000000) 	 
=> PASS: expect=-1118807424.000000000000000000000000 (ce855f4b), dut=-1118807296.000000000000000000000000 (ce855f4a), rounding_error=0.00001144 % (exp_error = 1.00000000 %)
==========[ Read data from ROM ]==========
[Random][ADD]i_32_a=c57388e5 (-3896.555908203125000000000000) + i_32_b=4aa23a32 (5315865.000000000000000000000000) 	| o_32_s=4aa21bc1 (5311968.500000000000000000000000) 	 
=> PASS: expect=5311968.500000000000000000000000 (4aa21bc1), dut=5311968.500000000000000000000000 (4aa21bc1), rounding_error=0.00000000 % (exp_error = 1.00000000 %)
[Random][ADD]i_32_a=4aa23a32 (5315865.000000000000000000000000) + i_32_b=c57388e5 (-3896.555908203125000000000000) 	| o_32_s=4aa21bc1 (5311968.500000000000000000000000) 	 
=> PASS: expect=5311968.500000000000000000000000 (4aa21bc1), dut=5311968.500000000000000000000000 (4aa21bc1), rounding_error=0.00000000 % (exp_error = 1.00000000 %)
==========[ Read data from ROM ]==========
[Random][ADD]i_32_a=c12ac207 (-10.672369956970214843750000) + i_32_b=49238105 (669712.312500000000000000000000) 	| o_32_s=4923805a (669701.625000000000000000000000) 	 
=> PASS: expect=669701.625000000000000000000000 (4923805a), dut=669701.625000000000000000000000 (4923805a), rounding_error=0.00000000 % (exp_error = 1.00000000 %)
[Random][ADD]i_32_a=49238105 (669712.312500000000000000000000) + i_32_b=c12ac207 (-10.672369956970214843750000) 	| o_32_s=4923805a (669701.625000000000000000000000) 	 
=> PASS: expect=669701.625000000000000000000000 (4923805a), dut=669701.625000000000000000000000 (4923805a), rounding_error=0.00000000 % (exp_error = 1.00000000 %)
==========[ Read data from ROM ]==========
[Random][ADD]i_32_a=cb791e01 (-16326145.000000000000000000000000) + i_32_b=44e0e30f (1799.095581054687500000000000) 	| o_32_s=cb7916fa (-16324346.000000000000000000000000) 	 
=> PASS: expect=-16324346.000000000000000000000000 (cb7916fa), dut=-16324346.000000000000000000000000 (cb7916fa), rounding_error=0.00000000 % (exp_error = 1.00000000 %)
[Random][ADD]i_32_a=44e0e30f (1799.095581054687500000000000) + i_32_b=cb791e01 (-16326145.000000000000000000000000) 	| o_32_s=cb7916fa (-16324346.000000000000000000000000) 	 
=> PASS: expect=-16324346.000000000000000000000000 (cb7916fa), dut=-16324346.000000000000000000000000 (cb7916fa), rounding_error=0.00000000 % (exp_error = 1.00000000 %)
==========[ Read data from ROM ]==========
[Random][ADD]i_32_a=c7f15a26 (-123572.296875000000000000000000) + i_32_b=c91a25c6 (-631388.375000000000000000000000) 	| o_32_s=c938510a (-754960.625000000000000000000000) 	 
=> PASS: expect=-754960.687500000000000000000000 (c938510b), dut=-754960.625000000000000000000000 (c938510a), rounding_error=0.00000828 % (exp_error = 1.00000000 %)
[Random][ADD]i_32_a=c91a25c6 (-631388.375000000000000000000000) + i_32_b=c7f15a26 (-123572.296875000000000000000000) 	| o_32_s=c938510a (-754960.625000000000000000000000) 	 
=> PASS: expect=-754960.687500000000000000000000 (c938510b), dut=-754960.625000000000000000000000 (c938510a), rounding_error=0.00000828 % (exp_error = 1.00000000 %)
==========[ Read data from ROM ]==========
[Random][ADD]i_32_a=4b4e1d21 (13507873.000000000000000000000000) + i_32_b=ca93d94a (-4844709.000000000000000000000000) 	| o_32_s=4b04307c (8663164.000000000000000000000000) 	 
=> PASS: expect=8663164.000000000000000000000000 (4b04307c), dut=8663164.000000000000000000000000 (4b04307c), rounding_error=0.00000000 % (exp_error = 1.00000000 %)
[Random][ADD]i_32_a=ca93d94a (-4844709.000000000000000000000000) + i_32_b=4b4e1d21 (13507873.000000000000000000000000) 	| o_32_s=4b04307c (8663164.000000000000000000000000) 	 
=> PASS: expect=8663164.000000000000000000000000 (4b04307c), dut=8663164.000000000000000000000000 (4b04307c), rounding_error=0.00000000 % (exp_error = 1.00000000 %)
==========[ Read data from ROM ]==========
[Random][ADD]i_32_a=c92068a5 (-657034.312500000000000000000000) + i_32_b=c30026d0 (-128.151611328125000000000000) 	| o_32_s=c92070a7 (-657162.437500000000000000000000) 	 
=> PASS: expect=-657162.437500000000000000000000 (c92070a7), dut=-657162.437500000000000000000000 (c92070a7), rounding_error=0.00000000 % (exp_error = 1.00000000 %)
[Random][ADD]i_32_a=c30026d0 (-128.151611328125000000000000) + i_32_b=c92068a5 (-657034.312500000000000000000000) 	| o_32_s=c92070a7 (-657162.437500000000000000000000) 	 
=> PASS: expect=-657162.437500000000000000000000 (c92070a7), dut=-657162.437500000000000000000000 (c92070a7), rounding_error=0.00000000 % (exp_error = 1.00000000 %)
==========[ Read data from ROM ]==========
[Random][ADD]i_32_a=c5d8784e (-6927.038085937500000000000000) + i_32_b=47a996ce (86829.609375000000000000000000) 	| o_32_s=479c0f49 (79902.570312500000000000000000) 	 
=> PASS: expect=79902.570312500000000000000000 (479c0f49), dut=79902.570312500000000000000000 (479c0f49), rounding_error=0.00000000 % (exp_error = 1.00000000 %)
[Random][ADD]i_32_a=47a996ce (86829.609375000000000000000000) + i_32_b=c5d8784e (-6927.038085937500000000000000) 	| o_32_s=479c0f49 (79902.570312500000000000000000) 	 
=> PASS: expect=79902.570312500000000000000000 (479c0f49), dut=79902.570312500000000000000000 (479c0f49), rounding_error=0.00000000 % (exp_error = 1.00000000 %)
==========[ Read data from ROM ]==========
[Random][ADD]i_32_a=c71058c8 (-36952.781250000000000000000000) + i_32_b=c990658e (-1182897.750000000000000000000000) 	| o_32_s=c994e855 (-1219850.625000000000000000000000) 	 
=> PASS: expect=-1219850.500000000000000000000000 (c994e854), dut=-1219850.625000000000000000000000 (c994e855), rounding_error=0.00001025 % (exp_error = 1.00000000 %)
[Random][ADD]i_32_a=c990658e (-1182897.750000000000000000000000) + i_32_b=c71058c8 (-36952.781250000000000000000000) 	| o_32_s=c994e855 (-1219850.625000000000000000000000) 	 
=> PASS: expect=-1219850.500000000000000000000000 (c994e854), dut=-1219850.625000000000000000000000 (c994e855), rounding_error=0.00001025 % (exp_error = 1.00000000 %)
==========[ Read data from ROM ]==========
[Random][ADD]i_32_a=c8d48d98 (-435308.750000000000000000000000) + i_32_b=cc5c972e (-57826488.000000000000000000000000) 	| o_32_s=cc5e404a (-58261800.000000000000000000000000) 	 
=> PASS: expect=-58261796.000000000000000000000000 (cc5e4049), dut=-58261800.000000000000000000000000 (cc5e404a), rounding_error=0.00000687 % (exp_error = 1.00000000 %)
[Random][ADD]i_32_a=cc5c972e (-57826488.000000000000000000000000) + i_32_b=c8d48d98 (-435308.750000000000000000000000) 	| o_32_s=cc5e404a (-58261800.000000000000000000000000) 	 
=> PASS: expect=-58261796.000000000000000000000000 (cc5e4049), dut=-58261800.000000000000000000000000 (cc5e404a), rounding_error=0.00000687 % (exp_error = 1.00000000 %)
==========[ Read data from ROM ]==========
[Random][ADD]i_32_a=c98c1b06 (-1147744.750000000000000000000000) + i_32_b=47103435 (36916.207031250000000000000000) 	| o_32_s=c9879965 (-1110828.625000000000000000000000) 	 
=> PASS: expect=-1110828.500000000000000000000000 (c9879964), dut=-1110828.625000000000000000000000 (c9879965), rounding_error=0.00001125 % (exp_error = 1.00000000 %)
[Random][ADD]i_32_a=47103435 (36916.207031250000000000000000) + i_32_b=c98c1b06 (-1147744.750000000000000000000000) 	| o_32_s=c9879965 (-1110828.625000000000000000000000) 	 
=> PASS: expect=-1110828.500000000000000000000000 (c9879964), dut=-1110828.625000000000000000000000 (c9879965), rounding_error=0.00001125 % (exp_error = 1.00000000 %)
==========[ Read data from ROM ]==========
[Random][ADD]i_32_a=46884ce5 (17446.447265625000000000000000) + i_32_b=4b4fedf6 (13626870.000000000000000000000000) 	| o_32_s=4b50321c (13644316.000000000000000000000000) 	 
=> PASS: expect=13644316.000000000000000000000000 (4b50321c), dut=13644316.000000000000000000000000 (4b50321c), rounding_error=0.00000000 % (exp_error = 1.00000000 %)
[Random][ADD]i_32_a=4b4fedf6 (13626870.000000000000000000000000) + i_32_b=46884ce5 (17446.447265625000000000000000) 	| o_32_s=4b50321c (13644316.000000000000000000000000) 	 
=> PASS: expect=13644316.000000000000000000000000 (4b50321c), dut=13644316.000000000000000000000000 (4b50321c), rounding_error=0.00000000 % (exp_error = 1.00000000 %)
==========[ Read data from ROM ]==========
[Random][ADD]i_32_a=4258dee9 (54.217685699462890625000000) + i_32_b=c30f5bf8 (-143.359252929687500000000000) 	| o_32_s=c2b2487b (-89.141563415527343750000000) 	 
=> PASS: expect=-89.141571044921875000000000 (c2b2487c), dut=-89.141563415527343750000000 (c2b2487b), rounding_error=0.00000856 % (exp_error = 1.00000000 %)
[Random][ADD]i_32_a=c30f5bf8 (-143.359252929687500000000000) + i_32_b=4258dee9 (54.217685699462890625000000) 	| o_32_s=c2b2487b (-89.141563415527343750000000) 	 
=> PASS: expect=-89.141571044921875000000000 (c2b2487c), dut=-89.141563415527343750000000 (c2b2487b), rounding_error=0.00000856 % (exp_error = 1.00000000 %)
==========[ Read data from ROM ]==========
[Random][ADD]i_32_a=c5e3ee39 (-7293.777832031250000000000000) + i_32_b=c48dcd71 (-1134.420043945312500000000000) 	| o_32_s=c603b0cb (-8428.198242187500000000000000) 	 
=> PASS: expect=-8428.198242187500000000000000 (c603b0cb), dut=-8428.198242187500000000000000 (c603b0cb), rounding_error=0.00000000 % (exp_error = 1.00000000 %)
[Random][ADD]i_32_a=c48dcd71 (-1134.420043945312500000000000) + i_32_b=c5e3ee39 (-7293.777832031250000000000000) 	| o_32_s=c603b0cb (-8428.198242187500000000000000) 	 
=> PASS: expect=-8428.198242187500000000000000 (c603b0cb), dut=-8428.198242187500000000000000 (c603b0cb), rounding_error=0.00000000 % (exp_error = 1.00000000 %)
==========[ Read data from ROM ]==========
[Random][ADD]i_32_a=43e99779 (467.183380126953125000000000) + i_32_b=48682ae6 (237739.593750000000000000000000) 	| o_32_s=48689fb2 (238206.781250000000000000000000) 	 
=> PASS: expect=238206.781250000000000000000000 (48689fb2), dut=238206.781250000000000000000000 (48689fb2), rounding_error=0.00000000 % (exp_error = 1.00000000 %)
[Random][ADD]i_32_a=48682ae6 (237739.593750000000000000000000) + i_32_b=43e99779 (467.183380126953125000000000) 	| o_32_s=48689fb2 (238206.781250000000000000000000) 	 
=> PASS: expect=238206.781250000000000000000000 (48689fb2), dut=238206.781250000000000000000000 (48689fb2), rounding_error=0.00000000 % (exp_error = 1.00000000 %)
==========[ Read data from ROM ]==========
[Random][ADD]i_32_a=cd3a50ed (-195366608.000000000000000000000000) + i_32_b=480731c2 (138439.031250000000000000000000) 	| o_32_s=cd3a2f20 (-195228160.000000000000000000000000) 	 
=> PASS: expect=-195228176.000000000000000000000000 (cd3a2f21), dut=-195228160.000000000000000000000000 (cd3a2f20), rounding_error=0.00000820 % (exp_error = 1.00000000 %)
[Random][ADD]i_32_a=480731c2 (138439.031250000000000000000000) + i_32_b=cd3a50ed (-195366608.000000000000000000000000) 	| o_32_s=cd3a2f20 (-195228160.000000000000000000000000) 	 
=> PASS: expect=-195228176.000000000000000000000000 (cd3a2f21), dut=-195228160.000000000000000000000000 (cd3a2f20), rounding_error=0.00000820 % (exp_error = 1.00000000 %)
==========[ Read data from ROM ]==========
[Random][ADD]i_32_a=470e9d56 (36509.335937500000000000000000) + i_32_b=c20d05d8 (-35.255706787109375000000000) 	| o_32_s=470e7a14 (36474.078125000000000000000000) 	 
=> PASS: expect=36474.082031250000000000000000 (470e7a15), dut=36474.078125000000000000000000 (470e7a14), rounding_error=0.00001071 % (exp_error = 1.00000000 %)
[Random][ADD]i_32_a=c20d05d8 (-35.255706787109375000000000) + i_32_b=470e9d56 (36509.335937500000000000000000) 	| o_32_s=470e7a14 (36474.078125000000000000000000) 	 
=> PASS: expect=36474.082031250000000000000000 (470e7a15), dut=36474.078125000000000000000000 (470e7a14), rounding_error=0.00001071 % (exp_error = 1.00000000 %)
==========[ Read data from ROM ]==========
[Random][ADD]i_32_a=c1975994 (-18.918739318847656250000000) + i_32_b=44ae6afb (1395.343139648437500000000000) 	| o_32_s=44ac0d94 (1376.424316406250000000000000) 	 
=> PASS: expect=1376.424438476562500000000000 (44ac0d95), dut=1376.424316406250000000000000 (44ac0d94), rounding_error=0.00000887 % (exp_error = 1.00000000 %)
[Random][ADD]i_32_a=44ae6afb (1395.343139648437500000000000) + i_32_b=c1975994 (-18.918739318847656250000000) 	| o_32_s=44ac0d94 (1376.424316406250000000000000) 	 
=> PASS: expect=1376.424438476562500000000000 (44ac0d95), dut=1376.424316406250000000000000 (44ac0d94), rounding_error=0.00000887 % (exp_error = 1.00000000 %)
==========[ Read data from ROM ]==========
[Random][ADD]i_32_a=4b4254ef (12735727.000000000000000000000000) + i_32_b=c9d37f99 (-1732595.125000000000000000000000) 	| o_32_s=4b27e4fc (11003132.000000000000000000000000) 	 
=> PASS: expect=11003132.000000000000000000000000 (4b27e4fc), dut=11003132.000000000000000000000000 (4b27e4fc), rounding_error=0.00000000 % (exp_error = 1.00000000 %)
[Random][ADD]i_32_a=c9d37f99 (-1732595.125000000000000000000000) + i_32_b=4b4254ef (12735727.000000000000000000000000) 	| o_32_s=4b27e4fc (11003132.000000000000000000000000) 	 
=> PASS: expect=11003132.000000000000000000000000 (4b27e4fc), dut=11003132.000000000000000000000000 (4b27e4fc), rounding_error=0.00000000 % (exp_error = 1.00000000 %)
==========[ Read data from ROM ]==========
[Random][ADD]i_32_a=4b14048d (9700493.000000000000000000000000) + i_32_b=ca1d4caa (-2577194.500000000000000000000000) 	| o_32_s=4ad962c5 (7123298.500000000000000000000000) 	 
=> PASS: expect=7123298.500000000000000000000000 (4ad962c5), dut=7123298.500000000000000000000000 (4ad962c5), rounding_error=0.00000000 % (exp_error = 1.00000000 %)
[Random][ADD]i_32_a=ca1d4caa (-2577194.500000000000000000000000) + i_32_b=4b14048d (9700493.000000000000000000000000) 	| o_32_s=4ad962c5 (7123298.500000000000000000000000) 	 
=> PASS: expect=7123298.500000000000000000000000 (4ad962c5), dut=7123298.500000000000000000000000 (4ad962c5), rounding_error=0.00000000 % (exp_error = 1.00000000 %)
==========[ Read data from ROM ]==========
[Random][ADD]i_32_a=c5086577 (-2182.341552734375000000000000) + i_32_b=4d952165 (312749216.000000000000000000000000) 	| o_32_s=4d952121 (312747040.000000000000000000000000) 	 
=> PASS: expect=312747040.000000000000000000000000 (4d952121), dut=312747040.000000000000000000000000 (4d952121), rounding_error=0.00000000 % (exp_error = 1.00000000 %)
[Random][ADD]i_32_a=4d952165 (312749216.000000000000000000000000) + i_32_b=c5086577 (-2182.341552734375000000000000) 	| o_32_s=4d952121 (312747040.000000000000000000000000) 	 
=> PASS: expect=312747040.000000000000000000000000 (4d952121), dut=312747040.000000000000000000000000 (4d952121), rounding_error=0.00000000 % (exp_error = 1.00000000 %)
==========[ Read data from ROM ]==========
[Random][ADD]i_32_a=452a5342 (2725.203613281250000000000000) + i_32_b=471ba5ab (39845.667968750000000000000000) 	| o_32_s=47264ae0 (42570.875000000000000000000000) 	 
=> PASS: expect=42570.871093750000000000000000 (47264adf), dut=42570.875000000000000000000000 (47264ae0), rounding_error=0.00000918 % (exp_error = 1.00000000 %)
[Random][ADD]i_32_a=471ba5ab (39845.667968750000000000000000) + i_32_b=452a5342 (2725.203613281250000000000000) 	| o_32_s=47264ae0 (42570.875000000000000000000000) 	 
=> PASS: expect=42570.871093750000000000000000 (47264adf), dut=42570.875000000000000000000000 (47264ae0), rounding_error=0.00000918 % (exp_error = 1.00000000 %)
==========[ Read data from ROM ]==========
[Random][ADD]i_32_a=4e201d42 (671568000.000000000000000000000000) + i_32_b=4570f92f (3855.573974609375000000000000) 	| o_32_s=4e201d7f (671571904.000000000000000000000000) 	 
=> PASS: expect=671571840.000000000000000000000000 (4e201d7e), dut=671571904.000000000000000000000000 (4e201d7f), rounding_error=0.00000953 % (exp_error = 1.00000000 %)
[Random][ADD]i_32_a=4570f92f (3855.573974609375000000000000) + i_32_b=4e201d42 (671568000.000000000000000000000000) 	| o_32_s=4e201d7f (671571904.000000000000000000000000) 	 
=> PASS: expect=671571840.000000000000000000000000 (4e201d7e), dut=671571904.000000000000000000000000 (4e201d7f), rounding_error=0.00000953 % (exp_error = 1.00000000 %)
==========[ Read data from ROM ]==========
[Random][ADD]i_32_a=c985e0c1 (-1096728.125000000000000000000000) + i_32_b=caa68fe2 (-5457905.000000000000000000000000) 	| o_32_s=cac80813 (-6554633.500000000000000000000000) 	 
=> PASS: expect=-6554633.000000000000000000000000 (cac80812), dut=-6554633.500000000000000000000000 (cac80813), rounding_error=0.00000763 % (exp_error = 1.00000000 %)
[Random][ADD]i_32_a=caa68fe2 (-5457905.000000000000000000000000) + i_32_b=c985e0c1 (-1096728.125000000000000000000000) 	| o_32_s=cac80813 (-6554633.500000000000000000000000) 	 
=> PASS: expect=-6554633.000000000000000000000000 (cac80812), dut=-6554633.500000000000000000000000 (cac80813), rounding_error=0.00000763 % (exp_error = 1.00000000 %)
==========[ Read data from ROM ]==========
[Random][ADD]i_32_a=c351b436 (-209.703948974609375000000000) + i_32_b=4b301df4 (11542004.000000000000000000000000) 	| o_32_s=4b301d23 (11541795.000000000000000000000000) 	 
=> PASS: expect=11541794.000000000000000000000000 (4b301d22), dut=11541795.000000000000000000000000 (4b301d23), rounding_error=0.00000866 % (exp_error = 1.00000000 %)
[Random][ADD]i_32_a=4b301df4 (11542004.000000000000000000000000) + i_32_b=c351b436 (-209.703948974609375000000000) 	| o_32_s=4b301d23 (11541795.000000000000000000000000) 	 
=> PASS: expect=11541794.000000000000000000000000 (4b301d22), dut=11541795.000000000000000000000000 (4b301d23), rounding_error=0.00000866 % (exp_error = 1.00000000 %)
==========[ Read data from ROM ]==========
[Random][ADD]i_32_a=ca8e782f (-4668439.500000000000000000000000) + i_32_b=cd545e53 (-222684464.000000000000000000000000) 	| o_32_s=cd58d214 (-227352896.000000000000000000000000) 	 
=> PASS: expect=-227352896.000000000000000000000000 (cd58d214), dut=-227352896.000000000000000000000000 (cd58d214), rounding_error=0.00000000 % (exp_error = 1.00000000 %)
[Random][ADD]i_32_a=cd545e53 (-222684464.000000000000000000000000) + i_32_b=ca8e782f (-4668439.500000000000000000000000) 	| o_32_s=cd58d214 (-227352896.000000000000000000000000) 	 
=> PASS: expect=-227352896.000000000000000000000000 (cd58d214), dut=-227352896.000000000000000000000000 (cd58d214), rounding_error=0.00000000 % (exp_error = 1.00000000 %)
==========[ Read data from ROM ]==========
[Random][ADD]i_32_a=48b6e7fe (374591.937500000000000000000000) + i_32_b=4a4d789b (3366438.750000000000000000000000) 	| o_32_s=4a64559a (3741030.500000000000000000000000) 	 
=> PASS: expect=3741030.750000000000000000000000 (4a64559b), dut=3741030.500000000000000000000000 (4a64559a), rounding_error=0.00000668 % (exp_error = 1.00000000 %)
[Random][ADD]i_32_a=4a4d789b (3366438.750000000000000000000000) + i_32_b=48b6e7fe (374591.937500000000000000000000) 	| o_32_s=4a64559a (3741030.500000000000000000000000) 	 
=> PASS: expect=3741030.750000000000000000000000 (4a64559b), dut=3741030.500000000000000000000000 (4a64559a), rounding_error=0.00000668 % (exp_error = 1.00000000 %)
==========[ Read data from ROM ]==========
[Random][ADD]i_32_a=46be81c8 (24384.890625000000000000000000) + i_32_b=4a0b094a (2277970.500000000000000000000000) 	| o_32_s=4a0c864e (2302355.500000000000000000000000) 	 
=> PASS: expect=2302355.500000000000000000000000 (4a0c864e), dut=2302355.500000000000000000000000 (4a0c864e), rounding_error=0.00000000 % (exp_error = 1.00000000 %)
[Random][ADD]i_32_a=4a0b094a (2277970.500000000000000000000000) + i_32_b=46be81c8 (24384.890625000000000000000000) 	| o_32_s=4a0c864e (2302355.500000000000000000000000) 	 
=> PASS: expect=2302355.500000000000000000000000 (4a0c864e), dut=2302355.500000000000000000000000 (4a0c864e), rounding_error=0.00000000 % (exp_error = 1.00000000 %)
==========[ Read data from ROM ]==========
[Random][ADD]i_32_a=c6a92bf4 (-21653.976562500000000000000000) + i_32_b=cd8591c7 (-280115424.000000000000000000000000) 	| o_32_s=cd85946c (-280137088.000000000000000000000000) 	 
=> PASS: expect=-280137088.000000000000000000000000 (cd85946c), dut=-280137088.000000000000000000000000 (cd85946c), rounding_error=0.00000000 % (exp_error = 1.00000000 %)
[Random][ADD]i_32_a=cd8591c7 (-280115424.000000000000000000000000) + i_32_b=c6a92bf4 (-21653.976562500000000000000000) 	| o_32_s=cd85946c (-280137088.000000000000000000000000) 	 
=> PASS: expect=-280137088.000000000000000000000000 (cd85946c), dut=-280137088.000000000000000000000000 (cd85946c), rounding_error=0.00000000 % (exp_error = 1.00000000 %)
==========[ Read data from ROM ]==========
[Random][ADD]i_32_a=4951e295 (859689.312500000000000000000000) + i_32_b=c42cbec2 (-690.980590820312500000000000) 	| o_32_s=4951b766 (858998.375000000000000000000000) 	 
=> PASS: expect=858998.312500000000000000000000 (4951b765), dut=858998.375000000000000000000000 (4951b766), rounding_error=0.00000728 % (exp_error = 1.00000000 %)
[Random][ADD]i_32_a=c42cbec2 (-690.980590820312500000000000) + i_32_b=4951e295 (859689.312500000000000000000000) 	| o_32_s=4951b766 (858998.375000000000000000000000) 	 
=> PASS: expect=858998.312500000000000000000000 (4951b765), dut=858998.375000000000000000000000 (4951b766), rounding_error=0.00000728 % (exp_error = 1.00000000 %)
==========[ Read data from ROM ]==========
[Random][ADD]i_32_a=c7a4c874 (-84368.906250000000000000000000) + i_32_b=cc83e8b7 (-69158328.000000000000000000000000) 	| o_32_s=cc8411ea (-69242704.000000000000000000000000) 	 
=> PASS: expect=-69242696.000000000000000000000000 (cc8411e9), dut=-69242704.000000000000000000000000 (cc8411ea), rounding_error=0.00001155 % (exp_error = 1.00000000 %)
[Random][ADD]i_32_a=cc83e8b7 (-69158328.000000000000000000000000) + i_32_b=c7a4c874 (-84368.906250000000000000000000) 	| o_32_s=cc8411ea (-69242704.000000000000000000000000) 	 
=> PASS: expect=-69242696.000000000000000000000000 (cc8411e9), dut=-69242704.000000000000000000000000 (cc8411ea), rounding_error=0.00001155 % (exp_error = 1.00000000 %)
==========[ Read data from ROM ]==========
[Random][ADD]i_32_a=c338b5a5 (-184.709548950195312500000000) + i_32_b=c9499e30 (-825827.000000000000000000000000) 	| o_32_s=c949a9bb (-826011.687500000000000000000000) 	 
=> PASS: expect=-826011.687500000000000000000000 (c949a9bb), dut=-826011.687500000000000000000000 (c949a9bb), rounding_error=0.00000000 % (exp_error = 1.00000000 %)
[Random][ADD]i_32_a=c9499e30 (-825827.000000000000000000000000) + i_32_b=c338b5a5 (-184.709548950195312500000000) 	| o_32_s=c949a9bb (-826011.687500000000000000000000) 	 
=> PASS: expect=-826011.687500000000000000000000 (c949a9bb), dut=-826011.687500000000000000000000 (c949a9bb), rounding_error=0.00000000 % (exp_error = 1.00000000 %)
==========[ Read data from ROM ]==========
[Random][ADD]i_32_a=421a54f9 (38.582981109619140625000000) + i_32_b=c6518a86 (-13410.630859375000000000000000) 	| o_32_s=c650f031 (-13372.047851562500000000000000) 	 
=> PASS: expect=-13372.047851562500000000000000 (c650f031), dut=-13372.047851562500000000000000 (c650f031), rounding_error=0.00000000 % (exp_error = 1.00000000 %)
[Random][ADD]i_32_a=c6518a86 (-13410.630859375000000000000000) + i_32_b=421a54f9 (38.582981109619140625000000) 	| o_32_s=c650f031 (-13372.047851562500000000000000) 	 
=> PASS: expect=-13372.047851562500000000000000 (c650f031), dut=-13372.047851562500000000000000 (c650f031), rounding_error=0.00000000 % (exp_error = 1.00000000 %)
==========[ Read data from ROM ]==========
[Random][ADD]i_32_a=494029e9 (787102.562500000000000000000000) + i_32_b=cc08b4de (-35836792.000000000000000000000000) 	| o_32_s=cc05b437 (-35049692.000000000000000000000000) 	 
=> PASS: expect=-35049688.000000000000000000000000 (cc05b436), dut=-35049692.000000000000000000000000 (cc05b437), rounding_error=0.00001141 % (exp_error = 1.00000000 %)
[Random][ADD]i_32_a=cc08b4de (-35836792.000000000000000000000000) + i_32_b=494029e9 (787102.562500000000000000000000) 	| o_32_s=cc05b437 (-35049692.000000000000000000000000) 	 
=> PASS: expect=-35049688.000000000000000000000000 (cc05b436), dut=-35049692.000000000000000000000000 (cc05b437), rounding_error=0.00001141 % (exp_error = 1.00000000 %)
==========[ Read data from ROM ]==========
[Random][ADD]i_32_a=c5a227a5 (-5188.955566406250000000000000) + i_32_b=c1a2840a (-20.314472198486328125000000) 	| o_32_s=c5a2ca29 (-5209.270019531250000000000000) 	 
=> PASS: expect=-5209.270019531250000000000000 (c5a2ca29), dut=-5209.270019531250000000000000 (c5a2ca29), rounding_error=0.00000000 % (exp_error = 1.00000000 %)
[Random][ADD]i_32_a=c1a2840a (-20.314472198486328125000000) + i_32_b=c5a227a5 (-5188.955566406250000000000000) 	| o_32_s=c5a2ca29 (-5209.270019531250000000000000) 	 
=> PASS: expect=-5209.270019531250000000000000 (c5a2ca29), dut=-5209.270019531250000000000000 (c5a2ca29), rounding_error=0.00000000 % (exp_error = 1.00000000 %)
==========[ Read data from ROM ]==========
[Random][ADD]i_32_a=c972d11f (-994577.937500000000000000000000) + i_32_b=4e263cb9 (697249344.000000000000000000000000) 	| o_32_s=4e260005 (696254784.000000000000000000000000) 	 
=> PASS: expect=696254784.000000000000000000000000 (4e260005), dut=696254784.000000000000000000000000 (4e260005), rounding_error=0.00000000 % (exp_error = 1.00000000 %)
[Random][ADD]i_32_a=4e263cb9 (697249344.000000000000000000000000) + i_32_b=c972d11f (-994577.937500000000000000000000) 	| o_32_s=4e260005 (696254784.000000000000000000000000) 	 
=> PASS: expect=696254784.000000000000000000000000 (4e260005), dut=696254784.000000000000000000000000 (4e260005), rounding_error=0.00000000 % (exp_error = 1.00000000 %)
==========[ Read data from ROM ]==========
[Random][ADD]i_32_a=cebce578 (-1584577536.000000000000000000000000) + i_32_b=4d8606fa (281075520.000000000000000000000000) 	| o_32_s=ce9b63b9 (-1303501952.000000000000000000000000) 	 
=> PASS: expect=-1303502080.000000000000000000000000 (ce9b63ba), dut=-1303501952.000000000000000000000000 (ce9b63b9), rounding_error=0.00000982 % (exp_error = 1.00000000 %)
[Random][ADD]i_32_a=4d8606fa (281075520.000000000000000000000000) + i_32_b=cebce578 (-1584577536.000000000000000000000000) 	| o_32_s=ce9b63b9 (-1303501952.000000000000000000000000) 	 
=> PASS: expect=-1303502080.000000000000000000000000 (ce9b63ba), dut=-1303501952.000000000000000000000000 (ce9b63b9), rounding_error=0.00000982 % (exp_error = 1.00000000 %)
==========[ Read data from ROM ]==========
[Random][ADD]i_32_a=4a79bd75 (4091741.250000000000000000000000) + i_32_b=cdacb8cb (-362223968.000000000000000000000000) 	| o_32_s=cdaac550 (-358132224.000000000000000000000000) 	 
=> PASS: expect=-358132224.000000000000000000000000 (cdaac550), dut=-358132224.000000000000000000000000 (cdaac550), rounding_error=0.00000000 % (exp_error = 1.00000000 %)
[Random][ADD]i_32_a=cdacb8cb (-362223968.000000000000000000000000) + i_32_b=4a79bd75 (4091741.250000000000000000000000) 	| o_32_s=cdaac550 (-358132224.000000000000000000000000) 	 
=> PASS: expect=-358132224.000000000000000000000000 (cdaac550), dut=-358132224.000000000000000000000000 (cdaac550), rounding_error=0.00000000 % (exp_error = 1.00000000 %)
==========[ Read data from ROM ]==========
[Random][ADD]i_32_a=c2838d4a (-65.775955200195312500000000) + i_32_b=4ba37ce4 (21428680.000000000000000000000000) 	| o_32_s=4ba37cc3 (21428614.000000000000000000000000) 	 
=> PASS: expect=21428614.000000000000000000000000 (4ba37cc3), dut=21428614.000000000000000000000000 (4ba37cc3), rounding_error=0.00000000 % (exp_error = 1.00000000 %)
[Random][ADD]i_32_a=4ba37ce4 (21428680.000000000000000000000000) + i_32_b=c2838d4a (-65.775955200195312500000000) 	| o_32_s=4ba37cc3 (21428614.000000000000000000000000) 	 
=> PASS: expect=21428614.000000000000000000000000 (4ba37cc3), dut=21428614.000000000000000000000000 (4ba37cc3), rounding_error=0.00000000 % (exp_error = 1.00000000 %)
==========[ Read data from ROM ]==========
[Random][ADD]i_32_a=c380dbd6 (-257.717468261718750000000000) + i_32_b=4d614cfb (236244912.000000000000000000000000) 	| o_32_s=4d614ceb (236244656.000000000000000000000000) 	 
=> PASS: expect=236244656.000000000000000000000000 (4d614ceb), dut=236244656.000000000000000000000000 (4d614ceb), rounding_error=0.00000000 % (exp_error = 1.00000000 %)
[Random][ADD]i_32_a=4d614cfb (236244912.000000000000000000000000) + i_32_b=c380dbd6 (-257.717468261718750000000000) 	| o_32_s=4d614ceb (236244656.000000000000000000000000) 	 
=> PASS: expect=236244656.000000000000000000000000 (4d614ceb), dut=236244656.000000000000000000000000 (4d614ceb), rounding_error=0.00000000 % (exp_error = 1.00000000 %)
==========[ Read data from ROM ]==========
[Random][ADD]i_32_a=471d8d49 (40333.285156250000000000000000) + i_32_b=435b5ec1 (219.370132446289062500000000) 	| o_32_s=471e68a7 (40552.652343750000000000000000) 	 
=> PASS: expect=40552.656250000000000000000000 (471e68a8), dut=40552.652343750000000000000000 (471e68a7), rounding_error=0.00000963 % (exp_error = 1.00000000 %)
[Random][ADD]i_32_a=435b5ec1 (219.370132446289062500000000) + i_32_b=471d8d49 (40333.285156250000000000000000) 	| o_32_s=471e68a7 (40552.652343750000000000000000) 	 
=> PASS: expect=40552.656250000000000000000000 (471e68a8), dut=40552.652343750000000000000000 (471e68a7), rounding_error=0.00000963 % (exp_error = 1.00000000 %)
==========[ Read data from ROM ]==========
[Random][ADD]i_32_a=caffcb13 (-8381833.500000000000000000000000) + i_32_b=44999eb7 (1228.959838867187500000000000) 	| o_32_s=caffc179 (-8380604.500000000000000000000000) 	 
=> PASS: expect=-8380604.500000000000000000000000 (caffc179), dut=-8380604.500000000000000000000000 (caffc179), rounding_error=0.00000000 % (exp_error = 1.00000000 %)
[Random][ADD]i_32_a=44999eb7 (1228.959838867187500000000000) + i_32_b=caffcb13 (-8381833.500000000000000000000000) 	| o_32_s=caffc179 (-8380604.500000000000000000000000) 	 
=> PASS: expect=-8380604.500000000000000000000000 (caffc179), dut=-8380604.500000000000000000000000 (caffc179), rounding_error=0.00000000 % (exp_error = 1.00000000 %)
==========[ Read data from ROM ]==========
[Random][ADD]i_32_a=46b596ac (23243.335937500000000000000000) + i_32_b=ce5fcaf6 (-938655104.000000000000000000000000) 	| o_32_s=ce5fc98b (-938631872.000000000000000000000000) 	 
=> PASS: expect=-938631872.000000000000000000000000 (ce5fc98b), dut=-938631872.000000000000000000000000 (ce5fc98b), rounding_error=0.00000000 % (exp_error = 1.00000000 %)
[Random][ADD]i_32_a=ce5fcaf6 (-938655104.000000000000000000000000) + i_32_b=46b596ac (23243.335937500000000000000000) 	| o_32_s=ce5fc98b (-938631872.000000000000000000000000) 	 
=> PASS: expect=-938631872.000000000000000000000000 (ce5fc98b), dut=-938631872.000000000000000000000000 (ce5fc98b), rounding_error=0.00000000 % (exp_error = 1.00000000 %)
==========[ Read data from ROM ]==========
[Random][ADD]i_32_a=caab29ff (-5608703.500000000000000000000000) + i_32_b=c53b0423 (-2992.258544921875000000000000) 	| o_32_s=caab415f (-5611695.500000000000000000000000) 	 
=> PASS: expect=-5611696.000000000000000000000000 (caab4160), dut=-5611695.500000000000000000000000 (caab415f), rounding_error=0.00000891 % (exp_error = 1.00000000 %)
[Random][ADD]i_32_a=c53b0423 (-2992.258544921875000000000000) + i_32_b=caab29ff (-5608703.500000000000000000000000) 	| o_32_s=caab415f (-5611695.500000000000000000000000) 	 
=> PASS: expect=-5611696.000000000000000000000000 (caab4160), dut=-5611695.500000000000000000000000 (caab415f), rounding_error=0.00000891 % (exp_error = 1.00000000 %)
==========[ Read data from ROM ]==========
[Random][ADD]i_32_a=4d4806c9 (209742992.000000000000000000000000) + i_32_b=c1a61694 (-20.761024475097656250000000) 	| o_32_s=4d4806c8 (209742976.000000000000000000000000) 	 
=> PASS: expect=209742976.000000000000000000000000 (4d4806c8), dut=209742976.000000000000000000000000 (4d4806c8), rounding_error=0.00000000 % (exp_error = 1.00000000 %)
[Random][ADD]i_32_a=c1a61694 (-20.761024475097656250000000) + i_32_b=4d4806c9 (209742992.000000000000000000000000) 	| o_32_s=4d4806c8 (209742976.000000000000000000000000) 	 
=> PASS: expect=209742976.000000000000000000000000 (4d4806c8), dut=209742976.000000000000000000000000 (4d4806c8), rounding_error=0.00000000 % (exp_error = 1.00000000 %)
==========[ Read data from ROM ]==========
[Random][ADD]i_32_a=4cebd67f (123646968.000000000000000000000000) + i_32_b=490f278a (586360.625000000000000000000000) 	| o_32_s=4cecf4cf (124233336.000000000000000000000000) 	 
=> PASS: expect=124233328.000000000000000000000000 (4cecf4ce), dut=124233336.000000000000000000000000 (4cecf4cf), rounding_error=0.00000644 % (exp_error = 1.00000000 %)
[Random][ADD]i_32_a=490f278a (586360.625000000000000000000000) + i_32_b=4cebd67f (123646968.000000000000000000000000) 	| o_32_s=4cecf4cf (124233336.000000000000000000000000) 	 
=> PASS: expect=124233328.000000000000000000000000 (4cecf4ce), dut=124233336.000000000000000000000000 (4cecf4cf), rounding_error=0.00000644 % (exp_error = 1.00000000 %)
==========[ Read data from ROM ]==========
[Random][ADD]i_32_a=c2f61eef (-123.060417175292968750000000) + i_32_b=cc03e98f (-34580028.000000000000000000000000) 	| o_32_s=cc03e9ad (-34580148.000000000000000000000000) 	 
=> PASS: expect=-34580152.000000000000000000000000 (cc03e9ae), dut=-34580148.000000000000000000000000 (cc03e9ad), rounding_error=0.00001157 % (exp_error = 1.00000000 %)
[Random][ADD]i_32_a=cc03e98f (-34580028.000000000000000000000000) + i_32_b=c2f61eef (-123.060417175292968750000000) 	| o_32_s=cc03e9ad (-34580148.000000000000000000000000) 	 
=> PASS: expect=-34580152.000000000000000000000000 (cc03e9ae), dut=-34580148.000000000000000000000000 (cc03e9ad), rounding_error=0.00001157 % (exp_error = 1.00000000 %)
==========[ Read data from ROM ]==========
[Random][ADD]i_32_a=48ccf3a4 (419741.125000000000000000000000) + i_32_b=49d54fcc (1747449.500000000000000000000000) 	| o_32_s=4a04465a (2167190.500000000000000000000000) 	 
=> PASS: expect=2167190.500000000000000000000000 (4a04465a), dut=2167190.500000000000000000000000 (4a04465a), rounding_error=0.00000000 % (exp_error = 1.00000000 %)
[Random][ADD]i_32_a=49d54fcc (1747449.500000000000000000000000) + i_32_b=48ccf3a4 (419741.125000000000000000000000) 	| o_32_s=4a04465a (2167190.500000000000000000000000) 	 
=> PASS: expect=2167190.500000000000000000000000 (4a04465a), dut=2167190.500000000000000000000000 (4a04465a), rounding_error=0.00000000 % (exp_error = 1.00000000 %)
==========[ Read data from ROM ]==========
[Random][ADD]i_32_a=4e5af2e9 (918338112.000000000000000000000000) + i_32_b=47392735 (47399.207031250000000000000000) 	| o_32_s=4e5af5ce (918385536.000000000000000000000000) 	 
=> PASS: expect=918385536.000000000000000000000000 (4e5af5ce), dut=918385536.000000000000000000000000 (4e5af5ce), rounding_error=0.00000000 % (exp_error = 1.00000000 %)
[Random][ADD]i_32_a=47392735 (47399.207031250000000000000000) + i_32_b=4e5af2e9 (918338112.000000000000000000000000) 	| o_32_s=4e5af5ce (918385536.000000000000000000000000) 	 
=> PASS: expect=918385536.000000000000000000000000 (4e5af5ce), dut=918385536.000000000000000000000000 (4e5af5ce), rounding_error=0.00000000 % (exp_error = 1.00000000 %)
==========[ Read data from ROM ]==========
[Random][ADD]i_32_a=cb88ed19 (-17947186.000000000000000000000000) + i_32_b=c96be65d (-966245.812500000000000000000000) 	| o_32_s=cb904c4b (-18913430.000000000000000000000000) 	 
=> PASS: expect=-18913432.000000000000000000000000 (cb904c4c), dut=-18913430.000000000000000000000000 (cb904c4b), rounding_error=0.00001057 % (exp_error = 1.00000000 %)
[Random][ADD]i_32_a=c96be65d (-966245.812500000000000000000000) + i_32_b=cb88ed19 (-17947186.000000000000000000000000) 	| o_32_s=cb904c4b (-18913430.000000000000000000000000) 	 
=> PASS: expect=-18913432.000000000000000000000000 (cb904c4c), dut=-18913430.000000000000000000000000 (cb904c4b), rounding_error=0.00001057 % (exp_error = 1.00000000 %)
==========[ Read data from ROM ]==========
[Random][ADD]i_32_a=48ad6314 (355096.625000000000000000000000) + i_32_b=4831faad (182250.703125000000000000000000) 	| o_32_s=49033035 (537347.312500000000000000000000) 	 
=> PASS: expect=537347.312500000000000000000000 (49033035), dut=537347.312500000000000000000000 (49033035), rounding_error=0.00000000 % (exp_error = 1.00000000 %)
[Random][ADD]i_32_a=4831faad (182250.703125000000000000000000) + i_32_b=48ad6314 (355096.625000000000000000000000) 	| o_32_s=49033035 (537347.312500000000000000000000) 	 
=> PASS: expect=537347.312500000000000000000000 (49033035), dut=537347.312500000000000000000000 (49033035), rounding_error=0.00000000 % (exp_error = 1.00000000 %)
==========[ Read data from ROM ]==========
[Random][ADD]i_32_a=c475645d (-981.568176269531250000000000) + i_32_b=463a2173 (11912.362304687500000000000000) 	| o_32_s=462acb2d (10930.793945312500000000000000) 	 
=> PASS: expect=10930.793945312500000000000000 (462acb2d), dut=10930.793945312500000000000000 (462acb2d), rounding_error=0.00000000 % (exp_error = 1.00000000 %)
[Random][ADD]i_32_a=463a2173 (11912.362304687500000000000000) + i_32_b=c475645d (-981.568176269531250000000000) 	| o_32_s=462acb2d (10930.793945312500000000000000) 	 
=> PASS: expect=10930.793945312500000000000000 (462acb2d), dut=10930.793945312500000000000000 (462acb2d), rounding_error=0.00000000 % (exp_error = 1.00000000 %)
==========[ Read data from ROM ]==========
[Random][ADD]i_32_a=c1a962fe (-21.173336029052734375000000) + i_32_b=ca33f3ed (-2948347.250000000000000000000000) 	| o_32_s=ca33f442 (-2948368.500000000000000000000000) 	 
=> PASS: expect=-2948368.500000000000000000000000 (ca33f442), dut=-2948368.500000000000000000000000 (ca33f442), rounding_error=0.00000000 % (exp_error = 1.00000000 %)
[Random][ADD]i_32_a=ca33f3ed (-2948347.250000000000000000000000) + i_32_b=c1a962fe (-21.173336029052734375000000) 	| o_32_s=ca33f442 (-2948368.500000000000000000000000) 	 
=> PASS: expect=-2948368.500000000000000000000000 (ca33f442), dut=-2948368.500000000000000000000000 (ca33f442), rounding_error=0.00000000 % (exp_error = 1.00000000 %)
==========[ Read data from ROM ]==========
[Random][ADD]i_32_a=4bd66e33 (28105830.000000000000000000000000) + i_32_b=4dc3b5d2 (410434112.000000000000000000000000) 	| o_32_s=4dd11cb6 (438539968.000000000000000000000000) 	 
=> PASS: expect=438539936.000000000000000000000000 (4dd11cb5), dut=438539968.000000000000000000000000 (4dd11cb6), rounding_error=0.00000730 % (exp_error = 1.00000000 %)
[Random][ADD]i_32_a=4dc3b5d2 (410434112.000000000000000000000000) + i_32_b=4bd66e33 (28105830.000000000000000000000000) 	| o_32_s=4dd11cb6 (438539968.000000000000000000000000) 	 
=> PASS: expect=438539936.000000000000000000000000 (4dd11cb5), dut=438539968.000000000000000000000000 (4dd11cb6), rounding_error=0.00000730 % (exp_error = 1.00000000 %)
==========[ Read data from ROM ]==========
[Random][ADD]i_32_a=47ffea2d (131028.351562500000000000000000) + i_32_b=c519a41c (-2458.256835937500000000000000) 	| o_32_s=47fb1d0c (128570.093750000000000000000000) 	 
=> PASS: expect=128570.093750000000000000000000 (47fb1d0c), dut=128570.093750000000000000000000 (47fb1d0c), rounding_error=0.00000000 % (exp_error = 1.00000000 %)
[Random][ADD]i_32_a=c519a41c (-2458.256835937500000000000000) + i_32_b=47ffea2d (131028.351562500000000000000000) 	| o_32_s=47fb1d0c (128570.093750000000000000000000) 	 
=> PASS: expect=128570.093750000000000000000000 (47fb1d0c), dut=128570.093750000000000000000000 (47fb1d0c), rounding_error=0.00000000 % (exp_error = 1.00000000 %)
==========[ Read data from ROM ]==========
[Random][ADD]i_32_a=42344b08 (45.073272705078125000000000) + i_32_b=4b4f2b29 (13577001.000000000000000000000000) 	| o_32_s=4b4f2b57 (13577047.000000000000000000000000) 	 
=> PASS: expect=13577046.000000000000000000000000 (4b4f2b56), dut=13577047.000000000000000000000000 (4b4f2b57), rounding_error=0.00000737 % (exp_error = 1.00000000 %)
[Random][ADD]i_32_a=4b4f2b29 (13577001.000000000000000000000000) + i_32_b=42344b08 (45.073272705078125000000000) 	| o_32_s=4b4f2b57 (13577047.000000000000000000000000) 	 
=> PASS: expect=13577046.000000000000000000000000 (4b4f2b56), dut=13577047.000000000000000000000000 (4b4f2b57), rounding_error=0.00000737 % (exp_error = 1.00000000 %)
==========[ Read data from ROM ]==========
[Random][ADD]i_32_a=416cfd2e (14.811811447143554687500000) + i_32_b=ced5a6a7 (-1792234368.000000000000000000000000) 	| o_32_s=ced5a6a7 (-1792234368.000000000000000000000000) 	 
=> PASS: expect=-1792234368.000000000000000000000000 (ced5a6a7), dut=-1792234368.000000000000000000000000 (ced5a6a7), rounding_error=0.00000000 % (exp_error = 1.00000000 %)
[Random][ADD]i_32_a=ced5a6a7 (-1792234368.000000000000000000000000) + i_32_b=416cfd2e (14.811811447143554687500000) 	| o_32_s=ced5a6a7 (-1792234368.000000000000000000000000) 	 
=> PASS: expect=-1792234368.000000000000000000000000 (ced5a6a7), dut=-1792234368.000000000000000000000000 (ced5a6a7), rounding_error=0.00000000 % (exp_error = 1.00000000 %)
==========[ Read data from ROM ]==========
[Random][ADD]i_32_a=42fb354c (125.604095458984375000000000) + i_32_b=c1c07ef6 (-24.061992645263671875000000) 	| o_32_s=42cb158e (101.542098999023437500000000) 	 
=> PASS: expect=101.542098999023437500000000 (42cb158e), dut=101.542098999023437500000000 (42cb158e), rounding_error=0.00000000 % (exp_error = 1.00000000 %)
[Random][ADD]i_32_a=c1c07ef6 (-24.061992645263671875000000) + i_32_b=42fb354c (125.604095458984375000000000) 	| o_32_s=42cb158e (101.542098999023437500000000) 	 
=> PASS: expect=101.542098999023437500000000 (42cb158e), dut=101.542098999023437500000000 (42cb158e), rounding_error=0.00000000 % (exp_error = 1.00000000 %)
==========[ Read data from ROM ]==========
[Random][ADD]i_32_a=4311a018 (145.625366210937500000000000) + i_32_b=cd66cc08 (-242008192.000000000000000000000000) 	| o_32_s=cd66cbff (-242008048.000000000000000000000000) 	 
=> PASS: expect=-242008048.000000000000000000000000 (cd66cbff), dut=-242008048.000000000000000000000000 (cd66cbff), rounding_error=0.00000000 % (exp_error = 1.00000000 %)
[Random][ADD]i_32_a=cd66cc08 (-242008192.000000000000000000000000) + i_32_b=4311a018 (145.625366210937500000000000) 	| o_32_s=cd66cbff (-242008048.000000000000000000000000) 	 
=> PASS: expect=-242008048.000000000000000000000000 (cd66cbff), dut=-242008048.000000000000000000000000 (cd66cbff), rounding_error=0.00000000 % (exp_error = 1.00000000 %)
==========[ Read data from ROM ]==========
[Random][ADD]i_32_a=c5871f55 (-4323.916503906250000000000000) + i_32_b=47907487 (73961.054687500000000000000000) 	| o_32_s=47880291 (69637.132812500000000000000000) 	 
=> PASS: expect=69637.140625000000000000000000 (47880292), dut=69637.132812500000000000000000 (47880291), rounding_error=0.00001122 % (exp_error = 1.00000000 %)
[Random][ADD]i_32_a=47907487 (73961.054687500000000000000000) + i_32_b=c5871f55 (-4323.916503906250000000000000) 	| o_32_s=47880291 (69637.132812500000000000000000) 	 
=> PASS: expect=69637.140625000000000000000000 (47880292), dut=69637.132812500000000000000000 (47880291), rounding_error=0.00001122 % (exp_error = 1.00000000 %)
==========[ Read data from ROM ]==========
[Random][ADD]i_32_a=4195a3cd (18.704980850219726562500000) + i_32_b=cc442f1c (-51428464.000000000000000000000000) 	| o_32_s=cc442f18 (-51428448.000000000000000000000000) 	 
=> PASS: expect=-51428444.000000000000000000000000 (cc442f17), dut=-51428448.000000000000000000000000 (cc442f18), rounding_error=0.00000778 % (exp_error = 1.00000000 %)
[Random][ADD]i_32_a=cc442f1c (-51428464.000000000000000000000000) + i_32_b=4195a3cd (18.704980850219726562500000) 	| o_32_s=cc442f18 (-51428448.000000000000000000000000) 	 
=> PASS: expect=-51428444.000000000000000000000000 (cc442f17), dut=-51428448.000000000000000000000000 (cc442f18), rounding_error=0.00000778 % (exp_error = 1.00000000 %)
==========[ Read data from ROM ]==========
[Random][ADD]i_32_a=423cc94b (47.196575164794921875000000) + i_32_b=c25b03db (-54.753765106201171875000000) 	| o_32_s=c0f1d480 (-7.557189941406250000000000) 	 
=> PASS: expect=-7.557189941406250000000000 (c0f1d480), dut=-7.557189941406250000000000 (c0f1d480), rounding_error=0.00000000 % (exp_error = 1.00000000 %)
[Random][ADD]i_32_a=c25b03db (-54.753765106201171875000000) + i_32_b=423cc94b (47.196575164794921875000000) 	| o_32_s=c0f1d480 (-7.557189941406250000000000) 	 
=> PASS: expect=-7.557189941406250000000000 (c0f1d480), dut=-7.557189941406250000000000 (c0f1d480), rounding_error=0.00000000 % (exp_error = 1.00000000 %)
==========[ Read data from ROM ]==========
[Random][ADD]i_32_a=4a04f89e (2178599.500000000000000000000000) + i_32_b=c2082f5b (-34.046245574951171875000000) 	| o_32_s=4a04f816 (2178565.500000000000000000000000) 	 
=> PASS: expect=2178565.500000000000000000000000 (4a04f816), dut=2178565.500000000000000000000000 (4a04f816), rounding_error=0.00000000 % (exp_error = 1.00000000 %)
[Random][ADD]i_32_a=c2082f5b (-34.046245574951171875000000) + i_32_b=4a04f89e (2178599.500000000000000000000000) 	| o_32_s=4a04f816 (2178565.500000000000000000000000) 	 
=> PASS: expect=2178565.500000000000000000000000 (4a04f816), dut=2178565.500000000000000000000000 (4a04f816), rounding_error=0.00000000 % (exp_error = 1.00000000 %)
==========[ Read data from ROM ]==========
[Random][ADD]i_32_a=ccb41332 (-94411152.000000000000000000000000) + i_32_b=4c228f8a (42614312.000000000000000000000000) 	| o_32_s=cc4596da (-51796840.000000000000000000000000) 	 
=> PASS: expect=-51796840.000000000000000000000000 (cc4596da), dut=-51796840.000000000000000000000000 (cc4596da), rounding_error=0.00000000 % (exp_error = 1.00000000 %)
[Random][ADD]i_32_a=4c228f8a (42614312.000000000000000000000000) + i_32_b=ccb41332 (-94411152.000000000000000000000000) 	| o_32_s=cc4596da (-51796840.000000000000000000000000) 	 
=> PASS: expect=-51796840.000000000000000000000000 (cc4596da), dut=-51796840.000000000000000000000000 (cc4596da), rounding_error=0.00000000 % (exp_error = 1.00000000 %)
==========[ Read data from ROM ]==========
[Random][ADD]i_32_a=47e54d4b (117402.585937500000000000000000) + i_32_b=472f364a (44854.289062500000000000000000) 	| o_32_s=481e7438 (162256.875000000000000000000000) 	 
=> PASS: expect=162256.875000000000000000000000 (481e7438), dut=162256.875000000000000000000000 (481e7438), rounding_error=0.00000000 % (exp_error = 1.00000000 %)
[Random][ADD]i_32_a=472f364a (44854.289062500000000000000000) + i_32_b=47e54d4b (117402.585937500000000000000000) 	| o_32_s=481e7438 (162256.875000000000000000000000) 	 
=> PASS: expect=162256.875000000000000000000000 (481e7438), dut=162256.875000000000000000000000 (481e7438), rounding_error=0.00000000 % (exp_error = 1.00000000 %)
==========[ Read data from ROM ]==========
[Random][ADD]i_32_a=c4cfbbdc (-1661.870605468750000000000000) + i_32_b=487a45fc (256279.937500000000000000000000) 	| o_32_s=4878a685 (254618.078125000000000000000000) 	 
=> PASS: expect=254618.062500000000000000000000 (4878a684), dut=254618.078125000000000000000000 (4878a685), rounding_error=0.00000614 % (exp_error = 1.00000000 %)
[Random][ADD]i_32_a=487a45fc (256279.937500000000000000000000) + i_32_b=c4cfbbdc (-1661.870605468750000000000000) 	| o_32_s=4878a685 (254618.078125000000000000000000) 	 
=> PASS: expect=254618.062500000000000000000000 (4878a684), dut=254618.078125000000000000000000 (4878a685), rounding_error=0.00000614 % (exp_error = 1.00000000 %)
==========[ Read data from ROM ]==========
[Random][ADD]i_32_a=c777de84 (-63454.515625000000000000000000) + i_32_b=449a6b65 (1235.356079101562500000000000) 	| o_32_s=c7730b29 (-62219.160156250000000000000000) 	 
=> PASS: expect=-62219.160156250000000000000000 (c7730b29), dut=-62219.160156250000000000000000 (c7730b29), rounding_error=0.00000000 % (exp_error = 1.00000000 %)
[Random][ADD]i_32_a=449a6b65 (1235.356079101562500000000000) + i_32_b=c777de84 (-63454.515625000000000000000000) 	| o_32_s=c7730b29 (-62219.160156250000000000000000) 	 
=> PASS: expect=-62219.160156250000000000000000 (c7730b29), dut=-62219.160156250000000000000000 (c7730b29), rounding_error=0.00000000 % (exp_error = 1.00000000 %)
==========[ Read data from ROM ]==========
[Random][ADD]i_32_a=cded98b6 (-498276032.000000000000000000000000) + i_32_b=cc9f5921 (-83544328.000000000000000000000000) 	| o_32_s=ce0ab780 (-581820416.000000000000000000000000) 	 
=> PASS: expect=-581820352.000000000000000000000000 (ce0ab77f), dut=-581820416.000000000000000000000000 (ce0ab780), rounding_error=0.00001100 % (exp_error = 1.00000000 %)
[Random][ADD]i_32_a=cc9f5921 (-83544328.000000000000000000000000) + i_32_b=cded98b6 (-498276032.000000000000000000000000) 	| o_32_s=ce0ab780 (-581820416.000000000000000000000000) 	 
=> PASS: expect=-581820352.000000000000000000000000 (ce0ab77f), dut=-581820416.000000000000000000000000 (ce0ab780), rounding_error=0.00001100 % (exp_error = 1.00000000 %)
==========[ Read data from ROM ]==========
[Random][ADD]i_32_a=4302ba71 (130.728286743164062500000000) + i_32_b=44a37b24 (1307.848144531250000000000000) 	| o_32_s=44b3d273 (1438.576538085937500000000000) 	 
=> PASS: expect=1438.576416015625000000000000 (44b3d272), dut=1438.576538085937500000000000 (44b3d273), rounding_error=0.00000849 % (exp_error = 1.00000000 %)
[Random][ADD]i_32_a=44a37b24 (1307.848144531250000000000000) + i_32_b=4302ba71 (130.728286743164062500000000) 	| o_32_s=44b3d273 (1438.576538085937500000000000) 	 
=> PASS: expect=1438.576416015625000000000000 (44b3d272), dut=1438.576538085937500000000000 (44b3d273), rounding_error=0.00000849 % (exp_error = 1.00000000 %)
==========[ Read data from ROM ]==========
[Random][ADD]i_32_a=472a96f0 (43670.937500000000000000000000) + i_32_b=448b8a87 (1116.328979492187500000000000) 	| o_32_s=472ef345 (44787.269531250000000000000000) 	 
=> PASS: expect=44787.265625000000000000000000 (472ef344), dut=44787.269531250000000000000000 (472ef345), rounding_error=0.00000872 % (exp_error = 1.00000000 %)
[Random][ADD]i_32_a=448b8a87 (1116.328979492187500000000000) + i_32_b=472a96f0 (43670.937500000000000000000000) 	| o_32_s=472ef345 (44787.269531250000000000000000) 	 
=> PASS: expect=44787.265625000000000000000000 (472ef344), dut=44787.269531250000000000000000 (472ef345), rounding_error=0.00000872 % (exp_error = 1.00000000 %)
==========[ Read data from ROM ]==========
[Random][ADD]i_32_a=4a431022 (3195912.500000000000000000000000) + i_32_b=42c30908 (97.517639160156250000000000) 	| o_32_s=4a4311a9 (3196010.250000000000000000000000) 	 
=> PASS: expect=3196010.000000000000000000000000 (4a4311a8), dut=3196010.250000000000000000000000 (4a4311a9), rounding_error=0.00000782 % (exp_error = 1.00000000 %)
[Random][ADD]i_32_a=42c30908 (97.517639160156250000000000) + i_32_b=4a431022 (3195912.500000000000000000000000) 	| o_32_s=4a4311a9 (3196010.250000000000000000000000) 	 
=> PASS: expect=3196010.000000000000000000000000 (4a4311a8), dut=3196010.250000000000000000000000 (4a4311a9), rounding_error=0.00000782 % (exp_error = 1.00000000 %)
==========[ Read data from ROM ]==========
[Random][ADD]i_32_a=4e98fa5a (1283271936.000000000000000000000000) + i_32_b=4588c99f (4377.202636718750000000000000) 	| o_32_s=4e98fa7d (1283276416.000000000000000000000000) 	 
=> PASS: expect=1283276288.000000000000000000000000 (4e98fa7c), dut=1283276416.000000000000000000000000 (4e98fa7d), rounding_error=0.00000997 % (exp_error = 1.00000000 %)
[Random][ADD]i_32_a=4588c99f (4377.202636718750000000000000) + i_32_b=4e98fa5a (1283271936.000000000000000000000000) 	| o_32_s=4e98fa7d (1283276416.000000000000000000000000) 	 
=> PASS: expect=1283276288.000000000000000000000000 (4e98fa7c), dut=1283276416.000000000000000000000000 (4e98fa7d), rounding_error=0.00000997 % (exp_error = 1.00000000 %)
==========[ Read data from ROM ]==========
[Random][ADD]i_32_a=c453b1b6 (-846.776733398437500000000000) + i_32_b=4a11e834 (2390541.000000000000000000000000) 	| o_32_s=4a11daf9 (2389694.250000000000000000000000) 	 
=> PASS: expect=2389694.250000000000000000000000 (4a11daf9), dut=2389694.250000000000000000000000 (4a11daf9), rounding_error=0.00000000 % (exp_error = 1.00000000 %)
[Random][ADD]i_32_a=4a11e834 (2390541.000000000000000000000000) + i_32_b=c453b1b6 (-846.776733398437500000000000) 	| o_32_s=4a11daf9 (2389694.250000000000000000000000) 	 
=> PASS: expect=2389694.250000000000000000000000 (4a11daf9), dut=2389694.250000000000000000000000 (4a11daf9), rounding_error=0.00000000 % (exp_error = 1.00000000 %)
==========[ Read data from ROM ]==========
[Random][ADD]i_32_a=cebabcc6 (-1566466816.000000000000000000000000) + i_32_b=4a5e2924 (3639881.000000000000000000000000) 	| o_32_s=ceba4db2 (-1562827008.000000000000000000000000) 	 
=> PASS: expect=-1562826880.000000000000000000000000 (ceba4db1), dut=-1562827008.000000000000000000000000 (ceba4db2), rounding_error=0.00000819 % (exp_error = 1.00000000 %)
[Random][ADD]i_32_a=4a5e2924 (3639881.000000000000000000000000) + i_32_b=cebabcc6 (-1566466816.000000000000000000000000) 	| o_32_s=ceba4db2 (-1562827008.000000000000000000000000) 	 
=> PASS: expect=-1562826880.000000000000000000000000 (ceba4db1), dut=-1562827008.000000000000000000000000 (ceba4db2), rounding_error=0.00000819 % (exp_error = 1.00000000 %)
==========[ Read data from ROM ]==========
[Random][ADD]i_32_a=ca5a06bd (-3572143.250000000000000000000000) + i_32_b=454ce53e (3278.327636718750000000000000) 	| o_32_s=ca59d384 (-3568865.000000000000000000000000) 	 
=> PASS: expect=-3568865.000000000000000000000000 (ca59d384), dut=-3568865.000000000000000000000000 (ca59d384), rounding_error=0.00000000 % (exp_error = 1.00000000 %)
[Random][ADD]i_32_a=454ce53e (3278.327636718750000000000000) + i_32_b=ca5a06bd (-3572143.250000000000000000000000) 	| o_32_s=ca59d384 (-3568865.000000000000000000000000) 	 
=> PASS: expect=-3568865.000000000000000000000000 (ca59d384), dut=-3568865.000000000000000000000000 (ca59d384), rounding_error=0.00000000 % (exp_error = 1.00000000 %)
==========[ Read data from ROM ]==========
[Random][ADD]i_32_a=4c583f5c (56687984.000000000000000000000000) + i_32_b=42d15d21 (104.681892395019531250000000) 	| o_32_s=4c583f77 (56688092.000000000000000000000000) 	 
=> PASS: expect=56688088.000000000000000000000000 (4c583f76), dut=56688092.000000000000000000000000 (4c583f77), rounding_error=0.00000706 % (exp_error = 1.00000000 %)
[Random][ADD]i_32_a=42d15d21 (104.681892395019531250000000) + i_32_b=4c583f5c (56687984.000000000000000000000000) 	| o_32_s=4c583f77 (56688092.000000000000000000000000) 	 
=> PASS: expect=56688088.000000000000000000000000 (4c583f76), dut=56688092.000000000000000000000000 (4c583f77), rounding_error=0.00000706 % (exp_error = 1.00000000 %)
==========[ Read data from ROM ]==========
[Random][ADD]i_32_a=4ca1c9e3 (84823832.000000000000000000000000) + i_32_b=c5f71679 (-7906.809082031250000000000000) 	| o_32_s=4ca1c606 (84815920.000000000000000000000000) 	 
=> PASS: expect=84815928.000000000000000000000000 (4ca1c607), dut=84815920.000000000000000000000000 (4ca1c606), rounding_error=0.00000943 % (exp_error = 1.00000000 %)
[Random][ADD]i_32_a=c5f71679 (-7906.809082031250000000000000) + i_32_b=4ca1c9e3 (84823832.000000000000000000000000) 	| o_32_s=4ca1c606 (84815920.000000000000000000000000) 	 
=> PASS: expect=84815928.000000000000000000000000 (4ca1c607), dut=84815920.000000000000000000000000 (4ca1c606), rounding_error=0.00000943 % (exp_error = 1.00000000 %)
==========[ Read data from ROM ]==========
[Random][ADD]i_32_a=c4aa63b8 (-1363.116210937500000000000000) + i_32_b=47ebb537 (120682.429687500000000000000000) 	| o_32_s=47e90ba8 (119319.312500000000000000000000) 	 
=> PASS: expect=119319.312500000000000000000000 (47e90ba8), dut=119319.312500000000000000000000 (47e90ba8), rounding_error=0.00000000 % (exp_error = 1.00000000 %)
[Random][ADD]i_32_a=47ebb537 (120682.429687500000000000000000) + i_32_b=c4aa63b8 (-1363.116210937500000000000000) 	| o_32_s=47e90ba8 (119319.312500000000000000000000) 	 
=> PASS: expect=119319.312500000000000000000000 (47e90ba8), dut=119319.312500000000000000000000 (47e90ba8), rounding_error=0.00000000 % (exp_error = 1.00000000 %)
==========[ Read data from ROM ]==========
[Random][ADD]i_32_a=cc0036aa (-33610408.000000000000000000000000) + i_32_b=47e587c5 (117519.539062500000000000000000) 	| o_32_s=cbff87cc (-33492888.000000000000000000000000) 	 
=> PASS: expect=-33492888.000000000000000000000000 (cbff87cc), dut=-33492888.000000000000000000000000 (cbff87cc), rounding_error=0.00000000 % (exp_error = 1.00000000 %)
[Random][ADD]i_32_a=47e587c5 (117519.539062500000000000000000) + i_32_b=cc0036aa (-33610408.000000000000000000000000) 	| o_32_s=cbff87cc (-33492888.000000000000000000000000) 	 
=> PASS: expect=-33492888.000000000000000000000000 (cbff87cc), dut=-33492888.000000000000000000000000 (cbff87cc), rounding_error=0.00000000 % (exp_error = 1.00000000 %)
==========[ Read data from ROM ]==========
[Random][ADD]i_32_a=c3d6b1f1 (-429.390167236328125000000000) + i_32_b=ce1c9dab (-656894656.000000000000000000000000) 	| o_32_s=ce1c9db2 (-656895104.000000000000000000000000) 	 
=> PASS: expect=-656895104.000000000000000000000000 (ce1c9db2), dut=-656895104.000000000000000000000000 (ce1c9db2), rounding_error=0.00000000 % (exp_error = 1.00000000 %)
[Random][ADD]i_32_a=ce1c9dab (-656894656.000000000000000000000000) + i_32_b=c3d6b1f1 (-429.390167236328125000000000) 	| o_32_s=ce1c9db2 (-656895104.000000000000000000000000) 	 
=> PASS: expect=-656895104.000000000000000000000000 (ce1c9db2), dut=-656895104.000000000000000000000000 (ce1c9db2), rounding_error=0.00000000 % (exp_error = 1.00000000 %)
==========[ Read data from ROM ]==========
[Random][ADD]i_32_a=ce1ed19b (-666134208.000000000000000000000000) + i_32_b=478b6f9a (71391.203125000000000000000000) 	| o_32_s=ce1ecd3f (-666062784.000000000000000000000000) 	 
=> PASS: expect=-666062848.000000000000000000000000 (ce1ecd40), dut=-666062784.000000000000000000000000 (ce1ecd3f), rounding_error=0.00000961 % (exp_error = 1.00000000 %)
[Random][ADD]i_32_a=478b6f9a (71391.203125000000000000000000) + i_32_b=ce1ed19b (-666134208.000000000000000000000000) 	| o_32_s=ce1ecd3f (-666062784.000000000000000000000000) 	 
=> PASS: expect=-666062848.000000000000000000000000 (ce1ecd40), dut=-666062784.000000000000000000000000 (ce1ecd3f), rounding_error=0.00000961 % (exp_error = 1.00000000 %)
==========[ Read data from ROM ]==========
[Random][ADD]i_32_a=4468f5a2 (931.838012695312500000000000) + i_32_b=4962edb7 (929499.437500000000000000000000) 	| o_32_s=496327f4 (930431.250000000000000000000000) 	 
=> PASS: expect=930431.250000000000000000000000 (496327f4), dut=930431.250000000000000000000000 (496327f4), rounding_error=0.00000000 % (exp_error = 1.00000000 %)
[Random][ADD]i_32_a=4962edb7 (929499.437500000000000000000000) + i_32_b=4468f5a2 (931.838012695312500000000000) 	| o_32_s=496327f4 (930431.250000000000000000000000) 	 
=> PASS: expect=930431.250000000000000000000000 (496327f4), dut=930431.250000000000000000000000 (496327f4), rounding_error=0.00000000 % (exp_error = 1.00000000 %)
==========[ Read data from ROM ]==========
[Random][ADD]i_32_a=c41e8583 (-634.086120605468750000000000) + i_32_b=4eb3bfd5 (1507846784.000000000000000000000000) 	| o_32_s=4eb3bfd0 (1507846144.000000000000000000000000) 	 
=> PASS: expect=1507846144.000000000000000000000000 (4eb3bfd0), dut=1507846144.000000000000000000000000 (4eb3bfd0), rounding_error=0.00000000 % (exp_error = 1.00000000 %)
[Random][ADD]i_32_a=4eb3bfd5 (1507846784.000000000000000000000000) + i_32_b=c41e8583 (-634.086120605468750000000000) 	| o_32_s=4eb3bfd0 (1507846144.000000000000000000000000) 	 
=> PASS: expect=1507846144.000000000000000000000000 (4eb3bfd0), dut=1507846144.000000000000000000000000 (4eb3bfd0), rounding_error=0.00000000 % (exp_error = 1.00000000 %)
==========[ Read data from ROM ]==========
[Random][ADD]i_32_a=cb5d001b (-14483483.000000000000000000000000) + i_32_b=cdc479df (-412040160.000000000000000000000000) 	| o_32_s=cdcb61df (-426523616.000000000000000000000000) 	 
=> PASS: expect=-426523648.000000000000000000000000 (cdcb61e0), dut=-426523616.000000000000000000000000 (cdcb61df), rounding_error=0.00000750 % (exp_error = 1.00000000 %)
[Random][ADD]i_32_a=cdc479df (-412040160.000000000000000000000000) + i_32_b=cb5d001b (-14483483.000000000000000000000000) 	| o_32_s=cdcb61df (-426523616.000000000000000000000000) 	 
=> PASS: expect=-426523648.000000000000000000000000 (cdcb61e0), dut=-426523616.000000000000000000000000 (cdcb61df), rounding_error=0.00000750 % (exp_error = 1.00000000 %)
==========[ Read data from ROM ]==========
[Random][ADD]i_32_a=4550c5ae (3340.354980468750000000000000) + i_32_b=c46c1b93 (-944.430847167968750000000000) 	| o_32_s=4515bec9 (2395.924072265625000000000000) 	 
=> PASS: expect=2395.924072265625000000000000 (4515bec9), dut=2395.924072265625000000000000 (4515bec9), rounding_error=0.00000000 % (exp_error = 1.00000000 %)
[Random][ADD]i_32_a=c46c1b93 (-944.430847167968750000000000) + i_32_b=4550c5ae (3340.354980468750000000000000) 	| o_32_s=4515bec9 (2395.924072265625000000000000) 	 
=> PASS: expect=2395.924072265625000000000000 (4515bec9), dut=2395.924072265625000000000000 (4515bec9), rounding_error=0.00000000 % (exp_error = 1.00000000 %)
==========[ Read data from ROM ]==========
[Random][ADD]i_32_a=ccf8c159 (-130419400.000000000000000000000000) + i_32_b=4a01e624 (2128265.000000000000000000000000) 	| o_32_s=ccf4b228 (-128291136.000000000000000000000000) 	 
=> PASS: expect=-128291136.000000000000000000000000 (ccf4b228), dut=-128291136.000000000000000000000000 (ccf4b228), rounding_error=0.00000000 % (exp_error = 1.00000000 %)
[Random][ADD]i_32_a=4a01e624 (2128265.000000000000000000000000) + i_32_b=ccf8c159 (-130419400.000000000000000000000000) 	| o_32_s=ccf4b228 (-128291136.000000000000000000000000) 	 
=> PASS: expect=-128291136.000000000000000000000000 (ccf4b228), dut=-128291136.000000000000000000000000 (ccf4b228), rounding_error=0.00000000 % (exp_error = 1.00000000 %)
==========[ Read data from ROM ]==========
[Random][ADD]i_32_a=4e7776fb (1037942464.000000000000000000000000) + i_32_b=45c57196 (6318.198242187500000000000000) 	| o_32_s=4e77775e (1037948800.000000000000000000000000) 	 
=> PASS: expect=1037948800.000000000000000000000000 (4e77775e), dut=1037948800.000000000000000000000000 (4e77775e), rounding_error=0.00000000 % (exp_error = 1.00000000 %)
[Random][ADD]i_32_a=45c57196 (6318.198242187500000000000000) + i_32_b=4e7776fb (1037942464.000000000000000000000000) 	| o_32_s=4e77775e (1037948800.000000000000000000000000) 	 
=> PASS: expect=1037948800.000000000000000000000000 (4e77775e), dut=1037948800.000000000000000000000000 (4e77775e), rounding_error=0.00000000 % (exp_error = 1.00000000 %)
==========[ Read data from ROM ]==========
[Random][ADD]i_32_a=43269335 (166.575027465820312500000000) + i_32_b=4cc8f951 (105368200.000000000000000000000000) 	| o_32_s=4cc8f965 (105368360.000000000000000000000000) 	 
=> PASS: expect=105368368.000000000000000000000000 (4cc8f966), dut=105368360.000000000000000000000000 (4cc8f965), rounding_error=0.00000759 % (exp_error = 1.00000000 %)
[Random][ADD]i_32_a=4cc8f951 (105368200.000000000000000000000000) + i_32_b=43269335 (166.575027465820312500000000) 	| o_32_s=4cc8f965 (105368360.000000000000000000000000) 	 
=> PASS: expect=105368368.000000000000000000000000 (4cc8f966), dut=105368360.000000000000000000000000 (4cc8f965), rounding_error=0.00000759 % (exp_error = 1.00000000 %)
==========[ Read data from ROM ]==========
[Random][ADD]i_32_a=c5e523bf (-7332.468261718750000000000000) + i_32_b=ccfcd6c3 (-132560408.000000000000000000000000) 	| o_32_s=ccfcda57 (-132567736.000000000000000000000000) 	 
=> PASS: expect=-132567744.000000000000000000000000 (ccfcda58), dut=-132567736.000000000000000000000000 (ccfcda57), rounding_error=0.00000603 % (exp_error = 1.00000000 %)
[Random][ADD]i_32_a=ccfcd6c3 (-132560408.000000000000000000000000) + i_32_b=c5e523bf (-7332.468261718750000000000000) 	| o_32_s=ccfcda57 (-132567736.000000000000000000000000) 	 
=> PASS: expect=-132567744.000000000000000000000000 (ccfcda58), dut=-132567736.000000000000000000000000 (ccfcda57), rounding_error=0.00000603 % (exp_error = 1.00000000 %)
==========[ Read data from ROM ]==========
[Random][ADD]i_32_a=cd5871e0 (-226958848.000000000000000000000000) + i_32_b=c83b85d3 (-192023.296875000000000000000000) 	| o_32_s=cd58a0c1 (-227150864.000000000000000000000000) 	 
=> PASS: expect=-227150864.000000000000000000000000 (cd58a0c1), dut=-227150864.000000000000000000000000 (cd58a0c1), rounding_error=0.00000000 % (exp_error = 1.00000000 %)
[Random][ADD]i_32_a=c83b85d3 (-192023.296875000000000000000000) + i_32_b=cd5871e0 (-226958848.000000000000000000000000) 	| o_32_s=cd58a0c1 (-227150864.000000000000000000000000) 	 
=> PASS: expect=-227150864.000000000000000000000000 (cd58a0c1), dut=-227150864.000000000000000000000000 (cd58a0c1), rounding_error=0.00000000 % (exp_error = 1.00000000 %)
==========[ Read data from ROM ]==========
[Random][ADD]i_32_a=c546ef5a (-3182.959472656250000000000000) + i_32_b=4b28d8ba (11065530.000000000000000000000000) 	| o_32_s=4b28cc4b (11062347.000000000000000000000000) 	 
=> PASS: expect=11062347.000000000000000000000000 (4b28cc4b), dut=11062347.000000000000000000000000 (4b28cc4b), rounding_error=0.00000000 % (exp_error = 1.00000000 %)
[Random][ADD]i_32_a=4b28d8ba (11065530.000000000000000000000000) + i_32_b=c546ef5a (-3182.959472656250000000000000) 	| o_32_s=4b28cc4b (11062347.000000000000000000000000) 	 
=> PASS: expect=11062347.000000000000000000000000 (4b28cc4b), dut=11062347.000000000000000000000000 (4b28cc4b), rounding_error=0.00000000 % (exp_error = 1.00000000 %)
==========[ Read data from ROM ]==========
[Random][ADD]i_32_a=cb7957d6 (-16340950.000000000000000000000000) + i_32_b=4a8725df (4428527.500000000000000000000000) 	| o_32_s=cb35c4e6 (-11912422.000000000000000000000000) 	 
=> PASS: expect=-11912422.000000000000000000000000 (cb35c4e6), dut=-11912422.000000000000000000000000 (cb35c4e6), rounding_error=0.00000000 % (exp_error = 1.00000000 %)
[Random][ADD]i_32_a=4a8725df (4428527.500000000000000000000000) + i_32_b=cb7957d6 (-16340950.000000000000000000000000) 	| o_32_s=cb35c4e6 (-11912422.000000000000000000000000) 	 
=> PASS: expect=-11912422.000000000000000000000000 (cb35c4e6), dut=-11912422.000000000000000000000000 (cb35c4e6), rounding_error=0.00000000 % (exp_error = 1.00000000 %)
==========[ Read data from ROM ]==========
[Random][ADD]i_32_a=cc1c9597 (-41047644.000000000000000000000000) + i_32_b=47c6f8d0 (101873.625000000000000000000000) 	| o_32_s=cc1c321a (-40945768.000000000000000000000000) 	 
=> PASS: expect=-40945772.000000000000000000000000 (cc1c321b), dut=-40945768.000000000000000000000000 (cc1c321a), rounding_error=0.00000977 % (exp_error = 1.00000000 %)
[Random][ADD]i_32_a=47c6f8d0 (101873.625000000000000000000000) + i_32_b=cc1c9597 (-41047644.000000000000000000000000) 	| o_32_s=cc1c321a (-40945768.000000000000000000000000) 	 
=> PASS: expect=-40945772.000000000000000000000000 (cc1c321b), dut=-40945768.000000000000000000000000 (cc1c321a), rounding_error=0.00000977 % (exp_error = 1.00000000 %)
==========[ Read data from ROM ]==========
[Random][ADD]i_32_a=c6919974 (-18636.726562500000000000000000) + i_32_b=ccb4d04a (-94798416.000000000000000000000000) 	| o_32_s=ccb4d964 (-94817056.000000000000000000000000) 	 
=> PASS: expect=-94817056.000000000000000000000000 (ccb4d964), dut=-94817056.000000000000000000000000 (ccb4d964), rounding_error=0.00000000 % (exp_error = 1.00000000 %)
[Random][ADD]i_32_a=ccb4d04a (-94798416.000000000000000000000000) + i_32_b=c6919974 (-18636.726562500000000000000000) 	| o_32_s=ccb4d964 (-94817056.000000000000000000000000) 	 
=> PASS: expect=-94817056.000000000000000000000000 (ccb4d964), dut=-94817056.000000000000000000000000 (ccb4d964), rounding_error=0.00000000 % (exp_error = 1.00000000 %)
==========[ Read data from ROM ]==========
[Random][ADD]i_32_a=49490308 (823344.500000000000000000000000) + i_32_b=4df6b65f (517393376.000000000000000000000000) 	| o_32_s=4df71ae0 (518216704.000000000000000000000000) 	 
=> PASS: expect=518216736.000000000000000000000000 (4df71ae1), dut=518216704.000000000000000000000000 (4df71ae0), rounding_error=0.00000618 % (exp_error = 1.00000000 %)
[Random][ADD]i_32_a=4df6b65f (517393376.000000000000000000000000) + i_32_b=49490308 (823344.500000000000000000000000) 	| o_32_s=4df71ae0 (518216704.000000000000000000000000) 	 
=> PASS: expect=518216736.000000000000000000000000 (4df71ae1), dut=518216704.000000000000000000000000 (4df71ae0), rounding_error=0.00000618 % (exp_error = 1.00000000 %)
==========[ Read data from ROM ]==========
[Random][ADD]i_32_a=c51e0f1c (-2528.944335937500000000000000) + i_32_b=4c9cf630 (82293120.000000000000000000000000) 	| o_32_s=4c9cf4f4 (82290592.000000000000000000000000) 	 
=> PASS: expect=82290592.000000000000000000000000 (4c9cf4f4), dut=82290592.000000000000000000000000 (4c9cf4f4), rounding_error=0.00000000 % (exp_error = 1.00000000 %)
[Random][ADD]i_32_a=4c9cf630 (82293120.000000000000000000000000) + i_32_b=c51e0f1c (-2528.944335937500000000000000) 	| o_32_s=4c9cf4f4 (82290592.000000000000000000000000) 	 
=> PASS: expect=82290592.000000000000000000000000 (4c9cf4f4), dut=82290592.000000000000000000000000 (4c9cf4f4), rounding_error=0.00000000 % (exp_error = 1.00000000 %)
==========[ Read data from ROM ]==========
[Random][ADD]i_32_a=4977e14c (1015316.750000000000000000000000) + i_32_b=42047b32 (33.120307922363281250000000) 	| o_32_s=4977e35d (1015349.812500000000000000000000) 	 
=> PASS: expect=1015349.875000000000000000000000 (4977e35e), dut=1015349.812500000000000000000000 (4977e35d), rounding_error=0.00000616 % (exp_error = 1.00000000 %)
[Random][ADD]i_32_a=42047b32 (33.120307922363281250000000) + i_32_b=4977e14c (1015316.750000000000000000000000) 	| o_32_s=4977e35d (1015349.812500000000000000000000) 	 
=> PASS: expect=1015349.875000000000000000000000 (4977e35e), dut=1015349.812500000000000000000000 (4977e35d), rounding_error=0.00000616 % (exp_error = 1.00000000 %)
==========[ Read data from ROM ]==========
[Random][ADD]i_32_a=c643bc7a (-12527.119140625000000000000000) + i_32_b=c18ff991 (-17.996858596801757812500000) 	| o_32_s=c6440476 (-12545.115234375000000000000000) 	 
=> PASS: expect=-12545.116210937500000000000000 (c6440477), dut=-12545.115234375000000000000000 (c6440476), rounding_error=0.00000778 % (exp_error = 1.00000000 %)
[Random][ADD]i_32_a=c18ff991 (-17.996858596801757812500000) + i_32_b=c643bc7a (-12527.119140625000000000000000) 	| o_32_s=c6440476 (-12545.115234375000000000000000) 	 
=> PASS: expect=-12545.116210937500000000000000 (c6440477), dut=-12545.115234375000000000000000 (c6440476), rounding_error=0.00000778 % (exp_error = 1.00000000 %)
==========[ Read data from ROM ]==========
[Random][ADD]i_32_a=c7e5265f (-117324.742187500000000000000000) + i_32_b=cbb4e6a0 (-23711040.000000000000000000000000) 	| o_32_s=cbb5cbc6 (-23828364.000000000000000000000000) 	 
=> PASS: expect=-23828364.000000000000000000000000 (cbb5cbc6), dut=-23828364.000000000000000000000000 (cbb5cbc6), rounding_error=0.00000000 % (exp_error = 1.00000000 %)
[Random][ADD]i_32_a=cbb4e6a0 (-23711040.000000000000000000000000) + i_32_b=c7e5265f (-117324.742187500000000000000000) 	| o_32_s=cbb5cbc6 (-23828364.000000000000000000000000) 	 
=> PASS: expect=-23828364.000000000000000000000000 (cbb5cbc6), dut=-23828364.000000000000000000000000 (cbb5cbc6), rounding_error=0.00000000 % (exp_error = 1.00000000 %)
==========[ Read data from ROM ]==========
[Random][ADD]i_32_a=cc8ece6e (-74871664.000000000000000000000000) + i_32_b=4ea7440f (1403127680.000000000000000000000000) 	| o_32_s=4e9e5728 (1328256000.000000000000000000000000) 	 
=> PASS: expect=1328256000.000000000000000000000000 (4e9e5728), dut=1328256000.000000000000000000000000 (4e9e5728), rounding_error=0.00000000 % (exp_error = 1.00000000 %)
[Random][ADD]i_32_a=4ea7440f (1403127680.000000000000000000000000) + i_32_b=cc8ece6e (-74871664.000000000000000000000000) 	| o_32_s=4e9e5728 (1328256000.000000000000000000000000) 	 
=> PASS: expect=1328256000.000000000000000000000000 (4e9e5728), dut=1328256000.000000000000000000000000 (4e9e5728), rounding_error=0.00000000 % (exp_error = 1.00000000 %)
==========[ Read data from ROM ]==========
[Random][ADD]i_32_a=c471ef33 (-967.737487792968750000000000) + i_32_b=c6a4c363 (-21089.693359375000000000000000) 	| o_32_s=c6ac52dd (-22057.431640625000000000000000) 	 
=> PASS: expect=-22057.431640625000000000000000 (c6ac52dd), dut=-22057.431640625000000000000000 (c6ac52dd), rounding_error=0.00000000 % (exp_error = 1.00000000 %)
[Random][ADD]i_32_a=c6a4c363 (-21089.693359375000000000000000) + i_32_b=c471ef33 (-967.737487792968750000000000) 	| o_32_s=c6ac52dd (-22057.431640625000000000000000) 	 
=> PASS: expect=-22057.431640625000000000000000 (c6ac52dd), dut=-22057.431640625000000000000000 (c6ac52dd), rounding_error=0.00000000 % (exp_error = 1.00000000 %)
==========[ Read data from ROM ]==========
[Random][ADD]i_32_a=4e813cae (1084118784.000000000000000000000000) + i_32_b=c18191f2 (-16.196262359619140625000000) 	| o_32_s=4e813cae (1084118784.000000000000000000000000) 	 
=> PASS: expect=1084118784.000000000000000000000000 (4e813cae), dut=1084118784.000000000000000000000000 (4e813cae), rounding_error=0.00000000 % (exp_error = 1.00000000 %)
[Random][ADD]i_32_a=c18191f2 (-16.196262359619140625000000) + i_32_b=4e813cae (1084118784.000000000000000000000000) 	| o_32_s=4e813cae (1084118784.000000000000000000000000) 	 
=> PASS: expect=1084118784.000000000000000000000000 (4e813cae), dut=1084118784.000000000000000000000000 (4e813cae), rounding_error=0.00000000 % (exp_error = 1.00000000 %)
==========[ Read data from ROM ]==========
[Random][ADD]i_32_a=41731dad (15.194745063781738281250000) + i_32_b=c41e2d48 (-632.707519531250000000000000) 	| o_32_s=c41a60d2 (-617.512817382812500000000000) 	 
=> PASS: expect=-617.512756347656250000000000 (c41a60d1), dut=-617.512817382812500000000000 (c41a60d2), rounding_error=0.00000988 % (exp_error = 1.00000000 %)
[Random][ADD]i_32_a=c41e2d48 (-632.707519531250000000000000) + i_32_b=41731dad (15.194745063781738281250000) 	| o_32_s=c41a60d2 (-617.512817382812500000000000) 	 
=> PASS: expect=-617.512756347656250000000000 (c41a60d1), dut=-617.512817382812500000000000 (c41a60d2), rounding_error=0.00000988 % (exp_error = 1.00000000 %)
==========[ Read data from ROM ]==========
[Random][ADD]i_32_a=c5e1df46 (-7227.909179687500000000000000) + i_32_b=c9820101 (-1064992.125000000000000000000000) 	| o_32_s=c982e2e1 (-1072220.125000000000000000000000) 	 
=> PASS: expect=-1072220.000000000000000000000000 (c982e2e0), dut=-1072220.125000000000000000000000 (c982e2e1), rounding_error=0.00001166 % (exp_error = 1.00000000 %)
[Random][ADD]i_32_a=c9820101 (-1064992.125000000000000000000000) + i_32_b=c5e1df46 (-7227.909179687500000000000000) 	| o_32_s=c982e2e1 (-1072220.125000000000000000000000) 	 
=> PASS: expect=-1072220.000000000000000000000000 (c982e2e0), dut=-1072220.125000000000000000000000 (c982e2e1), rounding_error=0.00001166 % (exp_error = 1.00000000 %)
==========[ Read data from ROM ]==========
[Random][ADD]i_32_a=c9f20888 (-1982737.000000000000000000000000) + i_32_b=418a5ac8 (17.294326782226562500000000) 	| o_32_s=c9f207fd (-1982719.625000000000000000000000) 	 
=> PASS: expect=-1982719.750000000000000000000000 (c9f207fe), dut=-1982719.625000000000000000000000 (c9f207fd), rounding_error=0.00000630 % (exp_error = 1.00000000 %)
[Random][ADD]i_32_a=418a5ac8 (17.294326782226562500000000) + i_32_b=c9f20888 (-1982737.000000000000000000000000) 	| o_32_s=c9f207fd (-1982719.625000000000000000000000) 	 
=> PASS: expect=-1982719.750000000000000000000000 (c9f207fe), dut=-1982719.625000000000000000000000 (c9f207fd), rounding_error=0.00000630 % (exp_error = 1.00000000 %)
==========[ Read data from ROM ]==========
[Random][ADD]i_32_a=c9cfb07f (-1701391.875000000000000000000000) + i_32_b=426fba15 (59.931720733642578125000000) 	| o_32_s=c9cfae9f (-1701331.875000000000000000000000) 	 
=> PASS: expect=-1701332.000000000000000000000000 (c9cfaea0), dut=-1701331.875000000000000000000000 (c9cfae9f), rounding_error=0.00000735 % (exp_error = 1.00000000 %)
[Random][ADD]i_32_a=426fba15 (59.931720733642578125000000) + i_32_b=c9cfb07f (-1701391.875000000000000000000000) 	| o_32_s=c9cfae9f (-1701331.875000000000000000000000) 	 
=> PASS: expect=-1701332.000000000000000000000000 (c9cfaea0), dut=-1701331.875000000000000000000000 (c9cfae9f), rounding_error=0.00000735 % (exp_error = 1.00000000 %)
==========[ Read data from ROM ]==========
[Random][ADD]i_32_a=c93e2887 (-778888.437500000000000000000000) + i_32_b=4e03a068 (552081920.000000000000000000000000) 	| o_32_s=4e0370de (551303040.000000000000000000000000) 	 
=> PASS: expect=551303040.000000000000000000000000 (4e0370de), dut=551303040.000000000000000000000000 (4e0370de), rounding_error=0.00000000 % (exp_error = 1.00000000 %)
[Random][ADD]i_32_a=4e03a068 (552081920.000000000000000000000000) + i_32_b=c93e2887 (-778888.437500000000000000000000) 	| o_32_s=4e0370de (551303040.000000000000000000000000) 	 
=> PASS: expect=551303040.000000000000000000000000 (4e0370de), dut=551303040.000000000000000000000000 (4e0370de), rounding_error=0.00000000 % (exp_error = 1.00000000 %)
==========[ Read data from ROM ]==========
[Random][ADD]i_32_a=4de56b1a (481125184.000000000000000000000000) + i_32_b=49b131e7 (1451580.875000000000000000000000) 	| o_32_s=4de61c4b (482576736.000000000000000000000000) 	 
=> PASS: expect=482576768.000000000000000000000000 (4de61c4c), dut=482576736.000000000000000000000000 (4de61c4b), rounding_error=0.00000663 % (exp_error = 1.00000000 %)
[Random][ADD]i_32_a=49b131e7 (1451580.875000000000000000000000) + i_32_b=4de56b1a (481125184.000000000000000000000000) 	| o_32_s=4de61c4b (482576736.000000000000000000000000) 	 
=> PASS: expect=482576768.000000000000000000000000 (4de61c4c), dut=482576736.000000000000000000000000 (4de61c4b), rounding_error=0.00000663 % (exp_error = 1.00000000 %)
==========[ Read data from ROM ]==========
[Random][ADD]i_32_a=c359487a (-217.283111572265625000000000) + i_32_b=49e5de54 (1883082.500000000000000000000000) 	| o_32_s=49e5d78a (1882865.250000000000000000000000) 	 
=> PASS: expect=1882865.250000000000000000000000 (49e5d78a), dut=1882865.250000000000000000000000 (49e5d78a), rounding_error=0.00000000 % (exp_error = 1.00000000 %)
[Random][ADD]i_32_a=49e5de54 (1883082.500000000000000000000000) + i_32_b=c359487a (-217.283111572265625000000000) 	| o_32_s=49e5d78a (1882865.250000000000000000000000) 	 
=> PASS: expect=1882865.250000000000000000000000 (49e5d78a), dut=1882865.250000000000000000000000 (49e5d78a), rounding_error=0.00000000 % (exp_error = 1.00000000 %)
==========[ Read data from ROM ]==========
[Random][ADD]i_32_a=c308ee8a (-136.931793212890625000000000) + i_32_b=4710b70b (37047.042968750000000000000000) 	| o_32_s=47102e1c (36910.109375000000000000000000) 	 
=> PASS: expect=36910.109375000000000000000000 (47102e1c), dut=36910.109375000000000000000000 (47102e1c), rounding_error=0.00000000 % (exp_error = 1.00000000 %)
[Random][ADD]i_32_a=4710b70b (37047.042968750000000000000000) + i_32_b=c308ee8a (-136.931793212890625000000000) 	| o_32_s=47102e1c (36910.109375000000000000000000) 	 
=> PASS: expect=36910.109375000000000000000000 (47102e1c), dut=36910.109375000000000000000000 (47102e1c), rounding_error=0.00000000 % (exp_error = 1.00000000 %)
==========[ Read data from ROM ]==========
[Random][ADD]i_32_a=c9049320 (-543026.000000000000000000000000) + i_32_b=cd581b0f (-226603248.000000000000000000000000) 	| o_32_s=cd589fa3 (-227146288.000000000000000000000000) 	 
=> PASS: expect=-227146272.000000000000000000000000 (cd589fa2), dut=-227146288.000000000000000000000000 (cd589fa3), rounding_error=0.00000704 % (exp_error = 1.00000000 %)
[Random][ADD]i_32_a=cd581b0f (-226603248.000000000000000000000000) + i_32_b=c9049320 (-543026.000000000000000000000000) 	| o_32_s=cd589fa3 (-227146288.000000000000000000000000) 	 
=> PASS: expect=-227146272.000000000000000000000000 (cd589fa2), dut=-227146288.000000000000000000000000 (cd589fa3), rounding_error=0.00000704 % (exp_error = 1.00000000 %)
==========[ Read data from ROM ]==========
[Random][ADD]i_32_a=443f2c13 (764.688659667968750000000000) + i_32_b=c90fa6fc (-588399.750000000000000000000000) 	| o_32_s=c90f7731 (-587635.062500000000000000000000) 	 
=> PASS: expect=-587635.062500000000000000000000 (c90f7731), dut=-587635.062500000000000000000000 (c90f7731), rounding_error=0.00000000 % (exp_error = 1.00000000 %)
[Random][ADD]i_32_a=c90fa6fc (-588399.750000000000000000000000) + i_32_b=443f2c13 (764.688659667968750000000000) 	| o_32_s=c90f7731 (-587635.062500000000000000000000) 	 
=> PASS: expect=-587635.062500000000000000000000 (c90f7731), dut=-587635.062500000000000000000000 (c90f7731), rounding_error=0.00000000 % (exp_error = 1.00000000 %)
==========[ Read data from ROM ]==========
[Random][ADD]i_32_a=c5103a0f (-2307.628662109375000000000000) + i_32_b=ce8ccd29 (-1181127808.000000000000000000000000) 	| o_32_s=ce8ccd3b (-1181130112.000000000000000000000000) 	 
=> PASS: expect=-1181130112.000000000000000000000000 (ce8ccd3b), dut=-1181130112.000000000000000000000000 (ce8ccd3b), rounding_error=0.00000000 % (exp_error = 1.00000000 %)
[Random][ADD]i_32_a=ce8ccd29 (-1181127808.000000000000000000000000) + i_32_b=c5103a0f (-2307.628662109375000000000000) 	| o_32_s=ce8ccd3b (-1181130112.000000000000000000000000) 	 
=> PASS: expect=-1181130112.000000000000000000000000 (ce8ccd3b), dut=-1181130112.000000000000000000000000 (ce8ccd3b), rounding_error=0.00000000 % (exp_error = 1.00000000 %)
==========[ Read data from ROM ]==========
[Random][ADD]i_32_a=c72233c8 (-41523.781250000000000000000000) + i_32_b=cb30532e (-11555630.000000000000000000000000) 	| o_32_s=cb30f561 (-11597153.000000000000000000000000) 	 
=> PASS: expect=-11597154.000000000000000000000000 (cb30f562), dut=-11597153.000000000000000000000000 (cb30f561), rounding_error=0.00000862 % (exp_error = 1.00000000 %)
[Random][ADD]i_32_a=cb30532e (-11555630.000000000000000000000000) + i_32_b=c72233c8 (-41523.781250000000000000000000) 	| o_32_s=cb30f561 (-11597153.000000000000000000000000) 	 
=> PASS: expect=-11597154.000000000000000000000000 (cb30f562), dut=-11597153.000000000000000000000000 (cb30f561), rounding_error=0.00000862 % (exp_error = 1.00000000 %)
==========[ Read data from ROM ]==========
[Random][ADD]i_32_a=498d11a7 (1155636.875000000000000000000000) + i_32_b=cd99833e (-321939392.000000000000000000000000) 	| o_32_s=cd98f62d (-320783776.000000000000000000000000) 	 
=> PASS: expect=-320783744.000000000000000000000000 (cd98f62c), dut=-320783776.000000000000000000000000 (cd98f62d), rounding_error=0.00000998 % (exp_error = 1.00000000 %)
[Random][ADD]i_32_a=cd99833e (-321939392.000000000000000000000000) + i_32_b=498d11a7 (1155636.875000000000000000000000) 	| o_32_s=cd98f62d (-320783776.000000000000000000000000) 	 
=> PASS: expect=-320783744.000000000000000000000000 (cd98f62c), dut=-320783776.000000000000000000000000 (cd98f62d), rounding_error=0.00000998 % (exp_error = 1.00000000 %)
==========[ Read data from ROM ]==========
[Random][ADD]i_32_a=c89eff6c (-325627.375000000000000000000000) + i_32_b=48080b67 (139309.609375000000000000000000) 	| o_32_s=c835f371 (-186317.765625000000000000000000) 	 
=> PASS: expect=-186317.765625000000000000000000 (c835f371), dut=-186317.765625000000000000000000 (c835f371), rounding_error=0.00000000 % (exp_error = 1.00000000 %)
[Random][ADD]i_32_a=48080b67 (139309.609375000000000000000000) + i_32_b=c89eff6c (-325627.375000000000000000000000) 	| o_32_s=c835f371 (-186317.765625000000000000000000) 	 
=> PASS: expect=-186317.765625000000000000000000 (c835f371), dut=-186317.765625000000000000000000 (c835f371), rounding_error=0.00000000 % (exp_error = 1.00000000 %)
==========[ Read data from ROM ]==========
[Random][ADD]i_32_a=c77d5ea8 (-64862.656250000000000000000000) + i_32_b=437ec4dc (254.768981933593750000000000) 	| o_32_s=c77c5fe3 (-64607.886718750000000000000000) 	 
=> PASS: expect=-64607.886718750000000000000000 (c77c5fe3), dut=-64607.886718750000000000000000 (c77c5fe3), rounding_error=0.00000000 % (exp_error = 1.00000000 %)
[Random][ADD]i_32_a=437ec4dc (254.768981933593750000000000) + i_32_b=c77d5ea8 (-64862.656250000000000000000000) 	| o_32_s=c77c5fe3 (-64607.886718750000000000000000) 	 
=> PASS: expect=-64607.886718750000000000000000 (c77c5fe3), dut=-64607.886718750000000000000000 (c77c5fe3), rounding_error=0.00000000 % (exp_error = 1.00000000 %)
==========[ Read data from ROM ]==========
[Random][ADD]i_32_a=4a09a706 (2255297.500000000000000000000000) + i_32_b=c4841718 (-1056.721679687500000000000000) 	| o_32_s=4a099683 (2254240.750000000000000000000000) 	 
=> PASS: expect=2254240.750000000000000000000000 (4a099683), dut=2254240.750000000000000000000000 (4a099683), rounding_error=0.00000000 % (exp_error = 1.00000000 %)
[Random][ADD]i_32_a=c4841718 (-1056.721679687500000000000000) + i_32_b=4a09a706 (2255297.500000000000000000000000) 	| o_32_s=4a099683 (2254240.750000000000000000000000) 	 
=> PASS: expect=2254240.750000000000000000000000 (4a099683), dut=2254240.750000000000000000000000 (4a099683), rounding_error=0.00000000 % (exp_error = 1.00000000 %)
==========[ Read data from ROM ]==========
[Random][ADD]i_32_a=c299dd7d (-76.932594299316406250000000) + i_32_b=c41ae144 (-619.519775390625000000000000) 	| o_32_s=c42e1cf4 (-696.452392578125000000000000) 	 
=> PASS: expect=-696.452392578125000000000000 (c42e1cf4), dut=-696.452392578125000000000000 (c42e1cf4), rounding_error=0.00000000 % (exp_error = 1.00000000 %)
[Random][ADD]i_32_a=c41ae144 (-619.519775390625000000000000) + i_32_b=c299dd7d (-76.932594299316406250000000) 	| o_32_s=c42e1cf4 (-696.452392578125000000000000) 	 
=> PASS: expect=-696.452392578125000000000000 (c42e1cf4), dut=-696.452392578125000000000000 (c42e1cf4), rounding_error=0.00000000 % (exp_error = 1.00000000 %)
==========[ Read data from ROM ]==========
[Random][ADD]i_32_a=482e7f52 (178685.281250000000000000000000) + i_32_b=4931bc11 (728001.062500000000000000000000) 	| o_32_s=495d5be5 (906686.312500000000000000000000) 	 
=> PASS: expect=906686.375000000000000000000000 (495d5be6), dut=906686.312500000000000000000000 (495d5be5), rounding_error=0.00000689 % (exp_error = 1.00000000 %)
[Random][ADD]i_32_a=4931bc11 (728001.062500000000000000000000) + i_32_b=482e7f52 (178685.281250000000000000000000) 	| o_32_s=495d5be5 (906686.312500000000000000000000) 	 
=> PASS: expect=906686.375000000000000000000000 (495d5be6), dut=906686.312500000000000000000000 (495d5be5), rounding_error=0.00000689 % (exp_error = 1.00000000 %)
==========[ Read data from ROM ]==========
[Random][ADD]i_32_a=c6270f7c (-10691.871093750000000000000000) + i_32_b=42da0dcc (109.026947021484375000000000) 	| o_32_s=c6255b61 (-10582.844726562500000000000000) 	 
=> PASS: expect=-10582.843750000000000000000000 (c6255b60), dut=-10582.844726562500000000000000 (c6255b61), rounding_error=0.00000923 % (exp_error = 1.00000000 %)
[Random][ADD]i_32_a=42da0dcc (109.026947021484375000000000) + i_32_b=c6270f7c (-10691.871093750000000000000000) 	| o_32_s=c6255b61 (-10582.844726562500000000000000) 	 
=> PASS: expect=-10582.843750000000000000000000 (c6255b60), dut=-10582.844726562500000000000000 (c6255b61), rounding_error=0.00000923 % (exp_error = 1.00000000 %)
==========[ Read data from ROM ]==========
[Random][ADD]i_32_a=46a11ace (20621.402343750000000000000000) + i_32_b=ce9e6a78 (-1328888832.000000000000000000000000) 	| o_32_s=ce9e69d7 (-1328868224.000000000000000000000000) 	 
=> PASS: expect=-1328868224.000000000000000000000000 (ce9e69d7), dut=-1328868224.000000000000000000000000 (ce9e69d7), rounding_error=0.00000000 % (exp_error = 1.00000000 %)
[Random][ADD]i_32_a=ce9e6a78 (-1328888832.000000000000000000000000) + i_32_b=46a11ace (20621.402343750000000000000000) 	| o_32_s=ce9e69d7 (-1328868224.000000000000000000000000) 	 
=> PASS: expect=-1328868224.000000000000000000000000 (ce9e69d7), dut=-1328868224.000000000000000000000000 (ce9e69d7), rounding_error=0.00000000 % (exp_error = 1.00000000 %)
==========[ Read data from ROM ]==========
[Random][ADD]i_32_a=c634bc74 (-11567.113281250000000000000000) + i_32_b=c38ceaf2 (-281.835510253906250000000000) 	| o_32_s=c63923cc (-11848.949218750000000000000000) 	 
=> PASS: expect=-11848.949218750000000000000000 (c63923cc), dut=-11848.949218750000000000000000 (c63923cc), rounding_error=0.00000000 % (exp_error = 1.00000000 %)
[Random][ADD]i_32_a=c38ceaf2 (-281.835510253906250000000000) + i_32_b=c634bc74 (-11567.113281250000000000000000) 	| o_32_s=c63923cc (-11848.949218750000000000000000) 	 
=> PASS: expect=-11848.949218750000000000000000 (c63923cc), dut=-11848.949218750000000000000000 (c63923cc), rounding_error=0.00000000 % (exp_error = 1.00000000 %)
==========[ Read data from ROM ]==========
[Random][ADD]i_32_a=49661ce0 (942542.000000000000000000000000) + i_32_b=ccd41d03 (-111208472.000000000000000000000000) 	| o_32_s=ccd250c9 (-110265928.000000000000000000000000) 	 
=> PASS: expect=-110265928.000000000000000000000000 (ccd250c9), dut=-110265928.000000000000000000000000 (ccd250c9), rounding_error=0.00000000 % (exp_error = 1.00000000 %)
[Random][ADD]i_32_a=ccd41d03 (-111208472.000000000000000000000000) + i_32_b=49661ce0 (942542.000000000000000000000000) 	| o_32_s=ccd250c9 (-110265928.000000000000000000000000) 	 
=> PASS: expect=-110265928.000000000000000000000000 (ccd250c9), dut=-110265928.000000000000000000000000 (ccd250c9), rounding_error=0.00000000 % (exp_error = 1.00000000 %)
==========[ Read data from ROM ]==========
[Random][ADD]i_32_a=454a298a (3234.596191406250000000000000) + i_32_b=4a0d55c7 (2315633.750000000000000000000000) 	| o_32_s=4a0d8851 (2318868.250000000000000000000000) 	 
=> PASS: expect=2318868.250000000000000000000000 (4a0d8851), dut=2318868.250000000000000000000000 (4a0d8851), rounding_error=0.00000000 % (exp_error = 1.00000000 %)
[Random][ADD]i_32_a=4a0d55c7 (2315633.750000000000000000000000) + i_32_b=454a298a (3234.596191406250000000000000) 	| o_32_s=4a0d8851 (2318868.250000000000000000000000) 	 
=> PASS: expect=2318868.250000000000000000000000 (4a0d8851), dut=2318868.250000000000000000000000 (4a0d8851), rounding_error=0.00000000 % (exp_error = 1.00000000 %)
==========[ Read data from ROM ]==========
[Random][ADD]i_32_a=cd8a5b0f (-290152928.000000000000000000000000) + i_32_b=cd0c67be (-147225568.000000000000000000000000) 	| o_32_s=cdd08eee (-437378496.000000000000000000000000) 	 
=> PASS: expect=-437378496.000000000000000000000000 (cdd08eee), dut=-437378496.000000000000000000000000 (cdd08eee), rounding_error=0.00000000 % (exp_error = 1.00000000 %)
[Random][ADD]i_32_a=cd0c67be (-147225568.000000000000000000000000) + i_32_b=cd8a5b0f (-290152928.000000000000000000000000) 	| o_32_s=cdd08eee (-437378496.000000000000000000000000) 	 
=> PASS: expect=-437378496.000000000000000000000000 (cdd08eee), dut=-437378496.000000000000000000000000 (cdd08eee), rounding_error=0.00000000 % (exp_error = 1.00000000 %)
==========[ Read data from ROM ]==========
[Random][ADD]i_32_a=4832eaf5 (183211.828125000000000000000000) + i_32_b=c247ee9e (-49.983024597167968750000000) 	| o_32_s=4832de76 (183161.843750000000000000000000) 	 
=> PASS: expect=183161.843750000000000000000000 (4832de76), dut=183161.843750000000000000000000 (4832de76), rounding_error=0.00000000 % (exp_error = 1.00000000 %)
[Random][ADD]i_32_a=c247ee9e (-49.983024597167968750000000) + i_32_b=4832eaf5 (183211.828125000000000000000000) 	| o_32_s=4832de76 (183161.843750000000000000000000) 	 
=> PASS: expect=183161.843750000000000000000000 (4832de76), dut=183161.843750000000000000000000 (4832de76), rounding_error=0.00000000 % (exp_error = 1.00000000 %)
==========[ Read data from ROM ]==========
[Random][ADD]i_32_a=c3b262ec (-356.772827148437500000000000) + i_32_b=c8b78f9f (-375932.968750000000000000000000) 	| o_32_s=c8b7bc38 (-376289.750000000000000000000000) 	 
=> PASS: expect=-376289.750000000000000000000000 (c8b7bc38), dut=-376289.750000000000000000000000 (c8b7bc38), rounding_error=0.00000000 % (exp_error = 1.00000000 %)
[Random][ADD]i_32_a=c8b78f9f (-375932.968750000000000000000000) + i_32_b=c3b262ec (-356.772827148437500000000000) 	| o_32_s=c8b7bc38 (-376289.750000000000000000000000) 	 
=> PASS: expect=-376289.750000000000000000000000 (c8b7bc38), dut=-376289.750000000000000000000000 (c8b7bc38), rounding_error=0.00000000 % (exp_error = 1.00000000 %)
==========[ Read data from ROM ]==========
[Random][ADD]i_32_a=ca25e331 (-2717900.250000000000000000000000) + i_32_b=c7d83abe (-110709.484375000000000000000000) 	| o_32_s=ca2ca506 (-2828609.500000000000000000000000) 	 
=> PASS: expect=-2828609.750000000000000000000000 (ca2ca507), dut=-2828609.500000000000000000000000 (ca2ca506), rounding_error=0.00000884 % (exp_error = 1.00000000 %)
[Random][ADD]i_32_a=c7d83abe (-110709.484375000000000000000000) + i_32_b=ca25e331 (-2717900.250000000000000000000000) 	| o_32_s=ca2ca506 (-2828609.500000000000000000000000) 	 
=> PASS: expect=-2828609.750000000000000000000000 (ca2ca507), dut=-2828609.500000000000000000000000 (ca2ca506), rounding_error=0.00000884 % (exp_error = 1.00000000 %)
==========[ Read data from ROM ]==========
[Random][ADD]i_32_a=421ea6d8 (39.662933349609375000000000) + i_32_b=4691dbaf (18669.841796875000000000000000) 	| o_32_s=46922b02 (18709.503906250000000000000000) 	 
=> PASS: expect=18709.503906250000000000000000 (46922b02), dut=18709.503906250000000000000000 (46922b02), rounding_error=0.00000000 % (exp_error = 1.00000000 %)
[Random][ADD]i_32_a=4691dbaf (18669.841796875000000000000000) + i_32_b=421ea6d8 (39.662933349609375000000000) 	| o_32_s=46922b02 (18709.503906250000000000000000) 	 
=> PASS: expect=18709.503906250000000000000000 (46922b02), dut=18709.503906250000000000000000 (46922b02), rounding_error=0.00000000 % (exp_error = 1.00000000 %)
==========[ Read data from ROM ]==========
[Random][ADD]i_32_a=449cbed5 (1253.963500976562500000000000) + i_32_b=c397cc10 (-303.594238281250000000000000) 	| o_32_s=446d97a2 (950.369262695312500000000000) 	 
=> PASS: expect=950.369262695312500000000000 (446d97a2), dut=950.369262695312500000000000 (446d97a2), rounding_error=0.00000000 % (exp_error = 1.00000000 %)
[Random][ADD]i_32_a=c397cc10 (-303.594238281250000000000000) + i_32_b=449cbed5 (1253.963500976562500000000000) 	| o_32_s=446d97a2 (950.369262695312500000000000) 	 
=> PASS: expect=950.369262695312500000000000 (446d97a2), dut=950.369262695312500000000000 (446d97a2), rounding_error=0.00000000 % (exp_error = 1.00000000 %)
==========[ Read data from ROM ]==========
[Random][ADD]i_32_a=4257e32c (53.971847534179687500000000) + i_32_b=471354a6 (37716.648437500000000000000000) 	| o_32_s=47138a9e (37770.617187500000000000000000) 	 
=> PASS: expect=37770.621093750000000000000000 (47138a9f), dut=37770.617187500000000000000000 (47138a9e), rounding_error=0.00001034 % (exp_error = 1.00000000 %)
[Random][ADD]i_32_a=471354a6 (37716.648437500000000000000000) + i_32_b=4257e32c (53.971847534179687500000000) 	| o_32_s=47138a9e (37770.617187500000000000000000) 	 
=> PASS: expect=37770.621093750000000000000000 (47138a9f), dut=37770.617187500000000000000000 (47138a9e), rounding_error=0.00001034 % (exp_error = 1.00000000 %)
==========[ Read data from ROM ]==========
[Random][ADD]i_32_a=421d36a3 (39.303356170654296875000000) + i_32_b=ce96e1f1 (-1265694848.000000000000000000000000) 	| o_32_s=ce96e1f1 (-1265694848.000000000000000000000000) 	 
=> PASS: expect=-1265694848.000000000000000000000000 (ce96e1f1), dut=-1265694848.000000000000000000000000 (ce96e1f1), rounding_error=0.00000000 % (exp_error = 1.00000000 %)
[Random][ADD]i_32_a=ce96e1f1 (-1265694848.000000000000000000000000) + i_32_b=421d36a3 (39.303356170654296875000000) 	| o_32_s=ce96e1f1 (-1265694848.000000000000000000000000) 	 
=> PASS: expect=-1265694848.000000000000000000000000 (ce96e1f1), dut=-1265694848.000000000000000000000000 (ce96e1f1), rounding_error=0.00000000 % (exp_error = 1.00000000 %)
==========[ Read data from ROM ]==========
[Random][ADD]i_32_a=cc6e4cf7 (-62469084.000000000000000000000000) + i_32_b=c4025874 (-521.382080078125000000000000) 	| o_32_s=cc6e4d79 (-62469604.000000000000000000000000) 	 
=> PASS: expect=-62469604.000000000000000000000000 (cc6e4d79), dut=-62469604.000000000000000000000000 (cc6e4d79), rounding_error=0.00000000 % (exp_error = 1.00000000 %)
[Random][ADD]i_32_a=c4025874 (-521.382080078125000000000000) + i_32_b=cc6e4cf7 (-62469084.000000000000000000000000) 	| o_32_s=cc6e4d79 (-62469604.000000000000000000000000) 	 
=> PASS: expect=-62469604.000000000000000000000000 (cc6e4d79), dut=-62469604.000000000000000000000000 (cc6e4d79), rounding_error=0.00000000 % (exp_error = 1.00000000 %)
==========[ Read data from ROM ]==========
[Random][ADD]i_32_a=c3b0727b (-352.894378662109375000000000) + i_32_b=cbb0245d (-23087290.000000000000000000000000) 	| o_32_s=cbb0250d (-23087642.000000000000000000000000) 	 
=> PASS: expect=-23087642.000000000000000000000000 (cbb0250d), dut=-23087642.000000000000000000000000 (cbb0250d), rounding_error=0.00000000 % (exp_error = 1.00000000 %)
[Random][ADD]i_32_a=cbb0245d (-23087290.000000000000000000000000) + i_32_b=c3b0727b (-352.894378662109375000000000) 	| o_32_s=cbb0250d (-23087642.000000000000000000000000) 	 
=> PASS: expect=-23087642.000000000000000000000000 (cbb0250d), dut=-23087642.000000000000000000000000 (cbb0250d), rounding_error=0.00000000 % (exp_error = 1.00000000 %)
==========[ Read data from ROM ]==========
[Random][ADD]i_32_a=cc35d4a0 (-47665792.000000000000000000000000) + i_32_b=cce91e1c (-122220768.000000000000000000000000) 	| o_32_s=cd220436 (-169886560.000000000000000000000000) 	 
=> PASS: expect=-169886560.000000000000000000000000 (cd220436), dut=-169886560.000000000000000000000000 (cd220436), rounding_error=0.00000000 % (exp_error = 1.00000000 %)
[Random][ADD]i_32_a=cce91e1c (-122220768.000000000000000000000000) + i_32_b=cc35d4a0 (-47665792.000000000000000000000000) 	| o_32_s=cd220436 (-169886560.000000000000000000000000) 	 
=> PASS: expect=-169886560.000000000000000000000000 (cd220436), dut=-169886560.000000000000000000000000 (cd220436), rounding_error=0.00000000 % (exp_error = 1.00000000 %)
==========[ Read data from ROM ]==========
[Random][ADD]i_32_a=4c9d3d66 (82438960.000000000000000000000000) + i_32_b=4d1acac2 (162311200.000000000000000000000000) 	| o_32_s=4d696975 (244750160.000000000000000000000000) 	 
=> PASS: expect=244750160.000000000000000000000000 (4d696975), dut=244750160.000000000000000000000000 (4d696975), rounding_error=0.00000000 % (exp_error = 1.00000000 %)
[Random][ADD]i_32_a=4d1acac2 (162311200.000000000000000000000000) + i_32_b=4c9d3d66 (82438960.000000000000000000000000) 	| o_32_s=4d696975 (244750160.000000000000000000000000) 	 
=> PASS: expect=244750160.000000000000000000000000 (4d696975), dut=244750160.000000000000000000000000 (4d696975), rounding_error=0.00000000 % (exp_error = 1.00000000 %)
==========[ Read data from ROM ]==========
[Random][ADD]i_32_a=4169438e (14.578992843627929687500000) + i_32_b=41995e58 (19.171066284179687500000000) 	| o_32_s=4207000f (33.750057220458984375000000) 	 
=> PASS: expect=33.750061035156250000000000 (42070010), dut=33.750057220458984375000000 (4207000f), rounding_error=0.00001130 % (exp_error = 1.00000000 %)
[Random][ADD]i_32_a=41995e58 (19.171066284179687500000000) + i_32_b=4169438e (14.578992843627929687500000) 	| o_32_s=4207000f (33.750057220458984375000000) 	 
=> PASS: expect=33.750061035156250000000000 (42070010), dut=33.750057220458984375000000 (4207000f), rounding_error=0.00001130 % (exp_error = 1.00000000 %)
==========[ Read data from ROM ]==========
[Random][ADD]i_32_a=c30620d7 (-134.128280639648437500000000) + i_32_b=ca30be75 (-2895773.250000000000000000000000) 	| o_32_s=ca30c08d (-2895907.250000000000000000000000) 	 
=> PASS: expect=-2895907.500000000000000000000000 (ca30c08e), dut=-2895907.250000000000000000000000 (ca30c08d), rounding_error=0.00000863 % (exp_error = 1.00000000 %)
[Random][ADD]i_32_a=ca30be75 (-2895773.250000000000000000000000) + i_32_b=c30620d7 (-134.128280639648437500000000) 	| o_32_s=ca30c08d (-2895907.250000000000000000000000) 	 
=> PASS: expect=-2895907.500000000000000000000000 (ca30c08e), dut=-2895907.250000000000000000000000 (ca30c08d), rounding_error=0.00000863 % (exp_error = 1.00000000 %)
==========[ Read data from ROM ]==========
[Random][ADD]i_32_a=cbd10936 (-27398764.000000000000000000000000) + i_32_b=4c3cd31e (49499256.000000000000000000000000) 	| o_32_s=4ba89d06 (22100492.000000000000000000000000) 	 
=> PASS: expect=22100492.000000000000000000000000 (4ba89d06), dut=22100492.000000000000000000000000 (4ba89d06), rounding_error=0.00000000 % (exp_error = 1.00000000 %)
[Random][ADD]i_32_a=4c3cd31e (49499256.000000000000000000000000) + i_32_b=cbd10936 (-27398764.000000000000000000000000) 	| o_32_s=4ba89d06 (22100492.000000000000000000000000) 	 
=> PASS: expect=22100492.000000000000000000000000 (4ba89d06), dut=22100492.000000000000000000000000 (4ba89d06), rounding_error=0.00000000 % (exp_error = 1.00000000 %)
==========[ Read data from ROM ]==========
[Random][ADD]i_32_a=437da564 (253.646057128906250000000000) + i_32_b=4423e046 (655.504272460937500000000000) 	| o_32_s=4463499f (909.150329589843750000000000) 	 
=> PASS: expect=909.150329589843750000000000 (4463499f), dut=909.150329589843750000000000 (4463499f), rounding_error=0.00000000 % (exp_error = 1.00000000 %)
[Random][ADD]i_32_a=4423e046 (655.504272460937500000000000) + i_32_b=437da564 (253.646057128906250000000000) 	| o_32_s=4463499f (909.150329589843750000000000) 	 
=> PASS: expect=909.150329589843750000000000 (4463499f), dut=909.150329589843750000000000 (4463499f), rounding_error=0.00000000 % (exp_error = 1.00000000 %)
==========[ Read data from ROM ]==========
[Random][ADD]i_32_a=48b5ad55 (372074.656250000000000000000000) + i_32_b=4e8e65fb (1194524032.000000000000000000000000) 	| o_32_s=4e8e7155 (1194896000.000000000000000000000000) 	 
=> PASS: expect=1194896128.000000000000000000000000 (4e8e7156), dut=1194896000.000000000000000000000000 (4e8e7155), rounding_error=0.00001071 % (exp_error = 1.00000000 %)
[Random][ADD]i_32_a=4e8e65fb (1194524032.000000000000000000000000) + i_32_b=48b5ad55 (372074.656250000000000000000000) 	| o_32_s=4e8e7155 (1194896000.000000000000000000000000) 	 
=> PASS: expect=1194896128.000000000000000000000000 (4e8e7156), dut=1194896000.000000000000000000000000 (4e8e7155), rounding_error=0.00001071 % (exp_error = 1.00000000 %)
==========[ Read data from ROM ]==========
[Random][ADD]i_32_a=4cbe6cc4 (99837472.000000000000000000000000) + i_32_b=c7e0e508 (-115146.062500000000000000000000) 	| o_32_s=4cbe348b (99722328.000000000000000000000000) 	 
=> PASS: expect=99722328.000000000000000000000000 (4cbe348b), dut=99722328.000000000000000000000000 (4cbe348b), rounding_error=0.00000000 % (exp_error = 1.00000000 %)
[Random][ADD]i_32_a=c7e0e508 (-115146.062500000000000000000000) + i_32_b=4cbe6cc4 (99837472.000000000000000000000000) 	| o_32_s=4cbe348b (99722328.000000000000000000000000) 	 
=> PASS: expect=99722328.000000000000000000000000 (4cbe348b), dut=99722328.000000000000000000000000 (4cbe348b), rounding_error=0.00000000 % (exp_error = 1.00000000 %)
==========[ Read data from ROM ]==========
[Random][ADD]i_32_a=4a8ca6aa (4608853.000000000000000000000000) + i_32_b=ca74c4fa (-4010302.500000000000000000000000) 	| o_32_s=49122168 (598550.500000000000000000000000) 	 
=> PASS: expect=598550.500000000000000000000000 (49122168), dut=598550.500000000000000000000000 (49122168), rounding_error=0.00000000 % (exp_error = 1.00000000 %)
[Random][ADD]i_32_a=ca74c4fa (-4010302.500000000000000000000000) + i_32_b=4a8ca6aa (4608853.000000000000000000000000) 	| o_32_s=49122168 (598550.500000000000000000000000) 	 
=> PASS: expect=598550.500000000000000000000000 (49122168), dut=598550.500000000000000000000000 (49122168), rounding_error=0.00000000 % (exp_error = 1.00000000 %)
==========[ Read data from ROM ]==========
[Random][ADD]i_32_a=43c38614 (391.047485351562500000000000) + i_32_b=4d8d41b9 (296236832.000000000000000000000000) 	| o_32_s=4d8d41c6 (296237248.000000000000000000000000) 	 
=> PASS: expect=296237216.000000000000000000000000 (4d8d41c5), dut=296237248.000000000000000000000000 (4d8d41c6), rounding_error=0.00001080 % (exp_error = 1.00000000 %)
[Random][ADD]i_32_a=4d8d41b9 (296236832.000000000000000000000000) + i_32_b=43c38614 (391.047485351562500000000000) 	| o_32_s=4d8d41c6 (296237248.000000000000000000000000) 	 
=> PASS: expect=296237216.000000000000000000000000 (4d8d41c5), dut=296237248.000000000000000000000000 (4d8d41c6), rounding_error=0.00001080 % (exp_error = 1.00000000 %)
==========[ Read data from ROM ]==========
[Random][ADD]i_32_a=4d001816 (134316384.000000000000000000000000) + i_32_b=cea82ed2 (-1410820352.000000000000000000000000) 	| o_32_s=ce982bcf (-1276503936.000000000000000000000000) 	 
=> PASS: expect=-1276503936.000000000000000000000000 (ce982bcf), dut=-1276503936.000000000000000000000000 (ce982bcf), rounding_error=0.00000000 % (exp_error = 1.00000000 %)
[Random][ADD]i_32_a=cea82ed2 (-1410820352.000000000000000000000000) + i_32_b=4d001816 (134316384.000000000000000000000000) 	| o_32_s=ce982bcf (-1276503936.000000000000000000000000) 	 
=> PASS: expect=-1276503936.000000000000000000000000 (ce982bcf), dut=-1276503936.000000000000000000000000 (ce982bcf), rounding_error=0.00000000 % (exp_error = 1.00000000 %)
==========[ Read data from ROM ]==========
[Random][ADD]i_32_a=cbe990a5 (-30613834.000000000000000000000000) + i_32_b=c880f6a5 (-264117.156250000000000000000000) 	| o_32_s=cbeb9480 (-30877952.000000000000000000000000) 	 
=> PASS: expect=-30877952.000000000000000000000000 (cbeb9480), dut=-30877952.000000000000000000000000 (cbeb9480), rounding_error=0.00000000 % (exp_error = 1.00000000 %)
[Random][ADD]i_32_a=c880f6a5 (-264117.156250000000000000000000) + i_32_b=cbe990a5 (-30613834.000000000000000000000000) 	| o_32_s=cbeb9480 (-30877952.000000000000000000000000) 	 
=> PASS: expect=-30877952.000000000000000000000000 (cbeb9480), dut=-30877952.000000000000000000000000 (cbeb9480), rounding_error=0.00000000 % (exp_error = 1.00000000 %)
==========[ Read data from ROM ]==========
[Random][ADD]i_32_a=4dc235e5 (407288992.000000000000000000000000) + i_32_b=c493aaaa (-1181.333251953125000000000000) 	| o_32_s=4dc235c0 (407287808.000000000000000000000000) 	 
=> PASS: expect=407287808.000000000000000000000000 (4dc235c0), dut=407287808.000000000000000000000000 (4dc235c0), rounding_error=0.00000000 % (exp_error = 1.00000000 %)
[Random][ADD]i_32_a=c493aaaa (-1181.333251953125000000000000) + i_32_b=4dc235e5 (407288992.000000000000000000000000) 	| o_32_s=4dc235c0 (407287808.000000000000000000000000) 	 
=> PASS: expect=407287808.000000000000000000000000 (4dc235c0), dut=407287808.000000000000000000000000 (4dc235c0), rounding_error=0.00000000 % (exp_error = 1.00000000 %)
==========[ Read data from ROM ]==========
[Random][ADD]i_32_a=cb1167a0 (-9529248.000000000000000000000000) + i_32_b=cd6cb207 (-248193136.000000000000000000000000) 	| o_32_s=cd75c881 (-257722384.000000000000000000000000) 	 
=> PASS: expect=-257722384.000000000000000000000000 (cd75c881), dut=-257722384.000000000000000000000000 (cd75c881), rounding_error=0.00000000 % (exp_error = 1.00000000 %)
[Random][ADD]i_32_a=cd6cb207 (-248193136.000000000000000000000000) + i_32_b=cb1167a0 (-9529248.000000000000000000000000) 	| o_32_s=cd75c881 (-257722384.000000000000000000000000) 	 
=> PASS: expect=-257722384.000000000000000000000000 (cd75c881), dut=-257722384.000000000000000000000000 (cd75c881), rounding_error=0.00000000 % (exp_error = 1.00000000 %)
==========[ Read data from ROM ]==========
[Random][ADD]i_32_a=413b62b1 (11.711594581604003906250000) + i_32_b=4eec8c4d (1984308864.000000000000000000000000) 	| o_32_s=4eec8c4e (1984308992.000000000000000000000000) 	 
=> PASS: expect=1984308864.000000000000000000000000 (4eec8c4d), dut=1984308992.000000000000000000000000 (4eec8c4e), rounding_error=0.00000645 % (exp_error = 1.00000000 %)
[Random][ADD]i_32_a=4eec8c4d (1984308864.000000000000000000000000) + i_32_b=413b62b1 (11.711594581604003906250000) 	| o_32_s=4eec8c4e (1984308992.000000000000000000000000) 	 
=> PASS: expect=1984308864.000000000000000000000000 (4eec8c4d), dut=1984308992.000000000000000000000000 (4eec8c4e), rounding_error=0.00000645 % (exp_error = 1.00000000 %)
==========[ Read data from ROM ]==========
[Random][ADD]i_32_a=441ec89b (635.134460449218750000000000) + i_32_b=4b5c24ee (14427374.000000000000000000000000) 	| o_32_s=4b5c276a (14428010.000000000000000000000000) 	 
=> PASS: expect=14428009.000000000000000000000000 (4b5c2769), dut=14428010.000000000000000000000000 (4b5c276a), rounding_error=0.00000693 % (exp_error = 1.00000000 %)
[Random][ADD]i_32_a=4b5c24ee (14427374.000000000000000000000000) + i_32_b=441ec89b (635.134460449218750000000000) 	| o_32_s=4b5c276a (14428010.000000000000000000000000) 	 
=> PASS: expect=14428009.000000000000000000000000 (4b5c2769), dut=14428010.000000000000000000000000 (4b5c276a), rounding_error=0.00000693 % (exp_error = 1.00000000 %)
==========[ Read data from ROM ]==========
[Random][ADD]i_32_a=469710bb (19336.365234375000000000000000) + i_32_b=c44dec02 (-823.687622070312500000000000) 	| o_32_s=4690a15b (18512.677734375000000000000000) 	 
=> PASS: expect=18512.677734375000000000000000 (4690a15b), dut=18512.677734375000000000000000 (4690a15b), rounding_error=0.00000000 % (exp_error = 1.00000000 %)
[Random][ADD]i_32_a=c44dec02 (-823.687622070312500000000000) + i_32_b=469710bb (19336.365234375000000000000000) 	| o_32_s=4690a15b (18512.677734375000000000000000) 	 
=> PASS: expect=18512.677734375000000000000000 (4690a15b), dut=18512.677734375000000000000000 (4690a15b), rounding_error=0.00000000 % (exp_error = 1.00000000 %)
==========[ Read data from ROM ]==========
[Random][ADD]i_32_a=c743c00a (-50112.039062500000000000000000) + i_32_b=c8e38af6 (-466007.687500000000000000000000) 	| o_32_s=c8fc02f8 (-516119.750000000000000000000000) 	 
=> PASS: expect=-516119.718750000000000000000000 (c8fc02f7), dut=-516119.750000000000000000000000 (c8fc02f8), rounding_error=0.00000605 % (exp_error = 1.00000000 %)
[Random][ADD]i_32_a=c8e38af6 (-466007.687500000000000000000000) + i_32_b=c743c00a (-50112.039062500000000000000000) 	| o_32_s=c8fc02f8 (-516119.750000000000000000000000) 	 
=> PASS: expect=-516119.718750000000000000000000 (c8fc02f7), dut=-516119.750000000000000000000000 (c8fc02f8), rounding_error=0.00000605 % (exp_error = 1.00000000 %)
==========[ Read data from ROM ]==========
[Random][ADD]i_32_a=43fa6051 (500.752471923828125000000000) + i_32_b=c297b5a3 (-75.854759216308593750000000) 	| o_32_s=43d472e8 (424.897705078125000000000000) 	 
=> PASS: expect=424.897705078125000000000000 (43d472e8), dut=424.897705078125000000000000 (43d472e8), rounding_error=0.00000000 % (exp_error = 1.00000000 %)
[Random][ADD]i_32_a=c297b5a3 (-75.854759216308593750000000) + i_32_b=43fa6051 (500.752471923828125000000000) 	| o_32_s=43d472e8 (424.897705078125000000000000) 	 
=> PASS: expect=424.897705078125000000000000 (43d472e8), dut=424.897705078125000000000000 (43d472e8), rounding_error=0.00000000 % (exp_error = 1.00000000 %)
==========[ Read data from ROM ]==========
[Random][ADD]i_32_a=49611ce6 (922062.375000000000000000000000) + i_32_b=4c1dc182 (41354760.000000000000000000000000) 	| o_32_s=4c2145f6 (42276824.000000000000000000000000) 	 
=> PASS: expect=42276824.000000000000000000000000 (4c2145f6), dut=42276824.000000000000000000000000 (4c2145f6), rounding_error=0.00000000 % (exp_error = 1.00000000 %)
[Random][ADD]i_32_a=4c1dc182 (41354760.000000000000000000000000) + i_32_b=49611ce6 (922062.375000000000000000000000) 	| o_32_s=4c2145f6 (42276824.000000000000000000000000) 	 
=> PASS: expect=42276824.000000000000000000000000 (4c2145f6), dut=42276824.000000000000000000000000 (4c2145f6), rounding_error=0.00000000 % (exp_error = 1.00000000 %)
==========[ Read data from ROM ]==========
[Random][ADD]i_32_a=458369c8 (4205.222656250000000000000000) + i_32_b=45ad070c (5536.880859375000000000000000) 	| o_32_s=4618386a (9742.103515625000000000000000) 	 
=> PASS: expect=9742.103515625000000000000000 (4618386a), dut=9742.103515625000000000000000 (4618386a), rounding_error=0.00000000 % (exp_error = 1.00000000 %)
[Random][ADD]i_32_a=45ad070c (5536.880859375000000000000000) + i_32_b=458369c8 (4205.222656250000000000000000) 	| o_32_s=4618386a (9742.103515625000000000000000) 	 
=> PASS: expect=9742.103515625000000000000000 (4618386a), dut=9742.103515625000000000000000 (4618386a), rounding_error=0.00000000 % (exp_error = 1.00000000 %)
==========[ Read data from ROM ]==========
[Random][ADD]i_32_a=c8190a73 (-156713.796875000000000000000000) + i_32_b=4aa92d3d (5543582.500000000000000000000000) 	| o_32_s=4aa464ea (5386869.000000000000000000000000) 	 
=> PASS: expect=5386868.500000000000000000000000 (4aa464e9), dut=5386869.000000000000000000000000 (4aa464ea), rounding_error=0.00000928 % (exp_error = 1.00000000 %)
[Random][ADD]i_32_a=4aa92d3d (5543582.500000000000000000000000) + i_32_b=c8190a73 (-156713.796875000000000000000000) 	| o_32_s=4aa464ea (5386869.000000000000000000000000) 	 
=> PASS: expect=5386868.500000000000000000000000 (4aa464e9), dut=5386869.000000000000000000000000 (4aa464ea), rounding_error=0.00000928 % (exp_error = 1.00000000 %)
==========[ Read data from ROM ]==========
[Random][ADD]i_32_a=c89edcc9 (-325350.281250000000000000000000) + i_32_b=4a31b2ab (2911402.750000000000000000000000) 	| o_32_s=4a1dd712 (2586052.500000000000000000000000) 	 
=> PASS: expect=2586052.500000000000000000000000 (4a1dd712), dut=2586052.500000000000000000000000 (4a1dd712), rounding_error=0.00000000 % (exp_error = 1.00000000 %)
[Random][ADD]i_32_a=4a31b2ab (2911402.750000000000000000000000) + i_32_b=c89edcc9 (-325350.281250000000000000000000) 	| o_32_s=4a1dd712 (2586052.500000000000000000000000) 	 
=> PASS: expect=2586052.500000000000000000000000 (4a1dd712), dut=2586052.500000000000000000000000 (4a1dd712), rounding_error=0.00000000 % (exp_error = 1.00000000 %)
==========[ Read data from ROM ]==========
[Random][ADD]i_32_a=c507c3de (-2172.241699218750000000000000) + i_32_b=c7d42ca5 (-108633.289062500000000000000000) 	| o_32_s=c7d86ac3 (-110805.523437500000000000000000) 	 
=> PASS: expect=-110805.531250000000000000000000 (c7d86ac4), dut=-110805.523437500000000000000000 (c7d86ac3), rounding_error=0.00000705 % (exp_error = 1.00000000 %)
[Random][ADD]i_32_a=c7d42ca5 (-108633.289062500000000000000000) + i_32_b=c507c3de (-2172.241699218750000000000000) 	| o_32_s=c7d86ac3 (-110805.523437500000000000000000) 	 
=> PASS: expect=-110805.531250000000000000000000 (c7d86ac4), dut=-110805.523437500000000000000000 (c7d86ac3), rounding_error=0.00000705 % (exp_error = 1.00000000 %)
==========[ Read data from ROM ]==========
[Random][ADD]i_32_a=418d7a22 (17.684635162353515625000000) + i_32_b=4c60ae10 (58898496.000000000000000000000000) 	| o_32_s=4c60ae14 (58898512.000000000000000000000000) 	 
=> PASS: expect=58898512.000000000000000000000000 (4c60ae14), dut=58898512.000000000000000000000000 (4c60ae14), rounding_error=0.00000000 % (exp_error = 1.00000000 %)
[Random][ADD]i_32_a=4c60ae10 (58898496.000000000000000000000000) + i_32_b=418d7a22 (17.684635162353515625000000) 	| o_32_s=4c60ae14 (58898512.000000000000000000000000) 	 
=> PASS: expect=58898512.000000000000000000000000 (4c60ae14), dut=58898512.000000000000000000000000 (4c60ae14), rounding_error=0.00000000 % (exp_error = 1.00000000 %)
==========[ Read data from ROM ]==========
[Random][ADD]i_32_a=4815b2c0 (153291.000000000000000000000000) + i_32_b=cb841826 (-17313868.000000000000000000000000) 	| o_32_s=cb82ecc0 (-17160576.000000000000000000000000) 	 
=> PASS: expect=-17160576.000000000000000000000000 (cb82ecc0), dut=-17160576.000000000000000000000000 (cb82ecc0), rounding_error=0.00000000 % (exp_error = 1.00000000 %)
[Random][ADD]i_32_a=cb841826 (-17313868.000000000000000000000000) + i_32_b=4815b2c0 (153291.000000000000000000000000) 	| o_32_s=cb82ecc0 (-17160576.000000000000000000000000) 	 
=> PASS: expect=-17160576.000000000000000000000000 (cb82ecc0), dut=-17160576.000000000000000000000000 (cb82ecc0), rounding_error=0.00000000 % (exp_error = 1.00000000 %)
==========[ Read data from ROM ]==========
[Random][ADD]i_32_a=c5e4f7f6 (-7326.995117187500000000000000) + i_32_b=4a9a35bf (5053151.500000000000000000000000) 	| o_32_s=4a99fc81 (5045824.500000000000000000000000) 	 
=> PASS: expect=5045824.500000000000000000000000 (4a99fc81), dut=5045824.500000000000000000000000 (4a99fc81), rounding_error=0.00000000 % (exp_error = 1.00000000 %)
[Random][ADD]i_32_a=4a9a35bf (5053151.500000000000000000000000) + i_32_b=c5e4f7f6 (-7326.995117187500000000000000) 	| o_32_s=4a99fc81 (5045824.500000000000000000000000) 	 
=> PASS: expect=5045824.500000000000000000000000 (4a99fc81), dut=5045824.500000000000000000000000 (4a99fc81), rounding_error=0.00000000 % (exp_error = 1.00000000 %)
==========[ Read data from ROM ]==========
[Random][ADD]i_32_a=4626b8da (10670.212890625000000000000000) + i_32_b=45ce804e (6608.038085937500000000000000) 	| o_32_s=4686fc80 (17278.250000000000000000000000) 	 
=> PASS: expect=17278.250000000000000000000000 (4686fc80), dut=17278.250000000000000000000000 (4686fc80), rounding_error=0.00000000 % (exp_error = 1.00000000 %)
[Random][ADD]i_32_a=45ce804e (6608.038085937500000000000000) + i_32_b=4626b8da (10670.212890625000000000000000) 	| o_32_s=4686fc80 (17278.250000000000000000000000) 	 
=> PASS: expect=17278.250000000000000000000000 (4686fc80), dut=17278.250000000000000000000000 (4686fc80), rounding_error=0.00000000 % (exp_error = 1.00000000 %)
==========[ Read data from ROM ]==========
[Random][ADD]i_32_a=48c01b34 (393433.625000000000000000000000) + i_32_b=4cb16453 (93004440.000000000000000000000000) 	| o_32_s=4cb2246f (93397880.000000000000000000000000) 	 
=> PASS: expect=93397872.000000000000000000000000 (4cb2246e), dut=93397880.000000000000000000000000 (4cb2246f), rounding_error=0.00000857 % (exp_error = 1.00000000 %)
[Random][ADD]i_32_a=4cb16453 (93004440.000000000000000000000000) + i_32_b=48c01b34 (393433.625000000000000000000000) 	| o_32_s=4cb2246f (93397880.000000000000000000000000) 	 
=> PASS: expect=93397872.000000000000000000000000 (4cb2246e), dut=93397880.000000000000000000000000 (4cb2246f), rounding_error=0.00000857 % (exp_error = 1.00000000 %)
==========[ Read data from ROM ]==========
[Random][ADD]i_32_a=4ab363a0 (5878224.000000000000000000000000) + i_32_b=c23ea270 (-47.658630371093750000000000) 	| o_32_s=4ab36340 (5878176.000000000000000000000000) 	 
=> PASS: expect=5878176.500000000000000000000000 (4ab36341), dut=5878176.000000000000000000000000 (4ab36340), rounding_error=0.00000851 % (exp_error = 1.00000000 %)
[Random][ADD]i_32_a=c23ea270 (-47.658630371093750000000000) + i_32_b=4ab363a0 (5878224.000000000000000000000000) 	| o_32_s=4ab36340 (5878176.000000000000000000000000) 	 
=> PASS: expect=5878176.500000000000000000000000 (4ab36341), dut=5878176.000000000000000000000000 (4ab36340), rounding_error=0.00000851 % (exp_error = 1.00000000 %)
==========[ Read data from ROM ]==========
[Random][ADD]i_32_a=4c7348f4 (63775696.000000000000000000000000) + i_32_b=486d4830 (242976.750000000000000000000000) 	| o_32_s=4c74363d (64018676.000000000000000000000000) 	 
=> PASS: expect=64018672.000000000000000000000000 (4c74363c), dut=64018676.000000000000000000000000 (4c74363d), rounding_error=0.00000625 % (exp_error = 1.00000000 %)
[Random][ADD]i_32_a=486d4830 (242976.750000000000000000000000) + i_32_b=4c7348f4 (63775696.000000000000000000000000) 	| o_32_s=4c74363d (64018676.000000000000000000000000) 	 
=> PASS: expect=64018672.000000000000000000000000 (4c74363c), dut=64018676.000000000000000000000000 (4c74363d), rounding_error=0.00000625 % (exp_error = 1.00000000 %)
==========[ Read data from ROM ]==========
[Random][ADD]i_32_a=cd7f2bd7 (-267566448.000000000000000000000000) + i_32_b=c597db67 (-4859.425292968750000000000000) 	| o_32_s=cd7f2d07 (-267571312.000000000000000000000000) 	 
=> PASS: expect=-267571312.000000000000000000000000 (cd7f2d07), dut=-267571312.000000000000000000000000 (cd7f2d07), rounding_error=0.00000000 % (exp_error = 1.00000000 %)
[Random][ADD]i_32_a=c597db67 (-4859.425292968750000000000000) + i_32_b=cd7f2bd7 (-267566448.000000000000000000000000) 	| o_32_s=cd7f2d07 (-267571312.000000000000000000000000) 	 
=> PASS: expect=-267571312.000000000000000000000000 (cd7f2d07), dut=-267571312.000000000000000000000000 (cd7f2d07), rounding_error=0.00000000 % (exp_error = 1.00000000 %)
==========[ Read data from ROM ]==========
[Random][ADD]i_32_a=ce8031f8 (-1075379200.000000000000000000000000) + i_32_b=c4b67a6c (-1459.825683593750000000000000) 	| o_32_s=ce803203 (-1075380608.000000000000000000000000) 	 
=> PASS: expect=-1075380608.000000000000000000000000 (ce803203), dut=-1075380608.000000000000000000000000 (ce803203), rounding_error=0.00000000 % (exp_error = 1.00000000 %)
[Random][ADD]i_32_a=c4b67a6c (-1459.825683593750000000000000) + i_32_b=ce8031f8 (-1075379200.000000000000000000000000) 	| o_32_s=ce803203 (-1075380608.000000000000000000000000) 	 
=> PASS: expect=-1075380608.000000000000000000000000 (ce803203), dut=-1075380608.000000000000000000000000 (ce803203), rounding_error=0.00000000 % (exp_error = 1.00000000 %)
==========[ Read data from ROM ]==========
[Random][ADD]i_32_a=4dc080d1 (403708448.000000000000000000000000) + i_32_b=c173d605 (-15.239750862121582031250000) 	| o_32_s=4dc080d0 (403708416.000000000000000000000000) 	 
=> PASS: expect=403708448.000000000000000000000000 (4dc080d1), dut=403708416.000000000000000000000000 (4dc080d0), rounding_error=0.00000793 % (exp_error = 1.00000000 %)
[Random][ADD]i_32_a=c173d605 (-15.239750862121582031250000) + i_32_b=4dc080d1 (403708448.000000000000000000000000) 	| o_32_s=4dc080d0 (403708416.000000000000000000000000) 	 
=> PASS: expect=403708448.000000000000000000000000 (4dc080d1), dut=403708416.000000000000000000000000 (4dc080d0), rounding_error=0.00000793 % (exp_error = 1.00000000 %)
==========[ Read data from ROM ]==========
[Random][ADD]i_32_a=4c18e1b9 (40077028.000000000000000000000000) + i_32_b=4ea7fea2 (1409241344.000000000000000000000000) 	| o_32_s=4eacc5af (1449318272.000000000000000000000000) 	 
=> PASS: expect=1449318400.000000000000000000000000 (4eacc5b0), dut=1449318272.000000000000000000000000 (4eacc5af), rounding_error=0.00000883 % (exp_error = 1.00000000 %)
[Random][ADD]i_32_a=4ea7fea2 (1409241344.000000000000000000000000) + i_32_b=4c18e1b9 (40077028.000000000000000000000000) 	| o_32_s=4eacc5af (1449318272.000000000000000000000000) 	 
=> PASS: expect=1449318400.000000000000000000000000 (4eacc5b0), dut=1449318272.000000000000000000000000 (4eacc5af), rounding_error=0.00000883 % (exp_error = 1.00000000 %)
==========[ Read data from ROM ]==========
[Random][ADD]i_32_a=46320599 (11393.399414062500000000000000) + i_32_b=42258bdd (41.386585235595703125000000) 	| o_32_s=4632ab24 (11434.785156250000000000000000) 	 
=> PASS: expect=11434.786132812500000000000000 (4632ab25), dut=11434.785156250000000000000000 (4632ab24), rounding_error=0.00000854 % (exp_error = 1.00000000 %)
[Random][ADD]i_32_a=42258bdd (41.386585235595703125000000) + i_32_b=46320599 (11393.399414062500000000000000) 	| o_32_s=4632ab24 (11434.785156250000000000000000) 	 
=> PASS: expect=11434.786132812500000000000000 (4632ab25), dut=11434.785156250000000000000000 (4632ab24), rounding_error=0.00000854 % (exp_error = 1.00000000 %)
==========[ Read data from ROM ]==========
[Random][ADD]i_32_a=4c77ad08 (64926752.000000000000000000000000) + i_32_b=c7f8370e (-127086.109375000000000000000000) 	| o_32_s=4c7730ec (64799664.000000000000000000000000) 	 
=> PASS: expect=64799664.000000000000000000000000 (4c7730ec), dut=64799664.000000000000000000000000 (4c7730ec), rounding_error=0.00000000 % (exp_error = 1.00000000 %)
[Random][ADD]i_32_a=c7f8370e (-127086.109375000000000000000000) + i_32_b=4c77ad08 (64926752.000000000000000000000000) 	| o_32_s=4c7730ec (64799664.000000000000000000000000) 	 
=> PASS: expect=64799664.000000000000000000000000 (4c7730ec), dut=64799664.000000000000000000000000 (4c7730ec), rounding_error=0.00000000 % (exp_error = 1.00000000 %)
==========[ Read data from ROM ]==========
[Random][ADD]i_32_a=ca635220 (-3724424.000000000000000000000000) + i_32_b=c59a1208 (-4930.253906250000000000000000) 	| o_32_s=ca639f29 (-3729354.250000000000000000000000) 	 
=> PASS: expect=-3729354.250000000000000000000000 (ca639f29), dut=-3729354.250000000000000000000000 (ca639f29), rounding_error=0.00000000 % (exp_error = 1.00000000 %)
[Random][ADD]i_32_a=c59a1208 (-4930.253906250000000000000000) + i_32_b=ca635220 (-3724424.000000000000000000000000) 	| o_32_s=ca639f29 (-3729354.250000000000000000000000) 	 
=> PASS: expect=-3729354.250000000000000000000000 (ca639f29), dut=-3729354.250000000000000000000000 (ca639f29), rounding_error=0.00000000 % (exp_error = 1.00000000 %)
==========[ Read data from ROM ]==========
[Random][ADD]i_32_a=456da8d9 (3802.552978515625000000000000) + i_32_b=4980b991 (1054514.125000000000000000000000) 	| o_32_s=49813065 (1058316.625000000000000000000000) 	 
=> PASS: expect=1058316.625000000000000000000000 (49813065), dut=1058316.625000000000000000000000 (49813065), rounding_error=0.00000000 % (exp_error = 1.00000000 %)
[Random][ADD]i_32_a=4980b991 (1054514.125000000000000000000000) + i_32_b=456da8d9 (3802.552978515625000000000000) 	| o_32_s=49813065 (1058316.625000000000000000000000) 	 
=> PASS: expect=1058316.625000000000000000000000 (49813065), dut=1058316.625000000000000000000000 (49813065), rounding_error=0.00000000 % (exp_error = 1.00000000 %)
==========[ Read data from ROM ]==========
[Random][ADD]i_32_a=46d759be (27564.871093750000000000000000) + i_32_b=45387eaf (2951.917724609375000000000000) 	| o_32_s=46ee6993 (30516.787109375000000000000000) 	 
=> PASS: expect=30516.789062500000000000000000 (46ee6994), dut=30516.787109375000000000000000 (46ee6993), rounding_error=0.00000640 % (exp_error = 1.00000000 %)
[Random][ADD]i_32_a=45387eaf (2951.917724609375000000000000) + i_32_b=46d759be (27564.871093750000000000000000) 	| o_32_s=46ee6993 (30516.787109375000000000000000) 	 
=> PASS: expect=30516.789062500000000000000000 (46ee6994), dut=30516.787109375000000000000000 (46ee6993), rounding_error=0.00000640 % (exp_error = 1.00000000 %)
==========[ Read data from ROM ]==========
[Random][ADD]i_32_a=469972bb (19641.365234375000000000000000) + i_32_b=ce218bfe (-677576576.000000000000000000000000) 	| o_32_s=ce218acb (-677556928.000000000000000000000000) 	 
=> PASS: expect=-677556928.000000000000000000000000 (ce218acb), dut=-677556928.000000000000000000000000 (ce218acb), rounding_error=0.00000000 % (exp_error = 1.00000000 %)
[Random][ADD]i_32_a=ce218bfe (-677576576.000000000000000000000000) + i_32_b=469972bb (19641.365234375000000000000000) 	| o_32_s=ce218acb (-677556928.000000000000000000000000) 	 
=> PASS: expect=-677556928.000000000000000000000000 (ce218acb), dut=-677556928.000000000000000000000000 (ce218acb), rounding_error=0.00000000 % (exp_error = 1.00000000 %)
==========[ Read data from ROM ]==========
[Random][ADD]i_32_a=c9dfbacf (-1832793.875000000000000000000000) + i_32_b=c50dff2c (-2271.948242187500000000000000) 	| o_32_s=c9e001cf (-1835065.875000000000000000000000) 	 
=> PASS: expect=-1835065.875000000000000000000000 (c9e001cf), dut=-1835065.875000000000000000000000 (c9e001cf), rounding_error=0.00000000 % (exp_error = 1.00000000 %)
[Random][ADD]i_32_a=c50dff2c (-2271.948242187500000000000000) + i_32_b=c9dfbacf (-1832793.875000000000000000000000) 	| o_32_s=c9e001cf (-1835065.875000000000000000000000) 	 
=> PASS: expect=-1835065.875000000000000000000000 (c9e001cf), dut=-1835065.875000000000000000000000 (c9e001cf), rounding_error=0.00000000 % (exp_error = 1.00000000 %)
==========[ Read data from ROM ]==========
[Random][ADD]i_32_a=cacba1e3 (-6672625.500000000000000000000000) + i_32_b=c15d7853 (-13.841876029968261718750000) 	| o_32_s=cacba1ff (-6672639.500000000000000000000000) 	 
=> PASS: expect=-6672639.500000000000000000000000 (cacba1ff), dut=-6672639.500000000000000000000000 (cacba1ff), rounding_error=0.00000000 % (exp_error = 1.00000000 %)
[Random][ADD]i_32_a=c15d7853 (-13.841876029968261718750000) + i_32_b=cacba1e3 (-6672625.500000000000000000000000) 	| o_32_s=cacba1ff (-6672639.500000000000000000000000) 	 
=> PASS: expect=-6672639.500000000000000000000000 (cacba1ff), dut=-6672639.500000000000000000000000 (cacba1ff), rounding_error=0.00000000 % (exp_error = 1.00000000 %)
==========[ Read data from ROM ]==========
[Random][ADD]i_32_a=45370e83 (2928.906982421875000000000000) + i_32_b=421d4bd7 (39.324062347412109375000000) 	| o_32_s=453983b2 (2968.230957031250000000000000) 	 
=> PASS: expect=2968.230957031250000000000000 (453983b2), dut=2968.230957031250000000000000 (453983b2), rounding_error=0.00000000 % (exp_error = 1.00000000 %)
[Random][ADD]i_32_a=421d4bd7 (39.324062347412109375000000) + i_32_b=45370e83 (2928.906982421875000000000000) 	| o_32_s=453983b2 (2968.230957031250000000000000) 	 
=> PASS: expect=2968.230957031250000000000000 (453983b2), dut=2968.230957031250000000000000 (453983b2), rounding_error=0.00000000 % (exp_error = 1.00000000 %)
==========[ Read data from ROM ]==========
[Random][ADD]i_32_a=c794a465 (-76104.789062500000000000000000) + i_32_b=4d9155bf (304789472.000000000000000000000000) 	| o_32_s=4d914c75 (304713376.000000000000000000000000) 	 
=> PASS: expect=304713376.000000000000000000000000 (4d914c75), dut=304713376.000000000000000000000000 (4d914c75), rounding_error=0.00000000 % (exp_error = 1.00000000 %)
[Random][ADD]i_32_a=4d9155bf (304789472.000000000000000000000000) + i_32_b=c794a465 (-76104.789062500000000000000000) 	| o_32_s=4d914c75 (304713376.000000000000000000000000) 	 
=> PASS: expect=304713376.000000000000000000000000 (4d914c75), dut=304713376.000000000000000000000000 (4d914c75), rounding_error=0.00000000 % (exp_error = 1.00000000 %)
==========[ Read data from ROM ]==========
[Random][ADD]i_32_a=cb55331f (-13972255.000000000000000000000000) + i_32_b=c4836603 (-1051.187866210937500000000000) 	| o_32_s=cb55373b (-13973307.000000000000000000000000) 	 
=> PASS: expect=-13973306.000000000000000000000000 (cb55373a), dut=-13973307.000000000000000000000000 (cb55373b), rounding_error=0.00000716 % (exp_error = 1.00000000 %)
[Random][ADD]i_32_a=c4836603 (-1051.187866210937500000000000) + i_32_b=cb55331f (-13972255.000000000000000000000000) 	| o_32_s=cb55373b (-13973307.000000000000000000000000) 	 
=> PASS: expect=-13973306.000000000000000000000000 (cb55373a), dut=-13973307.000000000000000000000000 (cb55373b), rounding_error=0.00000716 % (exp_error = 1.00000000 %)
==========[ Read data from ROM ]==========
[Random][ADD]i_32_a=ce038990 (-551707648.000000000000000000000000) + i_32_b=4b8287b6 (17108844.000000000000000000000000) 	| o_32_s=cdfeeaa4 (-534598784.000000000000000000000000) 	 
=> PASS: expect=-534598816.000000000000000000000000 (cdfeeaa5), dut=-534598784.000000000000000000000000 (cdfeeaa4), rounding_error=0.00000599 % (exp_error = 1.00000000 %)
[Random][ADD]i_32_a=4b8287b6 (17108844.000000000000000000000000) + i_32_b=ce038990 (-551707648.000000000000000000000000) 	| o_32_s=cdfeeaa4 (-534598784.000000000000000000000000) 	 
=> PASS: expect=-534598816.000000000000000000000000 (cdfeeaa5), dut=-534598784.000000000000000000000000 (cdfeeaa4), rounding_error=0.00000599 % (exp_error = 1.00000000 %)
==========[ Read data from ROM ]==========
[Random][ADD]i_32_a=45501244 (3329.141601562500000000000000) + i_32_b=c3401571 (-192.083755493164062500000000) 	| o_32_s=454410ed (3137.057861328125000000000000) 	 
=> PASS: expect=3137.057861328125000000000000 (454410ed), dut=3137.057861328125000000000000 (454410ed), rounding_error=0.00000000 % (exp_error = 1.00000000 %)
[Random][ADD]i_32_a=c3401571 (-192.083755493164062500000000) + i_32_b=45501244 (3329.141601562500000000000000) 	| o_32_s=454410ed (3137.057861328125000000000000) 	 
=> PASS: expect=3137.057861328125000000000000 (454410ed), dut=3137.057861328125000000000000 (454410ed), rounding_error=0.00000000 % (exp_error = 1.00000000 %)
==========[ Read data from ROM ]==========
[Random][ADD]i_32_a=ce16aa2e (-631933824.000000000000000000000000) + i_32_b=c6ad7718 (-22203.546875000000000000000000) 	| o_32_s=ce16ab88 (-631955968.000000000000000000000000) 	 
=> PASS: expect=-631956032.000000000000000000000000 (ce16ab89), dut=-631955968.000000000000000000000000 (ce16ab88), rounding_error=0.00001013 % (exp_error = 1.00000000 %)
[Random][ADD]i_32_a=c6ad7718 (-22203.546875000000000000000000) + i_32_b=ce16aa2e (-631933824.000000000000000000000000) 	| o_32_s=ce16ab88 (-631955968.000000000000000000000000) 	 
=> PASS: expect=-631956032.000000000000000000000000 (ce16ab89), dut=-631955968.000000000000000000000000 (ce16ab88), rounding_error=0.00001013 % (exp_error = 1.00000000 %)
==========[ Read data from ROM ]==========
[Random][ADD]i_32_a=c9dd5c42 (-1813384.250000000000000000000000) + i_32_b=43602ad7 (224.167343139648437500000000) 	| o_32_s=c9dd5540 (-1813160.000000000000000000000000) 	 
=> PASS: expect=-1813160.125000000000000000000000 (c9dd5541), dut=-1813160.000000000000000000000000 (c9dd5540), rounding_error=0.00000689 % (exp_error = 1.00000000 %)
[Random][ADD]i_32_a=43602ad7 (224.167343139648437500000000) + i_32_b=c9dd5c42 (-1813384.250000000000000000000000) 	| o_32_s=c9dd5540 (-1813160.000000000000000000000000) 	 
=> PASS: expect=-1813160.125000000000000000000000 (c9dd5541), dut=-1813160.000000000000000000000000 (c9dd5540), rounding_error=0.00000689 % (exp_error = 1.00000000 %)
==========[ Read data from ROM ]==========
[Random][ADD]i_32_a=c7610941 (-57609.253906250000000000000000) + i_32_b=ce041b27 (-554092992.000000000000000000000000) 	| o_32_s=ce041eac (-554150656.000000000000000000000000) 	 
=> PASS: expect=-554150592.000000000000000000000000 (ce041eab), dut=-554150656.000000000000000000000000 (ce041eac), rounding_error=0.00001155 % (exp_error = 1.00000000 %)
[Random][ADD]i_32_a=ce041b27 (-554092992.000000000000000000000000) + i_32_b=c7610941 (-57609.253906250000000000000000) 	| o_32_s=ce041eac (-554150656.000000000000000000000000) 	 
=> PASS: expect=-554150592.000000000000000000000000 (ce041eab), dut=-554150656.000000000000000000000000 (ce041eac), rounding_error=0.00001155 % (exp_error = 1.00000000 %)
==========[ Read data from ROM ]==========
[Random][ADD]i_32_a=45a367d2 (5228.977539062500000000000000) + i_32_b=cb5cab21 (-14461729.000000000000000000000000) 	| o_32_s=cb5c96b4 (-14456500.000000000000000000000000) 	 
=> PASS: expect=-14456500.000000000000000000000000 (cb5c96b4), dut=-14456500.000000000000000000000000 (cb5c96b4), rounding_error=0.00000000 % (exp_error = 1.00000000 %)
[Random][ADD]i_32_a=cb5cab21 (-14461729.000000000000000000000000) + i_32_b=45a367d2 (5228.977539062500000000000000) 	| o_32_s=cb5c96b4 (-14456500.000000000000000000000000) 	 
=> PASS: expect=-14456500.000000000000000000000000 (cb5c96b4), dut=-14456500.000000000000000000000000 (cb5c96b4), rounding_error=0.00000000 % (exp_error = 1.00000000 %)
==========[ Read data from ROM ]==========
[Random][ADD]i_32_a=c6c9d1dd (-25832.931640625000000000000000) + i_32_b=c8d34c9a (-432740.812500000000000000000000) 	| o_32_s=c8dfe9b7 (-458573.718750000000000000000000) 	 
=> PASS: expect=-458573.750000000000000000000000 (c8dfe9b8), dut=-458573.718750000000000000000000 (c8dfe9b7), rounding_error=0.00000681 % (exp_error = 1.00000000 %)
[Random][ADD]i_32_a=c8d34c9a (-432740.812500000000000000000000) + i_32_b=c6c9d1dd (-25832.931640625000000000000000) 	| o_32_s=c8dfe9b7 (-458573.718750000000000000000000) 	 
=> PASS: expect=-458573.750000000000000000000000 (c8dfe9b8), dut=-458573.718750000000000000000000 (c8dfe9b7), rounding_error=0.00000681 % (exp_error = 1.00000000 %)
==========[ Read data from ROM ]==========
[Random][ADD]i_32_a=445ff8dc (895.888427734375000000000000) + i_32_b=ce3b5956 (-785798528.000000000000000000000000) 	| o_32_s=ce3b5948 (-785797632.000000000000000000000000) 	 
=> PASS: expect=-785797632.000000000000000000000000 (ce3b5948), dut=-785797632.000000000000000000000000 (ce3b5948), rounding_error=0.00000000 % (exp_error = 1.00000000 %)
[Random][ADD]i_32_a=ce3b5956 (-785798528.000000000000000000000000) + i_32_b=445ff8dc (895.888427734375000000000000) 	| o_32_s=ce3b5948 (-785797632.000000000000000000000000) 	 
=> PASS: expect=-785797632.000000000000000000000000 (ce3b5948), dut=-785797632.000000000000000000000000 (ce3b5948), rounding_error=0.00000000 % (exp_error = 1.00000000 %)
==========[ Read data from ROM ]==========
[Random][ADD]i_32_a=4d6ca39f (248134128.000000000000000000000000) + i_32_b=4ccacf71 (106331016.000000000000000000000000) 	| o_32_s=4da905ac (354465152.000000000000000000000000) 	 
=> PASS: expect=354465152.000000000000000000000000 (4da905ac), dut=354465152.000000000000000000000000 (4da905ac), rounding_error=0.00000000 % (exp_error = 1.00000000 %)
[Random][ADD]i_32_a=4ccacf71 (106331016.000000000000000000000000) + i_32_b=4d6ca39f (248134128.000000000000000000000000) 	| o_32_s=4da905ac (354465152.000000000000000000000000) 	 
=> PASS: expect=354465152.000000000000000000000000 (4da905ac), dut=354465152.000000000000000000000000 (4da905ac), rounding_error=0.00000000 % (exp_error = 1.00000000 %)
==========[ Read data from ROM ]==========
[Random][ADD]i_32_a=46162047 (9608.069335937500000000000000) + i_32_b=caebed2d (-7730838.500000000000000000000000) 	| o_32_s=caeba21d (-7721230.500000000000000000000000) 	 
=> PASS: expect=-7721230.500000000000000000000000 (caeba21d), dut=-7721230.500000000000000000000000 (caeba21d), rounding_error=0.00000000 % (exp_error = 1.00000000 %)
[Random][ADD]i_32_a=caebed2d (-7730838.500000000000000000000000) + i_32_b=46162047 (9608.069335937500000000000000) 	| o_32_s=caeba21d (-7721230.500000000000000000000000) 	 
=> PASS: expect=-7721230.500000000000000000000000 (caeba21d), dut=-7721230.500000000000000000000000 (caeba21d), rounding_error=0.00000000 % (exp_error = 1.00000000 %)
==========[ Read data from ROM ]==========
[Random][ADD]i_32_a=470906e1 (35078.878906250000000000000000) + i_32_b=4121c09c (10.109523773193359375000000) 	| o_32_s=470910fd (35088.988281250000000000000000) 	 
=> PASS: expect=35088.988281250000000000000000 (470910fd), dut=35088.988281250000000000000000 (470910fd), rounding_error=0.00000000 % (exp_error = 1.00000000 %)
[Random][ADD]i_32_a=4121c09c (10.109523773193359375000000) + i_32_b=470906e1 (35078.878906250000000000000000) 	| o_32_s=470910fd (35088.988281250000000000000000) 	 
=> PASS: expect=35088.988281250000000000000000 (470910fd), dut=35088.988281250000000000000000 (470910fd), rounding_error=0.00000000 % (exp_error = 1.00000000 %)
==========[ Read data from ROM ]==========
[Random][ADD]i_32_a=cca55371 (-86678408.000000000000000000000000) + i_32_b=4a07b1d3 (2223220.750000000000000000000000) 	| o_32_s=cca115e3 (-84455192.000000000000000000000000) 	 
=> PASS: expect=-84455184.000000000000000000000000 (cca115e2), dut=-84455192.000000000000000000000000 (cca115e3), rounding_error=0.00000947 % (exp_error = 1.00000000 %)
[Random][ADD]i_32_a=4a07b1d3 (2223220.750000000000000000000000) + i_32_b=cca55371 (-86678408.000000000000000000000000) 	| o_32_s=cca115e3 (-84455192.000000000000000000000000) 	 
=> PASS: expect=-84455184.000000000000000000000000 (cca115e2), dut=-84455192.000000000000000000000000 (cca115e3), rounding_error=0.00000947 % (exp_error = 1.00000000 %)
==========[ Read data from ROM ]==========
[Random][ADD]i_32_a=cef4075d (-2047061632.000000000000000000000000) + i_32_b=461b6cb9 (9947.180664062500000000000000) 	| o_32_s=cef40710 (-2047051776.000000000000000000000000) 	 
=> PASS: expect=-2047051648.000000000000000000000000 (cef4070f), dut=-2047051776.000000000000000000000000 (cef40710), rounding_error=0.00000625 % (exp_error = 1.00000000 %)
[Random][ADD]i_32_a=461b6cb9 (9947.180664062500000000000000) + i_32_b=cef4075d (-2047061632.000000000000000000000000) 	| o_32_s=cef40710 (-2047051776.000000000000000000000000) 	 
=> PASS: expect=-2047051648.000000000000000000000000 (cef4070f), dut=-2047051776.000000000000000000000000 (cef40710), rounding_error=0.00000625 % (exp_error = 1.00000000 %)
==========[ Read data from ROM ]==========
[Random][ADD]i_32_a=49be5baa (1559413.250000000000000000000000) + i_32_b=cc16841c (-39456880.000000000000000000000000) 	| o_32_s=cc10913e (-37897464.000000000000000000000000) 	 
=> PASS: expect=-37897468.000000000000000000000000 (cc10913f), dut=-37897464.000000000000000000000000 (cc10913e), rounding_error=0.00001055 % (exp_error = 1.00000000 %)
[Random][ADD]i_32_a=cc16841c (-39456880.000000000000000000000000) + i_32_b=49be5baa (1559413.250000000000000000000000) 	| o_32_s=cc10913e (-37897464.000000000000000000000000) 	 
=> PASS: expect=-37897468.000000000000000000000000 (cc10913f), dut=-37897464.000000000000000000000000 (cc10913e), rounding_error=0.00001055 % (exp_error = 1.00000000 %)
==========[ Read data from ROM ]==========
[Random][ADD]i_32_a=461c04da (9985.212890625000000000000000) + i_32_b=ce138166 (-618682752.000000000000000000000000) 	| o_32_s=ce1380ca (-618672768.000000000000000000000000) 	 
=> PASS: expect=-618672768.000000000000000000000000 (ce1380ca), dut=-618672768.000000000000000000000000 (ce1380ca), rounding_error=0.00000000 % (exp_error = 1.00000000 %)
[Random][ADD]i_32_a=ce138166 (-618682752.000000000000000000000000) + i_32_b=461c04da (9985.212890625000000000000000) 	| o_32_s=ce1380ca (-618672768.000000000000000000000000) 	 
=> PASS: expect=-618672768.000000000000000000000000 (ce1380ca), dut=-618672768.000000000000000000000000 (ce1380ca), rounding_error=0.00000000 % (exp_error = 1.00000000 %)
==========[ Read data from ROM ]==========
[Random][ADD]i_32_a=c6d42226 (-27153.074218750000000000000000) + i_32_b=4dc582ca (414210368.000000000000000000000000) 	| o_32_s=4dc57f79 (414183200.000000000000000000000000) 	 
=> PASS: expect=414183200.000000000000000000000000 (4dc57f79), dut=414183200.000000000000000000000000 (4dc57f79), rounding_error=0.00000000 % (exp_error = 1.00000000 %)
[Random][ADD]i_32_a=4dc582ca (414210368.000000000000000000000000) + i_32_b=c6d42226 (-27153.074218750000000000000000) 	| o_32_s=4dc57f79 (414183200.000000000000000000000000) 	 
=> PASS: expect=414183200.000000000000000000000000 (4dc57f79), dut=414183200.000000000000000000000000 (4dc57f79), rounding_error=0.00000000 % (exp_error = 1.00000000 %)
==========[ Read data from ROM ]==========
[Random][ADD]i_32_a=4ecaa962 (1700049152.000000000000000000000000) + i_32_b=47310168 (45313.406250000000000000000000) 	| o_32_s=4ecaaac4 (1700094464.000000000000000000000000) 	 
=> PASS: expect=1700094464.000000000000000000000000 (4ecaaac4), dut=1700094464.000000000000000000000000 (4ecaaac4), rounding_error=0.00000000 % (exp_error = 1.00000000 %)
[Random][ADD]i_32_a=47310168 (45313.406250000000000000000000) + i_32_b=4ecaa962 (1700049152.000000000000000000000000) 	| o_32_s=4ecaaac4 (1700094464.000000000000000000000000) 	 
=> PASS: expect=1700094464.000000000000000000000000 (4ecaaac4), dut=1700094464.000000000000000000000000 (4ecaaac4), rounding_error=0.00000000 % (exp_error = 1.00000000 %)
==========[ Read data from ROM ]==========
[Random][ADD]i_32_a=439b1fb5 (310.247711181640625000000000) + i_32_b=cb798beb (-16354283.000000000000000000000000) 	| o_32_s=cb798ab5 (-16353973.000000000000000000000000) 	 
=> PASS: expect=-16353973.000000000000000000000000 (cb798ab5), dut=-16353973.000000000000000000000000 (cb798ab5), rounding_error=0.00000000 % (exp_error = 1.00000000 %)
[Random][ADD]i_32_a=cb798beb (-16354283.000000000000000000000000) + i_32_b=439b1fb5 (310.247711181640625000000000) 	| o_32_s=cb798ab5 (-16353973.000000000000000000000000) 	 
=> PASS: expect=-16353973.000000000000000000000000 (cb798ab5), dut=-16353973.000000000000000000000000 (cb798ab5), rounding_error=0.00000000 % (exp_error = 1.00000000 %)
==========[ Read data from ROM ]==========
[Random][ADD]i_32_a=4cedf53b (124758488.000000000000000000000000) + i_32_b=4982bf50 (1071082.000000000000000000000000) 	| o_32_s=4cf00039 (125829576.000000000000000000000000) 	 
=> PASS: expect=125829568.000000000000000000000000 (4cf00038), dut=125829576.000000000000000000000000 (4cf00039), rounding_error=0.00000636 % (exp_error = 1.00000000 %)
[Random][ADD]i_32_a=4982bf50 (1071082.000000000000000000000000) + i_32_b=4cedf53b (124758488.000000000000000000000000) 	| o_32_s=4cf00039 (125829576.000000000000000000000000) 	 
=> PASS: expect=125829568.000000000000000000000000 (4cf00038), dut=125829576.000000000000000000000000 (4cf00039), rounding_error=0.00000636 % (exp_error = 1.00000000 %)
==========[ Read data from ROM ]==========
[Random][ADD]i_32_a=42235df0 (40.841735839843750000000000) + i_32_b=45650ac2 (3664.672363281250000000000000) 	| o_32_s=45679839 (3705.513916015625000000000000) 	 
=> PASS: expect=3705.514160156250000000000000 (4567983a), dut=3705.513916015625000000000000 (45679839), rounding_error=0.00000659 % (exp_error = 1.00000000 %)
[Random][ADD]i_32_a=45650ac2 (3664.672363281250000000000000) + i_32_b=42235df0 (40.841735839843750000000000) 	| o_32_s=45679839 (3705.513916015625000000000000) 	 
=> PASS: expect=3705.514160156250000000000000 (4567983a), dut=3705.513916015625000000000000 (45679839), rounding_error=0.00000659 % (exp_error = 1.00000000 %)
==========[ Read data from ROM ]==========
[Random][ADD]i_32_a=c23d30f9 (-47.297824859619140625000000) + i_32_b=415aeb00 (13.682373046875000000000000) 	| o_32_s=c2067639 (-33.615451812744140625000000) 	 
=> PASS: expect=-33.615451812744140625000000 (c2067639), dut=-33.615451812744140625000000 (c2067639), rounding_error=0.00000000 % (exp_error = 1.00000000 %)
[Random][ADD]i_32_a=415aeb00 (13.682373046875000000000000) + i_32_b=c23d30f9 (-47.297824859619140625000000) 	| o_32_s=c2067639 (-33.615451812744140625000000) 	 
=> PASS: expect=-33.615451812744140625000000 (c2067639), dut=-33.615451812744140625000000 (c2067639), rounding_error=0.00000000 % (exp_error = 1.00000000 %)
==========[ Read data from ROM ]==========
[Random][ADD]i_32_a=4e1c5896 (655762816.000000000000000000000000) + i_32_b=c627453c (-10705.308593750000000000000000) 	| o_32_s=4e1c57ef (655752128.000000000000000000000000) 	 
=> PASS: expect=655752128.000000000000000000000000 (4e1c57ef), dut=655752128.000000000000000000000000 (4e1c57ef), rounding_error=0.00000000 % (exp_error = 1.00000000 %)
[Random][ADD]i_32_a=c627453c (-10705.308593750000000000000000) + i_32_b=4e1c5896 (655762816.000000000000000000000000) 	| o_32_s=4e1c57ef (655752128.000000000000000000000000) 	 
=> PASS: expect=655752128.000000000000000000000000 (4e1c57ef), dut=655752128.000000000000000000000000 (4e1c57ef), rounding_error=0.00000000 % (exp_error = 1.00000000 %)
==========[ Read data from ROM ]==========
[Random][ADD]i_32_a=cae63aee (-7544183.000000000000000000000000) + i_32_b=ca8916f2 (-4492153.000000000000000000000000) 	| o_32_s=cb37a8f0 (-12036336.000000000000000000000000) 	 
=> PASS: expect=-12036336.000000000000000000000000 (cb37a8f0), dut=-12036336.000000000000000000000000 (cb37a8f0), rounding_error=0.00000000 % (exp_error = 1.00000000 %)
[Random][ADD]i_32_a=ca8916f2 (-4492153.000000000000000000000000) + i_32_b=cae63aee (-7544183.000000000000000000000000) 	| o_32_s=cb37a8f0 (-12036336.000000000000000000000000) 	 
=> PASS: expect=-12036336.000000000000000000000000 (cb37a8f0), dut=-12036336.000000000000000000000000 (cb37a8f0), rounding_error=0.00000000 % (exp_error = 1.00000000 %)
==========[ Read data from ROM ]==========
[Random][ADD]i_32_a=c5cb7a0f (-6511.257324218750000000000000) + i_32_b=4b5c78f3 (14448883.000000000000000000000000) 	| o_32_s=4b5c5f84 (14442372.000000000000000000000000) 	 
=> PASS: expect=14442372.000000000000000000000000 (4b5c5f84), dut=14442372.000000000000000000000000 (4b5c5f84), rounding_error=0.00000000 % (exp_error = 1.00000000 %)
[Random][ADD]i_32_a=4b5c78f3 (14448883.000000000000000000000000) + i_32_b=c5cb7a0f (-6511.257324218750000000000000) 	| o_32_s=4b5c5f84 (14442372.000000000000000000000000) 	 
=> PASS: expect=14442372.000000000000000000000000 (4b5c5f84), dut=14442372.000000000000000000000000 (4b5c5f84), rounding_error=0.00000000 % (exp_error = 1.00000000 %)
==========[ Read data from ROM ]==========
[Random][ADD]i_32_a=432906dc (169.026794433593750000000000) + i_32_b=46e57af5 (29373.478515625000000000000000) 	| o_32_s=46e6cd03 (29542.505859375000000000000000) 	 
=> PASS: expect=29542.505859375000000000000000 (46e6cd03), dut=29542.505859375000000000000000 (46e6cd03), rounding_error=0.00000000 % (exp_error = 1.00000000 %)
[Random][ADD]i_32_a=46e57af5 (29373.478515625000000000000000) + i_32_b=432906dc (169.026794433593750000000000) 	| o_32_s=46e6cd03 (29542.505859375000000000000000) 	 
=> PASS: expect=29542.505859375000000000000000 (46e6cd03), dut=29542.505859375000000000000000 (46e6cd03), rounding_error=0.00000000 % (exp_error = 1.00000000 %)
==========[ Read data from ROM ]==========
[Random][ADD]i_32_a=490d14d0 (577869.000000000000000000000000) + i_32_b=cd6a5619 (-245719440.000000000000000000000000) 	| o_32_s=cd69c904 (-245141568.000000000000000000000000) 	 
=> PASS: expect=-245141568.000000000000000000000000 (cd69c904), dut=-245141568.000000000000000000000000 (cd69c904), rounding_error=0.00000000 % (exp_error = 1.00000000 %)
[Random][ADD]i_32_a=cd6a5619 (-245719440.000000000000000000000000) + i_32_b=490d14d0 (577869.000000000000000000000000) 	| o_32_s=cd69c904 (-245141568.000000000000000000000000) 	 
=> PASS: expect=-245141568.000000000000000000000000 (cd69c904), dut=-245141568.000000000000000000000000 (cd69c904), rounding_error=0.00000000 % (exp_error = 1.00000000 %)
==========[ Read data from ROM ]==========
[Random][ADD]i_32_a=cdb781a2 (-384840768.000000000000000000000000) + i_32_b=48dcb750 (452026.500000000000000000000000) 	| o_32_s=cdb74a74 (-384388736.000000000000000000000000) 	 
=> PASS: expect=-384388736.000000000000000000000000 (cdb74a74), dut=-384388736.000000000000000000000000 (cdb74a74), rounding_error=0.00000000 % (exp_error = 1.00000000 %)
[Random][ADD]i_32_a=48dcb750 (452026.500000000000000000000000) + i_32_b=cdb781a2 (-384840768.000000000000000000000000) 	| o_32_s=cdb74a74 (-384388736.000000000000000000000000) 	 
=> PASS: expect=-384388736.000000000000000000000000 (cdb74a74), dut=-384388736.000000000000000000000000 (cdb74a74), rounding_error=0.00000000 % (exp_error = 1.00000000 %)
==========[ Read data from ROM ]==========
[Random][ADD]i_32_a=456ad78d (3757.471923828125000000000000) + i_32_b=41365948 (11.396797180175781250000000) 	| o_32_s=456b8de7 (3768.868896484375000000000000) 	 
=> PASS: expect=3768.868652343750000000000000 (456b8de6), dut=3768.868896484375000000000000 (456b8de7), rounding_error=0.00000648 % (exp_error = 1.00000000 %)
[Random][ADD]i_32_a=41365948 (11.396797180175781250000000) + i_32_b=456ad78d (3757.471923828125000000000000) 	| o_32_s=456b8de7 (3768.868896484375000000000000) 	 
=> PASS: expect=3768.868652343750000000000000 (456b8de6), dut=3768.868896484375000000000000 (456b8de7), rounding_error=0.00000648 % (exp_error = 1.00000000 %)
==========[ Read data from ROM ]==========
[Random][ADD]i_32_a=4cb76077 (96142264.000000000000000000000000) + i_32_b=c8688109 (-238084.140625000000000000000000) 	| o_32_s=4cb6ec36 (95904176.000000000000000000000000) 	 
=> PASS: expect=95904176.000000000000000000000000 (4cb6ec36), dut=95904176.000000000000000000000000 (4cb6ec36), rounding_error=0.00000000 % (exp_error = 1.00000000 %)
[Random][ADD]i_32_a=c8688109 (-238084.140625000000000000000000) + i_32_b=4cb76077 (96142264.000000000000000000000000) 	| o_32_s=4cb6ec36 (95904176.000000000000000000000000) 	 
=> PASS: expect=95904176.000000000000000000000000 (4cb6ec36), dut=95904176.000000000000000000000000 (4cb6ec36), rounding_error=0.00000000 % (exp_error = 1.00000000 %)
==========[ Read data from ROM ]==========
[Random][ADD]i_32_a=c4fff764 (-2047.730957031250000000000000) + i_32_b=441802d2 (608.044067382812500000000000) 	| o_32_s=c4b3f5fb (-1439.686889648437500000000000) 	 
=> PASS: expect=-1439.686889648437500000000000 (c4b3f5fb), dut=-1439.686889648437500000000000 (c4b3f5fb), rounding_error=0.00000000 % (exp_error = 1.00000000 %)
[Random][ADD]i_32_a=441802d2 (608.044067382812500000000000) + i_32_b=c4fff764 (-2047.730957031250000000000000) 	| o_32_s=c4b3f5fb (-1439.686889648437500000000000) 	 
=> PASS: expect=-1439.686889648437500000000000 (c4b3f5fb), dut=-1439.686889648437500000000000 (c4b3f5fb), rounding_error=0.00000000 % (exp_error = 1.00000000 %)
==========[ Read data from ROM ]==========
[Random][ADD]i_32_a=494f4ae8 (849070.500000000000000000000000) + i_32_b=cd301d7d (-184670160.000000000000000000000000) 	| o_32_s=cd2f4e32 (-183821088.000000000000000000000000) 	 
=> PASS: expect=-183821088.000000000000000000000000 (cd2f4e32), dut=-183821088.000000000000000000000000 (cd2f4e32), rounding_error=0.00000000 % (exp_error = 1.00000000 %)
[Random][ADD]i_32_a=cd301d7d (-184670160.000000000000000000000000) + i_32_b=494f4ae8 (849070.500000000000000000000000) 	| o_32_s=cd2f4e32 (-183821088.000000000000000000000000) 	 
=> PASS: expect=-183821088.000000000000000000000000 (cd2f4e32), dut=-183821088.000000000000000000000000 (cd2f4e32), rounding_error=0.00000000 % (exp_error = 1.00000000 %)
==========[ Read data from ROM ]==========
[Random][ADD]i_32_a=c1ff3ca7 (-31.904615402221679687500000) + i_32_b=4a06f75d (2211287.250000000000000000000000) 	| o_32_s=4a06f6de (2211255.500000000000000000000000) 	 
=> PASS: expect=2211255.250000000000000000000000 (4a06f6dd), dut=2211255.500000000000000000000000 (4a06f6de), rounding_error=0.00001131 % (exp_error = 1.00000000 %)
[Random][ADD]i_32_a=4a06f75d (2211287.250000000000000000000000) + i_32_b=c1ff3ca7 (-31.904615402221679687500000) 	| o_32_s=4a06f6de (2211255.500000000000000000000000) 	 
=> PASS: expect=2211255.250000000000000000000000 (4a06f6dd), dut=2211255.500000000000000000000000 (4a06f6de), rounding_error=0.00001131 % (exp_error = 1.00000000 %)
==========[ Read data from ROM ]==========
[Random][ADD]i_32_a=c95e1e48 (-909796.500000000000000000000000) + i_32_b=cbdf95b1 (-29305698.000000000000000000000000) 	| o_32_s=cbe686a4 (-30215496.000000000000000000000000) 	 
=> PASS: expect=-30215494.000000000000000000000000 (cbe686a3), dut=-30215496.000000000000000000000000 (cbe686a4), rounding_error=0.00000662 % (exp_error = 1.00000000 %)
[Random][ADD]i_32_a=cbdf95b1 (-29305698.000000000000000000000000) + i_32_b=c95e1e48 (-909796.500000000000000000000000) 	| o_32_s=cbe686a4 (-30215496.000000000000000000000000) 	 
=> PASS: expect=-30215494.000000000000000000000000 (cbe686a3), dut=-30215496.000000000000000000000000 (cbe686a4), rounding_error=0.00000662 % (exp_error = 1.00000000 %)
==========[ Read data from ROM ]==========
[Random][ADD]i_32_a=ccc2f00b (-102203480.000000000000000000000000) + i_32_b=caa12755 (-5280682.500000000000000000000000) 	| o_32_s=cccd0280 (-107484160.000000000000000000000000) 	 
=> PASS: expect=-107484160.000000000000000000000000 (cccd0280), dut=-107484160.000000000000000000000000 (cccd0280), rounding_error=0.00000000 % (exp_error = 1.00000000 %)
[Random][ADD]i_32_a=caa12755 (-5280682.500000000000000000000000) + i_32_b=ccc2f00b (-102203480.000000000000000000000000) 	| o_32_s=cccd0280 (-107484160.000000000000000000000000) 	 
=> PASS: expect=-107484160.000000000000000000000000 (cccd0280), dut=-107484160.000000000000000000000000 (cccd0280), rounding_error=0.00000000 % (exp_error = 1.00000000 %)
==========[ Read data from ROM ]==========
[Random][ADD]i_32_a=48b36667 (367411.218750000000000000000000) + i_32_b=c3a6b7d6 (-333.436218261718750000000000) 	| o_32_s=48b33cb9 (367077.781250000000000000000000) 	 
=> PASS: expect=367077.781250000000000000000000 (48b33cb9), dut=367077.781250000000000000000000 (48b33cb9), rounding_error=0.00000000 % (exp_error = 1.00000000 %)
[Random][ADD]i_32_a=c3a6b7d6 (-333.436218261718750000000000) + i_32_b=48b36667 (367411.218750000000000000000000) 	| o_32_s=48b33cb9 (367077.781250000000000000000000) 	 
=> PASS: expect=367077.781250000000000000000000 (48b33cb9), dut=367077.781250000000000000000000 (48b33cb9), rounding_error=0.00000000 % (exp_error = 1.00000000 %)
==========[ Read data from ROM ]==========
[Random][ADD]i_32_a=c86241ca (-231687.156250000000000000000000) + i_32_b=ceb18186 (-1489027840.000000000000000000000000) 	| o_32_s=ceb18898 (-1489259520.000000000000000000000000) 	 
=> PASS: expect=-1489259520.000000000000000000000000 (ceb18898), dut=-1489259520.000000000000000000000000 (ceb18898), rounding_error=0.00000000 % (exp_error = 1.00000000 %)
[Random][ADD]i_32_a=ceb18186 (-1489027840.000000000000000000000000) + i_32_b=c86241ca (-231687.156250000000000000000000) 	| o_32_s=ceb18898 (-1489259520.000000000000000000000000) 	 
=> PASS: expect=-1489259520.000000000000000000000000 (ceb18898), dut=-1489259520.000000000000000000000000 (ceb18898), rounding_error=0.00000000 % (exp_error = 1.00000000 %)
==========[ Read data from ROM ]==========
[Random][ADD]i_32_a=4d65113a (240194464.000000000000000000000000) + i_32_b=4892e781 (300860.031250000000000000000000) 	| o_32_s=4d655aad (240495312.000000000000000000000000) 	 
=> PASS: expect=240495328.000000000000000000000000 (4d655aae), dut=240495312.000000000000000000000000 (4d655aad), rounding_error=0.00000665 % (exp_error = 1.00000000 %)
[Random][ADD]i_32_a=4892e781 (300860.031250000000000000000000) + i_32_b=4d65113a (240194464.000000000000000000000000) 	| o_32_s=4d655aad (240495312.000000000000000000000000) 	 
=> PASS: expect=240495328.000000000000000000000000 (4d655aae), dut=240495312.000000000000000000000000 (4d655aad), rounding_error=0.00000665 % (exp_error = 1.00000000 %)
==========[ Read data from ROM ]==========
[Random][ADD]i_32_a=4a82c0e7 (4284531.500000000000000000000000) + i_32_b=c271b167 (-60.423244476318359375000000) 	| o_32_s=4a82c06e (4284471.000000000000000000000000) 	 
=> PASS: expect=4284471.000000000000000000000000 (4a82c06e), dut=4284471.000000000000000000000000 (4a82c06e), rounding_error=0.00000000 % (exp_error = 1.00000000 %)
[Random][ADD]i_32_a=c271b167 (-60.423244476318359375000000) + i_32_b=4a82c0e7 (4284531.500000000000000000000000) 	| o_32_s=4a82c06e (4284471.000000000000000000000000) 	 
=> PASS: expect=4284471.000000000000000000000000 (4a82c06e), dut=4284471.000000000000000000000000 (4a82c06e), rounding_error=0.00000000 % (exp_error = 1.00000000 %)
==========[ Read data from ROM ]==========
[Random][ADD]i_32_a=c4e72d01 (-1849.406372070312500000000000) + i_32_b=4d4a1449 (211895440.000000000000000000000000) 	| o_32_s=4d4a13d6 (211893600.000000000000000000000000) 	 
=> PASS: expect=211893584.000000000000000000000000 (4d4a13d5), dut=211893600.000000000000000000000000 (4d4a13d6), rounding_error=0.00000755 % (exp_error = 1.00000000 %)
[Random][ADD]i_32_a=4d4a1449 (211895440.000000000000000000000000) + i_32_b=c4e72d01 (-1849.406372070312500000000000) 	| o_32_s=4d4a13d6 (211893600.000000000000000000000000) 	 
=> PASS: expect=211893584.000000000000000000000000 (4d4a13d5), dut=211893600.000000000000000000000000 (4d4a13d6), rounding_error=0.00000755 % (exp_error = 1.00000000 %)
==========[ Read data from ROM ]==========
[Random][ADD]i_32_a=c7276b00 (-42859.000000000000000000000000) + i_32_b=4ef4cff0 (2053634048.000000000000000000000000) 	| o_32_s=4ef4cea1 (2053591168.000000000000000000000000) 	 
=> PASS: expect=2053591168.000000000000000000000000 (4ef4cea1), dut=2053591168.000000000000000000000000 (4ef4cea1), rounding_error=0.00000000 % (exp_error = 1.00000000 %)
[Random][ADD]i_32_a=4ef4cff0 (2053634048.000000000000000000000000) + i_32_b=c7276b00 (-42859.000000000000000000000000) 	| o_32_s=4ef4cea1 (2053591168.000000000000000000000000) 	 
=> PASS: expect=2053591168.000000000000000000000000 (4ef4cea1), dut=2053591168.000000000000000000000000 (4ef4cea1), rounding_error=0.00000000 % (exp_error = 1.00000000 %)
==========[ Read data from ROM ]==========
[Random][ADD]i_32_a=498501ec (1089597.500000000000000000000000) + i_32_b=c72bebde (-44011.867187500000000000000000) 	| o_32_s=497f451a (1045585.625000000000000000000000) 	 
=> PASS: expect=1045585.625000000000000000000000 (497f451a), dut=1045585.625000000000000000000000 (497f451a), rounding_error=0.00000000 % (exp_error = 1.00000000 %)
[Random][ADD]i_32_a=c72bebde (-44011.867187500000000000000000) + i_32_b=498501ec (1089597.500000000000000000000000) 	| o_32_s=497f451a (1045585.625000000000000000000000) 	 
=> PASS: expect=1045585.625000000000000000000000 (497f451a), dut=1045585.625000000000000000000000 (497f451a), rounding_error=0.00000000 % (exp_error = 1.00000000 %)
==========[ Read data from ROM ]==========
[Random][ADD]i_32_a=c8420a86 (-198698.093750000000000000000000) + i_32_b=49a05547 (1313448.875000000000000000000000) 	| o_32_s=498813f6 (1114750.750000000000000000000000) 	 
=> PASS: expect=1114750.750000000000000000000000 (498813f6), dut=1114750.750000000000000000000000 (498813f6), rounding_error=0.00000000 % (exp_error = 1.00000000 %)
[Random][ADD]i_32_a=49a05547 (1313448.875000000000000000000000) + i_32_b=c8420a86 (-198698.093750000000000000000000) 	| o_32_s=498813f6 (1114750.750000000000000000000000) 	 
=> PASS: expect=1114750.750000000000000000000000 (498813f6), dut=1114750.750000000000000000000000 (498813f6), rounding_error=0.00000000 % (exp_error = 1.00000000 %)
==========[ Read data from ROM ]==========
[Random][ADD]i_32_a=498f2d55 (1172906.625000000000000000000000) + i_32_b=423178ea (44.368080139160156250000000) 	| o_32_s=498f2eb7 (1172950.875000000000000000000000) 	 
=> PASS: expect=1172951.000000000000000000000000 (498f2eb8), dut=1172950.875000000000000000000000 (498f2eb7), rounding_error=0.00001066 % (exp_error = 1.00000000 %)
[Random][ADD]i_32_a=423178ea (44.368080139160156250000000) + i_32_b=498f2d55 (1172906.625000000000000000000000) 	| o_32_s=498f2eb7 (1172950.875000000000000000000000) 	 
=> PASS: expect=1172951.000000000000000000000000 (498f2eb8), dut=1172950.875000000000000000000000 (498f2eb7), rounding_error=0.00001066 % (exp_error = 1.00000000 %)
==========[ Read data from ROM ]==========
[Random][ADD]i_32_a=48ef54d2 (490150.562500000000000000000000) + i_32_b=4687977e (17355.746093750000000000000000) 	| o_32_s=48f7ce49 (507506.281250000000000000000000) 	 
=> PASS: expect=507506.312500000000000000000000 (48f7ce4a), dut=507506.281250000000000000000000 (48f7ce49), rounding_error=0.00000616 % (exp_error = 1.00000000 %)
[Random][ADD]i_32_a=4687977e (17355.746093750000000000000000) + i_32_b=48ef54d2 (490150.562500000000000000000000) 	| o_32_s=48f7ce49 (507506.281250000000000000000000) 	 
=> PASS: expect=507506.312500000000000000000000 (48f7ce4a), dut=507506.281250000000000000000000 (48f7ce49), rounding_error=0.00000616 % (exp_error = 1.00000000 %)
==========[ Read data from ROM ]==========
[Random][ADD]i_32_a=c6f33560 (-31130.687500000000000000000000) + i_32_b=42aa34cd (85.103126525878906250000000) 	| o_32_s=c6f28b2b (-31045.583984375000000000000000) 	 
=> PASS: expect=-31045.583984375000000000000000 (c6f28b2b), dut=-31045.583984375000000000000000 (c6f28b2b), rounding_error=0.00000000 % (exp_error = 1.00000000 %)
[Random][ADD]i_32_a=42aa34cd (85.103126525878906250000000) + i_32_b=c6f33560 (-31130.687500000000000000000000) 	| o_32_s=c6f28b2b (-31045.583984375000000000000000) 	 
=> PASS: expect=-31045.583984375000000000000000 (c6f28b2b), dut=-31045.583984375000000000000000 (c6f28b2b), rounding_error=0.00000000 % (exp_error = 1.00000000 %)
==========[ Read data from ROM ]==========
[Random][ADD]i_32_a=c6e59b23 (-29389.568359375000000000000000) + i_32_b=c993e2df (-1211483.875000000000000000000000) 	| o_32_s=c997794b (-1240873.375000000000000000000000) 	 
=> PASS: expect=-1240873.500000000000000000000000 (c997794c), dut=-1240873.375000000000000000000000 (c997794b), rounding_error=0.00001007 % (exp_error = 1.00000000 %)
[Random][ADD]i_32_a=c993e2df (-1211483.875000000000000000000000) + i_32_b=c6e59b23 (-29389.568359375000000000000000) 	| o_32_s=c997794b (-1240873.375000000000000000000000) 	 
=> PASS: expect=-1240873.500000000000000000000000 (c997794c), dut=-1240873.375000000000000000000000 (c997794b), rounding_error=0.00001007 % (exp_error = 1.00000000 %)
==========[ Read data from ROM ]==========
[Random][ADD]i_32_a=42c30c03 (97.523460388183593750000000) + i_32_b=42dd3582 (110.604507446289062500000000) 	| o_32_s=435020c2 (208.127960205078125000000000) 	 
=> PASS: expect=208.127960205078125000000000 (435020c2), dut=208.127960205078125000000000 (435020c2), rounding_error=0.00000000 % (exp_error = 1.00000000 %)
[Random][ADD]i_32_a=42dd3582 (110.604507446289062500000000) + i_32_b=42c30c03 (97.523460388183593750000000) 	| o_32_s=435020c2 (208.127960205078125000000000) 	 
=> PASS: expect=208.127960205078125000000000 (435020c2), dut=208.127960205078125000000000 (435020c2), rounding_error=0.00000000 % (exp_error = 1.00000000 %)
==========[ Read data from ROM ]==========
[Random][ADD]i_32_a=cce11036 (-117998000.000000000000000000000000) + i_32_b=ca067605 (-2203009.250000000000000000000000) 	| o_32_s=cce543e7 (-120201016.000000000000000000000000) 	 
=> PASS: expect=-120201008.000000000000000000000000 (cce543e6), dut=-120201016.000000000000000000000000 (cce543e7), rounding_error=0.00000666 % (exp_error = 1.00000000 %)
[Random][ADD]i_32_a=ca067605 (-2203009.250000000000000000000000) + i_32_b=cce11036 (-117998000.000000000000000000000000) 	| o_32_s=cce543e7 (-120201016.000000000000000000000000) 	 
=> PASS: expect=-120201008.000000000000000000000000 (cce543e6), dut=-120201016.000000000000000000000000 (cce543e7), rounding_error=0.00000666 % (exp_error = 1.00000000 %)
==========[ Read data from ROM ]==========
[Random][ADD]i_32_a=459ddf9e (5051.952148437500000000000000) + i_32_b=432c8630 (172.524169921875000000000000) 	| o_32_s=45a343cf (5224.476074218750000000000000) 	 
=> PASS: expect=5224.476562500000000000000000 (45a343d0), dut=5224.476074218750000000000000 (45a343cf), rounding_error=0.00000935 % (exp_error = 1.00000000 %)
[Random][ADD]i_32_a=432c8630 (172.524169921875000000000000) + i_32_b=459ddf9e (5051.952148437500000000000000) 	| o_32_s=45a343cf (5224.476074218750000000000000) 	 
=> PASS: expect=5224.476562500000000000000000 (45a343d0), dut=5224.476074218750000000000000 (45a343cf), rounding_error=0.00000935 % (exp_error = 1.00000000 %)
==========[ Read data from ROM ]==========
[Random][ADD]i_32_a=4a89b26c (4512054.000000000000000000000000) + i_32_b=4361c890 (225.783447265625000000000000) 	| o_32_s=4a89b430 (4512280.000000000000000000000000) 	 
=> PASS: expect=4512280.000000000000000000000000 (4a89b430), dut=4512280.000000000000000000000000 (4a89b430), rounding_error=0.00000000 % (exp_error = 1.00000000 %)
[Random][ADD]i_32_a=4361c890 (225.783447265625000000000000) + i_32_b=4a89b26c (4512054.000000000000000000000000) 	| o_32_s=4a89b430 (4512280.000000000000000000000000) 	 
=> PASS: expect=4512280.000000000000000000000000 (4a89b430), dut=4512280.000000000000000000000000 (4a89b430), rounding_error=0.00000000 % (exp_error = 1.00000000 %)
==========[ Read data from ROM ]==========
[Random][ADD]i_32_a=c2c074ff (-96.228507995605468750000000) + i_32_b=cd873936 (-283584192.000000000000000000000000) 	| o_32_s=cd873939 (-283584288.000000000000000000000000) 	 
=> PASS: expect=-283584288.000000000000000000000000 (cd873939), dut=-283584288.000000000000000000000000 (cd873939), rounding_error=0.00000000 % (exp_error = 1.00000000 %)
[Random][ADD]i_32_a=cd873936 (-283584192.000000000000000000000000) + i_32_b=c2c074ff (-96.228507995605468750000000) 	| o_32_s=cd873939 (-283584288.000000000000000000000000) 	 
=> PASS: expect=-283584288.000000000000000000000000 (cd873939), dut=-283584288.000000000000000000000000 (cd873939), rounding_error=0.00000000 % (exp_error = 1.00000000 %)
==========[ Read data from ROM ]==========
[Random][ADD]i_32_a=43c83151 (400.385284423828125000000000) + i_32_b=c201429f (-32.315059661865234375000000) 	| o_32_s=43b808fd (368.070220947265625000000000) 	 
=> PASS: expect=368.070220947265625000000000 (43b808fd), dut=368.070220947265625000000000 (43b808fd), rounding_error=0.00000000 % (exp_error = 1.00000000 %)
[Random][ADD]i_32_a=c201429f (-32.315059661865234375000000) + i_32_b=43c83151 (400.385284423828125000000000) 	| o_32_s=43b808fd (368.070220947265625000000000) 	 
=> PASS: expect=368.070220947265625000000000 (43b808fd), dut=368.070220947265625000000000 (43b808fd), rounding_error=0.00000000 % (exp_error = 1.00000000 %)
==========[ Read data from ROM ]==========
[Random][ADD]i_32_a=c9594779 (-889975.562500000000000000000000) + i_32_b=41d9c85f (27.222837448120117187500000) 	| o_32_s=c95945c6 (-889948.375000000000000000000000) 	 
=> PASS: expect=-889948.312500000000000000000000 (c95945c5), dut=-889948.375000000000000000000000 (c95945c6), rounding_error=0.00000702 % (exp_error = 1.00000000 %)
[Random][ADD]i_32_a=41d9c85f (27.222837448120117187500000) + i_32_b=c9594779 (-889975.562500000000000000000000) 	| o_32_s=c95945c6 (-889948.375000000000000000000000) 	 
=> PASS: expect=-889948.312500000000000000000000 (c95945c5), dut=-889948.375000000000000000000000 (c95945c6), rounding_error=0.00000702 % (exp_error = 1.00000000 %)
==========[ Read data from ROM ]==========
[Random][ADD]i_32_a=487ceeeb (259003.671875000000000000000000) + i_32_b=c3c7ea61 (-399.831085205078125000000000) 	| o_32_s=487c8af6 (258603.843750000000000000000000) 	 
=> PASS: expect=258603.843750000000000000000000 (487c8af6), dut=258603.843750000000000000000000 (487c8af6), rounding_error=0.00000000 % (exp_error = 1.00000000 %)
[Random][ADD]i_32_a=c3c7ea61 (-399.831085205078125000000000) + i_32_b=487ceeeb (259003.671875000000000000000000) 	| o_32_s=487c8af6 (258603.843750000000000000000000) 	 
=> PASS: expect=258603.843750000000000000000000 (487c8af6), dut=258603.843750000000000000000000 (487c8af6), rounding_error=0.00000000 % (exp_error = 1.00000000 %)
==========[ Read data from ROM ]==========
[Random][ADD]i_32_a=4c536aa3 (55421580.000000000000000000000000) + i_32_b=cbb10238 (-23200880.000000000000000000000000) 	| o_32_s=4bf5d30e (32220700.000000000000000000000000) 	 
=> PASS: expect=32220700.000000000000000000000000 (4bf5d30e), dut=32220700.000000000000000000000000 (4bf5d30e), rounding_error=0.00000000 % (exp_error = 1.00000000 %)
[Random][ADD]i_32_a=cbb10238 (-23200880.000000000000000000000000) + i_32_b=4c536aa3 (55421580.000000000000000000000000) 	| o_32_s=4bf5d30e (32220700.000000000000000000000000) 	 
=> PASS: expect=32220700.000000000000000000000000 (4bf5d30e), dut=32220700.000000000000000000000000 (4bf5d30e), rounding_error=0.00000000 % (exp_error = 1.00000000 %)
==========[ Read data from ROM ]==========
[Random][ADD]i_32_a=4dbad567 (391818464.000000000000000000000000) + i_32_b=469f01e5 (20352.947265625000000000000000) 	| o_32_s=4dbad7e3 (391838816.000000000000000000000000) 	 
=> PASS: expect=391838816.000000000000000000000000 (4dbad7e3), dut=391838816.000000000000000000000000 (4dbad7e3), rounding_error=0.00000000 % (exp_error = 1.00000000 %)
[Random][ADD]i_32_a=469f01e5 (20352.947265625000000000000000) + i_32_b=4dbad567 (391818464.000000000000000000000000) 	| o_32_s=4dbad7e3 (391838816.000000000000000000000000) 	 
=> PASS: expect=391838816.000000000000000000000000 (4dbad7e3), dut=391838816.000000000000000000000000 (4dbad7e3), rounding_error=0.00000000 % (exp_error = 1.00000000 %)
==========[ Read data from ROM ]==========
[Random][ADD]i_32_a=469e1ff9 (20239.986328125000000000000000) + i_32_b=cc6e1018 (-62406752.000000000000000000000000) 	| o_32_s=cc6dfc54 (-62386512.000000000000000000000000) 	 
=> PASS: expect=-62386512.000000000000000000000000 (cc6dfc54), dut=-62386512.000000000000000000000000 (cc6dfc54), rounding_error=0.00000000 % (exp_error = 1.00000000 %)
[Random][ADD]i_32_a=cc6e1018 (-62406752.000000000000000000000000) + i_32_b=469e1ff9 (20239.986328125000000000000000) 	| o_32_s=cc6dfc54 (-62386512.000000000000000000000000) 	 
=> PASS: expect=-62386512.000000000000000000000000 (cc6dfc54), dut=-62386512.000000000000000000000000 (cc6dfc54), rounding_error=0.00000000 % (exp_error = 1.00000000 %)
==========[ Read data from ROM ]==========
[Random][ADD]i_32_a=c6e8c1f5 (-29792.978515625000000000000000) + i_32_b=c42b1721 (-684.361389160156250000000000) 	| o_32_s=c6ee1aae (-30477.339843750000000000000000) 	 
=> PASS: expect=-30477.339843750000000000000000 (c6ee1aae), dut=-30477.339843750000000000000000 (c6ee1aae), rounding_error=0.00000000 % (exp_error = 1.00000000 %)
[Random][ADD]i_32_a=c42b1721 (-684.361389160156250000000000) + i_32_b=c6e8c1f5 (-29792.978515625000000000000000) 	| o_32_s=c6ee1aae (-30477.339843750000000000000000) 	 
=> PASS: expect=-30477.339843750000000000000000 (c6ee1aae), dut=-30477.339843750000000000000000 (c6ee1aae), rounding_error=0.00000000 % (exp_error = 1.00000000 %)
==========[ Read data from ROM ]==========
[Random][ADD]i_32_a=4d124ce1 (153406992.000000000000000000000000) + i_32_b=c28d497a (-70.643508911132812500000000) 	| o_32_s=4d124cdc (153406912.000000000000000000000000) 	 
=> PASS: expect=153406928.000000000000000000000000 (4d124cdd), dut=153406912.000000000000000000000000 (4d124cdc), rounding_error=0.00001043 % (exp_error = 1.00000000 %)
[Random][ADD]i_32_a=c28d497a (-70.643508911132812500000000) + i_32_b=4d124ce1 (153406992.000000000000000000000000) 	| o_32_s=4d124cdc (153406912.000000000000000000000000) 	 
=> PASS: expect=153406928.000000000000000000000000 (4d124cdd), dut=153406912.000000000000000000000000 (4d124cdc), rounding_error=0.00001043 % (exp_error = 1.00000000 %)
==========[ Read data from ROM ]==========
[Random][ADD]i_32_a=c12a79cb (-10.654734611511230468750000) + i_32_b=49430325 (798770.312500000000000000000000) 	| o_32_s=4943027a (798759.625000000000000000000000) 	 
=> PASS: expect=798759.687500000000000000000000 (4943027b), dut=798759.625000000000000000000000 (4943027a), rounding_error=0.00000782 % (exp_error = 1.00000000 %)
[Random][ADD]i_32_a=49430325 (798770.312500000000000000000000) + i_32_b=c12a79cb (-10.654734611511230468750000) 	| o_32_s=4943027a (798759.625000000000000000000000) 	 
=> PASS: expect=798759.687500000000000000000000 (4943027b), dut=798759.625000000000000000000000 (4943027a), rounding_error=0.00000782 % (exp_error = 1.00000000 %)
==========[ Read data from ROM ]==========
[Random][ADD]i_32_a=c35ca251 (-220.634048461914062500000000) + i_32_b=c5c6e8cd (-6365.100097656250000000000000) 	| o_32_s=c5cdcddf (-6585.733886718750000000000000) 	 
=> PASS: expect=-6585.734375000000000000000000 (c5cdcde0), dut=-6585.733886718750000000000000 (c5cdcddf), rounding_error=0.00000741 % (exp_error = 1.00000000 %)
[Random][ADD]i_32_a=c5c6e8cd (-6365.100097656250000000000000) + i_32_b=c35ca251 (-220.634048461914062500000000) 	| o_32_s=c5cdcddf (-6585.733886718750000000000000) 	 
=> PASS: expect=-6585.734375000000000000000000 (c5cdcde0), dut=-6585.733886718750000000000000 (c5cdcddf), rounding_error=0.00000741 % (exp_error = 1.00000000 %)
==========[ Read data from ROM ]==========
[Random][ADD]i_32_a=c15cc406 (-13.797857284545898437500000) + i_32_b=c1cc944a (-25.572406768798828125000000) 	| o_32_s=c21d7b26 (-39.370262145996093750000000) 	 
=> PASS: expect=-39.370262145996093750000000 (c21d7b26), dut=-39.370262145996093750000000 (c21d7b26), rounding_error=0.00000000 % (exp_error = 1.00000000 %)
[Random][ADD]i_32_a=c1cc944a (-25.572406768798828125000000) + i_32_b=c15cc406 (-13.797857284545898437500000) 	| o_32_s=c21d7b26 (-39.370262145996093750000000) 	 
=> PASS: expect=-39.370262145996093750000000 (c21d7b26), dut=-39.370262145996093750000000 (c21d7b26), rounding_error=0.00000000 % (exp_error = 1.00000000 %)
==========[ Read data from ROM ]==========
[Random][ADD]i_32_a=4165c5de (14.360807418823242187500000) + i_32_b=4e3a32cc (780972800.000000000000000000000000) 	| o_32_s=4e3a32cd (780972864.000000000000000000000000) 	 
=> PASS: expect=780972800.000000000000000000000000 (4e3a32cc), dut=780972864.000000000000000000000000 (4e3a32cd), rounding_error=0.00000819 % (exp_error = 1.00000000 %)
[Random][ADD]i_32_a=4e3a32cc (780972800.000000000000000000000000) + i_32_b=4165c5de (14.360807418823242187500000) 	| o_32_s=4e3a32cd (780972864.000000000000000000000000) 	 
=> PASS: expect=780972800.000000000000000000000000 (4e3a32cc), dut=780972864.000000000000000000000000 (4e3a32cd), rounding_error=0.00000819 % (exp_error = 1.00000000 %)
==========[ Read data from ROM ]==========
[Random][ADD]i_32_a=cdc56b4d (-414017952.000000000000000000000000) + i_32_b=49539ccd (866764.812500000000000000000000) 	| o_32_s=cdc5017e (-413151168.000000000000000000000000) 	 
=> PASS: expect=-413151200.000000000000000000000000 (cdc5017f), dut=-413151168.000000000000000000000000 (cdc5017e), rounding_error=0.00000775 % (exp_error = 1.00000000 %)
[Random][ADD]i_32_a=49539ccd (866764.812500000000000000000000) + i_32_b=cdc56b4d (-414017952.000000000000000000000000) 	| o_32_s=cdc5017e (-413151168.000000000000000000000000) 	 
=> PASS: expect=-413151200.000000000000000000000000 (cdc5017f), dut=-413151168.000000000000000000000000 (cdc5017e), rounding_error=0.00000775 % (exp_error = 1.00000000 %)
==========[ Read data from ROM ]==========
[Random][ADD]i_32_a=c88d36b6 (-289205.687500000000000000000000) + i_32_b=485b992b (224868.671875000000000000000000) 	| o_32_s=c77b5104 (-64337.015625000000000000000000) 	 
=> PASS: expect=-64337.015625000000000000000000 (c77b5104), dut=-64337.015625000000000000000000 (c77b5104), rounding_error=0.00000000 % (exp_error = 1.00000000 %)
[Random][ADD]i_32_a=485b992b (224868.671875000000000000000000) + i_32_b=c88d36b6 (-289205.687500000000000000000000) 	| o_32_s=c77b5104 (-64337.015625000000000000000000) 	 
=> PASS: expect=-64337.015625000000000000000000 (c77b5104), dut=-64337.015625000000000000000000 (c77b5104), rounding_error=0.00000000 % (exp_error = 1.00000000 %)
==========[ Read data from ROM ]==========
[Random][ADD]i_32_a=493700c3 (749580.187500000000000000000000) + i_32_b=42399667 (46.396877288818359375000000) 	| o_32_s=493703a9 (749626.562500000000000000000000) 	 
=> PASS: expect=749626.562500000000000000000000 (493703a9), dut=749626.562500000000000000000000 (493703a9), rounding_error=0.00000000 % (exp_error = 1.00000000 %)
[Random][ADD]i_32_a=42399667 (46.396877288818359375000000) + i_32_b=493700c3 (749580.187500000000000000000000) 	| o_32_s=493703a9 (749626.562500000000000000000000) 	 
=> PASS: expect=749626.562500000000000000000000 (493703a9), dut=749626.562500000000000000000000 (493703a9), rounding_error=0.00000000 % (exp_error = 1.00000000 %)
==========[ Read data from ROM ]==========
[Random][ADD]i_32_a=449bf6c9 (1247.712036132812500000000000) + i_32_b=4c1a506f (40452540.000000000000000000000000) 	| o_32_s=4c1a51a6 (40453784.000000000000000000000000) 	 
=> PASS: expect=40453788.000000000000000000000000 (4c1a51a7), dut=40453784.000000000000000000000000 (4c1a51a6), rounding_error=0.00000989 % (exp_error = 1.00000000 %)
[Random][ADD]i_32_a=4c1a506f (40452540.000000000000000000000000) + i_32_b=449bf6c9 (1247.712036132812500000000000) 	| o_32_s=4c1a51a6 (40453784.000000000000000000000000) 	 
=> PASS: expect=40453788.000000000000000000000000 (4c1a51a7), dut=40453784.000000000000000000000000 (4c1a51a6), rounding_error=0.00000989 % (exp_error = 1.00000000 %)
==========[ Read data from ROM ]==========
[Random][ADD]i_32_a=4883dd7e (270059.937500000000000000000000) + i_32_b=ccd26ff5 (-110329768.000000000000000000000000) 	| o_32_s=ccd1ec17 (-110059704.000000000000000000000000) 	 
=> PASS: expect=-110059712.000000000000000000000000 (ccd1ec18), dut=-110059704.000000000000000000000000 (ccd1ec17), rounding_error=0.00000727 % (exp_error = 1.00000000 %)
[Random][ADD]i_32_a=ccd26ff5 (-110329768.000000000000000000000000) + i_32_b=4883dd7e (270059.937500000000000000000000) 	| o_32_s=ccd1ec17 (-110059704.000000000000000000000000) 	 
=> PASS: expect=-110059712.000000000000000000000000 (ccd1ec18), dut=-110059704.000000000000000000000000 (ccd1ec17), rounding_error=0.00000727 % (exp_error = 1.00000000 %)
==========[ Read data from ROM ]==========
[Random][ADD]i_32_a=44df2513 (1785.158569335937500000000000) + i_32_b=cac0fc9f (-6323791.500000000000000000000000) 	| o_32_s=cac0eeac (-6322006.000000000000000000000000) 	 
=> PASS: expect=-6322006.500000000000000000000000 (cac0eead), dut=-6322006.000000000000000000000000 (cac0eeac), rounding_error=0.00000791 % (exp_error = 1.00000000 %)
[Random][ADD]i_32_a=cac0fc9f (-6323791.500000000000000000000000) + i_32_b=44df2513 (1785.158569335937500000000000) 	| o_32_s=cac0eeac (-6322006.000000000000000000000000) 	 
=> PASS: expect=-6322006.500000000000000000000000 (cac0eead), dut=-6322006.000000000000000000000000 (cac0eeac), rounding_error=0.00000791 % (exp_error = 1.00000000 %)
==========[ Read data from ROM ]==========
[Random][ADD]i_32_a=cb6b12d4 (-15405780.000000000000000000000000) + i_32_b=cbf1ec55 (-31709354.000000000000000000000000) 	| o_32_s=cc33badf (-47115132.000000000000000000000000) 	 
=> PASS: expect=-47115136.000000000000000000000000 (cc33bae0), dut=-47115132.000000000000000000000000 (cc33badf), rounding_error=0.00000849 % (exp_error = 1.00000000 %)
[Random][ADD]i_32_a=cbf1ec55 (-31709354.000000000000000000000000) + i_32_b=cb6b12d4 (-15405780.000000000000000000000000) 	| o_32_s=cc33badf (-47115132.000000000000000000000000) 	 
=> PASS: expect=-47115136.000000000000000000000000 (cc33bae0), dut=-47115132.000000000000000000000000 (cc33badf), rounding_error=0.00000849 % (exp_error = 1.00000000 %)
==========[ Read data from ROM ]==========
[Random][ADD]i_32_a=4b238c3a (10718266.000000000000000000000000) + i_32_b=43ef97d8 (479.186279296875000000000000) 	| o_32_s=4b238e1a (10718746.000000000000000000000000) 	 
=> PASS: expect=10718745.000000000000000000000000 (4b238e19), dut=10718746.000000000000000000000000 (4b238e1a), rounding_error=0.00000933 % (exp_error = 1.00000000 %)
[Random][ADD]i_32_a=43ef97d8 (479.186279296875000000000000) + i_32_b=4b238c3a (10718266.000000000000000000000000) 	| o_32_s=4b238e1a (10718746.000000000000000000000000) 	 
=> PASS: expect=10718745.000000000000000000000000 (4b238e19), dut=10718746.000000000000000000000000 (4b238e1a), rounding_error=0.00000933 % (exp_error = 1.00000000 %)
==========[ Read data from ROM ]==========
[Random][ADD]i_32_a=46776062 (15832.095703125000000000000000) + i_32_b=4d764af3 (258256688.000000000000000000000000) 	| o_32_s=4d764ed0 (258272512.000000000000000000000000) 	 
=> PASS: expect=258272528.000000000000000000000000 (4d764ed1), dut=258272512.000000000000000000000000 (4d764ed0), rounding_error=0.00000620 % (exp_error = 1.00000000 %)
[Random][ADD]i_32_a=4d764af3 (258256688.000000000000000000000000) + i_32_b=46776062 (15832.095703125000000000000000) 	| o_32_s=4d764ed0 (258272512.000000000000000000000000) 	 
=> PASS: expect=258272528.000000000000000000000000 (4d764ed1), dut=258272512.000000000000000000000000 (4d764ed0), rounding_error=0.00000620 % (exp_error = 1.00000000 %)
==========[ Read data from ROM ]==========
[Random][ADD]i_32_a=47cf8318 (106246.187500000000000000000000) + i_32_b=45902f17 (4613.886230468750000000000000) 	| o_32_s=47d88609 (110860.070312500000000000000000) 	 
=> PASS: expect=110860.070312500000000000000000 (47d88609), dut=110860.070312500000000000000000 (47d88609), rounding_error=0.00000000 % (exp_error = 1.00000000 %)
[Random][ADD]i_32_a=45902f17 (4613.886230468750000000000000) + i_32_b=47cf8318 (106246.187500000000000000000000) 	| o_32_s=47d88609 (110860.070312500000000000000000) 	 
=> PASS: expect=110860.070312500000000000000000 (47d88609), dut=110860.070312500000000000000000 (47d88609), rounding_error=0.00000000 % (exp_error = 1.00000000 %)
==========[ Read data from ROM ]==========
[Random][ADD]i_32_a=4708a5f0 (34981.937500000000000000000000) + i_32_b=c525dbd1 (-2653.738525390625000000000000) 	| o_32_s=46fc9066 (32328.199218750000000000000000) 	 
=> PASS: expect=32328.199218750000000000000000 (46fc9066), dut=32328.199218750000000000000000 (46fc9066), rounding_error=0.00000000 % (exp_error = 1.00000000 %)
[Random][ADD]i_32_a=c525dbd1 (-2653.738525390625000000000000) + i_32_b=4708a5f0 (34981.937500000000000000000000) 	| o_32_s=46fc9066 (32328.199218750000000000000000) 	 
=> PASS: expect=32328.199218750000000000000000 (46fc9066), dut=32328.199218750000000000000000 (46fc9066), rounding_error=0.00000000 % (exp_error = 1.00000000 %)
==========[ Read data from ROM ]==========
[Random][ADD]i_32_a=449fae41 (1277.445434570312500000000000) + i_32_b=4d8a462d (289981856.000000000000000000000000) 	| o_32_s=4d8a4654 (289983104.000000000000000000000000) 	 
=> PASS: expect=289983136.000000000000000000000000 (4d8a4655), dut=289983104.000000000000000000000000 (4d8a4654), rounding_error=0.00001104 % (exp_error = 1.00000000 %)
[Random][ADD]i_32_a=4d8a462d (289981856.000000000000000000000000) + i_32_b=449fae41 (1277.445434570312500000000000) 	| o_32_s=4d8a4654 (289983104.000000000000000000000000) 	 
=> PASS: expect=289983136.000000000000000000000000 (4d8a4655), dut=289983104.000000000000000000000000 (4d8a4654), rounding_error=0.00001104 % (exp_error = 1.00000000 %)
==========[ Read data from ROM ]==========
[Random][ADD]i_32_a=43f81561 (496.167022705078125000000000) + i_32_b=42e48b75 (114.272377014160156250000000) 	| o_32_s=44189c20 (610.439453125000000000000000) 	 
=> PASS: expect=610.439392089843750000000000 (44189c1f), dut=610.439453125000000000000000 (44189c20), rounding_error=0.00001000 % (exp_error = 1.00000000 %)
[Random][ADD]i_32_a=42e48b75 (114.272377014160156250000000) + i_32_b=43f81561 (496.167022705078125000000000) 	| o_32_s=44189c20 (610.439453125000000000000000) 	 
=> PASS: expect=610.439392089843750000000000 (44189c1f), dut=610.439453125000000000000000 (44189c20), rounding_error=0.00001000 % (exp_error = 1.00000000 %)
==========[ Read data from ROM ]==========
[Random][ADD]i_32_a=4ae78723 (7586705.500000000000000000000000) + i_32_b=4265abd3 (57.417797088623046875000000) 	| o_32_s=4ae78795 (7586762.500000000000000000000000) 	 
=> PASS: expect=7586763.000000000000000000000000 (4ae78796), dut=7586762.500000000000000000000000 (4ae78795), rounding_error=0.00000659 % (exp_error = 1.00000000 %)
[Random][ADD]i_32_a=4265abd3 (57.417797088623046875000000) + i_32_b=4ae78723 (7586705.500000000000000000000000) 	| o_32_s=4ae78795 (7586762.500000000000000000000000) 	 
=> PASS: expect=7586763.000000000000000000000000 (4ae78796), dut=7586762.500000000000000000000000 (4ae78795), rounding_error=0.00000659 % (exp_error = 1.00000000 %)
==========[ Read data from ROM ]==========
[Random][ADD]i_32_a=42a964e9 (84.697090148925781250000000) + i_32_b=c4a1c0f0 (-1294.029296875000000000000000) 	| o_32_s=c4972aa2 (-1209.332275390625000000000000) 	 
=> PASS: expect=-1209.332153320312500000000000 (c4972aa1), dut=-1209.332275390625000000000000 (c4972aa2), rounding_error=0.00001009 % (exp_error = 1.00000000 %)
[Random][ADD]i_32_a=c4a1c0f0 (-1294.029296875000000000000000) + i_32_b=42a964e9 (84.697090148925781250000000) 	| o_32_s=c4972aa2 (-1209.332275390625000000000000) 	 
=> PASS: expect=-1209.332153320312500000000000 (c4972aa1), dut=-1209.332275390625000000000000 (c4972aa2), rounding_error=0.00001009 % (exp_error = 1.00000000 %)
==========[ Read data from ROM ]==========
[Random][ADD]i_32_a=481b82bf (159242.984375000000000000000000) + i_32_b=cbb9e64e (-24366236.000000000000000000000000) 	| o_32_s=cbb8af48 (-24206992.000000000000000000000000) 	 
=> PASS: expect=-24206994.000000000000000000000000 (cbb8af49), dut=-24206992.000000000000000000000000 (cbb8af48), rounding_error=0.00000826 % (exp_error = 1.00000000 %)
[Random][ADD]i_32_a=cbb9e64e (-24366236.000000000000000000000000) + i_32_b=481b82bf (159242.984375000000000000000000) 	| o_32_s=cbb8af48 (-24206992.000000000000000000000000) 	 
=> PASS: expect=-24206994.000000000000000000000000 (cbb8af49), dut=-24206992.000000000000000000000000 (cbb8af48), rounding_error=0.00000826 % (exp_error = 1.00000000 %)
==========[ Read data from ROM ]==========
[Random][ADD]i_32_a=ca611098 (-3687462.000000000000000000000000) + i_32_b=46dfd06d (28648.212890625000000000000000) 	| o_32_s=ca5f50f7 (-3658813.750000000000000000000000) 	 
=> PASS: expect=-3658813.750000000000000000000000 (ca5f50f7), dut=-3658813.750000000000000000000000 (ca5f50f7), rounding_error=0.00000000 % (exp_error = 1.00000000 %)
[Random][ADD]i_32_a=46dfd06d (28648.212890625000000000000000) + i_32_b=ca611098 (-3687462.000000000000000000000000) 	| o_32_s=ca5f50f7 (-3658813.750000000000000000000000) 	 
=> PASS: expect=-3658813.750000000000000000000000 (ca5f50f7), dut=-3658813.750000000000000000000000 (ca5f50f7), rounding_error=0.00000000 % (exp_error = 1.00000000 %)
==========[ Read data from ROM ]==========
[Random][ADD]i_32_a=cea38d88 (-1371980800.000000000000000000000000) + i_32_b=46b59af1 (23245.470703125000000000000000) 	| o_32_s=cea38cd3 (-1371957632.000000000000000000000000) 	 
=> PASS: expect=-1371957504.000000000000000000000000 (cea38cd2), dut=-1371957632.000000000000000000000000 (cea38cd3), rounding_error=0.00000933 % (exp_error = 1.00000000 %)
[Random][ADD]i_32_a=46b59af1 (23245.470703125000000000000000) + i_32_b=cea38d88 (-1371980800.000000000000000000000000) 	| o_32_s=cea38cd3 (-1371957632.000000000000000000000000) 	 
=> PASS: expect=-1371957504.000000000000000000000000 (cea38cd2), dut=-1371957632.000000000000000000000000 (cea38cd3), rounding_error=0.00000933 % (exp_error = 1.00000000 %)
==========[ Read data from ROM ]==========
[Random][ADD]i_32_a=c9db1acd (-1794905.625000000000000000000000) + i_32_b=478050c2 (65697.515625000000000000000000) 	| o_32_s=c9d315c1 (-1729208.125000000000000000000000) 	 
=> PASS: expect=-1729208.125000000000000000000000 (c9d315c1), dut=-1729208.125000000000000000000000 (c9d315c1), rounding_error=0.00000000 % (exp_error = 1.00000000 %)
[Random][ADD]i_32_a=478050c2 (65697.515625000000000000000000) + i_32_b=c9db1acd (-1794905.625000000000000000000000) 	| o_32_s=c9d315c1 (-1729208.125000000000000000000000) 	 
=> PASS: expect=-1729208.125000000000000000000000 (c9d315c1), dut=-1729208.125000000000000000000000 (c9d315c1), rounding_error=0.00000000 % (exp_error = 1.00000000 %)
==========[ Read data from ROM ]==========
[Random][ADD]i_32_a=4c2c3402 (45142024.000000000000000000000000) + i_32_b=ce85bc78 (-1121860608.000000000000000000000000) 	| o_32_s=ce805ad8 (-1076718592.000000000000000000000000) 	 
=> PASS: expect=-1076718592.000000000000000000000000 (ce805ad8), dut=-1076718592.000000000000000000000000 (ce805ad8), rounding_error=0.00000000 % (exp_error = 1.00000000 %)
[Random][ADD]i_32_a=ce85bc78 (-1121860608.000000000000000000000000) + i_32_b=4c2c3402 (45142024.000000000000000000000000) 	| o_32_s=ce805ad8 (-1076718592.000000000000000000000000) 	 
=> PASS: expect=-1076718592.000000000000000000000000 (ce805ad8), dut=-1076718592.000000000000000000000000 (ce805ad8), rounding_error=0.00000000 % (exp_error = 1.00000000 %)
==========[ Read data from ROM ]==========
[Random][ADD]i_32_a=c7db3a3a (-112244.453125000000000000000000) + i_32_b=42aff6a5 (87.981727600097656250000000) 	| o_32_s=c7db0e3d (-112156.476562500000000000000000) 	 
=> PASS: expect=-112156.468750000000000000000000 (c7db0e3c), dut=-112156.476562500000000000000000 (c7db0e3d), rounding_error=0.00000697 % (exp_error = 1.00000000 %)
[Random][ADD]i_32_a=42aff6a5 (87.981727600097656250000000) + i_32_b=c7db3a3a (-112244.453125000000000000000000) 	| o_32_s=c7db0e3d (-112156.476562500000000000000000) 	 
=> PASS: expect=-112156.468750000000000000000000 (c7db0e3c), dut=-112156.476562500000000000000000 (c7db0e3d), rounding_error=0.00000697 % (exp_error = 1.00000000 %)
==========[ Read data from ROM ]==========
[Random][ADD]i_32_a=42020f9b (32.515239715576171875000000) + i_32_b=cc2329ff (-42772476.000000000000000000000000) 	| o_32_s=cc2329f7 (-42772444.000000000000000000000000) 	 
=> PASS: expect=-42772444.000000000000000000000000 (cc2329f7), dut=-42772444.000000000000000000000000 (cc2329f7), rounding_error=0.00000000 % (exp_error = 1.00000000 %)
[Random][ADD]i_32_a=cc2329ff (-42772476.000000000000000000000000) + i_32_b=42020f9b (32.515239715576171875000000) 	| o_32_s=cc2329f7 (-42772444.000000000000000000000000) 	 
=> PASS: expect=-42772444.000000000000000000000000 (cc2329f7), dut=-42772444.000000000000000000000000 (cc2329f7), rounding_error=0.00000000 % (exp_error = 1.00000000 %)
==========[ Read data from ROM ]==========
[Random][ADD]i_32_a=cd9a467b (-323538784.000000000000000000000000) + i_32_b=47812b5e (66134.734375000000000000000000) 	| o_32_s=cd9a3e69 (-323472672.000000000000000000000000) 	 
=> PASS: expect=-323472640.000000000000000000000000 (cd9a3e68), dut=-323472672.000000000000000000000000 (cd9a3e69), rounding_error=0.00000989 % (exp_error = 1.00000000 %)
[Random][ADD]i_32_a=47812b5e (66134.734375000000000000000000) + i_32_b=cd9a467b (-323538784.000000000000000000000000) 	| o_32_s=cd9a3e69 (-323472672.000000000000000000000000) 	 
=> PASS: expect=-323472640.000000000000000000000000 (cd9a3e68), dut=-323472672.000000000000000000000000 (cd9a3e69), rounding_error=0.00000989 % (exp_error = 1.00000000 %)
==========[ Read data from ROM ]==========
[Random][ADD]i_32_a=4c930b89 (77093960.000000000000000000000000) + i_32_b=4c1f5549 (41768228.000000000000000000000000) 	| o_32_s=4ce2b62d (118862184.000000000000000000000000) 	 
=> PASS: expect=118862192.000000000000000000000000 (4ce2b62e), dut=118862184.000000000000000000000000 (4ce2b62d), rounding_error=0.00000673 % (exp_error = 1.00000000 %)
[Random][ADD]i_32_a=4c1f5549 (41768228.000000000000000000000000) + i_32_b=4c930b89 (77093960.000000000000000000000000) 	| o_32_s=4ce2b62d (118862184.000000000000000000000000) 	 
=> PASS: expect=118862192.000000000000000000000000 (4ce2b62e), dut=118862184.000000000000000000000000 (4ce2b62d), rounding_error=0.00000673 % (exp_error = 1.00000000 %)
==========[ Read data from ROM ]==========
[Random][ADD]i_32_a=c98acae6 (-1136988.750000000000000000000000) + i_32_b=cb9a7c4c (-20248728.000000000000000000000000) 	| o_32_s=cba328fa (-21385716.000000000000000000000000) 	 
=> PASS: expect=-21385716.000000000000000000000000 (cba328fa), dut=-21385716.000000000000000000000000 (cba328fa), rounding_error=0.00000000 % (exp_error = 1.00000000 %)
[Random][ADD]i_32_a=cb9a7c4c (-20248728.000000000000000000000000) + i_32_b=c98acae6 (-1136988.750000000000000000000000) 	| o_32_s=cba328fa (-21385716.000000000000000000000000) 	 
=> PASS: expect=-21385716.000000000000000000000000 (cba328fa), dut=-21385716.000000000000000000000000 (cba328fa), rounding_error=0.00000000 % (exp_error = 1.00000000 %)
==========[ Read data from ROM ]==========
[Random][ADD]i_32_a=4db4f391 (379482656.000000000000000000000000) + i_32_b=4bc2c629 (25529426.000000000000000000000000) 	| o_32_s=4dc11ff4 (405012096.000000000000000000000000) 	 
=> PASS: expect=405012096.000000000000000000000000 (4dc11ff4), dut=405012096.000000000000000000000000 (4dc11ff4), rounding_error=0.00000000 % (exp_error = 1.00000000 %)
[Random][ADD]i_32_a=4bc2c629 (25529426.000000000000000000000000) + i_32_b=4db4f391 (379482656.000000000000000000000000) 	| o_32_s=4dc11ff4 (405012096.000000000000000000000000) 	 
=> PASS: expect=405012096.000000000000000000000000 (4dc11ff4), dut=405012096.000000000000000000000000 (4dc11ff4), rounding_error=0.00000000 % (exp_error = 1.00000000 %)
==========[ Read data from ROM ]==========
[Random][ADD]i_32_a=459ff10b (5118.130371093750000000000000) + i_32_b=c90a3fff (-566271.937500000000000000000000) 	| o_32_s=c909001d (-561153.812500000000000000000000) 	 
=> PASS: expect=-561153.812500000000000000000000 (c909001d), dut=-561153.812500000000000000000000 (c909001d), rounding_error=0.00000000 % (exp_error = 1.00000000 %)
[Random][ADD]i_32_a=c90a3fff (-566271.937500000000000000000000) + i_32_b=459ff10b (5118.130371093750000000000000) 	| o_32_s=c909001d (-561153.812500000000000000000000) 	 
=> PASS: expect=-561153.812500000000000000000000 (c909001d), dut=-561153.812500000000000000000000 (c909001d), rounding_error=0.00000000 % (exp_error = 1.00000000 %)
==========[ Read data from ROM ]==========
[Random][ADD]i_32_a=4bc73099 (26108210.000000000000000000000000) + i_32_b=cdecf617 (-496943840.000000000000000000000000) 	| o_32_s=cde0830e (-470835648.000000000000000000000000) 	 
=> PASS: expect=-470835616.000000000000000000000000 (cde0830d), dut=-470835648.000000000000000000000000 (cde0830e), rounding_error=0.00000680 % (exp_error = 1.00000000 %)
[Random][ADD]i_32_a=cdecf617 (-496943840.000000000000000000000000) + i_32_b=4bc73099 (26108210.000000000000000000000000) 	| o_32_s=cde0830e (-470835648.000000000000000000000000) 	 
=> PASS: expect=-470835616.000000000000000000000000 (cde0830d), dut=-470835648.000000000000000000000000 (cde0830e), rounding_error=0.00000680 % (exp_error = 1.00000000 %)
==========[ Read data from ROM ]==========
[Random][ADD]i_32_a=4d792940 (261264384.000000000000000000000000) + i_32_b=45882a3b (4357.278808593750000000000000) 	| o_32_s=4d792a50 (261268736.000000000000000000000000) 	 
=> PASS: expect=261268736.000000000000000000000000 (4d792a50), dut=261268736.000000000000000000000000 (4d792a50), rounding_error=0.00000000 % (exp_error = 1.00000000 %)
[Random][ADD]i_32_a=45882a3b (4357.278808593750000000000000) + i_32_b=4d792940 (261264384.000000000000000000000000) 	| o_32_s=4d792a50 (261268736.000000000000000000000000) 	 
=> PASS: expect=261268736.000000000000000000000000 (4d792a50), dut=261268736.000000000000000000000000 (4d792a50), rounding_error=0.00000000 % (exp_error = 1.00000000 %)
==========[ Read data from ROM ]==========
[Random][ADD]i_32_a=41b0e530 (22.111907958984375000000000) + i_32_b=438fba96 (287.457702636718750000000000) 	| o_32_s=439ac8e9 (309.569610595703125000000000) 	 
=> PASS: expect=309.569610595703125000000000 (439ac8e9), dut=309.569610595703125000000000 (439ac8e9), rounding_error=0.00000000 % (exp_error = 1.00000000 %)
[Random][ADD]i_32_a=438fba96 (287.457702636718750000000000) + i_32_b=41b0e530 (22.111907958984375000000000) 	| o_32_s=439ac8e9 (309.569610595703125000000000) 	 
=> PASS: expect=309.569610595703125000000000 (439ac8e9), dut=309.569610595703125000000000 (439ac8e9), rounding_error=0.00000000 % (exp_error = 1.00000000 %)
==========[ Read data from ROM ]==========
[Random][ADD]i_32_a=4a1b74b9 (2546990.250000000000000000000000) + i_32_b=ce516852 (-878318720.000000000000000000000000) 	| o_32_s=ce50ccde (-875771776.000000000000000000000000) 	 
=> PASS: expect=-875771712.000000000000000000000000 (ce50ccdd), dut=-875771776.000000000000000000000000 (ce50ccde), rounding_error=0.00000731 % (exp_error = 1.00000000 %)
[Random][ADD]i_32_a=ce516852 (-878318720.000000000000000000000000) + i_32_b=4a1b74b9 (2546990.250000000000000000000000) 	| o_32_s=ce50ccde (-875771776.000000000000000000000000) 	 
=> PASS: expect=-875771712.000000000000000000000000 (ce50ccdd), dut=-875771776.000000000000000000000000 (ce50ccde), rounding_error=0.00000731 % (exp_error = 1.00000000 %)
==========[ Read data from ROM ]==========
[Random][ADD]i_32_a=48822540 (266538.000000000000000000000000) + i_32_b=47231573 (41749.449218750000000000000000) 	| o_32_s=489687ee (308287.437500000000000000000000) 	 
=> PASS: expect=308287.437500000000000000000000 (489687ee), dut=308287.437500000000000000000000 (489687ee), rounding_error=0.00000000 % (exp_error = 1.00000000 %)
[Random][ADD]i_32_a=47231573 (41749.449218750000000000000000) + i_32_b=48822540 (266538.000000000000000000000000) 	| o_32_s=489687ee (308287.437500000000000000000000) 	 
=> PASS: expect=308287.437500000000000000000000 (489687ee), dut=308287.437500000000000000000000 (489687ee), rounding_error=0.00000000 % (exp_error = 1.00000000 %)
==========[ Read data from ROM ]==========
[Random][ADD]i_32_a=c2aeb08b (-87.344810485839843750000000) + i_32_b=ce32f111 (-750535744.000000000000000000000000) 	| o_32_s=ce32f112 (-750535808.000000000000000000000000) 	 
=> PASS: expect=-750535808.000000000000000000000000 (ce32f112), dut=-750535808.000000000000000000000000 (ce32f112), rounding_error=0.00000000 % (exp_error = 1.00000000 %)
[Random][ADD]i_32_a=ce32f111 (-750535744.000000000000000000000000) + i_32_b=c2aeb08b (-87.344810485839843750000000) 	| o_32_s=ce32f112 (-750535808.000000000000000000000000) 	 
=> PASS: expect=-750535808.000000000000000000000000 (ce32f112), dut=-750535808.000000000000000000000000 (ce32f112), rounding_error=0.00000000 % (exp_error = 1.00000000 %)
==========[ Read data from ROM ]==========
[Random][ADD]i_32_a=4311b578 (145.708862304687500000000000) + i_32_b=caef4780 (-7840704.000000000000000000000000) 	| o_32_s=caef465c (-7840558.000000000000000000000000) 	 
=> PASS: expect=-7840558.500000000000000000000000 (caef465d), dut=-7840558.000000000000000000000000 (caef465c), rounding_error=0.00000638 % (exp_error = 1.00000000 %)
[Random][ADD]i_32_a=caef4780 (-7840704.000000000000000000000000) + i_32_b=4311b578 (145.708862304687500000000000) 	| o_32_s=caef465c (-7840558.000000000000000000000000) 	 
=> PASS: expect=-7840558.500000000000000000000000 (caef465d), dut=-7840558.000000000000000000000000 (caef465c), rounding_error=0.00000638 % (exp_error = 1.00000000 %)
==========[ Read data from ROM ]==========
[Random][ADD]i_32_a=4bf2517e (31761148.000000000000000000000000) + i_32_b=4c2f6621 (45979780.000000000000000000000000) 	| o_32_s=4c944770 (77740928.000000000000000000000000) 	 
=> PASS: expect=77740928.000000000000000000000000 (4c944770), dut=77740928.000000000000000000000000 (4c944770), rounding_error=0.00000000 % (exp_error = 1.00000000 %)
[Random][ADD]i_32_a=4c2f6621 (45979780.000000000000000000000000) + i_32_b=4bf2517e (31761148.000000000000000000000000) 	| o_32_s=4c944770 (77740928.000000000000000000000000) 	 
=> PASS: expect=77740928.000000000000000000000000 (4c944770), dut=77740928.000000000000000000000000 (4c944770), rounding_error=0.00000000 % (exp_error = 1.00000000 %)
==========[ Read data from ROM ]==========
[Random][ADD]i_32_a=c4fae716 (-2007.221435546875000000000000) + i_32_b=cce27b07 (-118741048.000000000000000000000000) 	| o_32_s=cce27c01 (-118743048.000000000000000000000000) 	 
=> PASS: expect=-118743056.000000000000000000000000 (cce27c02), dut=-118743048.000000000000000000000000 (cce27c01), rounding_error=0.00000674 % (exp_error = 1.00000000 %)
[Random][ADD]i_32_a=cce27b07 (-118741048.000000000000000000000000) + i_32_b=c4fae716 (-2007.221435546875000000000000) 	| o_32_s=cce27c01 (-118743048.000000000000000000000000) 	 
=> PASS: expect=-118743056.000000000000000000000000 (cce27c02), dut=-118743048.000000000000000000000000 (cce27c01), rounding_error=0.00000674 % (exp_error = 1.00000000 %)
==========[ Read data from ROM ]==========
[Random][ADD]i_32_a=46480b88 (12802.882812500000000000000000) + i_32_b=4bf09f93 (31538982.000000000000000000000000) 	| o_32_s=4bf0b894 (31551784.000000000000000000000000) 	 
=> PASS: expect=31551784.000000000000000000000000 (4bf0b894), dut=31551784.000000000000000000000000 (4bf0b894), rounding_error=0.00000000 % (exp_error = 1.00000000 %)
[Random][ADD]i_32_a=4bf09f93 (31538982.000000000000000000000000) + i_32_b=46480b88 (12802.882812500000000000000000) 	| o_32_s=4bf0b894 (31551784.000000000000000000000000) 	 
=> PASS: expect=31551784.000000000000000000000000 (4bf0b894), dut=31551784.000000000000000000000000 (4bf0b894), rounding_error=0.00000000 % (exp_error = 1.00000000 %)
==========[ Read data from ROM ]==========
[Random][ADD]i_32_a=4635b20d (11628.512695312500000000000000) + i_32_b=49bcedea (1547709.250000000000000000000000) 	| o_32_s=49be594f (1559337.875000000000000000000000) 	 
=> PASS: expect=1559337.750000000000000000000000 (49be594e), dut=1559337.875000000000000000000000 (49be594f), rounding_error=0.00000802 % (exp_error = 1.00000000 %)
[Random][ADD]i_32_a=49bcedea (1547709.250000000000000000000000) + i_32_b=4635b20d (11628.512695312500000000000000) 	| o_32_s=49be594f (1559337.875000000000000000000000) 	 
=> PASS: expect=1559337.750000000000000000000000 (49be594e), dut=1559337.875000000000000000000000 (49be594f), rounding_error=0.00000802 % (exp_error = 1.00000000 %)
==========[ Read data from ROM ]==========
[Random][ADD]i_32_a=cbbf2783 (-25054982.000000000000000000000000) + i_32_b=ca3ddce4 (-3110713.000000000000000000000000) 	| o_32_s=cbd6e31f (-28165694.000000000000000000000000) 	 
=> PASS: expect=-28165696.000000000000000000000000 (cbd6e320), dut=-28165694.000000000000000000000000 (cbd6e31f), rounding_error=0.00000710 % (exp_error = 1.00000000 %)
[Random][ADD]i_32_a=ca3ddce4 (-3110713.000000000000000000000000) + i_32_b=cbbf2783 (-25054982.000000000000000000000000) 	| o_32_s=cbd6e31f (-28165694.000000000000000000000000) 	 
=> PASS: expect=-28165696.000000000000000000000000 (cbd6e320), dut=-28165694.000000000000000000000000 (cbd6e31f), rounding_error=0.00000710 % (exp_error = 1.00000000 %)
==========[ Read data from ROM ]==========
[Random][ADD]i_32_a=c212fc48 (-36.746368408203125000000000) + i_32_b=4c2b2adf (44870524.000000000000000000000000) 	| o_32_s=4c2b2ad6 (44870488.000000000000000000000000) 	 
=> PASS: expect=44870488.000000000000000000000000 (4c2b2ad6), dut=44870488.000000000000000000000000 (4c2b2ad6), rounding_error=0.00000000 % (exp_error = 1.00000000 %)
[Random][ADD]i_32_a=4c2b2adf (44870524.000000000000000000000000) + i_32_b=c212fc48 (-36.746368408203125000000000) 	| o_32_s=4c2b2ad6 (44870488.000000000000000000000000) 	 
=> PASS: expect=44870488.000000000000000000000000 (4c2b2ad6), dut=44870488.000000000000000000000000 (4c2b2ad6), rounding_error=0.00000000 % (exp_error = 1.00000000 %)
==========[ Read data from ROM ]==========
[Random][ADD]i_32_a=c412bbf4 (-586.936767578125000000000000) + i_32_b=cd10593c (-151360448.000000000000000000000000) 	| o_32_s=cd105961 (-151361040.000000000000000000000000) 	 
=> PASS: expect=-151361040.000000000000000000000000 (cd105961), dut=-151361040.000000000000000000000000 (cd105961), rounding_error=0.00000000 % (exp_error = 1.00000000 %)
[Random][ADD]i_32_a=cd10593c (-151360448.000000000000000000000000) + i_32_b=c412bbf4 (-586.936767578125000000000000) 	| o_32_s=cd105961 (-151361040.000000000000000000000000) 	 
=> PASS: expect=-151361040.000000000000000000000000 (cd105961), dut=-151361040.000000000000000000000000 (cd105961), rounding_error=0.00000000 % (exp_error = 1.00000000 %)
==========[ Read data from ROM ]==========
[Random][ADD]i_32_a=4d3901b0 (193993472.000000000000000000000000) + i_32_b=c25952d5 (-54.330890655517578125000000) 	| o_32_s=4d3901ac (193993408.000000000000000000000000) 	 
=> PASS: expect=193993424.000000000000000000000000 (4d3901ad), dut=193993408.000000000000000000000000 (4d3901ac), rounding_error=0.00000825 % (exp_error = 1.00000000 %)
[Random][ADD]i_32_a=c25952d5 (-54.330890655517578125000000) + i_32_b=4d3901b0 (193993472.000000000000000000000000) 	| o_32_s=4d3901ac (193993408.000000000000000000000000) 	 
=> PASS: expect=193993424.000000000000000000000000 (4d3901ad), dut=193993408.000000000000000000000000 (4d3901ac), rounding_error=0.00000825 % (exp_error = 1.00000000 %)
==========[ Read data from ROM ]==========
[Random][ADD]i_32_a=cebcafa1 (-1582813312.000000000000000000000000) + i_32_b=c39b4d28 (-310.602783203125000000000000) 	| o_32_s=cebcafa3 (-1582813568.000000000000000000000000) 	 
=> PASS: expect=-1582813568.000000000000000000000000 (cebcafa3), dut=-1582813568.000000000000000000000000 (cebcafa3), rounding_error=0.00000000 % (exp_error = 1.00000000 %)
[Random][ADD]i_32_a=c39b4d28 (-310.602783203125000000000000) + i_32_b=cebcafa1 (-1582813312.000000000000000000000000) 	| o_32_s=cebcafa3 (-1582813568.000000000000000000000000) 	 
=> PASS: expect=-1582813568.000000000000000000000000 (cebcafa3), dut=-1582813568.000000000000000000000000 (cebcafa3), rounding_error=0.00000000 % (exp_error = 1.00000000 %)
==========[ Read data from ROM ]==========
[Random][ADD]i_32_a=cab020f8 (-5771388.000000000000000000000000) + i_32_b=460a1208 (8836.507812500000000000000000) 	| o_32_s=caafdbef (-5762551.500000000000000000000000) 	 
=> PASS: expect=-5762551.500000000000000000000000 (caafdbef), dut=-5762551.500000000000000000000000 (caafdbef), rounding_error=0.00000000 % (exp_error = 1.00000000 %)
[Random][ADD]i_32_a=460a1208 (8836.507812500000000000000000) + i_32_b=cab020f8 (-5771388.000000000000000000000000) 	| o_32_s=caafdbef (-5762551.500000000000000000000000) 	 
=> PASS: expect=-5762551.500000000000000000000000 (caafdbef), dut=-5762551.500000000000000000000000 (caafdbef), rounding_error=0.00000000 % (exp_error = 1.00000000 %)
==========[ Read data from ROM ]==========
[Random][ADD]i_32_a=4ce23c60 (118612736.000000000000000000000000) + i_32_b=c7e02ed4 (-114781.656250000000000000000000) 	| o_32_s=4ce20455 (118497960.000000000000000000000000) 	 
=> PASS: expect=118497952.000000000000000000000000 (4ce20454), dut=118497960.000000000000000000000000 (4ce20455), rounding_error=0.00000675 % (exp_error = 1.00000000 %)
[Random][ADD]i_32_a=c7e02ed4 (-114781.656250000000000000000000) + i_32_b=4ce23c60 (118612736.000000000000000000000000) 	| o_32_s=4ce20455 (118497960.000000000000000000000000) 	 
=> PASS: expect=118497952.000000000000000000000000 (4ce20454), dut=118497960.000000000000000000000000 (4ce20455), rounding_error=0.00000675 % (exp_error = 1.00000000 %)
==========[ Read data from ROM ]==========
[Random][ADD]i_32_a=4d15e817 (157188464.000000000000000000000000) + i_32_b=49c47fc1 (1609720.125000000000000000000000) 	| o_32_s=4d177116 (158798176.000000000000000000000000) 	 
=> PASS: expect=158798192.000000000000000000000000 (4d177117), dut=158798176.000000000000000000000000 (4d177116), rounding_error=0.00001008 % (exp_error = 1.00000000 %)
[Random][ADD]i_32_a=49c47fc1 (1609720.125000000000000000000000) + i_32_b=4d15e817 (157188464.000000000000000000000000) 	| o_32_s=4d177116 (158798176.000000000000000000000000) 	 
=> PASS: expect=158798192.000000000000000000000000 (4d177117), dut=158798176.000000000000000000000000 (4d177116), rounding_error=0.00001008 % (exp_error = 1.00000000 %)
==========[ Read data from ROM ]==========
[Random][ADD]i_32_a=4404a07b (530.507507324218750000000000) + i_32_b=c964f7c9 (-937852.562500000000000000000000) 	| o_32_s=c964d6a1 (-937322.062500000000000000000000) 	 
=> PASS: expect=-937322.062500000000000000000000 (c964d6a1), dut=-937322.062500000000000000000000 (c964d6a1), rounding_error=0.00000000 % (exp_error = 1.00000000 %)
[Random][ADD]i_32_a=c964f7c9 (-937852.562500000000000000000000) + i_32_b=4404a07b (530.507507324218750000000000) 	| o_32_s=c964d6a1 (-937322.062500000000000000000000) 	 
=> PASS: expect=-937322.062500000000000000000000 (c964d6a1), dut=-937322.062500000000000000000000 (c964d6a1), rounding_error=0.00000000 % (exp_error = 1.00000000 %)
==========[ Read data from ROM ]==========
[Random][ADD]i_32_a=c145c2d5 (-12.360066413879394531250000) + i_32_b=4661e51c (14457.277343750000000000000000) 	| o_32_s=4661b3ac (14444.917968750000000000000000) 	 
=> PASS: expect=14444.916992187500000000000000 (4661b3ab), dut=14444.917968750000000000000000 (4661b3ac), rounding_error=0.00000676 % (exp_error = 1.00000000 %)
[Random][ADD]i_32_a=4661e51c (14457.277343750000000000000000) + i_32_b=c145c2d5 (-12.360066413879394531250000) 	| o_32_s=4661b3ac (14444.917968750000000000000000) 	 
=> PASS: expect=14444.916992187500000000000000 (4661b3ab), dut=14444.917968750000000000000000 (4661b3ac), rounding_error=0.00000676 % (exp_error = 1.00000000 %)
==========[ Read data from ROM ]==========
[Random][ADD]i_32_a=48484fbc (205118.937500000000000000000000) + i_32_b=c2bd45c2 (-94.636245727539062500000000) 	| o_32_s=48483814 (205024.312500000000000000000000) 	 
=> PASS: expect=205024.296875000000000000000000 (48483813), dut=205024.312500000000000000000000 (48483814), rounding_error=0.00000762 % (exp_error = 1.00000000 %)
[Random][ADD]i_32_a=c2bd45c2 (-94.636245727539062500000000) + i_32_b=48484fbc (205118.937500000000000000000000) 	| o_32_s=48483814 (205024.312500000000000000000000) 	 
=> PASS: expect=205024.296875000000000000000000 (48483813), dut=205024.312500000000000000000000 (48483814), rounding_error=0.00000762 % (exp_error = 1.00000000 %)
==========[ Read data from ROM ]==========
[Random][ADD]i_32_a=c29a97a3 (-77.296165466308593750000000) + i_32_b=4c9fbf3a (83753424.000000000000000000000000) 	| o_32_s=4c9fbf31 (83753352.000000000000000000000000) 	 
=> PASS: expect=83753344.000000000000000000000000 (4c9fbf30), dut=83753352.000000000000000000000000 (4c9fbf31), rounding_error=0.00000955 % (exp_error = 1.00000000 %)
[Random][ADD]i_32_a=4c9fbf3a (83753424.000000000000000000000000) + i_32_b=c29a97a3 (-77.296165466308593750000000) 	| o_32_s=4c9fbf31 (83753352.000000000000000000000000) 	 
=> PASS: expect=83753344.000000000000000000000000 (4c9fbf30), dut=83753352.000000000000000000000000 (4c9fbf31), rounding_error=0.00000955 % (exp_error = 1.00000000 %)
==========[ Read data from ROM ]==========
[Random][ADD]i_32_a=c43c95c0 (-754.339843750000000000000000) + i_32_b=cd3a7e49 (-195552400.000000000000000000000000) 	| o_32_s=cd3a7e79 (-195553168.000000000000000000000000) 	 
=> PASS: expect=-195553152.000000000000000000000000 (cd3a7e78), dut=-195553168.000000000000000000000000 (cd3a7e79), rounding_error=0.00000818 % (exp_error = 1.00000000 %)
[Random][ADD]i_32_a=cd3a7e49 (-195552400.000000000000000000000000) + i_32_b=c43c95c0 (-754.339843750000000000000000) 	| o_32_s=cd3a7e79 (-195553168.000000000000000000000000) 	 
=> PASS: expect=-195553152.000000000000000000000000 (cd3a7e78), dut=-195553168.000000000000000000000000 (cd3a7e79), rounding_error=0.00000818 % (exp_error = 1.00000000 %)
==========[ Read data from ROM ]==========
[Random][ADD]i_32_a=4516d770 (2413.464843750000000000000000) + i_32_b=4cb1520f (92967032.000000000000000000000000) 	| o_32_s=4cb1533d (92969448.000000000000000000000000) 	 
=> PASS: expect=92969448.000000000000000000000000 (4cb1533d), dut=92969448.000000000000000000000000 (4cb1533d), rounding_error=0.00000000 % (exp_error = 1.00000000 %)
[Random][ADD]i_32_a=4cb1520f (92967032.000000000000000000000000) + i_32_b=4516d770 (2413.464843750000000000000000) 	| o_32_s=4cb1533d (92969448.000000000000000000000000) 	 
=> PASS: expect=92969448.000000000000000000000000 (4cb1533d), dut=92969448.000000000000000000000000 (4cb1533d), rounding_error=0.00000000 % (exp_error = 1.00000000 %)
==========[ Read data from ROM ]==========
[Random][ADD]i_32_a=c8eead40 (-488810.000000000000000000000000) + i_32_b=42c3b4f1 (97.853401184082031250000000) 	| o_32_s=c8eea105 (-488712.156250000000000000000000) 	 
=> PASS: expect=-488712.156250000000000000000000 (c8eea105), dut=-488712.156250000000000000000000 (c8eea105), rounding_error=0.00000000 % (exp_error = 1.00000000 %)
[Random][ADD]i_32_a=42c3b4f1 (97.853401184082031250000000) + i_32_b=c8eead40 (-488810.000000000000000000000000) 	| o_32_s=c8eea105 (-488712.156250000000000000000000) 	 
=> PASS: expect=-488712.156250000000000000000000 (c8eea105), dut=-488712.156250000000000000000000 (c8eea105), rounding_error=0.00000000 % (exp_error = 1.00000000 %)
==========[ Read data from ROM ]==========
[Random][ADD]i_32_a=4b9575d9 (19590066.000000000000000000000000) + i_32_b=c945c9c3 (-810140.187500000000000000000000) 	| o_32_s=4b8f478b (18779926.000000000000000000000000) 	 
=> PASS: expect=18779926.000000000000000000000000 (4b8f478b), dut=18779926.000000000000000000000000 (4b8f478b), rounding_error=0.00000000 % (exp_error = 1.00000000 %)
[Random][ADD]i_32_a=c945c9c3 (-810140.187500000000000000000000) + i_32_b=4b9575d9 (19590066.000000000000000000000000) 	| o_32_s=4b8f478b (18779926.000000000000000000000000) 	 
=> PASS: expect=18779926.000000000000000000000000 (4b8f478b), dut=18779926.000000000000000000000000 (4b8f478b), rounding_error=0.00000000 % (exp_error = 1.00000000 %)
==========[ Read data from ROM ]==========
[Random][ADD]i_32_a=c6f96f09 (-31927.517578125000000000000000) + i_32_b=4233c0bc (44.938217163085937500000000) 	| o_32_s=c6f91528 (-31882.578125000000000000000000) 	 
=> PASS: expect=-31882.580078125000000000000000 (c6f91529), dut=-31882.578125000000000000000000 (c6f91528), rounding_error=0.00000613 % (exp_error = 1.00000000 %)
[Random][ADD]i_32_a=4233c0bc (44.938217163085937500000000) + i_32_b=c6f96f09 (-31927.517578125000000000000000) 	| o_32_s=c6f91528 (-31882.578125000000000000000000) 	 
=> PASS: expect=-31882.580078125000000000000000 (c6f91529), dut=-31882.578125000000000000000000 (c6f91528), rounding_error=0.00000613 % (exp_error = 1.00000000 %)
==========[ Read data from ROM ]==========
[Random][ADD]i_32_a=4e9e8c38 (1329994752.000000000000000000000000) + i_32_b=461ea861 (10154.094726562500000000000000) 	| o_32_s=4e9e8c87 (1330004864.000000000000000000000000) 	 
=> PASS: expect=1330004864.000000000000000000000000 (4e9e8c87), dut=1330004864.000000000000000000000000 (4e9e8c87), rounding_error=0.00000000 % (exp_error = 1.00000000 %)
[Random][ADD]i_32_a=461ea861 (10154.094726562500000000000000) + i_32_b=4e9e8c38 (1329994752.000000000000000000000000) 	| o_32_s=4e9e8c87 (1330004864.000000000000000000000000) 	 
=> PASS: expect=1330004864.000000000000000000000000 (4e9e8c87), dut=1330004864.000000000000000000000000 (4e9e8c87), rounding_error=0.00000000 % (exp_error = 1.00000000 %)
==========[ Read data from ROM ]==========
[Random][ADD]i_32_a=420cd3d3 (35.206859588623046875000000) + i_32_b=ccbb92be (-98342384.000000000000000000000000) 	| o_32_s=ccbb92b9 (-98342344.000000000000000000000000) 	 
=> PASS: expect=-98342352.000000000000000000000000 (ccbb92ba), dut=-98342344.000000000000000000000000 (ccbb92b9), rounding_error=0.00000813 % (exp_error = 1.00000000 %)
[Random][ADD]i_32_a=ccbb92be (-98342384.000000000000000000000000) + i_32_b=420cd3d3 (35.206859588623046875000000) 	| o_32_s=ccbb92b9 (-98342344.000000000000000000000000) 	 
=> PASS: expect=-98342352.000000000000000000000000 (ccbb92ba), dut=-98342344.000000000000000000000000 (ccbb92b9), rounding_error=0.00000813 % (exp_error = 1.00000000 %)
==========[ Read data from ROM ]==========
[Random][ADD]i_32_a=c4c2a757 (-1557.229370117187500000000000) + i_32_b=4cb3deb7 (94303672.000000000000000000000000) 	| o_32_s=4cb3ddf5 (94302120.000000000000000000000000) 	 
=> PASS: expect=94302112.000000000000000000000000 (4cb3ddf4), dut=94302120.000000000000000000000000 (4cb3ddf5), rounding_error=0.00000848 % (exp_error = 1.00000000 %)
[Random][ADD]i_32_a=4cb3deb7 (94303672.000000000000000000000000) + i_32_b=c4c2a757 (-1557.229370117187500000000000) 	| o_32_s=4cb3ddf5 (94302120.000000000000000000000000) 	 
=> PASS: expect=94302112.000000000000000000000000 (4cb3ddf4), dut=94302120.000000000000000000000000 (4cb3ddf5), rounding_error=0.00000848 % (exp_error = 1.00000000 %)
==========[ Read data from ROM ]==========
[Random][ADD]i_32_a=428910e9 (68.533027648925781250000000) + i_32_b=c815fae1 (-153579.515625000000000000000000) 	| o_32_s=c815e9bf (-153510.984375000000000000000000) 	 
=> PASS: expect=-153510.984375000000000000000000 (c815e9bf), dut=-153510.984375000000000000000000 (c815e9bf), rounding_error=0.00000000 % (exp_error = 1.00000000 %)
[Random][ADD]i_32_a=c815fae1 (-153579.515625000000000000000000) + i_32_b=428910e9 (68.533027648925781250000000) 	| o_32_s=c815e9bf (-153510.984375000000000000000000) 	 
=> PASS: expect=-153510.984375000000000000000000 (c815e9bf), dut=-153510.984375000000000000000000 (c815e9bf), rounding_error=0.00000000 % (exp_error = 1.00000000 %)
==========[ Read data from ROM ]==========
[Random][ADD]i_32_a=449d99bb (1260.804077148437500000000000) + i_32_b=4494c3d1 (1190.119262695312500000000000) 	| o_32_s=45192ec6 (2450.923339843750000000000000) 	 
=> PASS: expect=2450.923339843750000000000000 (45192ec6), dut=2450.923339843750000000000000 (45192ec6), rounding_error=0.00000000 % (exp_error = 1.00000000 %)
[Random][ADD]i_32_a=4494c3d1 (1190.119262695312500000000000) + i_32_b=449d99bb (1260.804077148437500000000000) 	| o_32_s=45192ec6 (2450.923339843750000000000000) 	 
=> PASS: expect=2450.923339843750000000000000 (45192ec6), dut=2450.923339843750000000000000 (45192ec6), rounding_error=0.00000000 % (exp_error = 1.00000000 %)
==========[ Read data from ROM ]==========
[Random][ADD]i_32_a=433ee424 (190.891174316406250000000000) + i_32_b=4cc3b180 (102599680.000000000000000000000000) 	| o_32_s=4cc3b197 (102599864.000000000000000000000000) 	 
=> PASS: expect=102599872.000000000000000000000000 (4cc3b198), dut=102599864.000000000000000000000000 (4cc3b197), rounding_error=0.00000780 % (exp_error = 1.00000000 %)
[Random][ADD]i_32_a=4cc3b180 (102599680.000000000000000000000000) + i_32_b=433ee424 (190.891174316406250000000000) 	| o_32_s=4cc3b197 (102599864.000000000000000000000000) 	 
=> PASS: expect=102599872.000000000000000000000000 (4cc3b198), dut=102599864.000000000000000000000000 (4cc3b197), rounding_error=0.00000780 % (exp_error = 1.00000000 %)
==========[ Read data from ROM ]==========
[Random][ADD]i_32_a=4c35e10d (47678516.000000000000000000000000) + i_32_b=4312e490 (146.892822265625000000000000) 	| o_32_s=4c35e132 (47678664.000000000000000000000000) 	 
=> PASS: expect=47678664.000000000000000000000000 (4c35e132), dut=47678664.000000000000000000000000 (4c35e132), rounding_error=0.00000000 % (exp_error = 1.00000000 %)
[Random][ADD]i_32_a=4312e490 (146.892822265625000000000000) + i_32_b=4c35e10d (47678516.000000000000000000000000) 	| o_32_s=4c35e132 (47678664.000000000000000000000000) 	 
=> PASS: expect=47678664.000000000000000000000000 (4c35e132), dut=47678664.000000000000000000000000 (4c35e132), rounding_error=0.00000000 % (exp_error = 1.00000000 %)
==========[ Read data from ROM ]==========
[Random][ADD]i_32_a=c7a7d0e4 (-85921.781250000000000000000000) + i_32_b=cea2f89e (-1367101184.000000000000000000000000) 	| o_32_s=cea2fb3e (-1367187200.000000000000000000000000) 	 
=> PASS: expect=-1367187072.000000000000000000000000 (cea2fb3d), dut=-1367187200.000000000000000000000000 (cea2fb3e), rounding_error=0.00000936 % (exp_error = 1.00000000 %)
[Random][ADD]i_32_a=cea2f89e (-1367101184.000000000000000000000000) + i_32_b=c7a7d0e4 (-85921.781250000000000000000000) 	| o_32_s=cea2fb3e (-1367187200.000000000000000000000000) 	 
=> PASS: expect=-1367187072.000000000000000000000000 (cea2fb3d), dut=-1367187200.000000000000000000000000 (cea2fb3e), rounding_error=0.00000936 % (exp_error = 1.00000000 %)
==========[ Read data from ROM ]==========
[Random][ADD]i_32_a=ca6f46f8 (-3920318.000000000000000000000000) + i_32_b=ccb15fad (-92994920.000000000000000000000000) 	| o_32_s=ccb8d9e4 (-96915232.000000000000000000000000) 	 
=> PASS: expect=-96915240.000000000000000000000000 (ccb8d9e5), dut=-96915232.000000000000000000000000 (ccb8d9e4), rounding_error=0.00000825 % (exp_error = 1.00000000 %)
[Random][ADD]i_32_a=ccb15fad (-92994920.000000000000000000000000) + i_32_b=ca6f46f8 (-3920318.000000000000000000000000) 	| o_32_s=ccb8d9e4 (-96915232.000000000000000000000000) 	 
=> PASS: expect=-96915240.000000000000000000000000 (ccb8d9e5), dut=-96915232.000000000000000000000000 (ccb8d9e4), rounding_error=0.00000825 % (exp_error = 1.00000000 %)
==========[ Read data from ROM ]==========
[Random][ADD]i_32_a=4187ba76 (16.966045379638671875000000) + i_32_b=c1982f8c (-19.023216247558593750000000) 	| o_32_s=c003a8b0 (-2.057170867919921875000000) 	 
=> PASS: expect=-2.057170867919921875000000 (c003a8b0), dut=-2.057170867919921875000000 (c003a8b0), rounding_error=0.00000000 % (exp_error = 1.00000000 %)
[Random][ADD]i_32_a=c1982f8c (-19.023216247558593750000000) + i_32_b=4187ba76 (16.966045379638671875000000) 	| o_32_s=c003a8b0 (-2.057170867919921875000000) 	 
=> PASS: expect=-2.057170867919921875000000 (c003a8b0), dut=-2.057170867919921875000000 (c003a8b0), rounding_error=0.00000000 % (exp_error = 1.00000000 %)
==========[ Read data from ROM ]==========
[Random][ADD]i_32_a=c9eb7cec (-1929117.500000000000000000000000) + i_32_b=4e12d0e8 (615791104.000000000000000000000000) 	| o_32_s=4e125b29 (613861952.000000000000000000000000) 	 
=> PASS: expect=613862016.000000000000000000000000 (4e125b2a), dut=613861952.000000000000000000000000 (4e125b29), rounding_error=0.00001043 % (exp_error = 1.00000000 %)
[Random][ADD]i_32_a=4e12d0e8 (615791104.000000000000000000000000) + i_32_b=c9eb7cec (-1929117.500000000000000000000000) 	| o_32_s=4e125b29 (613861952.000000000000000000000000) 	 
=> PASS: expect=613862016.000000000000000000000000 (4e125b2a), dut=613861952.000000000000000000000000 (4e125b29), rounding_error=0.00001043 % (exp_error = 1.00000000 %)
==========[ Read data from ROM ]==========
[Random][ADD]i_32_a=43556ae5 (213.417556762695312500000000) + i_32_b=43139980 (147.599609375000000000000000) 	| o_32_s=43b48232 (361.017150878906250000000000) 	 
=> PASS: expect=361.017150878906250000000000 (43b48232), dut=361.017150878906250000000000 (43b48232), rounding_error=0.00000000 % (exp_error = 1.00000000 %)
[Random][ADD]i_32_a=43139980 (147.599609375000000000000000) + i_32_b=43556ae5 (213.417556762695312500000000) 	| o_32_s=43b48232 (361.017150878906250000000000) 	 
=> PASS: expect=361.017150878906250000000000 (43b48232), dut=361.017150878906250000000000 (43b48232), rounding_error=0.00000000 % (exp_error = 1.00000000 %)
==========[ Read data from ROM ]==========
[Random][ADD]i_32_a=cab04c16 (-5776907.000000000000000000000000) + i_32_b=c16809bb (-14.502375602722167968750000) 	| o_32_s=cab04c33 (-5776921.500000000000000000000000) 	 
=> PASS: expect=-5776921.500000000000000000000000 (cab04c33), dut=-5776921.500000000000000000000000 (cab04c33), rounding_error=0.00000000 % (exp_error = 1.00000000 %)
[Random][ADD]i_32_a=c16809bb (-14.502375602722167968750000) + i_32_b=cab04c16 (-5776907.000000000000000000000000) 	| o_32_s=cab04c33 (-5776921.500000000000000000000000) 	 
=> PASS: expect=-5776921.500000000000000000000000 (cab04c33), dut=-5776921.500000000000000000000000 (cab04c33), rounding_error=0.00000000 % (exp_error = 1.00000000 %)
==========[ Read data from ROM ]==========
[Random][ADD]i_32_a=46ab8215 (21953.041015625000000000000000) + i_32_b=4a80c610 (4219656.000000000000000000000000) 	| o_32_s=4a817193 (4241609.500000000000000000000000) 	 
=> PASS: expect=4241609.000000000000000000000000 (4a817192), dut=4241609.500000000000000000000000 (4a817193), rounding_error=0.00001179 % (exp_error = 1.00000000 %)
[Random][ADD]i_32_a=4a80c610 (4219656.000000000000000000000000) + i_32_b=46ab8215 (21953.041015625000000000000000) 	| o_32_s=4a817193 (4241609.500000000000000000000000) 	 
=> PASS: expect=4241609.000000000000000000000000 (4a817192), dut=4241609.500000000000000000000000 (4a817193), rounding_error=0.00001179 % (exp_error = 1.00000000 %)
==========[ Read data from ROM ]==========
[Random][ADD]i_32_a=41af45cf (21.909086227416992187500000) + i_32_b=c43e6e5d (-761.724426269531250000000000) 	| o_32_s=c438f42e (-739.815307617187500000000000) 	 
=> PASS: expect=-739.815368652343750000000000 (c438f42f), dut=-739.815307617187500000000000 (c438f42e), rounding_error=0.00000825 % (exp_error = 1.00000000 %)
[Random][ADD]i_32_a=c43e6e5d (-761.724426269531250000000000) + i_32_b=41af45cf (21.909086227416992187500000) 	| o_32_s=c438f42e (-739.815307617187500000000000) 	 
=> PASS: expect=-739.815368652343750000000000 (c438f42f), dut=-739.815307617187500000000000 (c438f42e), rounding_error=0.00000825 % (exp_error = 1.00000000 %)
==========[ Read data from ROM ]==========
[Random][ADD]i_32_a=cdfd6d97 (-531477216.000000000000000000000000) + i_32_b=cec11c01 (-1619918976.000000000000000000000000) 	| o_32_s=cf003bb3 (-2151396096.000000000000000000000000) 	 
=> PASS: expect=-2151396096.000000000000000000000000 (cf003bb3), dut=-2151396096.000000000000000000000000 (cf003bb3), rounding_error=0.00000000 % (exp_error = 1.00000000 %)
[Random][ADD]i_32_a=cec11c01 (-1619918976.000000000000000000000000) + i_32_b=cdfd6d97 (-531477216.000000000000000000000000) 	| o_32_s=cf003bb3 (-2151396096.000000000000000000000000) 	 
=> PASS: expect=-2151396096.000000000000000000000000 (cf003bb3), dut=-2151396096.000000000000000000000000 (cf003bb3), rounding_error=0.00000000 % (exp_error = 1.00000000 %)
==========[ Read data from ROM ]==========
[Random][ADD]i_32_a=cd2060d6 (-168168800.000000000000000000000000) + i_32_b=49709840 (985476.000000000000000000000000) 	| o_32_s=cd1f703e (-167183328.000000000000000000000000) 	 
=> PASS: expect=-167183328.000000000000000000000000 (cd1f703e), dut=-167183328.000000000000000000000000 (cd1f703e), rounding_error=0.00000000 % (exp_error = 1.00000000 %)
[Random][ADD]i_32_a=49709840 (985476.000000000000000000000000) + i_32_b=cd2060d6 (-168168800.000000000000000000000000) 	| o_32_s=cd1f703e (-167183328.000000000000000000000000) 	 
=> PASS: expect=-167183328.000000000000000000000000 (cd1f703e), dut=-167183328.000000000000000000000000 (cd1f703e), rounding_error=0.00000000 % (exp_error = 1.00000000 %)
==========[ Read data from ROM ]==========
[Random][ADD]i_32_a=4a9a5c3e (5058079.000000000000000000000000) + i_32_b=449aad82 (1237.422119140625000000000000) 	| o_32_s=4a9a65e8 (5059316.000000000000000000000000) 	 
=> PASS: expect=5059316.500000000000000000000000 (4a9a65e9), dut=5059316.000000000000000000000000 (4a9a65e8), rounding_error=0.00000988 % (exp_error = 1.00000000 %)
[Random][ADD]i_32_a=449aad82 (1237.422119140625000000000000) + i_32_b=4a9a5c3e (5058079.000000000000000000000000) 	| o_32_s=4a9a65e8 (5059316.000000000000000000000000) 	 
=> PASS: expect=5059316.500000000000000000000000 (4a9a65e9), dut=5059316.000000000000000000000000 (4a9a65e8), rounding_error=0.00000988 % (exp_error = 1.00000000 %)
==========[ Read data from ROM ]==========
[Random][ADD]i_32_a=493cd459 (773445.562500000000000000000000) + i_32_b=cc83c2c8 (-69080640.000000000000000000000000) 	| o_32_s=cc824920 (-68307200.000000000000000000000000) 	 
=> PASS: expect=-68307192.000000000000000000000000 (cc82491f), dut=-68307200.000000000000000000000000 (cc824920), rounding_error=0.00001171 % (exp_error = 1.00000000 %)
[Random][ADD]i_32_a=cc83c2c8 (-69080640.000000000000000000000000) + i_32_b=493cd459 (773445.562500000000000000000000) 	| o_32_s=cc824920 (-68307200.000000000000000000000000) 	 
=> PASS: expect=-68307192.000000000000000000000000 (cc82491f), dut=-68307200.000000000000000000000000 (cc824920), rounding_error=0.00001171 % (exp_error = 1.00000000 %)
==========[ Read data from ROM ]==========
[Random][ADD]i_32_a=c78e430f (-72838.117187500000000000000000) + i_32_b=c80ec59b (-146198.421875000000000000000000) 	| o_32_s=c855e722 (-219036.531250000000000000000000) 	 
=> PASS: expect=-219036.531250000000000000000000 (c855e722), dut=-219036.531250000000000000000000 (c855e722), rounding_error=0.00000000 % (exp_error = 1.00000000 %)
[Random][ADD]i_32_a=c80ec59b (-146198.421875000000000000000000) + i_32_b=c78e430f (-72838.117187500000000000000000) 	| o_32_s=c855e722 (-219036.531250000000000000000000) 	 
=> PASS: expect=-219036.531250000000000000000000 (c855e722), dut=-219036.531250000000000000000000 (c855e722), rounding_error=0.00000000 % (exp_error = 1.00000000 %)
==========[ Read data from ROM ]==========
[Random][ADD]i_32_a=4c0ef140 (37471488.000000000000000000000000) + i_32_b=c9e4964a (-1872585.250000000000000000000000) 	| o_32_s=4c07cc8d (35598900.000000000000000000000000) 	 
=> PASS: expect=35598904.000000000000000000000000 (4c07cc8e), dut=35598900.000000000000000000000000 (4c07cc8d), rounding_error=0.00001124 % (exp_error = 1.00000000 %)
[Random][ADD]i_32_a=c9e4964a (-1872585.250000000000000000000000) + i_32_b=4c0ef140 (37471488.000000000000000000000000) 	| o_32_s=4c07cc8d (35598900.000000000000000000000000) 	 
=> PASS: expect=35598904.000000000000000000000000 (4c07cc8e), dut=35598900.000000000000000000000000 (4c07cc8d), rounding_error=0.00001124 % (exp_error = 1.00000000 %)
==========[ Read data from ROM ]==========
[Random][ADD]i_32_a=4cdccedd (115767016.000000000000000000000000) + i_32_b=ca90a7e0 (-4740080.000000000000000000000000) 	| o_32_s=4cd3c45f (111026936.000000000000000000000000) 	 
=> PASS: expect=111026936.000000000000000000000000 (4cd3c45f), dut=111026936.000000000000000000000000 (4cd3c45f), rounding_error=0.00000000 % (exp_error = 1.00000000 %)
[Random][ADD]i_32_a=ca90a7e0 (-4740080.000000000000000000000000) + i_32_b=4cdccedd (115767016.000000000000000000000000) 	| o_32_s=4cd3c45f (111026936.000000000000000000000000) 	 
=> PASS: expect=111026936.000000000000000000000000 (4cd3c45f), dut=111026936.000000000000000000000000 (4cd3c45f), rounding_error=0.00000000 % (exp_error = 1.00000000 %)
==========[ Read data from ROM ]==========
[Random][ADD]i_32_a=c4b867a8 (-1475.239257812500000000000000) + i_32_b=c711df47 (-37343.277343750000000000000000) 	| o_32_s=c717a285 (-38818.519531250000000000000000) 	 
=> PASS: expect=-38818.515625000000000000000000 (c717a284), dut=-38818.519531250000000000000000 (c717a285), rounding_error=0.00001006 % (exp_error = 1.00000000 %)
[Random][ADD]i_32_a=c711df47 (-37343.277343750000000000000000) + i_32_b=c4b867a8 (-1475.239257812500000000000000) 	| o_32_s=c717a285 (-38818.519531250000000000000000) 	 
=> PASS: expect=-38818.515625000000000000000000 (c717a284), dut=-38818.519531250000000000000000 (c717a285), rounding_error=0.00001006 % (exp_error = 1.00000000 %)
==========[ Read data from ROM ]==========
[Random][ADD]i_32_a=4c56a8c9 (56271652.000000000000000000000000) + i_32_b=454a642f (3238.261474609375000000000000) 	| o_32_s=4c56abf3 (56274892.000000000000000000000000) 	 
=> PASS: expect=56274892.000000000000000000000000 (4c56abf3), dut=56274892.000000000000000000000000 (4c56abf3), rounding_error=0.00000000 % (exp_error = 1.00000000 %)
[Random][ADD]i_32_a=454a642f (3238.261474609375000000000000) + i_32_b=4c56a8c9 (56271652.000000000000000000000000) 	| o_32_s=4c56abf3 (56274892.000000000000000000000000) 	 
=> PASS: expect=56274892.000000000000000000000000 (4c56abf3), dut=56274892.000000000000000000000000 (4c56abf3), rounding_error=0.00000000 % (exp_error = 1.00000000 %)
==========[ Read data from ROM ]==========
[Random][ADD]i_32_a=c551b746 (-3355.454589843750000000000000) + i_32_b=c82fd73b (-180060.921875000000000000000000) 	| o_32_s=c8331e19 (-183416.390625000000000000000000) 	 
=> PASS: expect=-183416.375000000000000000000000 (c8331e18), dut=-183416.390625000000000000000000 (c8331e19), rounding_error=0.00000852 % (exp_error = 1.00000000 %)
[Random][ADD]i_32_a=c82fd73b (-180060.921875000000000000000000) + i_32_b=c551b746 (-3355.454589843750000000000000) 	| o_32_s=c8331e19 (-183416.390625000000000000000000) 	 
=> PASS: expect=-183416.375000000000000000000000 (c8331e18), dut=-183416.390625000000000000000000 (c8331e19), rounding_error=0.00000852 % (exp_error = 1.00000000 %)
==========[ Read data from ROM ]==========
[Random][ADD]i_32_a=444e27bc (824.620849609375000000000000) + i_32_b=c14f5e7c (-12.960567474365234375000000) 	| o_32_s=444aea42 (811.660278320312500000000000) 	 
=> PASS: expect=811.660278320312500000000000 (444aea42), dut=811.660278320312500000000000 (444aea42), rounding_error=0.00000000 % (exp_error = 1.00000000 %)
[Random][ADD]i_32_a=c14f5e7c (-12.960567474365234375000000) + i_32_b=444e27bc (824.620849609375000000000000) 	| o_32_s=444aea42 (811.660278320312500000000000) 	 
=> PASS: expect=811.660278320312500000000000 (444aea42), dut=811.660278320312500000000000 (444aea42), rounding_error=0.00000000 % (exp_error = 1.00000000 %)
==========[ Read data from ROM ]==========
[Random][ADD]i_32_a=c63424f2 (-11529.236328125000000000000000) + i_32_b=4ee6ef66 (1937224448.000000000000000000000000) 	| o_32_s=4ee6ef0c (1937212928.000000000000000000000000) 	 
=> PASS: expect=1937212928.000000000000000000000000 (4ee6ef0c), dut=1937212928.000000000000000000000000 (4ee6ef0c), rounding_error=0.00000000 % (exp_error = 1.00000000 %)
[Random][ADD]i_32_a=4ee6ef66 (1937224448.000000000000000000000000) + i_32_b=c63424f2 (-11529.236328125000000000000000) 	| o_32_s=4ee6ef0c (1937212928.000000000000000000000000) 	 
=> PASS: expect=1937212928.000000000000000000000000 (4ee6ef0c), dut=1937212928.000000000000000000000000 (4ee6ef0c), rounding_error=0.00000000 % (exp_error = 1.00000000 %)
==========[ Read data from ROM ]==========
[Random][ADD]i_32_a=c50ad929 (-2221.572509765625000000000000) + i_32_b=ca8365a2 (-4305617.000000000000000000000000) 	| o_32_s=ca8376fe (-4307839.000000000000000000000000) 	 
=> PASS: expect=-4307838.500000000000000000000000 (ca8376fd), dut=-4307839.000000000000000000000000 (ca8376fe), rounding_error=0.00001161 % (exp_error = 1.00000000 %)
[Random][ADD]i_32_a=ca8365a2 (-4305617.000000000000000000000000) + i_32_b=c50ad929 (-2221.572509765625000000000000) 	| o_32_s=ca8376fe (-4307839.000000000000000000000000) 	 
=> PASS: expect=-4307838.500000000000000000000000 (ca8376fd), dut=-4307839.000000000000000000000000 (ca8376fe), rounding_error=0.00001161 % (exp_error = 1.00000000 %)
==========[ Read data from ROM ]==========
[Random][ADD]i_32_a=c31093dc (-144.577575683593750000000000) + i_32_b=45cc1a61 (6531.297363281250000000000000) 	| o_32_s=45c795c2 (6386.719726562500000000000000) 	 
=> PASS: expect=6386.719726562500000000000000 (45c795c2), dut=6386.719726562500000000000000 (45c795c2), rounding_error=0.00000000 % (exp_error = 1.00000000 %)
[Random][ADD]i_32_a=45cc1a61 (6531.297363281250000000000000) + i_32_b=c31093dc (-144.577575683593750000000000) 	| o_32_s=45c795c2 (6386.719726562500000000000000) 	 
=> PASS: expect=6386.719726562500000000000000 (45c795c2), dut=6386.719726562500000000000000 (45c795c2), rounding_error=0.00000000 % (exp_error = 1.00000000 %)
==========[ Read data from ROM ]==========
[Random][ADD]i_32_a=453a9dae (2985.854980468750000000000000) + i_32_b=461d8f63 (10083.846679687500000000000000) 	| o_32_s=464c36ce (13069.701171875000000000000000) 	 
=> PASS: expect=13069.701171875000000000000000 (464c36ce), dut=13069.701171875000000000000000 (464c36ce), rounding_error=0.00000000 % (exp_error = 1.00000000 %)
[Random][ADD]i_32_a=461d8f63 (10083.846679687500000000000000) + i_32_b=453a9dae (2985.854980468750000000000000) 	| o_32_s=464c36ce (13069.701171875000000000000000) 	 
=> PASS: expect=13069.701171875000000000000000 (464c36ce), dut=13069.701171875000000000000000 (464c36ce), rounding_error=0.00000000 % (exp_error = 1.00000000 %)
==========[ Read data from ROM ]==========
[Random][ADD]i_32_a=44f9b409 (1997.626098632812500000000000) + i_32_b=c381bcca (-259.474914550781250000000000) 	| o_32_s=44d944d6 (1738.151123046875000000000000) 	 
=> PASS: expect=1738.151123046875000000000000 (44d944d6), dut=1738.151123046875000000000000 (44d944d6), rounding_error=0.00000000 % (exp_error = 1.00000000 %)
[Random][ADD]i_32_a=c381bcca (-259.474914550781250000000000) + i_32_b=44f9b409 (1997.626098632812500000000000) 	| o_32_s=44d944d6 (1738.151123046875000000000000) 	 
=> PASS: expect=1738.151123046875000000000000 (44d944d6), dut=1738.151123046875000000000000 (44d944d6), rounding_error=0.00000000 % (exp_error = 1.00000000 %)
==========[ Read data from ROM ]==========
[Random][ADD]i_32_a=ccdb1cf1 (-114878344.000000000000000000000000) + i_32_b=cb57b588 (-14136712.000000000000000000000000) 	| o_32_s=ccf613a2 (-129015056.000000000000000000000000) 	 
=> PASS: expect=-129015056.000000000000000000000000 (ccf613a2), dut=-129015056.000000000000000000000000 (ccf613a2), rounding_error=0.00000000 % (exp_error = 1.00000000 %)
[Random][ADD]i_32_a=cb57b588 (-14136712.000000000000000000000000) + i_32_b=ccdb1cf1 (-114878344.000000000000000000000000) 	| o_32_s=ccf613a2 (-129015056.000000000000000000000000) 	 
=> PASS: expect=-129015056.000000000000000000000000 (ccf613a2), dut=-129015056.000000000000000000000000 (ccf613a2), rounding_error=0.00000000 % (exp_error = 1.00000000 %)
==========[ Read data from ROM ]==========
[Random][ADD]i_32_a=416d4127 (14.828406333923339843750000) + i_32_b=c4402b10 (-768.672851562500000000000000) 	| o_32_s=c43c760c (-753.844482421875000000000000) 	 
=> PASS: expect=-753.844421386718750000000000 (c43c760b), dut=-753.844482421875000000000000 (c43c760c), rounding_error=0.00000810 % (exp_error = 1.00000000 %)
[Random][ADD]i_32_a=c4402b10 (-768.672851562500000000000000) + i_32_b=416d4127 (14.828406333923339843750000) 	| o_32_s=c43c760c (-753.844482421875000000000000) 	 
=> PASS: expect=-753.844421386718750000000000 (c43c760b), dut=-753.844482421875000000000000 (c43c760c), rounding_error=0.00000810 % (exp_error = 1.00000000 %)
==========[ Read data from ROM ]==========
[Random][ADD]i_32_a=4acf679e (6796239.000000000000000000000000) + i_32_b=435c7ce2 (220.487823486328125000000000) 	| o_32_s=4acf6956 (6796459.000000000000000000000000) 	 
=> PASS: expect=6796459.500000000000000000000000 (4acf6957), dut=6796459.000000000000000000000000 (4acf6956), rounding_error=0.00000736 % (exp_error = 1.00000000 %)
[Random][ADD]i_32_a=435c7ce2 (220.487823486328125000000000) + i_32_b=4acf679e (6796239.000000000000000000000000) 	| o_32_s=4acf6956 (6796459.000000000000000000000000) 	 
=> PASS: expect=6796459.500000000000000000000000 (4acf6957), dut=6796459.000000000000000000000000 (4acf6956), rounding_error=0.00000736 % (exp_error = 1.00000000 %)
==========[ Read data from ROM ]==========
[Random][ADD]i_32_a=cd314f43 (-185922608.000000000000000000000000) + i_32_b=c4278da4 (-670.213134765625000000000000) 	| o_32_s=cd314f6c (-185923264.000000000000000000000000) 	 
=> PASS: expect=-185923280.000000000000000000000000 (cd314f6d), dut=-185923264.000000000000000000000000 (cd314f6c), rounding_error=0.00000861 % (exp_error = 1.00000000 %)
[Random][ADD]i_32_a=c4278da4 (-670.213134765625000000000000) + i_32_b=cd314f43 (-185922608.000000000000000000000000) 	| o_32_s=cd314f6c (-185923264.000000000000000000000000) 	 
=> PASS: expect=-185923280.000000000000000000000000 (cd314f6d), dut=-185923264.000000000000000000000000 (cd314f6c), rounding_error=0.00000861 % (exp_error = 1.00000000 %)
==========[ Read data from ROM ]==========
[Random][ADD]i_32_a=c3215230 (-161.321044921875000000000000) + i_32_b=c5072fde (-2162.991699218750000000000000) 	| o_32_s=c5114501 (-2324.312744140625000000000000) 	 
=> PASS: expect=-2324.312744140625000000000000 (c5114501), dut=-2324.312744140625000000000000 (c5114501), rounding_error=0.00000000 % (exp_error = 1.00000000 %)
[Random][ADD]i_32_a=c5072fde (-2162.991699218750000000000000) + i_32_b=c3215230 (-161.321044921875000000000000) 	| o_32_s=c5114501 (-2324.312744140625000000000000) 	 
=> PASS: expect=-2324.312744140625000000000000 (c5114501), dut=-2324.312744140625000000000000 (c5114501), rounding_error=0.00000000 % (exp_error = 1.00000000 %)
==========[ Read data from ROM ]==========
[Random][ADD]i_32_a=4c3c6206 (49383448.000000000000000000000000) + i_32_b=c8b86ba8 (-377693.250000000000000000000000) 	| o_32_s=4c3af12e (49005752.000000000000000000000000) 	 
=> PASS: expect=49005756.000000000000000000000000 (4c3af12f), dut=49005752.000000000000000000000000 (4c3af12e), rounding_error=0.00000816 % (exp_error = 1.00000000 %)
[Random][ADD]i_32_a=c8b86ba8 (-377693.250000000000000000000000) + i_32_b=4c3c6206 (49383448.000000000000000000000000) 	| o_32_s=4c3af12e (49005752.000000000000000000000000) 	 
=> PASS: expect=49005756.000000000000000000000000 (4c3af12f), dut=49005752.000000000000000000000000 (4c3af12e), rounding_error=0.00000816 % (exp_error = 1.00000000 %)
==========[ Read data from ROM ]==========
[Random][ADD]i_32_a=47804f55 (65694.664062500000000000000000) + i_32_b=46f58651 (31427.158203125000000000000000) 	| o_32_s=47bdb0ea (97121.828125000000000000000000) 	 
=> PASS: expect=97121.820312500000000000000000 (47bdb0e9), dut=97121.828125000000000000000000 (47bdb0ea), rounding_error=0.00000804 % (exp_error = 1.00000000 %)
[Random][ADD]i_32_a=46f58651 (31427.158203125000000000000000) + i_32_b=47804f55 (65694.664062500000000000000000) 	| o_32_s=47bdb0ea (97121.828125000000000000000000) 	 
=> PASS: expect=97121.820312500000000000000000 (47bdb0e9), dut=97121.828125000000000000000000 (47bdb0ea), rounding_error=0.00000804 % (exp_error = 1.00000000 %)
==========[ Read data from ROM ]==========
[Random][ADD]i_32_a=4a35ca39 (2978446.250000000000000000000000) + i_32_b=4c848931 (69486984.000000000000000000000000) 	| o_32_s=4c8a3782 (72465424.000000000000000000000000) 	 
=> PASS: expect=72465432.000000000000000000000000 (4c8a3783), dut=72465424.000000000000000000000000 (4c8a3782), rounding_error=0.00001104 % (exp_error = 1.00000000 %)
[Random][ADD]i_32_a=4c848931 (69486984.000000000000000000000000) + i_32_b=4a35ca39 (2978446.250000000000000000000000) 	| o_32_s=4c8a3782 (72465424.000000000000000000000000) 	 
=> PASS: expect=72465432.000000000000000000000000 (4c8a3783), dut=72465424.000000000000000000000000 (4c8a3782), rounding_error=0.00001104 % (exp_error = 1.00000000 %)
==========[ Read data from ROM ]==========
[Random][ADD]i_32_a=48c3fbc7 (401374.218750000000000000000000) + i_32_b=c3b59574 (-363.167602539062500000000000) 	| o_32_s=48c3ce61 (401011.031250000000000000000000) 	 
=> PASS: expect=401011.062500000000000000000000 (48c3ce62), dut=401011.031250000000000000000000 (48c3ce61), rounding_error=0.00000779 % (exp_error = 1.00000000 %)
[Random][ADD]i_32_a=c3b59574 (-363.167602539062500000000000) + i_32_b=48c3fbc7 (401374.218750000000000000000000) 	| o_32_s=48c3ce61 (401011.031250000000000000000000) 	 
=> PASS: expect=401011.062500000000000000000000 (48c3ce62), dut=401011.031250000000000000000000 (48c3ce61), rounding_error=0.00000779 % (exp_error = 1.00000000 %)
==========[ Read data from ROM ]==========
[Random][ADD]i_32_a=42226d92 (40.607002258300781250000000) + i_32_b=46e15e6b (28847.208984375000000000000000) 	| o_32_s=46e1afa1 (28887.814453125000000000000000) 	 
=> PASS: expect=28887.816406250000000000000000 (46e1afa2), dut=28887.814453125000000000000000 (46e1afa1), rounding_error=0.00000676 % (exp_error = 1.00000000 %)
[Random][ADD]i_32_a=46e15e6b (28847.208984375000000000000000) + i_32_b=42226d92 (40.607002258300781250000000) 	| o_32_s=46e1afa1 (28887.814453125000000000000000) 	 
=> PASS: expect=28887.816406250000000000000000 (46e1afa2), dut=28887.814453125000000000000000 (46e1afa1), rounding_error=0.00000676 % (exp_error = 1.00000000 %)
==========[ Read data from ROM ]==========
[Random][ADD]i_32_a=48781a1b (254056.421875000000000000000000) + i_32_b=4d94ae3e (311805888.000000000000000000000000) 	| o_32_s=4d94cd42 (312059968.000000000000000000000000) 	 
=> PASS: expect=312059936.000000000000000000000000 (4d94cd41), dut=312059968.000000000000000000000000 (4d94cd42), rounding_error=0.00001025 % (exp_error = 1.00000000 %)
[Random][ADD]i_32_a=4d94ae3e (311805888.000000000000000000000000) + i_32_b=48781a1b (254056.421875000000000000000000) 	| o_32_s=4d94cd42 (312059968.000000000000000000000000) 	 
=> PASS: expect=312059936.000000000000000000000000 (4d94cd41), dut=312059968.000000000000000000000000 (4d94cd42), rounding_error=0.00001025 % (exp_error = 1.00000000 %)
==========[ Read data from ROM ]==========
[Random][ADD]i_32_a=42377c32 (45.871284484863281250000000) + i_32_b=cd9b22e4 (-325344384.000000000000000000000000) 	| o_32_s=cd9b22e2 (-325344320.000000000000000000000000) 	 
=> PASS: expect=-325344352.000000000000000000000000 (cd9b22e3), dut=-325344320.000000000000000000000000 (cd9b22e2), rounding_error=0.00000984 % (exp_error = 1.00000000 %)
[Random][ADD]i_32_a=cd9b22e4 (-325344384.000000000000000000000000) + i_32_b=42377c32 (45.871284484863281250000000) 	| o_32_s=cd9b22e2 (-325344320.000000000000000000000000) 	 
=> PASS: expect=-325344352.000000000000000000000000 (cd9b22e3), dut=-325344320.000000000000000000000000 (cd9b22e2), rounding_error=0.00000984 % (exp_error = 1.00000000 %)
==========[ Read data from ROM ]==========
[Random][ADD]i_32_a=4922f14e (667412.875000000000000000000000) + i_32_b=4cedd4cd (124692072.000000000000000000000000) 	| o_32_s=4cef1ab0 (125359488.000000000000000000000000) 	 
=> PASS: expect=125359488.000000000000000000000000 (4cef1ab0), dut=125359488.000000000000000000000000 (4cef1ab0), rounding_error=0.00000000 % (exp_error = 1.00000000 %)
[Random][ADD]i_32_a=4cedd4cd (124692072.000000000000000000000000) + i_32_b=4922f14e (667412.875000000000000000000000) 	| o_32_s=4cef1ab0 (125359488.000000000000000000000000) 	 
=> PASS: expect=125359488.000000000000000000000000 (4cef1ab0), dut=125359488.000000000000000000000000 (4cef1ab0), rounding_error=0.00000000 % (exp_error = 1.00000000 %)
==========[ Read data from ROM ]==========
[Random][ADD]i_32_a=ce2846d6 (-705803648.000000000000000000000000) + i_32_b=c977655c (-1013333.750000000000000000000000) 	| o_32_s=ce2884af (-706816960.000000000000000000000000) 	 
=> PASS: expect=-706816960.000000000000000000000000 (ce2884af), dut=-706816960.000000000000000000000000 (ce2884af), rounding_error=0.00000000 % (exp_error = 1.00000000 %)
[Random][ADD]i_32_a=c977655c (-1013333.750000000000000000000000) + i_32_b=ce2846d6 (-705803648.000000000000000000000000) 	| o_32_s=ce2884af (-706816960.000000000000000000000000) 	 
=> PASS: expect=-706816960.000000000000000000000000 (ce2884af), dut=-706816960.000000000000000000000000 (ce2884af), rounding_error=0.00000000 % (exp_error = 1.00000000 %)
==========[ Read data from ROM ]==========
[Random][ADD]i_32_a=4c230929 (42738852.000000000000000000000000) + i_32_b=492962d9 (693805.562500000000000000000000) 	| o_32_s=4c25aeb4 (43432656.000000000000000000000000) 	 
=> PASS: expect=43432656.000000000000000000000000 (4c25aeb4), dut=43432656.000000000000000000000000 (4c25aeb4), rounding_error=0.00000000 % (exp_error = 1.00000000 %)
[Random][ADD]i_32_a=492962d9 (693805.562500000000000000000000) + i_32_b=4c230929 (42738852.000000000000000000000000) 	| o_32_s=4c25aeb4 (43432656.000000000000000000000000) 	 
=> PASS: expect=43432656.000000000000000000000000 (4c25aeb4), dut=43432656.000000000000000000000000 (4c25aeb4), rounding_error=0.00000000 % (exp_error = 1.00000000 %)
==========[ Read data from ROM ]==========
[Random][ADD]i_32_a=4d1f6f04 (167178304.000000000000000000000000) + i_32_b=4d901431 (302155296.000000000000000000000000) 	| o_32_s=4ddfcbb3 (469333600.000000000000000000000000) 	 
=> PASS: expect=469333600.000000000000000000000000 (4ddfcbb3), dut=469333600.000000000000000000000000 (4ddfcbb3), rounding_error=0.00000000 % (exp_error = 1.00000000 %)
[Random][ADD]i_32_a=4d901431 (302155296.000000000000000000000000) + i_32_b=4d1f6f04 (167178304.000000000000000000000000) 	| o_32_s=4ddfcbb3 (469333600.000000000000000000000000) 	 
=> PASS: expect=469333600.000000000000000000000000 (4ddfcbb3), dut=469333600.000000000000000000000000 (4ddfcbb3), rounding_error=0.00000000 % (exp_error = 1.00000000 %)
==========[ Read data from ROM ]==========
[Random][ADD]i_32_a=482cb83e (176864.968750000000000000000000) + i_32_b=42068e25 (33.638813018798828125000000) 	| o_32_s=482cc0a6 (176898.593750000000000000000000) 	 
=> PASS: expect=176898.609375000000000000000000 (482cc0a7), dut=176898.593750000000000000000000 (482cc0a6), rounding_error=0.00000883 % (exp_error = 1.00000000 %)
[Random][ADD]i_32_a=42068e25 (33.638813018798828125000000) + i_32_b=482cb83e (176864.968750000000000000000000) 	| o_32_s=482cc0a6 (176898.593750000000000000000000) 	 
=> PASS: expect=176898.609375000000000000000000 (482cc0a7), dut=176898.593750000000000000000000 (482cc0a6), rounding_error=0.00000883 % (exp_error = 1.00000000 %)
==========[ Read data from ROM ]==========
[Random][ADD]i_32_a=452909b9 (2704.607666015625000000000000) + i_32_b=4938e6f3 (757359.187500000000000000000000) 	| o_32_s=49398ffd (760063.812500000000000000000000) 	 
=> PASS: expect=760063.812500000000000000000000 (49398ffd), dut=760063.812500000000000000000000 (49398ffd), rounding_error=0.00000000 % (exp_error = 1.00000000 %)
[Random][ADD]i_32_a=4938e6f3 (757359.187500000000000000000000) + i_32_b=452909b9 (2704.607666015625000000000000) 	| o_32_s=49398ffd (760063.812500000000000000000000) 	 
=> PASS: expect=760063.812500000000000000000000 (49398ffd), dut=760063.812500000000000000000000 (49398ffd), rounding_error=0.00000000 % (exp_error = 1.00000000 %)
==========[ Read data from ROM ]==========
[Random][ADD]i_32_a=ca8abe86 (-4546371.000000000000000000000000) + i_32_b=c28a40dc (-69.126678466796875000000000) 	| o_32_s=ca8abf11 (-4546440.500000000000000000000000) 	 
=> PASS: expect=-4546440.000000000000000000000000 (ca8abf10), dut=-4546440.500000000000000000000000 (ca8abf11), rounding_error=0.00001100 % (exp_error = 1.00000000 %)
[Random][ADD]i_32_a=c28a40dc (-69.126678466796875000000000) + i_32_b=ca8abe86 (-4546371.000000000000000000000000) 	| o_32_s=ca8abf11 (-4546440.500000000000000000000000) 	 
=> PASS: expect=-4546440.000000000000000000000000 (ca8abf10), dut=-4546440.500000000000000000000000 (ca8abf11), rounding_error=0.00001100 % (exp_error = 1.00000000 %)
==========[ Read data from ROM ]==========
[Random][ADD]i_32_a=4e81c81a (1088687360.000000000000000000000000) + i_32_b=cda8ee72 (-354274880.000000000000000000000000) 	| o_32_s=4e2f18fb (734412480.000000000000000000000000) 	 
=> PASS: expect=734412480.000000000000000000000000 (4e2f18fb), dut=734412480.000000000000000000000000 (4e2f18fb), rounding_error=0.00000000 % (exp_error = 1.00000000 %)
[Random][ADD]i_32_a=cda8ee72 (-354274880.000000000000000000000000) + i_32_b=4e81c81a (1088687360.000000000000000000000000) 	| o_32_s=4e2f18fb (734412480.000000000000000000000000) 	 
=> PASS: expect=734412480.000000000000000000000000 (4e2f18fb), dut=734412480.000000000000000000000000 (4e2f18fb), rounding_error=0.00000000 % (exp_error = 1.00000000 %)
==========[ Read data from ROM ]==========
[Random][ADD]i_32_a=44b20331 (1424.099731445312500000000000) + i_32_b=4675a1c2 (15720.439453125000000000000000) 	| o_32_s=4685f115 (17144.541015625000000000000000) 	 
=> PASS: expect=17144.539062500000000000000000 (4685f114), dut=17144.541015625000000000000000 (4685f115), rounding_error=0.00001139 % (exp_error = 1.00000000 %)
[Random][ADD]i_32_a=4675a1c2 (15720.439453125000000000000000) + i_32_b=44b20331 (1424.099731445312500000000000) 	| o_32_s=4685f115 (17144.541015625000000000000000) 	 
=> PASS: expect=17144.539062500000000000000000 (4685f114), dut=17144.541015625000000000000000 (4685f115), rounding_error=0.00001139 % (exp_error = 1.00000000 %)
==========[ Read data from ROM ]==========
[Random][ADD]i_32_a=4362ba97 (226.728866577148437500000000) + i_32_b=c2ba8d15 (-93.275550842285156250000000) 	| o_32_s=4305740c (133.453308105468750000000000) 	 
=> PASS: expect=133.453308105468750000000000 (4305740c), dut=133.453308105468750000000000 (4305740c), rounding_error=0.00000000 % (exp_error = 1.00000000 %)
[Random][ADD]i_32_a=c2ba8d15 (-93.275550842285156250000000) + i_32_b=4362ba97 (226.728866577148437500000000) 	| o_32_s=4305740c (133.453308105468750000000000) 	 
=> PASS: expect=133.453308105468750000000000 (4305740c), dut=133.453308105468750000000000 (4305740c), rounding_error=0.00000000 % (exp_error = 1.00000000 %)
==========[ Read data from ROM ]==========
[Random][ADD]i_32_a=452d2c60 (2770.773437500000000000000000) + i_32_b=cc601182 (-58738184.000000000000000000000000) 	| o_32_s=cc600ece (-58735416.000000000000000000000000) 	 
=> PASS: expect=-58735412.000000000000000000000000 (cc600ecd), dut=-58735416.000000000000000000000000 (cc600ece), rounding_error=0.00000681 % (exp_error = 1.00000000 %)
[Random][ADD]i_32_a=cc601182 (-58738184.000000000000000000000000) + i_32_b=452d2c60 (2770.773437500000000000000000) 	| o_32_s=cc600ece (-58735416.000000000000000000000000) 	 
=> PASS: expect=-58735412.000000000000000000000000 (cc600ecd), dut=-58735416.000000000000000000000000 (cc600ece), rounding_error=0.00000681 % (exp_error = 1.00000000 %)
==========[ Read data from ROM ]==========
[Random][ADD]i_32_a=cc23b73a (-42917096.000000000000000000000000) + i_32_b=c9a3595a (-1338155.250000000000000000000000) 	| o_32_s=cc28d204 (-44255248.000000000000000000000000) 	 
=> PASS: expect=-44255252.000000000000000000000000 (cc28d205), dut=-44255248.000000000000000000000000 (cc28d204), rounding_error=0.00000904 % (exp_error = 1.00000000 %)
[Random][ADD]i_32_a=c9a3595a (-1338155.250000000000000000000000) + i_32_b=cc23b73a (-42917096.000000000000000000000000) 	| o_32_s=cc28d204 (-44255248.000000000000000000000000) 	 
=> PASS: expect=-44255252.000000000000000000000000 (cc28d205), dut=-44255248.000000000000000000000000 (cc28d204), rounding_error=0.00000904 % (exp_error = 1.00000000 %)
==========[ Read data from ROM ]==========
[Random][ADD]i_32_a=4913f4ea (606030.625000000000000000000000) + i_32_b=c7906768 (-73934.812500000000000000000000) 	| o_32_s=4901e7fd (532095.812500000000000000000000) 	 
=> PASS: expect=532095.812500000000000000000000 (4901e7fd), dut=532095.812500000000000000000000 (4901e7fd), rounding_error=0.00000000 % (exp_error = 1.00000000 %)
[Random][ADD]i_32_a=c7906768 (-73934.812500000000000000000000) + i_32_b=4913f4ea (606030.625000000000000000000000) 	| o_32_s=4901e7fd (532095.812500000000000000000000) 	 
=> PASS: expect=532095.812500000000000000000000 (4901e7fd), dut=532095.812500000000000000000000 (4901e7fd), rounding_error=0.00000000 % (exp_error = 1.00000000 %)
==========[ Read data from ROM ]==========
[Random][ADD]i_32_a=42c2cf1b (97.404502868652343750000000) + i_32_b=c6b10286 (-22657.261718750000000000000000) 	| o_32_s=c6b03fb7 (-22559.857421875000000000000000) 	 
=> PASS: expect=-22559.857421875000000000000000 (c6b03fb7), dut=-22559.857421875000000000000000 (c6b03fb7), rounding_error=0.00000000 % (exp_error = 1.00000000 %)
[Random][ADD]i_32_a=c6b10286 (-22657.261718750000000000000000) + i_32_b=42c2cf1b (97.404502868652343750000000) 	| o_32_s=c6b03fb7 (-22559.857421875000000000000000) 	 
=> PASS: expect=-22559.857421875000000000000000 (c6b03fb7), dut=-22559.857421875000000000000000 (c6b03fb7), rounding_error=0.00000000 % (exp_error = 1.00000000 %)
==========[ Read data from ROM ]==========
[Random][ADD]i_32_a=c600535c (-8212.839843750000000000000000) + i_32_b=449679fa (1203.811767578125000000000000) 	| o_32_s=c5db0839 (-7009.027832031250000000000000) 	 
=> PASS: expect=-7009.028320312500000000000000 (c5db083a), dut=-7009.027832031250000000000000 (c5db0839), rounding_error=0.00000697 % (exp_error = 1.00000000 %)
[Random][ADD]i_32_a=449679fa (1203.811767578125000000000000) + i_32_b=c600535c (-8212.839843750000000000000000) 	| o_32_s=c5db0839 (-7009.027832031250000000000000) 	 
=> PASS: expect=-7009.028320312500000000000000 (c5db083a), dut=-7009.027832031250000000000000 (c5db0839), rounding_error=0.00000697 % (exp_error = 1.00000000 %)
==========[ Read data from ROM ]==========
[Random][ADD]i_32_a=c8fab690 (-513460.500000000000000000000000) + i_32_b=492d8725 (710770.312500000000000000000000) 	| o_32_s=4840af74 (197309.812500000000000000000000) 	 
=> PASS: expect=197309.812500000000000000000000 (4840af74), dut=197309.812500000000000000000000 (4840af74), rounding_error=0.00000000 % (exp_error = 1.00000000 %)
[Random][ADD]i_32_a=492d8725 (710770.312500000000000000000000) + i_32_b=c8fab690 (-513460.500000000000000000000000) 	| o_32_s=4840af74 (197309.812500000000000000000000) 	 
=> PASS: expect=197309.812500000000000000000000 (4840af74), dut=197309.812500000000000000000000 (4840af74), rounding_error=0.00000000 % (exp_error = 1.00000000 %)
==========[ Read data from ROM ]==========
[Random][ADD]i_32_a=420709a4 (33.759414672851562500000000) + i_32_b=4def5f61 (502000672.000000000000000000000000) 	| o_32_s=4def5f62 (502000704.000000000000000000000000) 	 
=> PASS: expect=502000704.000000000000000000000000 (4def5f62), dut=502000704.000000000000000000000000 (4def5f62), rounding_error=0.00000000 % (exp_error = 1.00000000 %)
[Random][ADD]i_32_a=4def5f61 (502000672.000000000000000000000000) + i_32_b=420709a4 (33.759414672851562500000000) 	| o_32_s=4def5f62 (502000704.000000000000000000000000) 	 
=> PASS: expect=502000704.000000000000000000000000 (4def5f62), dut=502000704.000000000000000000000000 (4def5f62), rounding_error=0.00000000 % (exp_error = 1.00000000 %)
==========[ Read data from ROM ]==========
[Random][ADD]i_32_a=494d1b87 (840120.437500000000000000000000) + i_32_b=498bd45b (1145483.375000000000000000000000) 	| o_32_s=49f2621e (1985603.750000000000000000000000) 	 
=> PASS: expect=1985603.750000000000000000000000 (49f2621e), dut=1985603.750000000000000000000000 (49f2621e), rounding_error=0.00000000 % (exp_error = 1.00000000 %)
[Random][ADD]i_32_a=498bd45b (1145483.375000000000000000000000) + i_32_b=494d1b87 (840120.437500000000000000000000) 	| o_32_s=49f2621e (1985603.750000000000000000000000) 	 
=> PASS: expect=1985603.750000000000000000000000 (49f2621e), dut=1985603.750000000000000000000000 (49f2621e), rounding_error=0.00000000 % (exp_error = 1.00000000 %)
==========[ Read data from ROM ]==========
[Random][ADD]i_32_a=c4309027 (-706.252380371093750000000000) + i_32_b=452f3323 (2803.196044921875000000000000) 	| o_32_s=45030f19 (2096.943603515625000000000000) 	 
=> PASS: expect=2096.943603515625000000000000 (45030f19), dut=2096.943603515625000000000000 (45030f19), rounding_error=0.00000000 % (exp_error = 1.00000000 %)
[Random][ADD]i_32_a=452f3323 (2803.196044921875000000000000) + i_32_b=c4309027 (-706.252380371093750000000000) 	| o_32_s=45030f19 (2096.943603515625000000000000) 	 
=> PASS: expect=2096.943603515625000000000000 (45030f19), dut=2096.943603515625000000000000 (45030f19), rounding_error=0.00000000 % (exp_error = 1.00000000 %)
==========[ Read data from ROM ]==========
[Random][ADD]i_32_a=c5126753 (-2342.457763671875000000000000) + i_32_b=c877c77b (-253725.921875000000000000000000) 	| o_32_s=c87a1119 (-256068.390625000000000000000000) 	 
=> PASS: expect=-256068.375000000000000000000000 (c87a1118), dut=-256068.390625000000000000000000 (c87a1119), rounding_error=0.00000610 % (exp_error = 1.00000000 %)
[Random][ADD]i_32_a=c877c77b (-253725.921875000000000000000000) + i_32_b=c5126753 (-2342.457763671875000000000000) 	| o_32_s=c87a1119 (-256068.390625000000000000000000) 	 
=> PASS: expect=-256068.375000000000000000000000 (c87a1118), dut=-256068.390625000000000000000000 (c87a1119), rounding_error=0.00000610 % (exp_error = 1.00000000 %)
==========[ Read data from ROM ]==========
[Random][ADD]i_32_a=4da478a3 (344921184.000000000000000000000000) + i_32_b=c9325207 (-730400.437500000000000000000000) 	| o_32_s=4da41f7a (344190784.000000000000000000000000) 	 
=> PASS: expect=344190784.000000000000000000000000 (4da41f7a), dut=344190784.000000000000000000000000 (4da41f7a), rounding_error=0.00000000 % (exp_error = 1.00000000 %)
[Random][ADD]i_32_a=c9325207 (-730400.437500000000000000000000) + i_32_b=4da478a3 (344921184.000000000000000000000000) 	| o_32_s=4da41f7a (344190784.000000000000000000000000) 	 
=> PASS: expect=344190784.000000000000000000000000 (4da41f7a), dut=344190784.000000000000000000000000 (4da41f7a), rounding_error=0.00000000 % (exp_error = 1.00000000 %)
==========[ Read data from ROM ]==========
[Random][ADD]i_32_a=442ade7e (683.476440429687500000000000) + i_32_b=c5a8da06 (-5403.252929687500000000000000) 	| o_32_s=c5937e36 (-4719.776367187500000000000000) 	 
=> PASS: expect=-4719.776367187500000000000000 (c5937e36), dut=-4719.776367187500000000000000 (c5937e36), rounding_error=0.00000000 % (exp_error = 1.00000000 %)
[Random][ADD]i_32_a=c5a8da06 (-5403.252929687500000000000000) + i_32_b=442ade7e (683.476440429687500000000000) 	| o_32_s=c5937e36 (-4719.776367187500000000000000) 	 
=> PASS: expect=-4719.776367187500000000000000 (c5937e36), dut=-4719.776367187500000000000000 (c5937e36), rounding_error=0.00000000 % (exp_error = 1.00000000 %)
==========[ Read data from ROM ]==========
[Random][ADD]i_32_a=4cd667a8 (112409920.000000000000000000000000) + i_32_b=477ad73a (64215.226562500000000000000000) 	| o_32_s=4cd68702 (112474128.000000000000000000000000) 	 
=> PASS: expect=112474136.000000000000000000000000 (4cd68703), dut=112474128.000000000000000000000000 (4cd68702), rounding_error=0.00000711 % (exp_error = 1.00000000 %)
[Random][ADD]i_32_a=477ad73a (64215.226562500000000000000000) + i_32_b=4cd667a8 (112409920.000000000000000000000000) 	| o_32_s=4cd68702 (112474128.000000000000000000000000) 	 
=> PASS: expect=112474136.000000000000000000000000 (4cd68703), dut=112474128.000000000000000000000000 (4cd68702), rounding_error=0.00000711 % (exp_error = 1.00000000 %)
==========[ Read data from ROM ]==========
[Random][ADD]i_32_a=c7a8ea0f (-86484.117187500000000000000000) + i_32_b=cc2f44b4 (-45945552.000000000000000000000000) 	| o_32_s=cc2f9929 (-46032036.000000000000000000000000) 	 
=> PASS: expect=-46032036.000000000000000000000000 (cc2f9929), dut=-46032036.000000000000000000000000 (cc2f9929), rounding_error=0.00000000 % (exp_error = 1.00000000 %)
[Random][ADD]i_32_a=cc2f44b4 (-45945552.000000000000000000000000) + i_32_b=c7a8ea0f (-86484.117187500000000000000000) 	| o_32_s=cc2f9929 (-46032036.000000000000000000000000) 	 
=> PASS: expect=-46032036.000000000000000000000000 (cc2f9929), dut=-46032036.000000000000000000000000 (cc2f9929), rounding_error=0.00000000 % (exp_error = 1.00000000 %)
==========[ Read data from ROM ]==========
[Random][ADD]i_32_a=ca67b5ae (-3796331.500000000000000000000000) + i_32_b=cc567bd1 (-56225604.000000000000000000000000) 	| o_32_s=cc64f72b (-60021932.000000000000000000000000) 	 
=> PASS: expect=-60021936.000000000000000000000000 (cc64f72c), dut=-60021932.000000000000000000000000 (cc64f72b), rounding_error=0.00000666 % (exp_error = 1.00000000 %)
[Random][ADD]i_32_a=cc567bd1 (-56225604.000000000000000000000000) + i_32_b=ca67b5ae (-3796331.500000000000000000000000) 	| o_32_s=cc64f72b (-60021932.000000000000000000000000) 	 
=> PASS: expect=-60021936.000000000000000000000000 (cc64f72c), dut=-60021932.000000000000000000000000 (cc64f72b), rounding_error=0.00000666 % (exp_error = 1.00000000 %)
==========[ Read data from ROM ]==========
[Random][ADD]i_32_a=435b9c84 (219.611389160156250000000000) + i_32_b=49d4ad41 (1742248.125000000000000000000000) 	| o_32_s=49d4b41d (1742467.625000000000000000000000) 	 
=> PASS: expect=1742467.750000000000000000000000 (49d4b41e), dut=1742467.625000000000000000000000 (49d4b41d), rounding_error=0.00000717 % (exp_error = 1.00000000 %)
[Random][ADD]i_32_a=49d4ad41 (1742248.125000000000000000000000) + i_32_b=435b9c84 (219.611389160156250000000000) 	| o_32_s=49d4b41d (1742467.625000000000000000000000) 	 
=> PASS: expect=1742467.750000000000000000000000 (49d4b41e), dut=1742467.625000000000000000000000 (49d4b41d), rounding_error=0.00000717 % (exp_error = 1.00000000 %)
==========[ Read data from ROM ]==========
[Random][ADD]i_32_a=c58d1482 (-4514.563476562500000000000000) + i_32_b=4406b2dc (538.794677734375000000000000) 	| o_32_s=c5787c4d (-3975.768798828125000000000000) 	 
=> PASS: expect=-3975.768798828125000000000000 (c5787c4d), dut=-3975.768798828125000000000000 (c5787c4d), rounding_error=0.00000000 % (exp_error = 1.00000000 %)
[Random][ADD]i_32_a=4406b2dc (538.794677734375000000000000) + i_32_b=c58d1482 (-4514.563476562500000000000000) 	| o_32_s=c5787c4d (-3975.768798828125000000000000) 	 
=> PASS: expect=-3975.768798828125000000000000 (c5787c4d), dut=-3975.768798828125000000000000 (c5787c4d), rounding_error=0.00000000 % (exp_error = 1.00000000 %)
==========[ Read data from ROM ]==========
[Random][ADD]i_32_a=41811a86 (16.137950897216796875000000) + i_32_b=46d239b3 (26908.849609375000000000000000) 	| o_32_s=46d259fa (26924.988281250000000000000000) 	 
=> PASS: expect=26924.988281250000000000000000 (46d259fa), dut=26924.988281250000000000000000 (46d259fa), rounding_error=0.00000000 % (exp_error = 1.00000000 %)
[Random][ADD]i_32_a=46d239b3 (26908.849609375000000000000000) + i_32_b=41811a86 (16.137950897216796875000000) 	| o_32_s=46d259fa (26924.988281250000000000000000) 	 
=> PASS: expect=26924.988281250000000000000000 (46d259fa), dut=26924.988281250000000000000000 (46d259fa), rounding_error=0.00000000 % (exp_error = 1.00000000 %)
==========[ Read data from ROM ]==========
[Random][ADD]i_32_a=cb4ec686 (-13551238.000000000000000000000000) + i_32_b=cc3a2b08 (-48802848.000000000000000000000000) 	| o_32_s=cc6ddca9 (-62354084.000000000000000000000000) 	 
=> PASS: expect=-62354088.000000000000000000000000 (cc6ddcaa), dut=-62354084.000000000000000000000000 (cc6ddca9), rounding_error=0.00000641 % (exp_error = 1.00000000 %)
[Random][ADD]i_32_a=cc3a2b08 (-48802848.000000000000000000000000) + i_32_b=cb4ec686 (-13551238.000000000000000000000000) 	| o_32_s=cc6ddca9 (-62354084.000000000000000000000000) 	 
=> PASS: expect=-62354088.000000000000000000000000 (cc6ddcaa), dut=-62354084.000000000000000000000000 (cc6ddca9), rounding_error=0.00000641 % (exp_error = 1.00000000 %)
==========[ Read data from ROM ]==========
[Random][ADD]i_32_a=423ce1de (47.220573425292968750000000) + i_32_b=cc4dd2a6 (-53955224.000000000000000000000000) 	| o_32_s=cc4dd29a (-53955176.000000000000000000000000) 	 
=> PASS: expect=-53955176.000000000000000000000000 (cc4dd29a), dut=-53955176.000000000000000000000000 (cc4dd29a), rounding_error=0.00000000 % (exp_error = 1.00000000 %)
[Random][ADD]i_32_a=cc4dd2a6 (-53955224.000000000000000000000000) + i_32_b=423ce1de (47.220573425292968750000000) 	| o_32_s=cc4dd29a (-53955176.000000000000000000000000) 	 
=> PASS: expect=-53955176.000000000000000000000000 (cc4dd29a), dut=-53955176.000000000000000000000000 (cc4dd29a), rounding_error=0.00000000 % (exp_error = 1.00000000 %)
==========[ Read data from ROM ]==========
[Random][ADD]i_32_a=4a479f78 (3270622.000000000000000000000000) + i_32_b=4de8e70d (488432032.000000000000000000000000) 	| o_32_s=4dea764b (491702624.000000000000000000000000) 	 
=> PASS: expect=491702656.000000000000000000000000 (4dea764c), dut=491702624.000000000000000000000000 (4dea764b), rounding_error=0.00000651 % (exp_error = 1.00000000 %)
[Random][ADD]i_32_a=4de8e70d (488432032.000000000000000000000000) + i_32_b=4a479f78 (3270622.000000000000000000000000) 	| o_32_s=4dea764b (491702624.000000000000000000000000) 	 
=> PASS: expect=491702656.000000000000000000000000 (4dea764c), dut=491702624.000000000000000000000000 (4dea764b), rounding_error=0.00000651 % (exp_error = 1.00000000 %)
==========[ Read data from ROM ]==========
[Random][ADD]i_32_a=4906f2b2 (552747.125000000000000000000000) + i_32_b=c6c5d680 (-25323.250000000000000000000000) 	| o_32_s=4900c3fe (527423.875000000000000000000000) 	 
=> PASS: expect=527423.875000000000000000000000 (4900c3fe), dut=527423.875000000000000000000000 (4900c3fe), rounding_error=0.00000000 % (exp_error = 1.00000000 %)
[Random][ADD]i_32_a=c6c5d680 (-25323.250000000000000000000000) + i_32_b=4906f2b2 (552747.125000000000000000000000) 	| o_32_s=4900c3fe (527423.875000000000000000000000) 	 
=> PASS: expect=527423.875000000000000000000000 (4900c3fe), dut=527423.875000000000000000000000 (4900c3fe), rounding_error=0.00000000 % (exp_error = 1.00000000 %)
==========[ Read data from ROM ]==========
[Random][ADD]i_32_a=43fe9f8c (509.246459960937500000000000) + i_32_b=cad19261 (-6867248.500000000000000000000000) 	| o_32_s=cad18e66 (-6866739.000000000000000000000000) 	 
=> PASS: expect=-6866739.500000000000000000000000 (cad18e67), dut=-6866739.000000000000000000000000 (cad18e66), rounding_error=0.00000728 % (exp_error = 1.00000000 %)
[Random][ADD]i_32_a=cad19261 (-6867248.500000000000000000000000) + i_32_b=43fe9f8c (509.246459960937500000000000) 	| o_32_s=cad18e66 (-6866739.000000000000000000000000) 	 
=> PASS: expect=-6866739.500000000000000000000000 (cad18e67), dut=-6866739.000000000000000000000000 (cad18e66), rounding_error=0.00000728 % (exp_error = 1.00000000 %)
==========[ Read data from ROM ]==========
[Random][ADD]i_32_a=c5a7838f (-5360.444824218750000000000000) + i_32_b=474dacd8 (52652.843750000000000000000000) 	| o_32_s=4738bc66 (47292.398437500000000000000000) 	 
=> PASS: expect=47292.398437500000000000000000 (4738bc66), dut=47292.398437500000000000000000 (4738bc66), rounding_error=0.00000000 % (exp_error = 1.00000000 %)
[Random][ADD]i_32_a=474dacd8 (52652.843750000000000000000000) + i_32_b=c5a7838f (-5360.444824218750000000000000) 	| o_32_s=4738bc66 (47292.398437500000000000000000) 	 
=> PASS: expect=47292.398437500000000000000000 (4738bc66), dut=47292.398437500000000000000000 (4738bc66), rounding_error=0.00000000 % (exp_error = 1.00000000 %)
==========[ Read data from ROM ]==========
[Random][ADD]i_32_a=c62251c8 (-10388.445312500000000000000000) + i_32_b=41480ab6 (12.502614974975585937500000) 	| o_32_s=c6221fc6 (-10375.943359375000000000000000) 	 
=> PASS: expect=-10375.942382812500000000000000 (c6221fc5), dut=-10375.943359375000000000000000 (c6221fc6), rounding_error=0.00000941 % (exp_error = 1.00000000 %)
[Random][ADD]i_32_a=41480ab6 (12.502614974975585937500000) + i_32_b=c62251c8 (-10388.445312500000000000000000) 	| o_32_s=c6221fc6 (-10375.943359375000000000000000) 	 
=> PASS: expect=-10375.942382812500000000000000 (c6221fc5), dut=-10375.943359375000000000000000 (c6221fc6), rounding_error=0.00000941 % (exp_error = 1.00000000 %)
==========[ Read data from ROM ]==========
[Random][ADD]i_32_a=c7095f44 (-35167.265625000000000000000000) + i_32_b=4aaa9249 (5589284.500000000000000000000000) 	| o_32_s=4aa97f8a (5554117.000000000000000000000000) 	 
=> PASS: expect=5554117.000000000000000000000000 (4aa97f8a), dut=5554117.000000000000000000000000 (4aa97f8a), rounding_error=0.00000000 % (exp_error = 1.00000000 %)
[Random][ADD]i_32_a=4aaa9249 (5589284.500000000000000000000000) + i_32_b=c7095f44 (-35167.265625000000000000000000) 	| o_32_s=4aa97f8a (5554117.000000000000000000000000) 	 
=> PASS: expect=5554117.000000000000000000000000 (4aa97f8a), dut=5554117.000000000000000000000000 (4aa97f8a), rounding_error=0.00000000 % (exp_error = 1.00000000 %)
==========[ Read data from ROM ]==========
[Random][ADD]i_32_a=4a47e547 (3275089.750000000000000000000000) + i_32_b=4c1a1d46 (40400152.000000000000000000000000) 	| o_32_s=4c269b9a (43675240.000000000000000000000000) 	 
=> PASS: expect=43675240.000000000000000000000000 (4c269b9a), dut=43675240.000000000000000000000000 (4c269b9a), rounding_error=0.00000000 % (exp_error = 1.00000000 %)
[Random][ADD]i_32_a=4c1a1d46 (40400152.000000000000000000000000) + i_32_b=4a47e547 (3275089.750000000000000000000000) 	| o_32_s=4c269b9a (43675240.000000000000000000000000) 	 
=> PASS: expect=43675240.000000000000000000000000 (4c269b9a), dut=43675240.000000000000000000000000 (4c269b9a), rounding_error=0.00000000 % (exp_error = 1.00000000 %)
==========[ Read data from ROM ]==========
[Random][ADD]i_32_a=c37d41e8 (-253.257446289062500000000000) + i_32_b=41cfc061 (25.968935012817382812500000) 	| o_32_s=c36349dc (-227.288513183593750000000000) 	 
=> PASS: expect=-227.288513183593750000000000 (c36349dc), dut=-227.288513183593750000000000 (c36349dc), rounding_error=0.00000000 % (exp_error = 1.00000000 %)
[Random][ADD]i_32_a=41cfc061 (25.968935012817382812500000) + i_32_b=c37d41e8 (-253.257446289062500000000000) 	| o_32_s=c36349dc (-227.288513183593750000000000) 	 
=> PASS: expect=-227.288513183593750000000000 (c36349dc), dut=-227.288513183593750000000000 (c36349dc), rounding_error=0.00000000 % (exp_error = 1.00000000 %)
==========[ Read data from ROM ]==========
[Random][ADD]i_32_a=c5671e95 (-3697.911376953125000000000000) + i_32_b=c84679fa (-203239.906250000000000000000000) 	| o_32_s=c84a1674 (-206937.812500000000000000000000) 	 
=> PASS: expect=-206937.812500000000000000000000 (c84a1674), dut=-206937.812500000000000000000000 (c84a1674), rounding_error=0.00000000 % (exp_error = 1.00000000 %)
[Random][ADD]i_32_a=c84679fa (-203239.906250000000000000000000) + i_32_b=c5671e95 (-3697.911376953125000000000000) 	| o_32_s=c84a1674 (-206937.812500000000000000000000) 	 
=> PASS: expect=-206937.812500000000000000000000 (c84a1674), dut=-206937.812500000000000000000000 (c84a1674), rounding_error=0.00000000 % (exp_error = 1.00000000 %)
==========[ Read data from ROM ]==========
[Random][ADD]i_32_a=455cecc8 (3534.798828125000000000000000) + i_32_b=c82f588b (-179554.171875000000000000000000) 	| o_32_s=c82be4d8 (-176019.375000000000000000000000) 	 
=> PASS: expect=-176019.375000000000000000000000 (c82be4d8), dut=-176019.375000000000000000000000 (c82be4d8), rounding_error=0.00000000 % (exp_error = 1.00000000 %)
[Random][ADD]i_32_a=c82f588b (-179554.171875000000000000000000) + i_32_b=455cecc8 (3534.798828125000000000000000) 	| o_32_s=c82be4d8 (-176019.375000000000000000000000) 	 
=> PASS: expect=-176019.375000000000000000000000 (c82be4d8), dut=-176019.375000000000000000000000 (c82be4d8), rounding_error=0.00000000 % (exp_error = 1.00000000 %)
==========[ Read data from ROM ]==========
[Random][ADD]i_32_a=ce0bc76a (-586275456.000000000000000000000000) + i_32_b=c48dd4d2 (-1134.650634765625000000000000) 	| o_32_s=ce0bc77c (-586276608.000000000000000000000000) 	 
=> PASS: expect=-586276608.000000000000000000000000 (ce0bc77c), dut=-586276608.000000000000000000000000 (ce0bc77c), rounding_error=0.00000000 % (exp_error = 1.00000000 %)
[Random][ADD]i_32_a=c48dd4d2 (-1134.650634765625000000000000) + i_32_b=ce0bc76a (-586275456.000000000000000000000000) 	| o_32_s=ce0bc77c (-586276608.000000000000000000000000) 	 
=> PASS: expect=-586276608.000000000000000000000000 (ce0bc77c), dut=-586276608.000000000000000000000000 (ce0bc77c), rounding_error=0.00000000 % (exp_error = 1.00000000 %)
==========[ Read data from ROM ]==========
[Random][ADD]i_32_a=4bf7f166 (32498380.000000000000000000000000) + i_32_b=cc3b65d6 (-49125208.000000000000000000000000) 	| o_32_s=cb7db48c (-16626828.000000000000000000000000) 	 
=> PASS: expect=-16626828.000000000000000000000000 (cb7db48c), dut=-16626828.000000000000000000000000 (cb7db48c), rounding_error=0.00000000 % (exp_error = 1.00000000 %)
[Random][ADD]i_32_a=cc3b65d6 (-49125208.000000000000000000000000) + i_32_b=4bf7f166 (32498380.000000000000000000000000) 	| o_32_s=cb7db48c (-16626828.000000000000000000000000) 	 
=> PASS: expect=-16626828.000000000000000000000000 (cb7db48c), dut=-16626828.000000000000000000000000 (cb7db48c), rounding_error=0.00000000 % (exp_error = 1.00000000 %)
==========[ Read data from ROM ]==========
[Random][ADD]i_32_a=4c6160e1 (59081604.000000000000000000000000) + i_32_b=c68c2f15 (-17943.541015625000000000000000) 	| o_32_s=4c614f5b (59063660.000000000000000000000000) 	 
=> PASS: expect=59063660.000000000000000000000000 (4c614f5b), dut=59063660.000000000000000000000000 (4c614f5b), rounding_error=0.00000000 % (exp_error = 1.00000000 %)
[Random][ADD]i_32_a=c68c2f15 (-17943.541015625000000000000000) + i_32_b=4c6160e1 (59081604.000000000000000000000000) 	| o_32_s=4c614f5b (59063660.000000000000000000000000) 	 
=> PASS: expect=59063660.000000000000000000000000 (4c614f5b), dut=59063660.000000000000000000000000 (4c614f5b), rounding_error=0.00000000 % (exp_error = 1.00000000 %)
==========[ Read data from ROM ]==========
[Random][ADD]i_32_a=4c58da3b (56846572.000000000000000000000000) + i_32_b=cca2b492 (-85304464.000000000000000000000000) 	| o_32_s=cbd91dd2 (-28457892.000000000000000000000000) 	 
=> PASS: expect=-28457892.000000000000000000000000 (cbd91dd2), dut=-28457892.000000000000000000000000 (cbd91dd2), rounding_error=0.00000000 % (exp_error = 1.00000000 %)
[Random][ADD]i_32_a=cca2b492 (-85304464.000000000000000000000000) + i_32_b=4c58da3b (56846572.000000000000000000000000) 	| o_32_s=cbd91dd2 (-28457892.000000000000000000000000) 	 
=> PASS: expect=-28457892.000000000000000000000000 (cbd91dd2), dut=-28457892.000000000000000000000000 (cbd91dd2), rounding_error=0.00000000 % (exp_error = 1.00000000 %)
==========[ Read data from ROM ]==========
[Random][ADD]i_32_a=c769dc53 (-59868.324218750000000000000000) + i_32_b=cd89e2f3 (-289168992.000000000000000000000000) 	| o_32_s=cd89ea41 (-289228832.000000000000000000000000) 	 
=> PASS: expect=-289228864.000000000000000000000000 (cd89ea42), dut=-289228832.000000000000000000000000 (cd89ea41), rounding_error=0.00001106 % (exp_error = 1.00000000 %)
[Random][ADD]i_32_a=cd89e2f3 (-289168992.000000000000000000000000) + i_32_b=c769dc53 (-59868.324218750000000000000000) 	| o_32_s=cd89ea41 (-289228832.000000000000000000000000) 	 
=> PASS: expect=-289228864.000000000000000000000000 (cd89ea42), dut=-289228832.000000000000000000000000 (cd89ea41), rounding_error=0.00001106 % (exp_error = 1.00000000 %)
==========[ Read data from ROM ]==========
[Random][ADD]i_32_a=473e9996 (48793.585937500000000000000000) + i_32_b=45037946 (2103.579589843750000000000000) 	| o_32_s=4746d12a (50897.164062500000000000000000) 	 
=> PASS: expect=50897.164062500000000000000000 (4746d12a), dut=50897.164062500000000000000000 (4746d12a), rounding_error=0.00000000 % (exp_error = 1.00000000 %)
[Random][ADD]i_32_a=45037946 (2103.579589843750000000000000) + i_32_b=473e9996 (48793.585937500000000000000000) 	| o_32_s=4746d12a (50897.164062500000000000000000) 	 
=> PASS: expect=50897.164062500000000000000000 (4746d12a), dut=50897.164062500000000000000000 (4746d12a), rounding_error=0.00000000 % (exp_error = 1.00000000 %)
==========[ Read data from ROM ]==========
[Random][ADD]i_32_a=c6294fe1 (-10835.969726562500000000000000) + i_32_b=488f610f (293640.468750000000000000000000) 	| o_32_s=488a1690 (282804.500000000000000000000000) 	 
=> PASS: expect=282804.500000000000000000000000 (488a1690), dut=282804.500000000000000000000000 (488a1690), rounding_error=0.00000000 % (exp_error = 1.00000000 %)
[Random][ADD]i_32_a=488f610f (293640.468750000000000000000000) + i_32_b=c6294fe1 (-10835.969726562500000000000000) 	| o_32_s=488a1690 (282804.500000000000000000000000) 	 
=> PASS: expect=282804.500000000000000000000000 (488a1690), dut=282804.500000000000000000000000 (488a1690), rounding_error=0.00000000 % (exp_error = 1.00000000 %)
==========[ Read data from ROM ]==========
[Random][ADD]i_32_a=c3df6d77 (-446.855194091796875000000000) + i_32_b=4de9821c (489702272.000000000000000000000000) 	| o_32_s=4de9820e (489701824.000000000000000000000000) 	 
=> PASS: expect=489701824.000000000000000000000000 (4de9820e), dut=489701824.000000000000000000000000 (4de9820e), rounding_error=0.00000000 % (exp_error = 1.00000000 %)
[Random][ADD]i_32_a=4de9821c (489702272.000000000000000000000000) + i_32_b=c3df6d77 (-446.855194091796875000000000) 	| o_32_s=4de9820e (489701824.000000000000000000000000) 	 
=> PASS: expect=489701824.000000000000000000000000 (4de9820e), dut=489701824.000000000000000000000000 (4de9820e), rounding_error=0.00000000 % (exp_error = 1.00000000 %)
==========[ Read data from ROM ]==========
[Random][ADD]i_32_a=c9510f05 (-856304.312500000000000000000000) + i_32_b=ce30d867 (-741743040.000000000000000000000000) 	| o_32_s=ce310caa (-742599296.000000000000000000000000) 	 
=> PASS: expect=-742599360.000000000000000000000000 (ce310cab), dut=-742599296.000000000000000000000000 (ce310caa), rounding_error=0.00000862 % (exp_error = 1.00000000 %)
[Random][ADD]i_32_a=ce30d867 (-741743040.000000000000000000000000) + i_32_b=c9510f05 (-856304.312500000000000000000000) 	| o_32_s=ce310caa (-742599296.000000000000000000000000) 	 
=> PASS: expect=-742599360.000000000000000000000000 (ce310cab), dut=-742599296.000000000000000000000000 (ce310caa), rounding_error=0.00000862 % (exp_error = 1.00000000 %)
==========[ Read data from ROM ]==========
[Random][ADD]i_32_a=cdaac1b6 (-358102720.000000000000000000000000) + i_32_b=48073d66 (138485.593750000000000000000000) 	| o_32_s=cdaab0cf (-357964256.000000000000000000000000) 	 
=> PASS: expect=-357964224.000000000000000000000000 (cdaab0ce), dut=-357964256.000000000000000000000000 (cdaab0cf), rounding_error=0.00000894 % (exp_error = 1.00000000 %)
[Random][ADD]i_32_a=48073d66 (138485.593750000000000000000000) + i_32_b=cdaac1b6 (-358102720.000000000000000000000000) 	| o_32_s=cdaab0cf (-357964256.000000000000000000000000) 	 
=> PASS: expect=-357964224.000000000000000000000000 (cdaab0ce), dut=-357964256.000000000000000000000000 (cdaab0cf), rounding_error=0.00000894 % (exp_error = 1.00000000 %)
==========[ Read data from ROM ]==========
[Random][ADD]i_32_a=44b42fd2 (1441.494384765625000000000000) + i_32_b=4873f0ff (249795.984375000000000000000000) 	| o_32_s=4875595f (251237.484375000000000000000000) 	 
=> PASS: expect=251237.484375000000000000000000 (4875595f), dut=251237.484375000000000000000000 (4875595f), rounding_error=0.00000000 % (exp_error = 1.00000000 %)
[Random][ADD]i_32_a=4873f0ff (249795.984375000000000000000000) + i_32_b=44b42fd2 (1441.494384765625000000000000) 	| o_32_s=4875595f (251237.484375000000000000000000) 	 
=> PASS: expect=251237.484375000000000000000000 (4875595f), dut=251237.484375000000000000000000 (4875595f), rounding_error=0.00000000 % (exp_error = 1.00000000 %)
==========[ Read data from ROM ]==========
[Random][ADD]i_32_a=48aca7a5 (353597.156250000000000000000000) + i_32_b=cbee6267 (-31245518.000000000000000000000000) 	| o_32_s=cbebafc9 (-30891922.000000000000000000000000) 	 
=> PASS: expect=-30891920.000000000000000000000000 (cbebafc8), dut=-30891922.000000000000000000000000 (cbebafc9), rounding_error=0.00000647 % (exp_error = 1.00000000 %)
[Random][ADD]i_32_a=cbee6267 (-31245518.000000000000000000000000) + i_32_b=48aca7a5 (353597.156250000000000000000000) 	| o_32_s=cbebafc9 (-30891922.000000000000000000000000) 	 
=> PASS: expect=-30891920.000000000000000000000000 (cbebafc8), dut=-30891922.000000000000000000000000 (cbebafc9), rounding_error=0.00000647 % (exp_error = 1.00000000 %)
==========[ Read data from ROM ]==========
[Random][ADD]i_32_a=c3b371b7 (-358.888397216796875000000000) + i_32_b=c3d0d078 (-417.628662109375000000000000) 	| o_32_s=c4422117 (-776.517028808593750000000000) 	 
=> PASS: expect=-776.517089843750000000000000 (c4422118), dut=-776.517028808593750000000000 (c4422117), rounding_error=0.00000786 % (exp_error = 1.00000000 %)
[Random][ADD]i_32_a=c3d0d078 (-417.628662109375000000000000) + i_32_b=c3b371b7 (-358.888397216796875000000000) 	| o_32_s=c4422117 (-776.517028808593750000000000) 	 
=> PASS: expect=-776.517089843750000000000000 (c4422118), dut=-776.517028808593750000000000 (c4422117), rounding_error=0.00000786 % (exp_error = 1.00000000 %)
==========[ Read data from ROM ]==========
[Random][ADD]i_32_a=46d7923a (27593.113281250000000000000000) + i_32_b=c491049c (-1160.144042968750000000000000) 	| o_32_s=46ce81f0 (26432.968750000000000000000000) 	 
=> PASS: expect=26432.968750000000000000000000 (46ce81f0), dut=26432.968750000000000000000000 (46ce81f0), rounding_error=0.00000000 % (exp_error = 1.00000000 %)
[Random][ADD]i_32_a=c491049c (-1160.144042968750000000000000) + i_32_b=46d7923a (27593.113281250000000000000000) 	| o_32_s=46ce81f0 (26432.968750000000000000000000) 	 
=> PASS: expect=26432.968750000000000000000000 (46ce81f0), dut=26432.968750000000000000000000 (46ce81f0), rounding_error=0.00000000 % (exp_error = 1.00000000 %)
==========[ Read data from ROM ]==========
[Random][ADD]i_32_a=c32fa270 (-175.634521484375000000000000) + i_32_b=4817bf51 (155389.265625000000000000000000) 	| o_32_s=48179369 (155213.640625000000000000000000) 	 
=> PASS: expect=155213.625000000000000000000000 (48179368), dut=155213.640625000000000000000000 (48179369), rounding_error=0.00001007 % (exp_error = 1.00000000 %)
[Random][ADD]i_32_a=4817bf51 (155389.265625000000000000000000) + i_32_b=c32fa270 (-175.634521484375000000000000) 	| o_32_s=48179369 (155213.640625000000000000000000) 	 
=> PASS: expect=155213.625000000000000000000000 (48179368), dut=155213.640625000000000000000000 (48179369), rounding_error=0.00001007 % (exp_error = 1.00000000 %)
==========[ Read data from ROM ]==========
[Random][ADD]i_32_a=cd688228 (-243802752.000000000000000000000000) + i_32_b=c57ec9a2 (-4076.602050781250000000000000) 	| o_32_s=cd688326 (-243806816.000000000000000000000000) 	 
=> PASS: expect=-243806832.000000000000000000000000 (cd688327), dut=-243806816.000000000000000000000000 (cd688326), rounding_error=0.00000656 % (exp_error = 1.00000000 %)
[Random][ADD]i_32_a=c57ec9a2 (-4076.602050781250000000000000) + i_32_b=cd688228 (-243802752.000000000000000000000000) 	| o_32_s=cd688326 (-243806816.000000000000000000000000) 	 
=> PASS: expect=-243806832.000000000000000000000000 (cd688327), dut=-243806816.000000000000000000000000 (cd688326), rounding_error=0.00000656 % (exp_error = 1.00000000 %)
==========[ Read data from ROM ]==========
[Random][ADD]i_32_a=c6026c7f (-8347.124023437500000000000000) + i_32_b=435acb5f (218.794418334960937500000000) 	| o_32_s=c5fe02a3 (-8128.329589843750000000000000) 	 
=> PASS: expect=-8128.329589843750000000000000 (c5fe02a3), dut=-8128.329589843750000000000000 (c5fe02a3), rounding_error=0.00000000 % (exp_error = 1.00000000 %)
[Random][ADD]i_32_a=435acb5f (218.794418334960937500000000) + i_32_b=c6026c7f (-8347.124023437500000000000000) 	| o_32_s=c5fe02a3 (-8128.329589843750000000000000) 	 
=> PASS: expect=-8128.329589843750000000000000 (c5fe02a3), dut=-8128.329589843750000000000000 (c5fe02a3), rounding_error=0.00000000 % (exp_error = 1.00000000 %)
==========[ Read data from ROM ]==========
[Random][ADD]i_32_a=42fca75c (126.326873779296875000000000) + i_32_b=c516e345 (-2414.204345703125000000000000) 	| o_32_s=c50efe0a (-2287.877441406250000000000000) 	 
=> PASS: expect=-2287.877441406250000000000000 (c50efe0a), dut=-2287.877441406250000000000000 (c50efe0a), rounding_error=0.00000000 % (exp_error = 1.00000000 %)
[Random][ADD]i_32_a=c516e345 (-2414.204345703125000000000000) + i_32_b=42fca75c (126.326873779296875000000000) 	| o_32_s=c50efe0a (-2287.877441406250000000000000) 	 
=> PASS: expect=-2287.877441406250000000000000 (c50efe0a), dut=-2287.877441406250000000000000 (c50efe0a), rounding_error=0.00000000 % (exp_error = 1.00000000 %)
==========[ Read data from ROM ]==========
[Random][ADD]i_32_a=c2081517 (-34.020595550537109375000000) + i_32_b=4c0bdac0 (36662016.000000000000000000000000) 	| o_32_s=4c0bdab7 (36661980.000000000000000000000000) 	 
=> PASS: expect=36661980.000000000000000000000000 (4c0bdab7), dut=36661980.000000000000000000000000 (4c0bdab7), rounding_error=0.00000000 % (exp_error = 1.00000000 %)
[Random][ADD]i_32_a=4c0bdac0 (36662016.000000000000000000000000) + i_32_b=c2081517 (-34.020595550537109375000000) 	| o_32_s=4c0bdab7 (36661980.000000000000000000000000) 	 
=> PASS: expect=36661980.000000000000000000000000 (4c0bdab7), dut=36661980.000000000000000000000000 (4c0bdab7), rounding_error=0.00000000 % (exp_error = 1.00000000 %)
==========[ Read data from ROM ]==========
[Random][ADD]i_32_a=c61582f1 (-9568.735351562500000000000000) + i_32_b=c5954e52 (-4777.790039062500000000000000) 	| o_32_s=c6602a1a (-14346.525390625000000000000000) 	 
=> PASS: expect=-14346.525390625000000000000000 (c6602a1a), dut=-14346.525390625000000000000000 (c6602a1a), rounding_error=0.00000000 % (exp_error = 1.00000000 %)
[Random][ADD]i_32_a=c5954e52 (-4777.790039062500000000000000) + i_32_b=c61582f1 (-9568.735351562500000000000000) 	| o_32_s=c6602a1a (-14346.525390625000000000000000) 	 
=> PASS: expect=-14346.525390625000000000000000 (c6602a1a), dut=-14346.525390625000000000000000 (c6602a1a), rounding_error=0.00000000 % (exp_error = 1.00000000 %)
==========[ Read data from ROM ]==========
[Random][ADD]i_32_a=c3462d61 (-198.177261352539062500000000) + i_32_b=c385cc0a (-267.594055175781250000000000) 	| o_32_s=c3e8e2ba (-465.771301269531250000000000) 	 
=> PASS: expect=-465.771301269531250000000000 (c3e8e2ba), dut=-465.771301269531250000000000 (c3e8e2ba), rounding_error=0.00000000 % (exp_error = 1.00000000 %)
[Random][ADD]i_32_a=c385cc0a (-267.594055175781250000000000) + i_32_b=c3462d61 (-198.177261352539062500000000) 	| o_32_s=c3e8e2ba (-465.771301269531250000000000) 	 
=> PASS: expect=-465.771301269531250000000000 (c3e8e2ba), dut=-465.771301269531250000000000 (c3e8e2ba), rounding_error=0.00000000 % (exp_error = 1.00000000 %)
==========[ Read data from ROM ]==========
[Random][ADD]i_32_a=c8ac2b16 (-352600.687500000000000000000000) + i_32_b=c5ac3b31 (-5511.398925781250000000000000) 	| o_32_s=c8aedc02 (-358112.062500000000000000000000) 	 
=> PASS: expect=-358112.093750000000000000000000 (c8aedc03), dut=-358112.062500000000000000000000 (c8aedc02), rounding_error=0.00000873 % (exp_error = 1.00000000 %)
[Random][ADD]i_32_a=c5ac3b31 (-5511.398925781250000000000000) + i_32_b=c8ac2b16 (-352600.687500000000000000000000) 	| o_32_s=c8aedc02 (-358112.062500000000000000000000) 	 
=> PASS: expect=-358112.093750000000000000000000 (c8aedc03), dut=-358112.062500000000000000000000 (c8aedc02), rounding_error=0.00000873 % (exp_error = 1.00000000 %)
==========[ Read data from ROM ]==========
[Random][ADD]i_32_a=c28b694c (-69.705657958984375000000000) + i_32_b=49dba83f (1799431.875000000000000000000000) 	| o_32_s=49dba612 (1799362.250000000000000000000000) 	 
=> PASS: expect=1799362.125000000000000000000000 (49dba611), dut=1799362.250000000000000000000000 (49dba612), rounding_error=0.00000695 % (exp_error = 1.00000000 %)
[Random][ADD]i_32_a=49dba83f (1799431.875000000000000000000000) + i_32_b=c28b694c (-69.705657958984375000000000) 	| o_32_s=49dba612 (1799362.250000000000000000000000) 	 
=> PASS: expect=1799362.125000000000000000000000 (49dba611), dut=1799362.250000000000000000000000 (49dba612), rounding_error=0.00000695 % (exp_error = 1.00000000 %)
==========[ Read data from ROM ]==========
[Random][ADD]i_32_a=c86c30c3 (-241859.046875000000000000000000) + i_32_b=4d415471 (202721040.000000000000000000000000) 	| o_32_s=4d411965 (202479184.000000000000000000000000) 	 
=> PASS: expect=202479184.000000000000000000000000 (4d411965), dut=202479184.000000000000000000000000 (4d411965), rounding_error=0.00000000 % (exp_error = 1.00000000 %)
[Random][ADD]i_32_a=4d415471 (202721040.000000000000000000000000) + i_32_b=c86c30c3 (-241859.046875000000000000000000) 	| o_32_s=4d411965 (202479184.000000000000000000000000) 	 
=> PASS: expect=202479184.000000000000000000000000 (4d411965), dut=202479184.000000000000000000000000 (4d411965), rounding_error=0.00000000 % (exp_error = 1.00000000 %)
==========[ Read data from ROM ]==========
[Random][ADD]i_32_a=c189a6a2 (-17.206363677978515625000000) + i_32_b=47ee5dce (122043.609375000000000000000000) 	| o_32_s=47ee5533 (122026.398437500000000000000000) 	 
=> PASS: expect=122026.406250000000000000000000 (47ee5534), dut=122026.398437500000000000000000 (47ee5533), rounding_error=0.00000640 % (exp_error = 1.00000000 %)
[Random][ADD]i_32_a=47ee5dce (122043.609375000000000000000000) + i_32_b=c189a6a2 (-17.206363677978515625000000) 	| o_32_s=47ee5533 (122026.398437500000000000000000) 	 
=> PASS: expect=122026.406250000000000000000000 (47ee5534), dut=122026.398437500000000000000000 (47ee5533), rounding_error=0.00000640 % (exp_error = 1.00000000 %)
==========[ Read data from ROM ]==========
[Random][ADD]i_32_a=4554ea0e (3406.628417968750000000000000) + i_32_b=41d02675 (26.018777847290039062500000) 	| o_32_s=45568a5a (3432.646972656250000000000000) 	 
=> PASS: expect=3432.647216796875000000000000 (45568a5b), dut=3432.646972656250000000000000 (45568a5a), rounding_error=0.00000711 % (exp_error = 1.00000000 %)
[Random][ADD]i_32_a=41d02675 (26.018777847290039062500000) + i_32_b=4554ea0e (3406.628417968750000000000000) 	| o_32_s=45568a5a (3432.646972656250000000000000) 	 
=> PASS: expect=3432.647216796875000000000000 (45568a5b), dut=3432.646972656250000000000000 (45568a5a), rounding_error=0.00000711 % (exp_error = 1.00000000 %)
==========[ Read data from ROM ]==========
[Random][ADD]i_32_a=cc110ef9 (-38026212.000000000000000000000000) + i_32_b=c2745fb1 (-61.093448638916015625000000) 	| o_32_s=cc110f09 (-38026276.000000000000000000000000) 	 
=> PASS: expect=-38026272.000000000000000000000000 (cc110f08), dut=-38026276.000000000000000000000000 (cc110f09), rounding_error=0.00001052 % (exp_error = 1.00000000 %)
[Random][ADD]i_32_a=c2745fb1 (-61.093448638916015625000000) + i_32_b=cc110ef9 (-38026212.000000000000000000000000) 	| o_32_s=cc110f09 (-38026276.000000000000000000000000) 	 
=> PASS: expect=-38026272.000000000000000000000000 (cc110f08), dut=-38026276.000000000000000000000000 (cc110f09), rounding_error=0.00001052 % (exp_error = 1.00000000 %)
==========[ Read data from ROM ]==========
[Random][ADD]i_32_a=4d753457 (257115504.000000000000000000000000) + i_32_b=413b9a54 (11.725177764892578125000000) 	| o_32_s=4d753458 (257115520.000000000000000000000000) 	 
=> PASS: expect=257115520.000000000000000000000000 (4d753458), dut=257115520.000000000000000000000000 (4d753458), rounding_error=0.00000000 % (exp_error = 1.00000000 %)
[Random][ADD]i_32_a=413b9a54 (11.725177764892578125000000) + i_32_b=4d753457 (257115504.000000000000000000000000) 	| o_32_s=4d753458 (257115520.000000000000000000000000) 	 
=> PASS: expect=257115520.000000000000000000000000 (4d753458), dut=257115520.000000000000000000000000 (4d753458), rounding_error=0.00000000 % (exp_error = 1.00000000 %)
==========[ Read data from ROM ]==========
[Random][ADD]i_32_a=41d97ce1 (27.185976028442382812500000) + i_32_b=cadbac98 (-7198284.000000000000000000000000) 	| o_32_s=cadbac61 (-7198256.500000000000000000000000) 	 
=> PASS: expect=-7198257.000000000000000000000000 (cadbac62), dut=-7198256.500000000000000000000000 (cadbac61), rounding_error=0.00000695 % (exp_error = 1.00000000 %)
[Random][ADD]i_32_a=cadbac98 (-7198284.000000000000000000000000) + i_32_b=41d97ce1 (27.185976028442382812500000) 	| o_32_s=cadbac61 (-7198256.500000000000000000000000) 	 
=> PASS: expect=-7198257.000000000000000000000000 (cadbac62), dut=-7198256.500000000000000000000000 (cadbac61), rounding_error=0.00000695 % (exp_error = 1.00000000 %)
==========[ Read data from ROM ]==========
[Random][ADD]i_32_a=4e22f990 (683566080.000000000000000000000000) + i_32_b=4e18f9f1 (641629248.000000000000000000000000) 	| o_32_s=4e9df9c0 (1325195264.000000000000000000000000) 	 
=> PASS: expect=1325195264.000000000000000000000000 (4e9df9c0), dut=1325195264.000000000000000000000000 (4e9df9c0), rounding_error=0.00000000 % (exp_error = 1.00000000 %)
[Random][ADD]i_32_a=4e18f9f1 (641629248.000000000000000000000000) + i_32_b=4e22f990 (683566080.000000000000000000000000) 	| o_32_s=4e9df9c0 (1325195264.000000000000000000000000) 	 
=> PASS: expect=1325195264.000000000000000000000000 (4e9df9c0), dut=1325195264.000000000000000000000000 (4e9df9c0), rounding_error=0.00000000 % (exp_error = 1.00000000 %)
==========[ Read data from ROM ]==========
[Random][ADD]i_32_a=48cb4e2b (416369.343750000000000000000000) + i_32_b=c884d578 (-272043.750000000000000000000000) 	| o_32_s=480cf166 (144325.593750000000000000000000) 	 
=> PASS: expect=144325.593750000000000000000000 (480cf166), dut=144325.593750000000000000000000 (480cf166), rounding_error=0.00000000 % (exp_error = 1.00000000 %)
[Random][ADD]i_32_a=c884d578 (-272043.750000000000000000000000) + i_32_b=48cb4e2b (416369.343750000000000000000000) 	| o_32_s=480cf166 (144325.593750000000000000000000) 	 
=> PASS: expect=144325.593750000000000000000000 (480cf166), dut=144325.593750000000000000000000 (480cf166), rounding_error=0.00000000 % (exp_error = 1.00000000 %)
==========[ Read data from ROM ]==========
[Random][ADD]i_32_a=c42689b2 (-666.151489257812500000000000) + i_32_b=c50c0b26 (-2240.696777343750000000000000) 	| o_32_s=c535ad92 (-2906.848144531250000000000000) 	 
=> PASS: expect=-2906.848144531250000000000000 (c535ad92), dut=-2906.848144531250000000000000 (c535ad92), rounding_error=0.00000000 % (exp_error = 1.00000000 %)
[Random][ADD]i_32_a=c50c0b26 (-2240.696777343750000000000000) + i_32_b=c42689b2 (-666.151489257812500000000000) 	| o_32_s=c535ad92 (-2906.848144531250000000000000) 	 
=> PASS: expect=-2906.848144531250000000000000 (c535ad92), dut=-2906.848144531250000000000000 (c535ad92), rounding_error=0.00000000 % (exp_error = 1.00000000 %)
==========[ Read data from ROM ]==========
[Random][ADD]i_32_a=4a5991f6 (3564669.500000000000000000000000) + i_32_b=cc91280f (-76103800.000000000000000000000000) 	| o_32_s=cc8a5b80 (-72539136.000000000000000000000000) 	 
=> PASS: expect=-72539128.000000000000000000000000 (cc8a5b7f), dut=-72539136.000000000000000000000000 (cc8a5b80), rounding_error=0.00001103 % (exp_error = 1.00000000 %)
[Random][ADD]i_32_a=cc91280f (-76103800.000000000000000000000000) + i_32_b=4a5991f6 (3564669.500000000000000000000000) 	| o_32_s=cc8a5b80 (-72539136.000000000000000000000000) 	 
=> PASS: expect=-72539128.000000000000000000000000 (cc8a5b7f), dut=-72539136.000000000000000000000000 (cc8a5b80), rounding_error=0.00001103 % (exp_error = 1.00000000 %)
==========[ Read data from ROM ]==========
[Random][ADD]i_32_a=4ae89b29 (7622036.500000000000000000000000) + i_32_b=47325d54 (45661.328125000000000000000000) 	| o_32_s=4ae9ffe4 (7667698.000000000000000000000000) 	 
=> PASS: expect=7667698.000000000000000000000000 (4ae9ffe4), dut=7667698.000000000000000000000000 (4ae9ffe4), rounding_error=0.00000000 % (exp_error = 1.00000000 %)
[Random][ADD]i_32_a=47325d54 (45661.328125000000000000000000) + i_32_b=4ae89b29 (7622036.500000000000000000000000) 	| o_32_s=4ae9ffe4 (7667698.000000000000000000000000) 	 
=> PASS: expect=7667698.000000000000000000000000 (4ae9ffe4), dut=7667698.000000000000000000000000 (4ae9ffe4), rounding_error=0.00000000 % (exp_error = 1.00000000 %)
==========[ Read data from ROM ]==========
[Random][ADD]i_32_a=c3c8d0be (-401.630798339843750000000000) + i_32_b=c4914fe1 (-1162.496215820312500000000000) 	| o_32_s=c4c38410 (-1564.126953125000000000000000) 	 
=> PASS: expect=-1564.126953125000000000000000 (c4c38410), dut=-1564.126953125000000000000000 (c4c38410), rounding_error=0.00000000 % (exp_error = 1.00000000 %)
[Random][ADD]i_32_a=c4914fe1 (-1162.496215820312500000000000) + i_32_b=c3c8d0be (-401.630798339843750000000000) 	| o_32_s=c4c38410 (-1564.126953125000000000000000) 	 
=> PASS: expect=-1564.126953125000000000000000 (c4c38410), dut=-1564.126953125000000000000000 (c4c38410), rounding_error=0.00000000 % (exp_error = 1.00000000 %)
==========[ Read data from ROM ]==========
[Random][ADD]i_32_a=cbfd445f (-33196222.000000000000000000000000) + i_32_b=4eb795d1 (1540024448.000000000000000000000000) 	| o_32_s=4eb3a0bf (1506828160.000000000000000000000000) 	 
=> PASS: expect=1506828288.000000000000000000000000 (4eb3a0c0), dut=1506828160.000000000000000000000000 (4eb3a0bf), rounding_error=0.00000849 % (exp_error = 1.00000000 %)
[Random][ADD]i_32_a=4eb795d1 (1540024448.000000000000000000000000) + i_32_b=cbfd445f (-33196222.000000000000000000000000) 	| o_32_s=4eb3a0bf (1506828160.000000000000000000000000) 	 
=> PASS: expect=1506828288.000000000000000000000000 (4eb3a0c0), dut=1506828160.000000000000000000000000 (4eb3a0bf), rounding_error=0.00000849 % (exp_error = 1.00000000 %)
==========[ Read data from ROM ]==========
[Random][ADD]i_32_a=46201e5f (10247.592773437500000000000000) + i_32_b=422912f5 (42.268512725830078125000000) 	| o_32_s=4620c771 (10289.860351562500000000000000) 	 
=> PASS: expect=10289.861328125000000000000000 (4620c772), dut=10289.860351562500000000000000 (4620c771), rounding_error=0.00000949 % (exp_error = 1.00000000 %)
[Random][ADD]i_32_a=422912f5 (42.268512725830078125000000) + i_32_b=46201e5f (10247.592773437500000000000000) 	| o_32_s=4620c771 (10289.860351562500000000000000) 	 
=> PASS: expect=10289.861328125000000000000000 (4620c772), dut=10289.860351562500000000000000 (4620c771), rounding_error=0.00000949 % (exp_error = 1.00000000 %)
==========[ Read data from ROM ]==========
[Random][ADD]i_32_a=414db9c2 (12.857851028442382812500000) + i_32_b=ca8d538f (-4630983.500000000000000000000000) 	| o_32_s=ca8d5376 (-4630971.000000000000000000000000) 	 
=> PASS: expect=-4630970.500000000000000000000000 (ca8d5375), dut=-4630971.000000000000000000000000 (ca8d5376), rounding_error=0.00001080 % (exp_error = 1.00000000 %)
[Random][ADD]i_32_a=ca8d538f (-4630983.500000000000000000000000) + i_32_b=414db9c2 (12.857851028442382812500000) 	| o_32_s=ca8d5376 (-4630971.000000000000000000000000) 	 
=> PASS: expect=-4630970.500000000000000000000000 (ca8d5375), dut=-4630971.000000000000000000000000 (ca8d5376), rounding_error=0.00001080 % (exp_error = 1.00000000 %)
==========[ Read data from ROM ]==========
[Random][ADD]i_32_a=c988c124 (-1120292.500000000000000000000000) + i_32_b=c5e472ac (-7310.333984375000000000000000) 	| o_32_s=c989a597 (-1127602.875000000000000000000000) 	 
=> PASS: expect=-1127602.875000000000000000000000 (c989a597), dut=-1127602.875000000000000000000000 (c989a597), rounding_error=0.00000000 % (exp_error = 1.00000000 %)
[Random][ADD]i_32_a=c5e472ac (-7310.333984375000000000000000) + i_32_b=c988c124 (-1120292.500000000000000000000000) 	| o_32_s=c989a597 (-1127602.875000000000000000000000) 	 
=> PASS: expect=-1127602.875000000000000000000000 (c989a597), dut=-1127602.875000000000000000000000 (c989a597), rounding_error=0.00000000 % (exp_error = 1.00000000 %)
==========[ Read data from ROM ]==========
[Random][ADD]i_32_a=45d57ee8 (6831.863281250000000000000000) + i_32_b=4b4bdef2 (13360882.000000000000000000000000) 	| o_32_s=4b4bf9a1 (13367713.000000000000000000000000) 	 
=> PASS: expect=13367714.000000000000000000000000 (4b4bf9a2), dut=13367713.000000000000000000000000 (4b4bf9a1), rounding_error=0.00000748 % (exp_error = 1.00000000 %)
[Random][ADD]i_32_a=4b4bdef2 (13360882.000000000000000000000000) + i_32_b=45d57ee8 (6831.863281250000000000000000) 	| o_32_s=4b4bf9a1 (13367713.000000000000000000000000) 	 
=> PASS: expect=13367714.000000000000000000000000 (4b4bf9a2), dut=13367713.000000000000000000000000 (4b4bf9a1), rounding_error=0.00000748 % (exp_error = 1.00000000 %)
==========[ Read data from ROM ]==========
[Random][ADD]i_32_a=473ce33f (48355.246093750000000000000000) + i_32_b=cc5e901a (-58343528.000000000000000000000000) 	| o_32_s=cc5e60e1 (-58295172.000000000000000000000000) 	 
=> PASS: expect=-58295172.000000000000000000000000 (cc5e60e1), dut=-58295172.000000000000000000000000 (cc5e60e1), rounding_error=0.00000000 % (exp_error = 1.00000000 %)
[Random][ADD]i_32_a=cc5e901a (-58343528.000000000000000000000000) + i_32_b=473ce33f (48355.246093750000000000000000) 	| o_32_s=cc5e60e1 (-58295172.000000000000000000000000) 	 
=> PASS: expect=-58295172.000000000000000000000000 (cc5e60e1), dut=-58295172.000000000000000000000000 (cc5e60e1), rounding_error=0.00000000 % (exp_error = 1.00000000 %)
==========[ Read data from ROM ]==========
[Random][ADD]i_32_a=c4156b4e (-597.676635742187500000000000) + i_32_b=c8bb1f6c (-383227.375000000000000000000000) 	| o_32_s=c8bb6a22 (-383825.062500000000000000000000) 	 
=> PASS: expect=-383825.062500000000000000000000 (c8bb6a22), dut=-383825.062500000000000000000000 (c8bb6a22), rounding_error=0.00000000 % (exp_error = 1.00000000 %)
[Random][ADD]i_32_a=c8bb1f6c (-383227.375000000000000000000000) + i_32_b=c4156b4e (-597.676635742187500000000000) 	| o_32_s=c8bb6a22 (-383825.062500000000000000000000) 	 
=> PASS: expect=-383825.062500000000000000000000 (c8bb6a22), dut=-383825.062500000000000000000000 (c8bb6a22), rounding_error=0.00000000 % (exp_error = 1.00000000 %)
==========[ Read data from ROM ]==========
[Random][ADD]i_32_a=ce11a670 (-610900992.000000000000000000000000) + i_32_b=450d59ff (2261.624755859375000000000000) 	| o_32_s=ce11a64c (-610898688.000000000000000000000000) 	 
=> PASS: expect=-610898752.000000000000000000000000 (ce11a64d), dut=-610898688.000000000000000000000000 (ce11a64c), rounding_error=0.00001048 % (exp_error = 1.00000000 %)
[Random][ADD]i_32_a=450d59ff (2261.624755859375000000000000) + i_32_b=ce11a670 (-610900992.000000000000000000000000) 	| o_32_s=ce11a64c (-610898688.000000000000000000000000) 	 
=> PASS: expect=-610898752.000000000000000000000000 (ce11a64d), dut=-610898688.000000000000000000000000 (ce11a64c), rounding_error=0.00001048 % (exp_error = 1.00000000 %)
==========[ Read data from ROM ]==========
[Random][ADD]i_32_a=cbf320e4 (-31867336.000000000000000000000000) + i_32_b=4e04e586 (557408640.000000000000000000000000) 	| o_32_s=4dfa98fe (525541312.000000000000000000000000) 	 
=> PASS: expect=525541312.000000000000000000000000 (4dfa98fe), dut=525541312.000000000000000000000000 (4dfa98fe), rounding_error=0.00000000 % (exp_error = 1.00000000 %)
[Random][ADD]i_32_a=4e04e586 (557408640.000000000000000000000000) + i_32_b=cbf320e4 (-31867336.000000000000000000000000) 	| o_32_s=4dfa98fe (525541312.000000000000000000000000) 	 
=> PASS: expect=525541312.000000000000000000000000 (4dfa98fe), dut=525541312.000000000000000000000000 (4dfa98fe), rounding_error=0.00000000 % (exp_error = 1.00000000 %)
==========[ Read data from ROM ]==========
[Random][ADD]i_32_a=c7007ca5 (-32892.644531250000000000000000) + i_32_b=4dccdcbd (429627296.000000000000000000000000) 	| o_32_s=4dccd8b9 (429594400.000000000000000000000000) 	 
=> PASS: expect=429594400.000000000000000000000000 (4dccd8b9), dut=429594400.000000000000000000000000 (4dccd8b9), rounding_error=0.00000000 % (exp_error = 1.00000000 %)
[Random][ADD]i_32_a=4dccdcbd (429627296.000000000000000000000000) + i_32_b=c7007ca5 (-32892.644531250000000000000000) 	| o_32_s=4dccd8b9 (429594400.000000000000000000000000) 	 
=> PASS: expect=429594400.000000000000000000000000 (4dccd8b9), dut=429594400.000000000000000000000000 (4dccd8b9), rounding_error=0.00000000 % (exp_error = 1.00000000 %)
==========[ Read data from ROM ]==========
[Random][ADD]i_32_a=495283f1 (862271.062500000000000000000000) + i_32_b=ceac3b7c (-1444789760.000000000000000000000000) 	| o_32_s=ceac212b (-1443927424.000000000000000000000000) 	 
=> PASS: expect=-1443927552.000000000000000000000000 (ceac212c), dut=-1443927424.000000000000000000000000 (ceac212b), rounding_error=0.00000886 % (exp_error = 1.00000000 %)
[Random][ADD]i_32_a=ceac3b7c (-1444789760.000000000000000000000000) + i_32_b=495283f1 (862271.062500000000000000000000) 	| o_32_s=ceac212b (-1443927424.000000000000000000000000) 	 
=> PASS: expect=-1443927552.000000000000000000000000 (ceac212c), dut=-1443927424.000000000000000000000000 (ceac212b), rounding_error=0.00000886 % (exp_error = 1.00000000 %)
==========[ Read data from ROM ]==========
[Random][ADD]i_32_a=c3de9348 (-445.150634765625000000000000) + i_32_b=4b47b0cf (13086927.000000000000000000000000) 	| o_32_s=4b47af12 (13086482.000000000000000000000000) 	 
=> PASS: expect=13086482.000000000000000000000000 (4b47af12), dut=13086482.000000000000000000000000 (4b47af12), rounding_error=0.00000000 % (exp_error = 1.00000000 %)
[Random][ADD]i_32_a=4b47b0cf (13086927.000000000000000000000000) + i_32_b=c3de9348 (-445.150634765625000000000000) 	| o_32_s=4b47af12 (13086482.000000000000000000000000) 	 
=> PASS: expect=13086482.000000000000000000000000 (4b47af12), dut=13086482.000000000000000000000000 (4b47af12), rounding_error=0.00000000 % (exp_error = 1.00000000 %)
==========[ Read data from ROM ]==========
[Random][ADD]i_32_a=c6dcd902 (-28268.503906250000000000000000) + i_32_b=4e11eae9 (612022848.000000000000000000000000) 	| o_32_s=4e11e930 (611994624.000000000000000000000000) 	 
=> PASS: expect=611994560.000000000000000000000000 (4e11e92f), dut=611994624.000000000000000000000000 (4e11e930), rounding_error=0.00001046 % (exp_error = 1.00000000 %)
[Random][ADD]i_32_a=4e11eae9 (612022848.000000000000000000000000) + i_32_b=c6dcd902 (-28268.503906250000000000000000) 	| o_32_s=4e11e930 (611994624.000000000000000000000000) 	 
=> PASS: expect=611994560.000000000000000000000000 (4e11e92f), dut=611994624.000000000000000000000000 (4e11e930), rounding_error=0.00001046 % (exp_error = 1.00000000 %)
==========[ Read data from ROM ]==========
[Random][ADD]i_32_a=c1e43802 (-28.527347564697265625000000) + i_32_b=4982a296 (1070162.750000000000000000000000) 	| o_32_s=4982a1b2 (1070134.250000000000000000000000) 	 
=> PASS: expect=1070134.250000000000000000000000 (4982a1b2), dut=1070134.250000000000000000000000 (4982a1b2), rounding_error=0.00000000 % (exp_error = 1.00000000 %)
[Random][ADD]i_32_a=4982a296 (1070162.750000000000000000000000) + i_32_b=c1e43802 (-28.527347564697265625000000) 	| o_32_s=4982a1b2 (1070134.250000000000000000000000) 	 
=> PASS: expect=1070134.250000000000000000000000 (4982a1b2), dut=1070134.250000000000000000000000 (4982a1b2), rounding_error=0.00000000 % (exp_error = 1.00000000 %)
==========[ Read data from ROM ]==========
[Random][ADD]i_32_a=49219769 (661878.562500000000000000000000) + i_32_b=cdc87cd1 (-420452896.000000000000000000000000) 	| o_32_s=cdc82c06 (-419791040.000000000000000000000000) 	 
=> PASS: expect=-419791008.000000000000000000000000 (cdc82c05), dut=-419791040.000000000000000000000000 (cdc82c06), rounding_error=0.00000762 % (exp_error = 1.00000000 %)
[Random][ADD]i_32_a=cdc87cd1 (-420452896.000000000000000000000000) + i_32_b=49219769 (661878.562500000000000000000000) 	| o_32_s=cdc82c06 (-419791040.000000000000000000000000) 	 
=> PASS: expect=-419791008.000000000000000000000000 (cdc82c05), dut=-419791040.000000000000000000000000 (cdc82c06), rounding_error=0.00000762 % (exp_error = 1.00000000 %)
==========[ Read data from ROM ]==========
[Random][ADD]i_32_a=4d363054 (191038784.000000000000000000000000) + i_32_b=c38c30bd (-280.380767822265625000000000) 	| o_32_s=4d363042 (191038496.000000000000000000000000) 	 
=> PASS: expect=191038496.000000000000000000000000 (4d363042), dut=191038496.000000000000000000000000 (4d363042), rounding_error=0.00000000 % (exp_error = 1.00000000 %)
[Random][ADD]i_32_a=c38c30bd (-280.380767822265625000000000) + i_32_b=4d363054 (191038784.000000000000000000000000) 	| o_32_s=4d363042 (191038496.000000000000000000000000) 	 
=> PASS: expect=191038496.000000000000000000000000 (4d363042), dut=191038496.000000000000000000000000 (4d363042), rounding_error=0.00000000 % (exp_error = 1.00000000 %)
==========[ Read data from ROM ]==========
[Random][ADD]i_32_a=44c3b992 (1565.799072265625000000000000) + i_32_b=c8fb4c52 (-514658.562500000000000000000000) 	| o_32_s=c8fa8899 (-513092.781250000000000000000000) 	 
=> PASS: expect=-513092.750000000000000000000000 (c8fa8898), dut=-513092.781250000000000000000000 (c8fa8899), rounding_error=0.00000609 % (exp_error = 1.00000000 %)
[Random][ADD]i_32_a=c8fb4c52 (-514658.562500000000000000000000) + i_32_b=44c3b992 (1565.799072265625000000000000) 	| o_32_s=c8fa8899 (-513092.781250000000000000000000) 	 
=> PASS: expect=-513092.750000000000000000000000 (c8fa8898), dut=-513092.781250000000000000000000 (c8fa8899), rounding_error=0.00000609 % (exp_error = 1.00000000 %)
==========[ Read data from ROM ]==========
[Random][ADD]i_32_a=4dbb8c06 (393314496.000000000000000000000000) + i_32_b=cce9e610 (-122630272.000000000000000000000000) 	| o_32_s=4d811282 (270684224.000000000000000000000000) 	 
=> PASS: expect=270684224.000000000000000000000000 (4d811282), dut=270684224.000000000000000000000000 (4d811282), rounding_error=0.00000000 % (exp_error = 1.00000000 %)
[Random][ADD]i_32_a=cce9e610 (-122630272.000000000000000000000000) + i_32_b=4dbb8c06 (393314496.000000000000000000000000) 	| o_32_s=4d811282 (270684224.000000000000000000000000) 	 
=> PASS: expect=270684224.000000000000000000000000 (4d811282), dut=270684224.000000000000000000000000 (4d811282), rounding_error=0.00000000 % (exp_error = 1.00000000 %)
==========[ Read data from ROM ]==========
[Random][ADD]i_32_a=cae9e80b (-7664645.500000000000000000000000) + i_32_b=c805ca5b (-137001.421875000000000000000000) 	| o_32_s=caee165d (-7801646.500000000000000000000000) 	 
=> PASS: expect=-7801647.000000000000000000000000 (caee165e), dut=-7801646.500000000000000000000000 (caee165d), rounding_error=0.00000641 % (exp_error = 1.00000000 %)
[Random][ADD]i_32_a=c805ca5b (-137001.421875000000000000000000) + i_32_b=cae9e80b (-7664645.500000000000000000000000) 	| o_32_s=caee165d (-7801646.500000000000000000000000) 	 
=> PASS: expect=-7801647.000000000000000000000000 (caee165e), dut=-7801646.500000000000000000000000 (caee165d), rounding_error=0.00000641 % (exp_error = 1.00000000 %)
==========[ Read data from ROM ]==========
[Random][ADD]i_32_a=4aaa188f (5573703.500000000000000000000000) + i_32_b=c72e7182 (-44657.507812500000000000000000) 	| o_32_s=4aa8bbac (5529046.000000000000000000000000) 	 
=> PASS: expect=5529046.000000000000000000000000 (4aa8bbac), dut=5529046.000000000000000000000000 (4aa8bbac), rounding_error=0.00000000 % (exp_error = 1.00000000 %)
[Random][ADD]i_32_a=c72e7182 (-44657.507812500000000000000000) + i_32_b=4aaa188f (5573703.500000000000000000000000) 	| o_32_s=4aa8bbac (5529046.000000000000000000000000) 	 
=> PASS: expect=5529046.000000000000000000000000 (4aa8bbac), dut=5529046.000000000000000000000000 (4aa8bbac), rounding_error=0.00000000 % (exp_error = 1.00000000 %)
==========[ Read data from ROM ]==========
[Random][ADD]i_32_a=c29658cf (-75.173454284667968750000000) + i_32_b=4771e921 (61929.128906250000000000000000) 	| o_32_s=47719df4 (61853.953125000000000000000000) 	 
=> PASS: expect=61853.957031250000000000000000 (47719df5), dut=61853.953125000000000000000000 (47719df4), rounding_error=0.00000632 % (exp_error = 1.00000000 %)
[Random][ADD]i_32_a=4771e921 (61929.128906250000000000000000) + i_32_b=c29658cf (-75.173454284667968750000000) 	| o_32_s=47719df4 (61853.953125000000000000000000) 	 
=> PASS: expect=61853.957031250000000000000000 (47719df5), dut=61853.953125000000000000000000 (47719df4), rounding_error=0.00000632 % (exp_error = 1.00000000 %)
==========[ Read data from ROM ]==========
[Random][ADD]i_32_a=cca25532 (-85109136.000000000000000000000000) + i_32_b=cd4f63d0 (-217464064.000000000000000000000000) 	| o_32_s=cd904734 (-302573184.000000000000000000000000) 	 
=> PASS: expect=-302573184.000000000000000000000000 (cd904734), dut=-302573184.000000000000000000000000 (cd904734), rounding_error=0.00000000 % (exp_error = 1.00000000 %)
[Random][ADD]i_32_a=cd4f63d0 (-217464064.000000000000000000000000) + i_32_b=cca25532 (-85109136.000000000000000000000000) 	| o_32_s=cd904734 (-302573184.000000000000000000000000) 	 
=> PASS: expect=-302573184.000000000000000000000000 (cd904734), dut=-302573184.000000000000000000000000 (cd904734), rounding_error=0.00000000 % (exp_error = 1.00000000 %)
==========[ Read data from ROM ]==========
[Random][ADD]i_32_a=422274c2 (40.614021301269531250000000) + i_32_b=43b41846 (360.189636230468750000000000) 	| o_32_s=43c866df (400.803680419921875000000000) 	 
=> PASS: expect=400.803649902343750000000000 (43c866de), dut=400.803680419921875000000000 (43c866df), rounding_error=0.00000761 % (exp_error = 1.00000000 %)
[Random][ADD]i_32_a=43b41846 (360.189636230468750000000000) + i_32_b=422274c2 (40.614021301269531250000000) 	| o_32_s=43c866df (400.803680419921875000000000) 	 
=> PASS: expect=400.803649902343750000000000 (43c866de), dut=400.803680419921875000000000 (43c866df), rounding_error=0.00000761 % (exp_error = 1.00000000 %)
==========[ Read data from ROM ]==========
[Random][ADD]i_32_a=42e2ee7b (113.465782165527343750000000) + i_32_b=4b9b5f77 (20365038.000000000000000000000000) 	| o_32_s=4b9b5fb0 (20365152.000000000000000000000000) 	 
=> PASS: expect=20365152.000000000000000000000000 (4b9b5fb0), dut=20365152.000000000000000000000000 (4b9b5fb0), rounding_error=0.00000000 % (exp_error = 1.00000000 %)
[Random][ADD]i_32_a=4b9b5f77 (20365038.000000000000000000000000) + i_32_b=42e2ee7b (113.465782165527343750000000) 	| o_32_s=4b9b5fb0 (20365152.000000000000000000000000) 	 
=> PASS: expect=20365152.000000000000000000000000 (4b9b5fb0), dut=20365152.000000000000000000000000 (4b9b5fb0), rounding_error=0.00000000 % (exp_error = 1.00000000 %)
==========[ Read data from ROM ]==========
[Random][ADD]i_32_a=cb67387a (-15153274.000000000000000000000000) + i_32_b=41835698 (16.417282104492187500000000) 	| o_32_s=cb673869 (-15153257.000000000000000000000000) 	 
=> PASS: expect=-15153258.000000000000000000000000 (cb67386a), dut=-15153257.000000000000000000000000 (cb673869), rounding_error=0.00000660 % (exp_error = 1.00000000 %)
[Random][ADD]i_32_a=41835698 (16.417282104492187500000000) + i_32_b=cb67387a (-15153274.000000000000000000000000) 	| o_32_s=cb673869 (-15153257.000000000000000000000000) 	 
=> PASS: expect=-15153258.000000000000000000000000 (cb67386a), dut=-15153257.000000000000000000000000 (cb673869), rounding_error=0.00000660 % (exp_error = 1.00000000 %)
==========[ Read data from ROM ]==========
[Random][ADD]i_32_a=c25fa81b (-55.914165496826171875000000) + i_32_b=4791c5dd (74635.726562500000000000000000) 	| o_32_s=4791a9e8 (74579.812500000000000000000000) 	 
=> PASS: expect=74579.812500000000000000000000 (4791a9e8), dut=74579.812500000000000000000000 (4791a9e8), rounding_error=0.00000000 % (exp_error = 1.00000000 %)
[Random][ADD]i_32_a=4791c5dd (74635.726562500000000000000000) + i_32_b=c25fa81b (-55.914165496826171875000000) 	| o_32_s=4791a9e8 (74579.812500000000000000000000) 	 
=> PASS: expect=74579.812500000000000000000000 (4791a9e8), dut=74579.812500000000000000000000 (4791a9e8), rounding_error=0.00000000 % (exp_error = 1.00000000 %)
==========[ Read data from ROM ]==========
[Random][ADD]i_32_a=48c0eb49 (395098.281250000000000000000000) + i_32_b=4406096c (536.147216796875000000000000) 	| o_32_s=48c12e4e (395634.437500000000000000000000) 	 
=> PASS: expect=395634.437500000000000000000000 (48c12e4e), dut=395634.437500000000000000000000 (48c12e4e), rounding_error=0.00000000 % (exp_error = 1.00000000 %)
[Random][ADD]i_32_a=4406096c (536.147216796875000000000000) + i_32_b=48c0eb49 (395098.281250000000000000000000) 	| o_32_s=48c12e4e (395634.437500000000000000000000) 	 
=> PASS: expect=395634.437500000000000000000000 (48c12e4e), dut=395634.437500000000000000000000 (48c12e4e), rounding_error=0.00000000 % (exp_error = 1.00000000 %)
==========[ Read data from ROM ]==========
[Random][ADD]i_32_a=cd155913 (-156602672.000000000000000000000000) + i_32_b=cb3a4342 (-12206914.000000000000000000000000) 	| o_32_s=cd20fd48 (-168809600.000000000000000000000000) 	 
=> PASS: expect=-168809584.000000000000000000000000 (cd20fd47), dut=-168809600.000000000000000000000000 (cd20fd48), rounding_error=0.00000948 % (exp_error = 1.00000000 %)
[Random][ADD]i_32_a=cb3a4342 (-12206914.000000000000000000000000) + i_32_b=cd155913 (-156602672.000000000000000000000000) 	| o_32_s=cd20fd48 (-168809600.000000000000000000000000) 	 
=> PASS: expect=-168809584.000000000000000000000000 (cd20fd47), dut=-168809600.000000000000000000000000 (cd20fd48), rounding_error=0.00000948 % (exp_error = 1.00000000 %)
==========[ Read data from ROM ]==========
[Random][ADD]i_32_a=435905ee (217.023162841796875000000000) + i_32_b=472dc065 (44480.394531250000000000000000) 	| o_32_s=472e996a (44697.414062500000000000000000) 	 
=> PASS: expect=44697.417968750000000000000000 (472e996b), dut=44697.414062500000000000000000 (472e996a), rounding_error=0.00000874 % (exp_error = 1.00000000 %)
[Random][ADD]i_32_a=472dc065 (44480.394531250000000000000000) + i_32_b=435905ee (217.023162841796875000000000) 	| o_32_s=472e996a (44697.414062500000000000000000) 	 
=> PASS: expect=44697.417968750000000000000000 (472e996b), dut=44697.414062500000000000000000 (472e996a), rounding_error=0.00000874 % (exp_error = 1.00000000 %)
==========[ Read data from ROM ]==========
[Random][ADD]i_32_a=c46412b2 (-912.292114257812500000000000) + i_32_b=cc06646d (-35230132.000000000000000000000000) 	| o_32_s=cc066552 (-35231048.000000000000000000000000) 	 
=> PASS: expect=-35231044.000000000000000000000000 (cc066551), dut=-35231048.000000000000000000000000 (cc066552), rounding_error=0.00001135 % (exp_error = 1.00000000 %)
[Random][ADD]i_32_a=cc06646d (-35230132.000000000000000000000000) + i_32_b=c46412b2 (-912.292114257812500000000000) 	| o_32_s=cc066552 (-35231048.000000000000000000000000) 	 
=> PASS: expect=-35231044.000000000000000000000000 (cc066551), dut=-35231048.000000000000000000000000 (cc066552), rounding_error=0.00001135 % (exp_error = 1.00000000 %)
==========[ Read data from ROM ]==========
[Random][ADD]i_32_a=c6a86655 (-21555.166015625000000000000000) + i_32_b=cb8d8c1b (-18552886.000000000000000000000000) 	| o_32_s=cb8db635 (-18574442.000000000000000000000000) 	 
=> PASS: expect=-18574442.000000000000000000000000 (cb8db635), dut=-18574442.000000000000000000000000 (cb8db635), rounding_error=0.00000000 % (exp_error = 1.00000000 %)
[Random][ADD]i_32_a=cb8d8c1b (-18552886.000000000000000000000000) + i_32_b=c6a86655 (-21555.166015625000000000000000) 	| o_32_s=cb8db635 (-18574442.000000000000000000000000) 	 
=> PASS: expect=-18574442.000000000000000000000000 (cb8db635), dut=-18574442.000000000000000000000000 (cb8db635), rounding_error=0.00000000 % (exp_error = 1.00000000 %)
==========[ Read data from ROM ]==========
[Random][ADD]i_32_a=481c60ad (160130.703125000000000000000000) + i_32_b=4e29765e (710776704.000000000000000000000000) 	| o_32_s=4e298024 (710936832.000000000000000000000000) 	 
=> PASS: expect=710936832.000000000000000000000000 (4e298024), dut=710936832.000000000000000000000000 (4e298024), rounding_error=0.00000000 % (exp_error = 1.00000000 %)
[Random][ADD]i_32_a=4e29765e (710776704.000000000000000000000000) + i_32_b=481c60ad (160130.703125000000000000000000) 	| o_32_s=4e298024 (710936832.000000000000000000000000) 	 
=> PASS: expect=710936832.000000000000000000000000 (4e298024), dut=710936832.000000000000000000000000 (4e298024), rounding_error=0.00000000 % (exp_error = 1.00000000 %)
==========[ Read data from ROM ]==========
[Random][ADD]i_32_a=cb90069c (-18877752.000000000000000000000000) + i_32_b=c675c92a (-15730.291015625000000000000000) 	| o_32_s=cb902556 (-18893484.000000000000000000000000) 	 
=> PASS: expect=-18893482.000000000000000000000000 (cb902555), dut=-18893484.000000000000000000000000 (cb902556), rounding_error=0.00001059 % (exp_error = 1.00000000 %)
[Random][ADD]i_32_a=c675c92a (-15730.291015625000000000000000) + i_32_b=cb90069c (-18877752.000000000000000000000000) 	| o_32_s=cb902556 (-18893484.000000000000000000000000) 	 
=> PASS: expect=-18893482.000000000000000000000000 (cb902555), dut=-18893484.000000000000000000000000 (cb902556), rounding_error=0.00001059 % (exp_error = 1.00000000 %)
==========[ Read data from ROM ]==========
[Random][ADD]i_32_a=4dec58ec (495656320.000000000000000000000000) + i_32_b=47a61b74 (85046.906250000000000000000000) 	| o_32_s=4dec634e (495741376.000000000000000000000000) 	 
=> PASS: expect=495741376.000000000000000000000000 (4dec634e), dut=495741376.000000000000000000000000 (4dec634e), rounding_error=0.00000000 % (exp_error = 1.00000000 %)
[Random][ADD]i_32_a=47a61b74 (85046.906250000000000000000000) + i_32_b=4dec58ec (495656320.000000000000000000000000) 	| o_32_s=4dec634e (495741376.000000000000000000000000) 	 
=> PASS: expect=495741376.000000000000000000000000 (4dec634e), dut=495741376.000000000000000000000000 (4dec634e), rounding_error=0.00000000 % (exp_error = 1.00000000 %)
==========[ Read data from ROM ]==========
[Random][ADD]i_32_a=49e3bb5a (1865579.250000000000000000000000) + i_32_b=c921ed60 (-663254.000000000000000000000000) 	| o_32_s=4992c4aa (1202325.250000000000000000000000) 	 
=> PASS: expect=1202325.250000000000000000000000 (4992c4aa), dut=1202325.250000000000000000000000 (4992c4aa), rounding_error=0.00000000 % (exp_error = 1.00000000 %)
[Random][ADD]i_32_a=c921ed60 (-663254.000000000000000000000000) + i_32_b=49e3bb5a (1865579.250000000000000000000000) 	| o_32_s=4992c4aa (1202325.250000000000000000000000) 	 
=> PASS: expect=1202325.250000000000000000000000 (4992c4aa), dut=1202325.250000000000000000000000 (4992c4aa), rounding_error=0.00000000 % (exp_error = 1.00000000 %)
==========[ Read data from ROM ]==========
[Random][ADD]i_32_a=416db8d5 (14.857625007629394531250000) + i_32_b=cb90bcb6 (-18970988.000000000000000000000000) 	| o_32_s=cb90bcae (-18970972.000000000000000000000000) 	 
=> PASS: expect=-18970974.000000000000000000000000 (cb90bcaf), dut=-18970972.000000000000000000000000 (cb90bcae), rounding_error=0.00001054 % (exp_error = 1.00000000 %)
[Random][ADD]i_32_a=cb90bcb6 (-18970988.000000000000000000000000) + i_32_b=416db8d5 (14.857625007629394531250000) 	| o_32_s=cb90bcae (-18970972.000000000000000000000000) 	 
=> PASS: expect=-18970974.000000000000000000000000 (cb90bcaf), dut=-18970972.000000000000000000000000 (cb90bcae), rounding_error=0.00001054 % (exp_error = 1.00000000 %)
==========[ Read data from ROM ]==========
[Random][ADD]i_32_a=4e88921a (1145638144.000000000000000000000000) + i_32_b=cbd9fca1 (-28571970.000000000000000000000000) 	| o_32_s=4e852a27 (1117066112.000000000000000000000000) 	 
=> PASS: expect=1117066112.000000000000000000000000 (4e852a27), dut=1117066112.000000000000000000000000 (4e852a27), rounding_error=0.00000000 % (exp_error = 1.00000000 %)
[Random][ADD]i_32_a=cbd9fca1 (-28571970.000000000000000000000000) + i_32_b=4e88921a (1145638144.000000000000000000000000) 	| o_32_s=4e852a27 (1117066112.000000000000000000000000) 	 
=> PASS: expect=1117066112.000000000000000000000000 (4e852a27), dut=1117066112.000000000000000000000000 (4e852a27), rounding_error=0.00000000 % (exp_error = 1.00000000 %)
==========[ Read data from ROM ]==========
[Random][ADD]i_32_a=c81a800e (-158208.218750000000000000000000) + i_32_b=46bc61ea (24112.957031250000000000000000) 	| o_32_s=c802f3d1 (-134095.265625000000000000000000) 	 
=> PASS: expect=-134095.265625000000000000000000 (c802f3d1), dut=-134095.265625000000000000000000 (c802f3d1), rounding_error=0.00000000 % (exp_error = 1.00000000 %)
[Random][ADD]i_32_a=46bc61ea (24112.957031250000000000000000) + i_32_b=c81a800e (-158208.218750000000000000000000) 	| o_32_s=c802f3d1 (-134095.265625000000000000000000) 	 
=> PASS: expect=-134095.265625000000000000000000 (c802f3d1), dut=-134095.265625000000000000000000 (c802f3d1), rounding_error=0.00000000 % (exp_error = 1.00000000 %)
==========[ Read data from ROM ]==========
[Random][ADD]i_32_a=4c3bca55 (49228116.000000000000000000000000) + i_32_b=cee62cbd (-1930845824.000000000000000000000000) 	| o_32_s=cee04e6b (-1881617792.000000000000000000000000) 	 
=> PASS: expect=-1881617664.000000000000000000000000 (cee04e6a), dut=-1881617792.000000000000000000000000 (cee04e6b), rounding_error=0.00000680 % (exp_error = 1.00000000 %)
[Random][ADD]i_32_a=cee62cbd (-1930845824.000000000000000000000000) + i_32_b=4c3bca55 (49228116.000000000000000000000000) 	| o_32_s=cee04e6b (-1881617792.000000000000000000000000) 	 
=> PASS: expect=-1881617664.000000000000000000000000 (cee04e6a), dut=-1881617792.000000000000000000000000 (cee04e6b), rounding_error=0.00000680 % (exp_error = 1.00000000 %)
==========[ Read data from ROM ]==========
[Random][ADD]i_32_a=492c624e (706084.875000000000000000000000) + i_32_b=4da33bda (342326080.000000000000000000000000) 	| o_32_s=4da3920c (343032192.000000000000000000000000) 	 
=> PASS: expect=343032160.000000000000000000000000 (4da3920b), dut=343032192.000000000000000000000000 (4da3920c), rounding_error=0.00000933 % (exp_error = 1.00000000 %)
[Random][ADD]i_32_a=4da33bda (342326080.000000000000000000000000) + i_32_b=492c624e (706084.875000000000000000000000) 	| o_32_s=4da3920c (343032192.000000000000000000000000) 	 
=> PASS: expect=343032160.000000000000000000000000 (4da3920b), dut=343032192.000000000000000000000000 (4da3920c), rounding_error=0.00000933 % (exp_error = 1.00000000 %)
==========[ Read data from ROM ]==========
[Random][ADD]i_32_a=4abfa080 (6279232.000000000000000000000000) + i_32_b=4c061c04 (35155984.000000000000000000000000) 	| o_32_s=4c1e1014 (41435216.000000000000000000000000) 	 
=> PASS: expect=41435216.000000000000000000000000 (4c1e1014), dut=41435216.000000000000000000000000 (4c1e1014), rounding_error=0.00000000 % (exp_error = 1.00000000 %)
[Random][ADD]i_32_a=4c061c04 (35155984.000000000000000000000000) + i_32_b=4abfa080 (6279232.000000000000000000000000) 	| o_32_s=4c1e1014 (41435216.000000000000000000000000) 	 
=> PASS: expect=41435216.000000000000000000000000 (4c1e1014), dut=41435216.000000000000000000000000 (4c1e1014), rounding_error=0.00000000 % (exp_error = 1.00000000 %)
==========[ Read data from ROM ]==========
[Random][ADD]i_32_a=43c5512c (394.634155273437500000000000) + i_32_b=43ce2154 (412.260375976562500000000000) 	| o_32_s=4449b940 (806.894531250000000000000000) 	 
=> PASS: expect=806.894531250000000000000000 (4449b940), dut=806.894531250000000000000000 (4449b940), rounding_error=0.00000000 % (exp_error = 1.00000000 %)
[Random][ADD]i_32_a=43ce2154 (412.260375976562500000000000) + i_32_b=43c5512c (394.634155273437500000000000) 	| o_32_s=4449b940 (806.894531250000000000000000) 	 
=> PASS: expect=806.894531250000000000000000 (4449b940), dut=806.894531250000000000000000 (4449b940), rounding_error=0.00000000 % (exp_error = 1.00000000 %)
==========[ Read data from ROM ]==========
[Random][ADD]i_32_a=cc413c5f (-50655612.000000000000000000000000) + i_32_b=cb18866d (-9995885.000000000000000000000000) 	| o_32_s=cc675dfb (-60651500.000000000000000000000000) 	 
=> PASS: expect=-60651496.000000000000000000000000 (cc675dfa), dut=-60651500.000000000000000000000000 (cc675dfb), rounding_error=0.00000660 % (exp_error = 1.00000000 %)
[Random][ADD]i_32_a=cb18866d (-9995885.000000000000000000000000) + i_32_b=cc413c5f (-50655612.000000000000000000000000) 	| o_32_s=cc675dfb (-60651500.000000000000000000000000) 	 
=> PASS: expect=-60651496.000000000000000000000000 (cc675dfa), dut=-60651500.000000000000000000000000 (cc675dfb), rounding_error=0.00000660 % (exp_error = 1.00000000 %)
==========[ Read data from ROM ]==========
[Random][ADD]i_32_a=49053f1f (545777.937500000000000000000000) + i_32_b=c55323a4 (-3378.227539062500000000000000) 	| o_32_s=49046bfc (542399.750000000000000000000000) 	 
=> PASS: expect=542399.687500000000000000000000 (49046bfb), dut=542399.750000000000000000000000 (49046bfc), rounding_error=0.00001152 % (exp_error = 1.00000000 %)
[Random][ADD]i_32_a=c55323a4 (-3378.227539062500000000000000) + i_32_b=49053f1f (545777.937500000000000000000000) 	| o_32_s=49046bfc (542399.750000000000000000000000) 	 
=> PASS: expect=542399.687500000000000000000000 (49046bfb), dut=542399.750000000000000000000000 (49046bfc), rounding_error=0.00001152 % (exp_error = 1.00000000 %)
==========[ Read data from ROM ]==========
[Random][ADD]i_32_a=cd406ef5 (-201781072.000000000000000000000000) + i_32_b=469578fb (19132.490234375000000000000000) 	| o_32_s=cd406a49 (-201761936.000000000000000000000000) 	 
=> PASS: expect=-201761936.000000000000000000000000 (cd406a49), dut=-201761936.000000000000000000000000 (cd406a49), rounding_error=0.00000000 % (exp_error = 1.00000000 %)
[Random][ADD]i_32_a=469578fb (19132.490234375000000000000000) + i_32_b=cd406ef5 (-201781072.000000000000000000000000) 	| o_32_s=cd406a49 (-201761936.000000000000000000000000) 	 
=> PASS: expect=-201761936.000000000000000000000000 (cd406a49), dut=-201761936.000000000000000000000000 (cd406a49), rounding_error=0.00000000 % (exp_error = 1.00000000 %)
==========[ Read data from ROM ]==========
[Random][ADD]i_32_a=426bedd9 (58.982273101806640625000000) + i_32_b=c92e0231 (-712739.062500000000000000000000) 	| o_32_s=c92dfe82 (-712680.125000000000000000000000) 	 
=> PASS: expect=-712680.062500000000000000000000 (c92dfe81), dut=-712680.125000000000000000000000 (c92dfe82), rounding_error=0.00000877 % (exp_error = 1.00000000 %)
[Random][ADD]i_32_a=c92e0231 (-712739.062500000000000000000000) + i_32_b=426bedd9 (58.982273101806640625000000) 	| o_32_s=c92dfe82 (-712680.125000000000000000000000) 	 
=> PASS: expect=-712680.062500000000000000000000 (c92dfe81), dut=-712680.125000000000000000000000 (c92dfe82), rounding_error=0.00000877 % (exp_error = 1.00000000 %)
==========[ Read data from ROM ]==========
[Random][ADD]i_32_a=c137b75e (-11.482267379760742187500000) + i_32_b=4cca21e4 (105975584.000000000000000000000000) 	| o_32_s=4cca21e2 (105975568.000000000000000000000000) 	 
=> PASS: expect=105975576.000000000000000000000000 (4cca21e3), dut=105975568.000000000000000000000000 (4cca21e2), rounding_error=0.00000755 % (exp_error = 1.00000000 %)
[Random][ADD]i_32_a=4cca21e4 (105975584.000000000000000000000000) + i_32_b=c137b75e (-11.482267379760742187500000) 	| o_32_s=4cca21e2 (105975568.000000000000000000000000) 	 
=> PASS: expect=105975576.000000000000000000000000 (4cca21e3), dut=105975568.000000000000000000000000 (4cca21e2), rounding_error=0.00000755 % (exp_error = 1.00000000 %)
==========[ Read data from ROM ]==========
[Random][ADD]i_32_a=c8eb177f (-481467.968750000000000000000000) + i_32_b=cea77ef0 (-1405057024.000000000000000000000000) 	| o_32_s=cea78da1 (-1405538432.000000000000000000000000) 	 
=> PASS: expect=-1405538432.000000000000000000000000 (cea78da1), dut=-1405538432.000000000000000000000000 (cea78da1), rounding_error=0.00000000 % (exp_error = 1.00000000 %)
[Random][ADD]i_32_a=cea77ef0 (-1405057024.000000000000000000000000) + i_32_b=c8eb177f (-481467.968750000000000000000000) 	| o_32_s=cea78da1 (-1405538432.000000000000000000000000) 	 
=> PASS: expect=-1405538432.000000000000000000000000 (cea78da1), dut=-1405538432.000000000000000000000000 (cea78da1), rounding_error=0.00000000 % (exp_error = 1.00000000 %)
==========[ Read data from ROM ]==========
[Random][ADD]i_32_a=cec81f3c (-1678745088.000000000000000000000000) + i_32_b=cd9e41f1 (-331890208.000000000000000000000000) 	| o_32_s=ceefafb9 (-2010635392.000000000000000000000000) 	 
=> PASS: expect=-2010635264.000000000000000000000000 (ceefafb8), dut=-2010635392.000000000000000000000000 (ceefafb9), rounding_error=0.00000637 % (exp_error = 1.00000000 %)
[Random][ADD]i_32_a=cd9e41f1 (-331890208.000000000000000000000000) + i_32_b=cec81f3c (-1678745088.000000000000000000000000) 	| o_32_s=ceefafb9 (-2010635392.000000000000000000000000) 	 
=> PASS: expect=-2010635264.000000000000000000000000 (ceefafb8), dut=-2010635392.000000000000000000000000 (ceefafb9), rounding_error=0.00000637 % (exp_error = 1.00000000 %)
==========[ Read data from ROM ]==========
[Random][ADD]i_32_a=4b93ef2c (19390040.000000000000000000000000) + i_32_b=caaf5f4c (-5746598.000000000000000000000000) 	| o_32_s=4b502eb2 (13643442.000000000000000000000000) 	 
=> PASS: expect=13643442.000000000000000000000000 (4b502eb2), dut=13643442.000000000000000000000000 (4b502eb2), rounding_error=0.00000000 % (exp_error = 1.00000000 %)
[Random][ADD]i_32_a=caaf5f4c (-5746598.000000000000000000000000) + i_32_b=4b93ef2c (19390040.000000000000000000000000) 	| o_32_s=4b502eb2 (13643442.000000000000000000000000) 	 
=> PASS: expect=13643442.000000000000000000000000 (4b502eb2), dut=13643442.000000000000000000000000 (4b502eb2), rounding_error=0.00000000 % (exp_error = 1.00000000 %)
==========[ Read data from ROM ]==========
[Random][ADD]i_32_a=49392e3d (758499.812500000000000000000000) + i_32_b=c59be17d (-4988.186035156250000000000000) 	| o_32_s=4937f67a (753511.625000000000000000000000) 	 
=> PASS: expect=753511.625000000000000000000000 (4937f67a), dut=753511.625000000000000000000000 (4937f67a), rounding_error=0.00000000 % (exp_error = 1.00000000 %)
[Random][ADD]i_32_a=c59be17d (-4988.186035156250000000000000) + i_32_b=49392e3d (758499.812500000000000000000000) 	| o_32_s=4937f67a (753511.625000000000000000000000) 	 
=> PASS: expect=753511.625000000000000000000000 (4937f67a), dut=753511.625000000000000000000000 (4937f67a), rounding_error=0.00000000 % (exp_error = 1.00000000 %)
==========[ Read data from ROM ]==========
[Random][ADD]i_32_a=4caf1ca3 (91809048.000000000000000000000000) + i_32_b=4408e25c (547.536865234375000000000000) 	| o_32_s=4caf1ce7 (91809592.000000000000000000000000) 	 
=> PASS: expect=91809592.000000000000000000000000 (4caf1ce7), dut=91809592.000000000000000000000000 (4caf1ce7), rounding_error=0.00000000 % (exp_error = 1.00000000 %)
[Random][ADD]i_32_a=4408e25c (547.536865234375000000000000) + i_32_b=4caf1ca3 (91809048.000000000000000000000000) 	| o_32_s=4caf1ce7 (91809592.000000000000000000000000) 	 
=> PASS: expect=91809592.000000000000000000000000 (4caf1ce7), dut=91809592.000000000000000000000000 (4caf1ce7), rounding_error=0.00000000 % (exp_error = 1.00000000 %)
==========[ Read data from ROM ]==========
[Random][ADD]i_32_a=c683e86a (-16884.207031250000000000000000) + i_32_b=488aa43d (283937.906250000000000000000000) 	| o_32_s=488265b7 (267053.718750000000000000000000) 	 
=> PASS: expect=267053.687500000000000000000000 (488265b6), dut=267053.718750000000000000000000 (488265b7), rounding_error=0.00001170 % (exp_error = 1.00000000 %)
[Random][ADD]i_32_a=488aa43d (283937.906250000000000000000000) + i_32_b=c683e86a (-16884.207031250000000000000000) 	| o_32_s=488265b7 (267053.718750000000000000000000) 	 
=> PASS: expect=267053.687500000000000000000000 (488265b6), dut=267053.718750000000000000000000 (488265b7), rounding_error=0.00001170 % (exp_error = 1.00000000 %)
==========[ Read data from ROM ]==========
[Random][ADD]i_32_a=c5e91184 (-7458.189453125000000000000000) + i_32_b=4ec2ffba (1635769600.000000000000000000000000) 	| o_32_s=4ec2ff80 (1635762176.000000000000000000000000) 	 
=> PASS: expect=1635762176.000000000000000000000000 (4ec2ff80), dut=1635762176.000000000000000000000000 (4ec2ff80), rounding_error=0.00000000 % (exp_error = 1.00000000 %)
[Random][ADD]i_32_a=4ec2ffba (1635769600.000000000000000000000000) + i_32_b=c5e91184 (-7458.189453125000000000000000) 	| o_32_s=4ec2ff80 (1635762176.000000000000000000000000) 	 
=> PASS: expect=1635762176.000000000000000000000000 (4ec2ff80), dut=1635762176.000000000000000000000000 (4ec2ff80), rounding_error=0.00000000 % (exp_error = 1.00000000 %)
==========[ Read data from ROM ]==========
[Random][ADD]i_32_a=c93fbd3c (-785363.750000000000000000000000) + i_32_b=c220c08e (-40.188041687011718750000000) 	| o_32_s=c93fbfbf (-785403.937500000000000000000000) 	 
=> PASS: expect=-785403.937500000000000000000000 (c93fbfbf), dut=-785403.937500000000000000000000 (c93fbfbf), rounding_error=0.00000000 % (exp_error = 1.00000000 %)
[Random][ADD]i_32_a=c220c08e (-40.188041687011718750000000) + i_32_b=c93fbd3c (-785363.750000000000000000000000) 	| o_32_s=c93fbfbf (-785403.937500000000000000000000) 	 
=> PASS: expect=-785403.937500000000000000000000 (c93fbfbf), dut=-785403.937500000000000000000000 (c93fbfbf), rounding_error=0.00000000 % (exp_error = 1.00000000 %)
==========[ Read data from ROM ]==========
[Random][ADD]i_32_a=c485fd1d (-1071.909790039062500000000000) + i_32_b=c219f5dc (-38.490097045898437500000000) 	| o_32_s=c48acccb (-1110.399780273437500000000000) 	 
=> PASS: expect=-1110.399902343750000000000000 (c48acccc), dut=-1110.399780273437500000000000 (c48acccb), rounding_error=0.00001099 % (exp_error = 1.00000000 %)
[Random][ADD]i_32_a=c219f5dc (-38.490097045898437500000000) + i_32_b=c485fd1d (-1071.909790039062500000000000) 	| o_32_s=c48acccb (-1110.399780273437500000000000) 	 
=> PASS: expect=-1110.399902343750000000000000 (c48acccc), dut=-1110.399780273437500000000000 (c48acccb), rounding_error=0.00001099 % (exp_error = 1.00000000 %)
==========[ Read data from ROM ]==========
[Random][ADD]i_32_a=4846757b (203221.921875000000000000000000) + i_32_b=43fe3495 (508.410797119140625000000000) 	| o_32_s=4846f496 (203730.343750000000000000000000) 	 
=> PASS: expect=203730.328125000000000000000000 (4846f495), dut=203730.343750000000000000000000 (4846f496), rounding_error=0.00000767 % (exp_error = 1.00000000 %)
[Random][ADD]i_32_a=43fe3495 (508.410797119140625000000000) + i_32_b=4846757b (203221.921875000000000000000000) 	| o_32_s=4846f496 (203730.343750000000000000000000) 	 
=> PASS: expect=203730.328125000000000000000000 (4846f495), dut=203730.343750000000000000000000 (4846f496), rounding_error=0.00000767 % (exp_error = 1.00000000 %)
==========[ Read data from ROM ]==========
[Random][ADD]i_32_a=c687f727 (-17403.576171875000000000000000) + i_32_b=47e06951 (114898.632812500000000000000000) 	| o_32_s=47be6b87 (97495.054687500000000000000000) 	 
=> PASS: expect=97495.054687500000000000000000 (47be6b87), dut=97495.054687500000000000000000 (47be6b87), rounding_error=0.00000000 % (exp_error = 1.00000000 %)
[Random][ADD]i_32_a=47e06951 (114898.632812500000000000000000) + i_32_b=c687f727 (-17403.576171875000000000000000) 	| o_32_s=47be6b87 (97495.054687500000000000000000) 	 
=> PASS: expect=97495.054687500000000000000000 (47be6b87), dut=97495.054687500000000000000000 (47be6b87), rounding_error=0.00000000 % (exp_error = 1.00000000 %)
==========[ Read data from ROM ]==========
[Random][ADD]i_32_a=c5d05e88 (-6667.816406250000000000000000) + i_32_b=41221d4b (10.132151603698730468750000) 	| o_32_s=c5d00d7a (-6657.684570312500000000000000) 	 
=> PASS: expect=-6657.684082031250000000000000 (c5d00d79), dut=-6657.684570312500000000000000 (c5d00d7a), rounding_error=0.00000733 % (exp_error = 1.00000000 %)
[Random][ADD]i_32_a=41221d4b (10.132151603698730468750000) + i_32_b=c5d05e88 (-6667.816406250000000000000000) 	| o_32_s=c5d00d7a (-6657.684570312500000000000000) 	 
=> PASS: expect=-6657.684082031250000000000000 (c5d00d79), dut=-6657.684570312500000000000000 (c5d00d7a), rounding_error=0.00000733 % (exp_error = 1.00000000 %)
==========[ Read data from ROM ]==========
[Random][ADD]i_32_a=c6d938d0 (-27804.406250000000000000000000) + i_32_b=44362657 (728.599060058593750000000000) 	| o_32_s=c6d3879e (-27075.808593750000000000000000) 	 
=> PASS: expect=-27075.806640625000000000000000 (c6d3879d), dut=-27075.808593750000000000000000 (c6d3879e), rounding_error=0.00000721 % (exp_error = 1.00000000 %)
[Random][ADD]i_32_a=44362657 (728.599060058593750000000000) + i_32_b=c6d938d0 (-27804.406250000000000000000000) 	| o_32_s=c6d3879e (-27075.808593750000000000000000) 	 
=> PASS: expect=-27075.806640625000000000000000 (c6d3879d), dut=-27075.808593750000000000000000 (c6d3879e), rounding_error=0.00000721 % (exp_error = 1.00000000 %)
==========[ Read data from ROM ]==========
[Random][ADD]i_32_a=45996bc1 (4909.469238281250000000000000) + i_32_b=cde782cc (-485513600.000000000000000000000000) 	| o_32_s=cde78232 (-485508672.000000000000000000000000) 	 
=> PASS: expect=-485508704.000000000000000000000000 (cde78233), dut=-485508672.000000000000000000000000 (cde78232), rounding_error=0.00000659 % (exp_error = 1.00000000 %)
[Random][ADD]i_32_a=cde782cc (-485513600.000000000000000000000000) + i_32_b=45996bc1 (4909.469238281250000000000000) 	| o_32_s=cde78232 (-485508672.000000000000000000000000) 	 
=> PASS: expect=-485508704.000000000000000000000000 (cde78233), dut=-485508672.000000000000000000000000 (cde78232), rounding_error=0.00000659 % (exp_error = 1.00000000 %)
==========[ Read data from ROM ]==========
[Random][ADD]i_32_a=c1f5cbbf (-30.724485397338867187500000) + i_32_b=c3a1ab3b (-323.337738037109375000000000) 	| o_32_s=c3b107f6 (-354.062194824218750000000000) 	 
=> PASS: expect=-354.062225341796875000000000 (c3b107f7), dut=-354.062194824218750000000000 (c3b107f6), rounding_error=0.00000862 % (exp_error = 1.00000000 %)
[Random][ADD]i_32_a=c3a1ab3b (-323.337738037109375000000000) + i_32_b=c1f5cbbf (-30.724485397338867187500000) 	| o_32_s=c3b107f6 (-354.062194824218750000000000) 	 
=> PASS: expect=-354.062225341796875000000000 (c3b107f7), dut=-354.062194824218750000000000 (c3b107f6), rounding_error=0.00000862 % (exp_error = 1.00000000 %)
==========[ Read data from ROM ]==========
[Random][ADD]i_32_a=c17c9a7f (-15.787718772888183593750000) + i_32_b=cb9e0c81 (-20715778.000000000000000000000000) 	| o_32_s=cb9e0c88 (-20715792.000000000000000000000000) 	 
=> PASS: expect=-20715794.000000000000000000000000 (cb9e0c89), dut=-20715792.000000000000000000000000 (cb9e0c88), rounding_error=0.00000965 % (exp_error = 1.00000000 %)
[Random][ADD]i_32_a=cb9e0c81 (-20715778.000000000000000000000000) + i_32_b=c17c9a7f (-15.787718772888183593750000) 	| o_32_s=cb9e0c88 (-20715792.000000000000000000000000) 	 
=> PASS: expect=-20715794.000000000000000000000000 (cb9e0c89), dut=-20715792.000000000000000000000000 (cb9e0c88), rounding_error=0.00000965 % (exp_error = 1.00000000 %)
==========[ Read data from ROM ]==========
[Random][ADD]i_32_a=cd8e7940 (-298788864.000000000000000000000000) + i_32_b=436c7889 (236.470840454101562500000000) 	| o_32_s=cd8e7938 (-298788608.000000000000000000000000) 	 
=> PASS: expect=-298788640.000000000000000000000000 (cd8e7939), dut=-298788608.000000000000000000000000 (cd8e7938), rounding_error=0.00001071 % (exp_error = 1.00000000 %)
[Random][ADD]i_32_a=436c7889 (236.470840454101562500000000) + i_32_b=cd8e7940 (-298788864.000000000000000000000000) 	| o_32_s=cd8e7938 (-298788608.000000000000000000000000) 	 
=> PASS: expect=-298788640.000000000000000000000000 (cd8e7939), dut=-298788608.000000000000000000000000 (cd8e7938), rounding_error=0.00001071 % (exp_error = 1.00000000 %)
==========[ Read data from ROM ]==========
[Random][ADD]i_32_a=c385ce4e (-267.611755371093750000000000) + i_32_b=c47fa392 (-1022.555786132812500000000000) 	| o_32_s=c4a1455c (-1290.167480468750000000000000) 	 
=> PASS: expect=-1290.167480468750000000000000 (c4a1455c), dut=-1290.167480468750000000000000 (c4a1455c), rounding_error=0.00000000 % (exp_error = 1.00000000 %)
[Random][ADD]i_32_a=c47fa392 (-1022.555786132812500000000000) + i_32_b=c385ce4e (-267.611755371093750000000000) 	| o_32_s=c4a1455c (-1290.167480468750000000000000) 	 
=> PASS: expect=-1290.167480468750000000000000 (c4a1455c), dut=-1290.167480468750000000000000 (c4a1455c), rounding_error=0.00000000 % (exp_error = 1.00000000 %)
==========[ Read data from ROM ]==========
[Random][ADD]i_32_a=4671e0cb (15480.198242187500000000000000) + i_32_b=cba31a34 (-21378152.000000000000000000000000) 	| o_32_s=cba2fbf8 (-21362672.000000000000000000000000) 	 
=> PASS: expect=-21362672.000000000000000000000000 (cba2fbf8), dut=-21362672.000000000000000000000000 (cba2fbf8), rounding_error=0.00000000 % (exp_error = 1.00000000 %)
[Random][ADD]i_32_a=cba31a34 (-21378152.000000000000000000000000) + i_32_b=4671e0cb (15480.198242187500000000000000) 	| o_32_s=cba2fbf8 (-21362672.000000000000000000000000) 	 
=> PASS: expect=-21362672.000000000000000000000000 (cba2fbf8), dut=-21362672.000000000000000000000000 (cba2fbf8), rounding_error=0.00000000 % (exp_error = 1.00000000 %)
==========[ Read data from ROM ]==========
[Random][ADD]i_32_a=442c151f (688.330017089843750000000000) + i_32_b=c3625a44 (-226.352600097656250000000000) 	| o_32_s=43e6fd1c (461.977416992187500000000000) 	 
=> PASS: expect=461.977416992187500000000000 (43e6fd1c), dut=461.977416992187500000000000 (43e6fd1c), rounding_error=0.00000000 % (exp_error = 1.00000000 %)
[Random][ADD]i_32_a=c3625a44 (-226.352600097656250000000000) + i_32_b=442c151f (688.330017089843750000000000) 	| o_32_s=43e6fd1c (461.977416992187500000000000) 	 
=> PASS: expect=461.977416992187500000000000 (43e6fd1c), dut=461.977416992187500000000000 (43e6fd1c), rounding_error=0.00000000 % (exp_error = 1.00000000 %)
==========[ Read data from ROM ]==========
[Random][ADD]i_32_a=43866ba6 (268.841003417968750000000000) + i_32_b=4d9c9a9c (328422272.000000000000000000000000) 	| o_32_s=4d9c9aa4 (328422528.000000000000000000000000) 	 
=> PASS: expect=328422528.000000000000000000000000 (4d9c9aa4), dut=328422528.000000000000000000000000 (4d9c9aa4), rounding_error=0.00000000 % (exp_error = 1.00000000 %)
[Random][ADD]i_32_a=4d9c9a9c (328422272.000000000000000000000000) + i_32_b=43866ba6 (268.841003417968750000000000) 	| o_32_s=4d9c9aa4 (328422528.000000000000000000000000) 	 
=> PASS: expect=328422528.000000000000000000000000 (4d9c9aa4), dut=328422528.000000000000000000000000 (4d9c9aa4), rounding_error=0.00000000 % (exp_error = 1.00000000 %)
==========[ Read data from ROM ]==========
[Random][ADD]i_32_a=c801b56b (-132821.671875000000000000000000) + i_32_b=4bdba8bd (28791162.000000000000000000000000) 	| o_32_s=4bdaa552 (28658340.000000000000000000000000) 	 
=> PASS: expect=28658340.000000000000000000000000 (4bdaa552), dut=28658340.000000000000000000000000 (4bdaa552), rounding_error=0.00000000 % (exp_error = 1.00000000 %)
[Random][ADD]i_32_a=4bdba8bd (28791162.000000000000000000000000) + i_32_b=c801b56b (-132821.671875000000000000000000) 	| o_32_s=4bdaa552 (28658340.000000000000000000000000) 	 
=> PASS: expect=28658340.000000000000000000000000 (4bdaa552), dut=28658340.000000000000000000000000 (4bdaa552), rounding_error=0.00000000 % (exp_error = 1.00000000 %)
==========[ Read data from ROM ]==========
[Random][ADD]i_32_a=c494b970 (-1189.794921875000000000000000) + i_32_b=c6feb821 (-32604.064453125000000000000000) 	| o_32_s=c70401dc (-33793.859375000000000000000000) 	 
=> PASS: expect=-33793.859375000000000000000000 (c70401dc), dut=-33793.859375000000000000000000 (c70401dc), rounding_error=0.00000000 % (exp_error = 1.00000000 %)
[Random][ADD]i_32_a=c6feb821 (-32604.064453125000000000000000) + i_32_b=c494b970 (-1189.794921875000000000000000) 	| o_32_s=c70401dc (-33793.859375000000000000000000) 	 
=> PASS: expect=-33793.859375000000000000000000 (c70401dc), dut=-33793.859375000000000000000000 (c70401dc), rounding_error=0.00000000 % (exp_error = 1.00000000 %)
==========[ Read data from ROM ]==========
[Random][ADD]i_32_a=cdc2975a (-408087360.000000000000000000000000) + i_32_b=cbf35c9d (-31897914.000000000000000000000000) 	| o_32_s=cdd1cd23 (-439985248.000000000000000000000000) 	 
=> PASS: expect=-439985280.000000000000000000000000 (cdd1cd24), dut=-439985248.000000000000000000000000 (cdd1cd23), rounding_error=0.00000727 % (exp_error = 1.00000000 %)
[Random][ADD]i_32_a=cbf35c9d (-31897914.000000000000000000000000) + i_32_b=cdc2975a (-408087360.000000000000000000000000) 	| o_32_s=cdd1cd23 (-439985248.000000000000000000000000) 	 
=> PASS: expect=-439985280.000000000000000000000000 (cdd1cd24), dut=-439985248.000000000000000000000000 (cdd1cd23), rounding_error=0.00000727 % (exp_error = 1.00000000 %)
==========[ Read data from ROM ]==========
[Random][ADD]i_32_a=c9190b2a (-626866.625000000000000000000000) + i_32_b=cc3b25b1 (-49059524.000000000000000000000000) 	| o_32_s=cc3d89de (-49686392.000000000000000000000000) 	 
=> PASS: expect=-49686392.000000000000000000000000 (cc3d89de), dut=-49686392.000000000000000000000000 (cc3d89de), rounding_error=0.00000000 % (exp_error = 1.00000000 %)
[Random][ADD]i_32_a=cc3b25b1 (-49059524.000000000000000000000000) + i_32_b=c9190b2a (-626866.625000000000000000000000) 	| o_32_s=cc3d89de (-49686392.000000000000000000000000) 	 
=> PASS: expect=-49686392.000000000000000000000000 (cc3d89de), dut=-49686392.000000000000000000000000 (cc3d89de), rounding_error=0.00000000 % (exp_error = 1.00000000 %)
==========[ Read data from ROM ]==========
[Random][ADD]i_32_a=428f47f9 (71.640571594238281250000000) + i_32_b=48a55954 (338634.625000000000000000000000) 	| o_32_s=48a56248 (338706.250000000000000000000000) 	 
=> PASS: expect=338706.250000000000000000000000 (48a56248), dut=338706.250000000000000000000000 (48a56248), rounding_error=0.00000000 % (exp_error = 1.00000000 %)
[Random][ADD]i_32_a=48a55954 (338634.625000000000000000000000) + i_32_b=428f47f9 (71.640571594238281250000000) 	| o_32_s=48a56248 (338706.250000000000000000000000) 	 
=> PASS: expect=338706.250000000000000000000000 (48a56248), dut=338706.250000000000000000000000 (48a56248), rounding_error=0.00000000 % (exp_error = 1.00000000 %)
==========[ Read data from ROM ]==========
[Random][ADD]i_32_a=4e5af41a (918357632.000000000000000000000000) + i_32_b=4cc47cb3 (103015832.000000000000000000000000) 	| o_32_s=4e7383b0 (1021373440.000000000000000000000000) 	 
=> PASS: expect=1021373440.000000000000000000000000 (4e7383b0), dut=1021373440.000000000000000000000000 (4e7383b0), rounding_error=0.00000000 % (exp_error = 1.00000000 %)
[Random][ADD]i_32_a=4cc47cb3 (103015832.000000000000000000000000) + i_32_b=4e5af41a (918357632.000000000000000000000000) 	| o_32_s=4e7383b0 (1021373440.000000000000000000000000) 	 
=> PASS: expect=1021373440.000000000000000000000000 (4e7383b0), dut=1021373440.000000000000000000000000 (4e7383b0), rounding_error=0.00000000 % (exp_error = 1.00000000 %)
==========[ Read data from ROM ]==========
[Random][ADD]i_32_a=c3915017 (-290.625701904296875000000000) + i_32_b=41b6a34d (22.829736709594726562500000) 	| o_32_s=c385e5e2 (-267.795959472656250000000000) 	 
=> PASS: expect=-267.795959472656250000000000 (c385e5e2), dut=-267.795959472656250000000000 (c385e5e2), rounding_error=0.00000000 % (exp_error = 1.00000000 %)
[Random][ADD]i_32_a=41b6a34d (22.829736709594726562500000) + i_32_b=c3915017 (-290.625701904296875000000000) 	| o_32_s=c385e5e2 (-267.795959472656250000000000) 	 
=> PASS: expect=-267.795959472656250000000000 (c385e5e2), dut=-267.795959472656250000000000 (c385e5e2), rounding_error=0.00000000 % (exp_error = 1.00000000 %)
==========[ Read data from ROM ]==========
[Random][ADD]i_32_a=c57b10ba (-4017.045410156250000000000000) + i_32_b=47f8b67a (127340.953125000000000000000000) 	| o_32_s=47f0ddf4 (123323.906250000000000000000000) 	 
=> PASS: expect=123323.906250000000000000000000 (47f0ddf4), dut=123323.906250000000000000000000 (47f0ddf4), rounding_error=0.00000000 % (exp_error = 1.00000000 %)
[Random][ADD]i_32_a=47f8b67a (127340.953125000000000000000000) + i_32_b=c57b10ba (-4017.045410156250000000000000) 	| o_32_s=47f0ddf4 (123323.906250000000000000000000) 	 
=> PASS: expect=123323.906250000000000000000000 (47f0ddf4), dut=123323.906250000000000000000000 (47f0ddf4), rounding_error=0.00000000 % (exp_error = 1.00000000 %)
==========[ Read data from ROM ]==========
[Random][ADD]i_32_a=48bd2f81 (387452.031250000000000000000000) + i_32_b=c216606d (-37.594165802001953125000000) 	| o_32_s=48bd2ace (387414.437500000000000000000000) 	 
=> PASS: expect=387414.437500000000000000000000 (48bd2ace), dut=387414.437500000000000000000000 (48bd2ace), rounding_error=0.00000000 % (exp_error = 1.00000000 %)
[Random][ADD]i_32_a=c216606d (-37.594165802001953125000000) + i_32_b=48bd2f81 (387452.031250000000000000000000) 	| o_32_s=48bd2ace (387414.437500000000000000000000) 	 
=> PASS: expect=387414.437500000000000000000000 (48bd2ace), dut=387414.437500000000000000000000 (48bd2ace), rounding_error=0.00000000 % (exp_error = 1.00000000 %)
==========[ Read data from ROM ]==========
[Random][ADD]i_32_a=cc840f1b (-69236952.000000000000000000000000) + i_32_b=4e2891eb (707033792.000000000000000000000000) 	| o_32_s=4e181007 (637796800.000000000000000000000000) 	 
=> PASS: expect=637796864.000000000000000000000000 (4e181008), dut=637796800.000000000000000000000000 (4e181007), rounding_error=0.00001003 % (exp_error = 1.00000000 %)
[Random][ADD]i_32_a=4e2891eb (707033792.000000000000000000000000) + i_32_b=cc840f1b (-69236952.000000000000000000000000) 	| o_32_s=4e181007 (637796800.000000000000000000000000) 	 
=> PASS: expect=637796864.000000000000000000000000 (4e181008), dut=637796800.000000000000000000000000 (4e181007), rounding_error=0.00001003 % (exp_error = 1.00000000 %)
==========[ Read data from ROM ]==========
[Random][ADD]i_32_a=4c3a3ab5 (48818900.000000000000000000000000) + i_32_b=c3000617 (-128.023788452148437500000000) 	| o_32_s=4c3a3a95 (48818772.000000000000000000000000) 	 
=> PASS: expect=48818772.000000000000000000000000 (4c3a3a95), dut=48818772.000000000000000000000000 (4c3a3a95), rounding_error=0.00000000 % (exp_error = 1.00000000 %)
[Random][ADD]i_32_a=c3000617 (-128.023788452148437500000000) + i_32_b=4c3a3ab5 (48818900.000000000000000000000000) 	| o_32_s=4c3a3a95 (48818772.000000000000000000000000) 	 
=> PASS: expect=48818772.000000000000000000000000 (4c3a3a95), dut=48818772.000000000000000000000000 (4c3a3a95), rounding_error=0.00000000 % (exp_error = 1.00000000 %)
==========[ Read data from ROM ]==========
[Random][ADD]i_32_a=49375177 (750871.437500000000000000000000) + i_32_b=42b56781 (90.702156066894531250000000) 	| o_32_s=49375723 (750962.187500000000000000000000) 	 
=> PASS: expect=750962.125000000000000000000000 (49375722), dut=750962.187500000000000000000000 (49375723), rounding_error=0.00000832 % (exp_error = 1.00000000 %)
[Random][ADD]i_32_a=42b56781 (90.702156066894531250000000) + i_32_b=49375177 (750871.437500000000000000000000) 	| o_32_s=49375723 (750962.187500000000000000000000) 	 
=> PASS: expect=750962.125000000000000000000000 (49375722), dut=750962.187500000000000000000000 (49375723), rounding_error=0.00000832 % (exp_error = 1.00000000 %)
==========[ Read data from ROM ]==========
[Random][ADD]i_32_a=47015981 (33113.503906250000000000000000) + i_32_b=c3f2f033 (-485.876556396484375000000000) 	| o_32_s=46fee741 (32627.626953125000000000000000) 	 
=> PASS: expect=32627.626953125000000000000000 (46fee741), dut=32627.626953125000000000000000 (46fee741), rounding_error=0.00000000 % (exp_error = 1.00000000 %)
[Random][ADD]i_32_a=c3f2f033 (-485.876556396484375000000000) + i_32_b=47015981 (33113.503906250000000000000000) 	| o_32_s=46fee741 (32627.626953125000000000000000) 	 
=> PASS: expect=32627.626953125000000000000000 (46fee741), dut=32627.626953125000000000000000 (46fee741), rounding_error=0.00000000 % (exp_error = 1.00000000 %)
==========[ Read data from ROM ]==========
[Random][ADD]i_32_a=ca5723cb (-3524850.750000000000000000000000) + i_32_b=42719a23 (60.400524139404296875000000) 	| o_32_s=ca5722da (-3524790.500000000000000000000000) 	 
=> PASS: expect=-3524790.250000000000000000000000 (ca5722d9), dut=-3524790.500000000000000000000000 (ca5722da), rounding_error=0.00000709 % (exp_error = 1.00000000 %)
[Random][ADD]i_32_a=42719a23 (60.400524139404296875000000) + i_32_b=ca5723cb (-3524850.750000000000000000000000) 	| o_32_s=ca5722da (-3524790.500000000000000000000000) 	 
=> PASS: expect=-3524790.250000000000000000000000 (ca5722d9), dut=-3524790.500000000000000000000000 (ca5722da), rounding_error=0.00000709 % (exp_error = 1.00000000 %)
==========[ Read data from ROM ]==========
[Random][ADD]i_32_a=c5c7d9fe (-6395.249023437500000000000000) + i_32_b=477466fb (62566.980468750000000000000000) 	| o_32_s=475b6bbb (56171.730468750000000000000000) 	 
=> PASS: expect=56171.730468750000000000000000 (475b6bbb), dut=56171.730468750000000000000000 (475b6bbb), rounding_error=0.00000000 % (exp_error = 1.00000000 %)
[Random][ADD]i_32_a=477466fb (62566.980468750000000000000000) + i_32_b=c5c7d9fe (-6395.249023437500000000000000) 	| o_32_s=475b6bbb (56171.730468750000000000000000) 	 
=> PASS: expect=56171.730468750000000000000000 (475b6bbb), dut=56171.730468750000000000000000 (475b6bbb), rounding_error=0.00000000 % (exp_error = 1.00000000 %)
==========[ Read data from ROM ]==========
[Random][ADD]i_32_a=c9fe75c9 (-2084537.125000000000000000000000) + i_32_b=c2aebf80 (-87.374023437500000000000000) 	| o_32_s=c9fe7883 (-2084624.375000000000000000000000) 	 
=> PASS: expect=-2084624.500000000000000000000000 (c9fe7884), dut=-2084624.375000000000000000000000 (c9fe7883), rounding_error=0.00000600 % (exp_error = 1.00000000 %)
[Random][ADD]i_32_a=c2aebf80 (-87.374023437500000000000000) + i_32_b=c9fe75c9 (-2084537.125000000000000000000000) 	| o_32_s=c9fe7883 (-2084624.375000000000000000000000) 	 
=> PASS: expect=-2084624.500000000000000000000000 (c9fe7884), dut=-2084624.375000000000000000000000 (c9fe7883), rounding_error=0.00000600 % (exp_error = 1.00000000 %)
==========[ Read data from ROM ]==========
[Random][ADD]i_32_a=c99916cb (-1254105.375000000000000000000000) + i_32_b=47db66fd (112333.976562500000000000000000) 	| o_32_s=c98b605b (-1141771.375000000000000000000000) 	 
=> PASS: expect=-1141771.375000000000000000000000 (c98b605b), dut=-1141771.375000000000000000000000 (c98b605b), rounding_error=0.00000000 % (exp_error = 1.00000000 %)
[Random][ADD]i_32_a=47db66fd (112333.976562500000000000000000) + i_32_b=c99916cb (-1254105.375000000000000000000000) 	| o_32_s=c98b605b (-1141771.375000000000000000000000) 	 
=> PASS: expect=-1141771.375000000000000000000000 (c98b605b), dut=-1141771.375000000000000000000000 (c98b605b), rounding_error=0.00000000 % (exp_error = 1.00000000 %)
==========[ Read data from ROM ]==========
[Random][ADD]i_32_a=c48b8130 (-1116.037109375000000000000000) + i_32_b=4b58ae56 (14200406.000000000000000000000000) 	| o_32_s=4b58a9fa (14199290.000000000000000000000000) 	 
=> PASS: expect=14199290.000000000000000000000000 (4b58a9fa), dut=14199290.000000000000000000000000 (4b58a9fa), rounding_error=0.00000000 % (exp_error = 1.00000000 %)
[Random][ADD]i_32_a=4b58ae56 (14200406.000000000000000000000000) + i_32_b=c48b8130 (-1116.037109375000000000000000) 	| o_32_s=4b58a9fa (14199290.000000000000000000000000) 	 
=> PASS: expect=14199290.000000000000000000000000 (4b58a9fa), dut=14199290.000000000000000000000000 (4b58a9fa), rounding_error=0.00000000 % (exp_error = 1.00000000 %)
==========[ Read data from ROM ]==========
[Random][ADD]i_32_a=44c55fe6 (1578.996826171875000000000000) + i_32_b=c6005a8a (-8214.634765625000000000000000) 	| o_32_s=c5cf5d1a (-6635.637695312500000000000000) 	 
=> PASS: expect=-6635.637695312500000000000000 (c5cf5d1a), dut=-6635.637695312500000000000000 (c5cf5d1a), rounding_error=0.00000000 % (exp_error = 1.00000000 %)
[Random][ADD]i_32_a=c6005a8a (-8214.634765625000000000000000) + i_32_b=44c55fe6 (1578.996826171875000000000000) 	| o_32_s=c5cf5d1a (-6635.637695312500000000000000) 	 
=> PASS: expect=-6635.637695312500000000000000 (c5cf5d1a), dut=-6635.637695312500000000000000 (c5cf5d1a), rounding_error=0.00000000 % (exp_error = 1.00000000 %)
==========[ Read data from ROM ]==========
[Random][ADD]i_32_a=4e062bfe (562757504.000000000000000000000000) + i_32_b=c3f8cb86 (-497.590026855468750000000000) 	| o_32_s=4e062bf6 (562756992.000000000000000000000000) 	 
=> PASS: expect=562756992.000000000000000000000000 (4e062bf6), dut=562756992.000000000000000000000000 (4e062bf6), rounding_error=0.00000000 % (exp_error = 1.00000000 %)
[Random][ADD]i_32_a=c3f8cb86 (-497.590026855468750000000000) + i_32_b=4e062bfe (562757504.000000000000000000000000) 	| o_32_s=4e062bf6 (562756992.000000000000000000000000) 	 
=> PASS: expect=562756992.000000000000000000000000 (4e062bf6), dut=562756992.000000000000000000000000 (4e062bf6), rounding_error=0.00000000 % (exp_error = 1.00000000 %)
==========[ Read data from ROM ]==========
[Random][ADD]i_32_a=cbc1e658 (-25414832.000000000000000000000000) + i_32_b=c5d1d6b7 (-6714.839355468750000000000000) 	| o_32_s=cbc1f375 (-25421546.000000000000000000000000) 	 
=> PASS: expect=-25421546.000000000000000000000000 (cbc1f375), dut=-25421546.000000000000000000000000 (cbc1f375), rounding_error=0.00000000 % (exp_error = 1.00000000 %)
[Random][ADD]i_32_a=c5d1d6b7 (-6714.839355468750000000000000) + i_32_b=cbc1e658 (-25414832.000000000000000000000000) 	| o_32_s=cbc1f375 (-25421546.000000000000000000000000) 	 
=> PASS: expect=-25421546.000000000000000000000000 (cbc1f375), dut=-25421546.000000000000000000000000 (cbc1f375), rounding_error=0.00000000 % (exp_error = 1.00000000 %)
==========[ Read data from ROM ]==========
[Random][ADD]i_32_a=cc281bfe (-44068856.000000000000000000000000) + i_32_b=46d5a887 (27348.263671875000000000000000) 	| o_32_s=cc280149 (-44041508.000000000000000000000000) 	 
=> PASS: expect=-44041508.000000000000000000000000 (cc280149), dut=-44041508.000000000000000000000000 (cc280149), rounding_error=0.00000000 % (exp_error = 1.00000000 %)
[Random][ADD]i_32_a=46d5a887 (27348.263671875000000000000000) + i_32_b=cc281bfe (-44068856.000000000000000000000000) 	| o_32_s=cc280149 (-44041508.000000000000000000000000) 	 
=> PASS: expect=-44041508.000000000000000000000000 (cc280149), dut=-44041508.000000000000000000000000 (cc280149), rounding_error=0.00000000 % (exp_error = 1.00000000 %)
==========[ Read data from ROM ]==========
[Random][ADD]i_32_a=4196e0e6 (18.859813690185546875000000) + i_32_b=46b69163 (23368.693359375000000000000000) 	| o_32_s=46b6b71c (23387.554687500000000000000000) 	 
=> PASS: expect=23387.552734375000000000000000 (46b6b71b), dut=23387.554687500000000000000000 (46b6b71c), rounding_error=0.00000835 % (exp_error = 1.00000000 %)
[Random][ADD]i_32_a=46b69163 (23368.693359375000000000000000) + i_32_b=4196e0e6 (18.859813690185546875000000) 	| o_32_s=46b6b71c (23387.554687500000000000000000) 	 
=> PASS: expect=23387.552734375000000000000000 (46b6b71b), dut=23387.554687500000000000000000 (46b6b71c), rounding_error=0.00000835 % (exp_error = 1.00000000 %)
==========[ Read data from ROM ]==========
[Random][ADD]i_32_a=441e4881 (633.132873535156250000000000) + i_32_b=cb875d80 (-17742592.000000000000000000000000) 	| o_32_s=cb875c44 (-17741960.000000000000000000000000) 	 
=> PASS: expect=-17741958.000000000000000000000000 (cb875c43), dut=-17741960.000000000000000000000000 (cb875c44), rounding_error=0.00001127 % (exp_error = 1.00000000 %)
[Random][ADD]i_32_a=cb875d80 (-17742592.000000000000000000000000) + i_32_b=441e4881 (633.132873535156250000000000) 	| o_32_s=cb875c44 (-17741960.000000000000000000000000) 	 
=> PASS: expect=-17741958.000000000000000000000000 (cb875c43), dut=-17741960.000000000000000000000000 (cb875c44), rounding_error=0.00001127 % (exp_error = 1.00000000 %)
==========[ Read data from ROM ]==========
[Random][ADD]i_32_a=cb74ad66 (-16035174.000000000000000000000000) + i_32_b=48d9ad6d (445803.406250000000000000000000) 	| o_32_s=cb6ddffa (-15589370.000000000000000000000000) 	 
=> PASS: expect=-15589371.000000000000000000000000 (cb6ddffb), dut=-15589370.000000000000000000000000 (cb6ddffa), rounding_error=0.00000641 % (exp_error = 1.00000000 %)
[Random][ADD]i_32_a=48d9ad6d (445803.406250000000000000000000) + i_32_b=cb74ad66 (-16035174.000000000000000000000000) 	| o_32_s=cb6ddffa (-15589370.000000000000000000000000) 	 
=> PASS: expect=-15589371.000000000000000000000000 (cb6ddffb), dut=-15589370.000000000000000000000000 (cb6ddffa), rounding_error=0.00000641 % (exp_error = 1.00000000 %)
==========[ Read data from ROM ]==========
[Random][ADD]i_32_a=45ed4229 (7592.270019531250000000000000) + i_32_b=4eee4807 (1998848896.000000000000000000000000) 	| o_32_s=4eee4842 (1998856448.000000000000000000000000) 	 
=> PASS: expect=1998856448.000000000000000000000000 (4eee4842), dut=1998856448.000000000000000000000000 (4eee4842), rounding_error=0.00000000 % (exp_error = 1.00000000 %)
[Random][ADD]i_32_a=4eee4807 (1998848896.000000000000000000000000) + i_32_b=45ed4229 (7592.270019531250000000000000) 	| o_32_s=4eee4842 (1998856448.000000000000000000000000) 	 
=> PASS: expect=1998856448.000000000000000000000000 (4eee4842), dut=1998856448.000000000000000000000000 (4eee4842), rounding_error=0.00000000 % (exp_error = 1.00000000 %)
==========[ Read data from ROM ]==========
[Random][ADD]i_32_a=45ed0712 (7584.883789062500000000000000) + i_32_b=c17660e6 (-15.398656845092773437500000) 	| o_32_s=45ec8be1 (7569.484863281250000000000000) 	 
=> PASS: expect=7569.485351562500000000000000 (45ec8be2), dut=7569.484863281250000000000000 (45ec8be1), rounding_error=0.00000645 % (exp_error = 1.00000000 %)
[Random][ADD]i_32_a=c17660e6 (-15.398656845092773437500000) + i_32_b=45ed0712 (7584.883789062500000000000000) 	| o_32_s=45ec8be1 (7569.484863281250000000000000) 	 
=> PASS: expect=7569.485351562500000000000000 (45ec8be2), dut=7569.484863281250000000000000 (45ec8be1), rounding_error=0.00000645 % (exp_error = 1.00000000 %)
==========[ Read data from ROM ]==========
[Random][ADD]i_32_a=490fef3e (589555.875000000000000000000000) + i_32_b=c8d91022 (-444545.062500000000000000000000) 	| o_32_s=480d9cb4 (145010.812500000000000000000000) 	 
=> PASS: expect=145010.812500000000000000000000 (480d9cb4), dut=145010.812500000000000000000000 (480d9cb4), rounding_error=0.00000000 % (exp_error = 1.00000000 %)
[Random][ADD]i_32_a=c8d91022 (-444545.062500000000000000000000) + i_32_b=490fef3e (589555.875000000000000000000000) 	| o_32_s=480d9cb4 (145010.812500000000000000000000) 	 
=> PASS: expect=145010.812500000000000000000000 (480d9cb4), dut=145010.812500000000000000000000 (480d9cb4), rounding_error=0.00000000 % (exp_error = 1.00000000 %)
==========[ Read data from ROM ]==========
[Random][ADD]i_32_a=cd28507c (-176490432.000000000000000000000000) + i_32_b=49dc5767 (1805036.875000000000000000000000) 	| o_32_s=cd2697cd (-174685392.000000000000000000000000) 	 
=> PASS: expect=-174685392.000000000000000000000000 (cd2697cd), dut=-174685392.000000000000000000000000 (cd2697cd), rounding_error=0.00000000 % (exp_error = 1.00000000 %)
[Random][ADD]i_32_a=49dc5767 (1805036.875000000000000000000000) + i_32_b=cd28507c (-176490432.000000000000000000000000) 	| o_32_s=cd2697cd (-174685392.000000000000000000000000) 	 
=> PASS: expect=-174685392.000000000000000000000000 (cd2697cd), dut=-174685392.000000000000000000000000 (cd2697cd), rounding_error=0.00000000 % (exp_error = 1.00000000 %)
==========[ Read data from ROM ]==========
[Random][ADD]i_32_a=cb7f76a3 (-16742051.000000000000000000000000) + i_32_b=cba7843a (-21956724.000000000000000000000000) 	| o_32_s=cc139fc6 (-38698776.000000000000000000000000) 	 
=> PASS: expect=-38698776.000000000000000000000000 (cc139fc6), dut=-38698776.000000000000000000000000 (cc139fc6), rounding_error=0.00000000 % (exp_error = 1.00000000 %)
[Random][ADD]i_32_a=cba7843a (-21956724.000000000000000000000000) + i_32_b=cb7f76a3 (-16742051.000000000000000000000000) 	| o_32_s=cc139fc6 (-38698776.000000000000000000000000) 	 
=> PASS: expect=-38698776.000000000000000000000000 (cc139fc6), dut=-38698776.000000000000000000000000 (cc139fc6), rounding_error=0.00000000 % (exp_error = 1.00000000 %)
==========[ Read data from ROM ]==========
[Random][ADD]i_32_a=419c1343 (19.509405136108398437500000) + i_32_b=c7031604 (-33558.015625000000000000000000) 	| o_32_s=c7030281 (-33538.503906250000000000000000) 	 
=> PASS: expect=-33538.507812500000000000000000 (c7030282), dut=-33538.503906250000000000000000 (c7030281), rounding_error=0.00001165 % (exp_error = 1.00000000 %)
[Random][ADD]i_32_a=c7031604 (-33558.015625000000000000000000) + i_32_b=419c1343 (19.509405136108398437500000) 	| o_32_s=c7030281 (-33538.503906250000000000000000) 	 
=> PASS: expect=-33538.507812500000000000000000 (c7030282), dut=-33538.503906250000000000000000 (c7030281), rounding_error=0.00001165 % (exp_error = 1.00000000 %)
==========[ Read data from ROM ]==========
[Random][ADD]i_32_a=4da69ce0 (349412352.000000000000000000000000) + i_32_b=45040404 (2112.250976562500000000000000) 	| o_32_s=4da69d22 (349414464.000000000000000000000000) 	 
=> PASS: expect=349414464.000000000000000000000000 (4da69d22), dut=349414464.000000000000000000000000 (4da69d22), rounding_error=0.00000000 % (exp_error = 1.00000000 %)
[Random][ADD]i_32_a=45040404 (2112.250976562500000000000000) + i_32_b=4da69ce0 (349412352.000000000000000000000000) 	| o_32_s=4da69d22 (349414464.000000000000000000000000) 	 
=> PASS: expect=349414464.000000000000000000000000 (4da69d22), dut=349414464.000000000000000000000000 (4da69d22), rounding_error=0.00000000 % (exp_error = 1.00000000 %)
==========[ Read data from ROM ]==========
[Random][ADD]i_32_a=4d7a0d6e (262199008.000000000000000000000000) + i_32_b=45e13b77 (7207.433105468750000000000000) 	| o_32_s=4d7a0f30 (262206208.000000000000000000000000) 	 
=> PASS: expect=262206208.000000000000000000000000 (4d7a0f30), dut=262206208.000000000000000000000000 (4d7a0f30), rounding_error=0.00000000 % (exp_error = 1.00000000 %)
[Random][ADD]i_32_a=45e13b77 (7207.433105468750000000000000) + i_32_b=4d7a0d6e (262199008.000000000000000000000000) 	| o_32_s=4d7a0f30 (262206208.000000000000000000000000) 	 
=> PASS: expect=262206208.000000000000000000000000 (4d7a0f30), dut=262206208.000000000000000000000000 (4d7a0f30), rounding_error=0.00000000 % (exp_error = 1.00000000 %)
==========[ Read data from ROM ]==========
[Random][ADD]i_32_a=4de74242 (484984896.000000000000000000000000) + i_32_b=c6562228 (-13704.539062500000000000000000) 	| o_32_s=4de74096 (484971200.000000000000000000000000) 	 
=> PASS: expect=484971200.000000000000000000000000 (4de74096), dut=484971200.000000000000000000000000 (4de74096), rounding_error=0.00000000 % (exp_error = 1.00000000 %)
[Random][ADD]i_32_a=c6562228 (-13704.539062500000000000000000) + i_32_b=4de74242 (484984896.000000000000000000000000) 	| o_32_s=4de74096 (484971200.000000000000000000000000) 	 
=> PASS: expect=484971200.000000000000000000000000 (4de74096), dut=484971200.000000000000000000000000 (4de74096), rounding_error=0.00000000 % (exp_error = 1.00000000 %)
==========[ Read data from ROM ]==========
[Random][ADD]i_32_a=4b69ac78 (15314040.000000000000000000000000) + i_32_b=471d9743 (40343.261718750000000000000000) 	| o_32_s=4b6a4a10 (15354384.000000000000000000000000) 	 
=> PASS: expect=15354383.000000000000000000000000 (4b6a4a0f), dut=15354384.000000000000000000000000 (4b6a4a10), rounding_error=0.00000651 % (exp_error = 1.00000000 %)
[Random][ADD]i_32_a=471d9743 (40343.261718750000000000000000) + i_32_b=4b69ac78 (15314040.000000000000000000000000) 	| o_32_s=4b6a4a10 (15354384.000000000000000000000000) 	 
=> PASS: expect=15354383.000000000000000000000000 (4b6a4a0f), dut=15354384.000000000000000000000000 (4b6a4a10), rounding_error=0.00000651 % (exp_error = 1.00000000 %)
==========[ Read data from ROM ]==========
[Random][ADD]i_32_a=481eedab (162742.671875000000000000000000) + i_32_b=4e7136d2 (1011725440.000000000000000000000000) 	| o_32_s=4e7140c0 (1011888128.000000000000000000000000) 	 
=> PASS: expect=1011888192.000000000000000000000000 (4e7140c1), dut=1011888128.000000000000000000000000 (4e7140c0), rounding_error=0.00000632 % (exp_error = 1.00000000 %)
[Random][ADD]i_32_a=4e7136d2 (1011725440.000000000000000000000000) + i_32_b=481eedab (162742.671875000000000000000000) 	| o_32_s=4e7140c0 (1011888128.000000000000000000000000) 	 
=> PASS: expect=1011888192.000000000000000000000000 (4e7140c1), dut=1011888128.000000000000000000000000 (4e7140c0), rounding_error=0.00000632 % (exp_error = 1.00000000 %)
==========[ Read data from ROM ]==========
[Random][ADD]i_32_a=4eed2a61 (1989488768.000000000000000000000000) + i_32_b=4927bcc7 (687052.437500000000000000000000) 	| o_32_s=4eed3f59 (1990175872.000000000000000000000000) 	 
=> PASS: expect=1990175872.000000000000000000000000 (4eed3f59), dut=1990175872.000000000000000000000000 (4eed3f59), rounding_error=0.00000000 % (exp_error = 1.00000000 %)
[Random][ADD]i_32_a=4927bcc7 (687052.437500000000000000000000) + i_32_b=4eed2a61 (1989488768.000000000000000000000000) 	| o_32_s=4eed3f59 (1990175872.000000000000000000000000) 	 
=> PASS: expect=1990175872.000000000000000000000000 (4eed3f59), dut=1990175872.000000000000000000000000 (4eed3f59), rounding_error=0.00000000 % (exp_error = 1.00000000 %)
==========[ Read data from ROM ]==========
[Random][ADD]i_32_a=c1594589 (-13.579476356506347656250000) + i_32_b=4ad41e0f (6950663.500000000000000000000000) 	| o_32_s=4ad41df4 (6950650.000000000000000000000000) 	 
=> PASS: expect=6950650.000000000000000000000000 (4ad41df4), dut=6950650.000000000000000000000000 (4ad41df4), rounding_error=0.00000000 % (exp_error = 1.00000000 %)
[Random][ADD]i_32_a=4ad41e0f (6950663.500000000000000000000000) + i_32_b=c1594589 (-13.579476356506347656250000) 	| o_32_s=4ad41df4 (6950650.000000000000000000000000) 	 
=> PASS: expect=6950650.000000000000000000000000 (4ad41df4), dut=6950650.000000000000000000000000 (4ad41df4), rounding_error=0.00000000 % (exp_error = 1.00000000 %)
==========[ Read data from ROM ]==========
[Random][ADD]i_32_a=ce7d5ff8 (-1062731264.000000000000000000000000) + i_32_b=4746d92e (50905.179687500000000000000000) 	| o_32_s=ce7d5cdc (-1062680320.000000000000000000000000) 	 
=> PASS: expect=-1062680384.000000000000000000000000 (ce7d5cdd), dut=-1062680320.000000000000000000000000 (ce7d5cdc), rounding_error=0.00000602 % (exp_error = 1.00000000 %)
[Random][ADD]i_32_a=4746d92e (50905.179687500000000000000000) + i_32_b=ce7d5ff8 (-1062731264.000000000000000000000000) 	| o_32_s=ce7d5cdc (-1062680320.000000000000000000000000) 	 
=> PASS: expect=-1062680384.000000000000000000000000 (ce7d5cdd), dut=-1062680320.000000000000000000000000 (ce7d5cdc), rounding_error=0.00000602 % (exp_error = 1.00000000 %)
==========[ Read data from ROM ]==========
[Random][ADD]i_32_a=c73c159a (-48149.601562500000000000000000) + i_32_b=c24551c3 (-49.329845428466796875000000) 	| o_32_s=c73c46ee (-48198.929687500000000000000000) 	 
=> PASS: expect=-48198.929687500000000000000000 (c73c46ee), dut=-48198.929687500000000000000000 (c73c46ee), rounding_error=0.00000000 % (exp_error = 1.00000000 %)
[Random][ADD]i_32_a=c24551c3 (-49.329845428466796875000000) + i_32_b=c73c159a (-48149.601562500000000000000000) 	| o_32_s=c73c46ee (-48198.929687500000000000000000) 	 
=> PASS: expect=-48198.929687500000000000000000 (c73c46ee), dut=-48198.929687500000000000000000 (c73c46ee), rounding_error=0.00000000 % (exp_error = 1.00000000 %)
==========[ Read data from ROM ]==========
[Random][ADD]i_32_a=ca120c48 (-2392850.000000000000000000000000) + i_32_b=47a69a10 (85300.125000000000000000000000) 	| o_32_s=ca0cd777 (-2307549.750000000000000000000000) 	 
=> PASS: expect=-2307550.000000000000000000000000 (ca0cd778), dut=-2307549.750000000000000000000000 (ca0cd777), rounding_error=0.00001083 % (exp_error = 1.00000000 %)
[Random][ADD]i_32_a=47a69a10 (85300.125000000000000000000000) + i_32_b=ca120c48 (-2392850.000000000000000000000000) 	| o_32_s=ca0cd777 (-2307549.750000000000000000000000) 	 
=> PASS: expect=-2307550.000000000000000000000000 (ca0cd778), dut=-2307549.750000000000000000000000 (ca0cd777), rounding_error=0.00001083 % (exp_error = 1.00000000 %)
==========[ Read data from ROM ]==========
[Random][ADD]i_32_a=4b229ec9 (10657481.000000000000000000000000) + i_32_b=4289f90f (68.986442565917968750000000) 	| o_32_s=4b229f0d (10657549.000000000000000000000000) 	 
=> PASS: expect=10657550.000000000000000000000000 (4b229f0e), dut=10657549.000000000000000000000000 (4b229f0d), rounding_error=0.00000938 % (exp_error = 1.00000000 %)
[Random][ADD]i_32_a=4289f90f (68.986442565917968750000000) + i_32_b=4b229ec9 (10657481.000000000000000000000000) 	| o_32_s=4b229f0d (10657549.000000000000000000000000) 	 
=> PASS: expect=10657550.000000000000000000000000 (4b229f0e), dut=10657549.000000000000000000000000 (4b229f0d), rounding_error=0.00000938 % (exp_error = 1.00000000 %)
==========[ Read data from ROM ]==========
[Random][ADD]i_32_a=4697565c (19371.179687500000000000000000) + i_32_b=4b66a568 (15115624.000000000000000000000000) 	| o_32_s=4b66f114 (15134996.000000000000000000000000) 	 
=> PASS: expect=15134995.000000000000000000000000 (4b66f113), dut=15134996.000000000000000000000000 (4b66f114), rounding_error=0.00000661 % (exp_error = 1.00000000 %)
[Random][ADD]i_32_a=4b66a568 (15115624.000000000000000000000000) + i_32_b=4697565c (19371.179687500000000000000000) 	| o_32_s=4b66f114 (15134996.000000000000000000000000) 	 
=> PASS: expect=15134995.000000000000000000000000 (4b66f113), dut=15134996.000000000000000000000000 (4b66f114), rounding_error=0.00000661 % (exp_error = 1.00000000 %)
==========[ Read data from ROM ]==========
[Random][ADD]i_32_a=49d42f4c (1738217.500000000000000000000000) + i_32_b=429112ab (72.536460876464843750000000) 	| o_32_s=49d43191 (1738290.125000000000000000000000) 	 
=> PASS: expect=1738290.000000000000000000000000 (49d43190), dut=1738290.125000000000000000000000 (49d43191), rounding_error=0.00000719 % (exp_error = 1.00000000 %)
[Random][ADD]i_32_a=429112ab (72.536460876464843750000000) + i_32_b=49d42f4c (1738217.500000000000000000000000) 	| o_32_s=49d43191 (1738290.125000000000000000000000) 	 
=> PASS: expect=1738290.000000000000000000000000 (49d43190), dut=1738290.125000000000000000000000 (49d43191), rounding_error=0.00000719 % (exp_error = 1.00000000 %)
==========[ Read data from ROM ]==========
[Random][ADD]i_32_a=4a1d4769 (2576858.250000000000000000000000) + i_32_b=4599d662 (4922.797851562500000000000000) 	| o_32_s=4a1d9455 (2581781.250000000000000000000000) 	 
=> PASS: expect=2581781.000000000000000000000000 (4a1d9454), dut=2581781.250000000000000000000000 (4a1d9455), rounding_error=0.00000968 % (exp_error = 1.00000000 %)
[Random][ADD]i_32_a=4599d662 (4922.797851562500000000000000) + i_32_b=4a1d4769 (2576858.250000000000000000000000) 	| o_32_s=4a1d9455 (2581781.250000000000000000000000) 	 
=> PASS: expect=2581781.000000000000000000000000 (4a1d9454), dut=2581781.250000000000000000000000 (4a1d9455), rounding_error=0.00000968 % (exp_error = 1.00000000 %)
==========[ Read data from ROM ]==========
[Random][ADD]i_32_a=41c67d4d (24.811182022094726562500000) + i_32_b=c7b42514 (-92234.156250000000000000000000) 	| o_32_s=c7b418ac (-92209.343750000000000000000000) 	 
=> PASS: expect=-92209.343750000000000000000000 (c7b418ac), dut=-92209.343750000000000000000000 (c7b418ac), rounding_error=0.00000000 % (exp_error = 1.00000000 %)
[Random][ADD]i_32_a=c7b42514 (-92234.156250000000000000000000) + i_32_b=41c67d4d (24.811182022094726562500000) 	| o_32_s=c7b418ac (-92209.343750000000000000000000) 	 
=> PASS: expect=-92209.343750000000000000000000 (c7b418ac), dut=-92209.343750000000000000000000 (c7b418ac), rounding_error=0.00000000 % (exp_error = 1.00000000 %)
==========[ Read data from ROM ]==========
[Random][ADD]i_32_a=438f067a (286.050598144531250000000000) + i_32_b=437206a3 (242.025924682617187500000000) 	| o_32_s=440404e6 (528.076538085937500000000000) 	 
=> PASS: expect=528.076538085937500000000000 (440404e6), dut=528.076538085937500000000000 (440404e6), rounding_error=0.00000000 % (exp_error = 1.00000000 %)
[Random][ADD]i_32_a=437206a3 (242.025924682617187500000000) + i_32_b=438f067a (286.050598144531250000000000) 	| o_32_s=440404e6 (528.076538085937500000000000) 	 
=> PASS: expect=528.076538085937500000000000 (440404e6), dut=528.076538085937500000000000 (440404e6), rounding_error=0.00000000 % (exp_error = 1.00000000 %)
==========[ Read data from ROM ]==========
[Random][ADD]i_32_a=c907a9b1 (-555675.062500000000000000000000) + i_32_b=4a07c122 (2224200.500000000000000000000000) 	| o_32_s=49cbad6b (1668525.375000000000000000000000) 	 
=> PASS: expect=1668525.500000000000000000000000 (49cbad6c), dut=1668525.375000000000000000000000 (49cbad6b), rounding_error=0.00000749 % (exp_error = 1.00000000 %)
[Random][ADD]i_32_a=4a07c122 (2224200.500000000000000000000000) + i_32_b=c907a9b1 (-555675.062500000000000000000000) 	| o_32_s=49cbad6b (1668525.375000000000000000000000) 	 
=> PASS: expect=1668525.500000000000000000000000 (49cbad6c), dut=1668525.375000000000000000000000 (49cbad6b), rounding_error=0.00000749 % (exp_error = 1.00000000 %)
==========[ Read data from ROM ]==========
[Random][ADD]i_32_a=c57c2394 (-4034.223632812500000000000000) + i_32_b=43830b50 (262.088378906250000000000000) 	| o_32_s=c56bc22a (-3772.135253906250000000000000) 	 
=> PASS: expect=-3772.135253906250000000000000 (c56bc22a), dut=-3772.135253906250000000000000 (c56bc22a), rounding_error=0.00000000 % (exp_error = 1.00000000 %)
[Random][ADD]i_32_a=43830b50 (262.088378906250000000000000) + i_32_b=c57c2394 (-4034.223632812500000000000000) 	| o_32_s=c56bc22a (-3772.135253906250000000000000) 	 
=> PASS: expect=-3772.135253906250000000000000 (c56bc22a), dut=-3772.135253906250000000000000 (c56bc22a), rounding_error=0.00000000 % (exp_error = 1.00000000 %)
==========[ Read data from ROM ]==========
[Random][ADD]i_32_a=c4610846 (-900.129272460937500000000000) + i_32_b=479e2c0a (80984.078125000000000000000000) 	| o_32_s=479c69f9 (80083.945312500000000000000000) 	 
=> PASS: expect=80083.945312500000000000000000 (479c69f9), dut=80083.945312500000000000000000 (479c69f9), rounding_error=0.00000000 % (exp_error = 1.00000000 %)
[Random][ADD]i_32_a=479e2c0a (80984.078125000000000000000000) + i_32_b=c4610846 (-900.129272460937500000000000) 	| o_32_s=479c69f9 (80083.945312500000000000000000) 	 
=> PASS: expect=80083.945312500000000000000000 (479c69f9), dut=80083.945312500000000000000000 (479c69f9), rounding_error=0.00000000 % (exp_error = 1.00000000 %)
==========[ Read data from ROM ]==========
[Random][ADD]i_32_a=489bf949 (319434.281250000000000000000000) + i_32_b=488dff3c (290809.875000000000000000000000) 	| o_32_s=4914fc42 (610244.125000000000000000000000) 	 
=> PASS: expect=610244.125000000000000000000000 (4914fc42), dut=610244.125000000000000000000000 (4914fc42), rounding_error=0.00000000 % (exp_error = 1.00000000 %)
[Random][ADD]i_32_a=488dff3c (290809.875000000000000000000000) + i_32_b=489bf949 (319434.281250000000000000000000) 	| o_32_s=4914fc42 (610244.125000000000000000000000) 	 
=> PASS: expect=610244.125000000000000000000000 (4914fc42), dut=610244.125000000000000000000000 (4914fc42), rounding_error=0.00000000 % (exp_error = 1.00000000 %)
==========[ Read data from ROM ]==========
[Random][ADD]i_32_a=c29d939f (-78.788322448730468750000000) + i_32_b=41b3043a (22.377063751220703125000000) 	| o_32_s=c261a521 (-56.411258697509765625000000) 	 
=> PASS: expect=-56.411258697509765625000000 (c261a521), dut=-56.411258697509765625000000 (c261a521), rounding_error=0.00000000 % (exp_error = 1.00000000 %)
[Random][ADD]i_32_a=41b3043a (22.377063751220703125000000) + i_32_b=c29d939f (-78.788322448730468750000000) 	| o_32_s=c261a521 (-56.411258697509765625000000) 	 
=> PASS: expect=-56.411258697509765625000000 (c261a521), dut=-56.411258697509765625000000 (c261a521), rounding_error=0.00000000 % (exp_error = 1.00000000 %)
==========[ Read data from ROM ]==========
[Random][ADD]i_32_a=4d5064dd (218516944.000000000000000000000000) + i_32_b=c8db8e79 (-449651.781250000000000000000000) 	| o_32_s=4d4ff716 (218067296.000000000000000000000000) 	 
=> PASS: expect=218067296.000000000000000000000000 (4d4ff716), dut=218067296.000000000000000000000000 (4d4ff716), rounding_error=0.00000000 % (exp_error = 1.00000000 %)
[Random][ADD]i_32_a=c8db8e79 (-449651.781250000000000000000000) + i_32_b=4d5064dd (218516944.000000000000000000000000) 	| o_32_s=4d4ff716 (218067296.000000000000000000000000) 	 
=> PASS: expect=218067296.000000000000000000000000 (4d4ff716), dut=218067296.000000000000000000000000 (4d4ff716), rounding_error=0.00000000 % (exp_error = 1.00000000 %)
==========[ Read data from ROM ]==========
[Random][ADD]i_32_a=c84d7d62 (-210421.531250000000000000000000) + i_32_b=ce89d65f (-1156263808.000000000000000000000000) 	| o_32_s=ce89dcca (-1156474112.000000000000000000000000) 	 
=> PASS: expect=-1156474240.000000000000000000000000 (ce89dccb), dut=-1156474112.000000000000000000000000 (ce89dcca), rounding_error=0.00001107 % (exp_error = 1.00000000 %)
[Random][ADD]i_32_a=ce89d65f (-1156263808.000000000000000000000000) + i_32_b=c84d7d62 (-210421.531250000000000000000000) 	| o_32_s=ce89dcca (-1156474112.000000000000000000000000) 	 
=> PASS: expect=-1156474240.000000000000000000000000 (ce89dccb), dut=-1156474112.000000000000000000000000 (ce89dcca), rounding_error=0.00001107 % (exp_error = 1.00000000 %)
==========[ Read data from ROM ]==========
[Random][ADD]i_32_a=c5e5654b (-7340.661621093750000000000000) + i_32_b=4a8249de (4269295.000000000000000000000000) 	| o_32_s=4a821084 (4261954.000000000000000000000000) 	 
=> PASS: expect=4261954.500000000000000000000000 (4a821085), dut=4261954.000000000000000000000000 (4a821084), rounding_error=0.00001173 % (exp_error = 1.00000000 %)
[Random][ADD]i_32_a=4a8249de (4269295.000000000000000000000000) + i_32_b=c5e5654b (-7340.661621093750000000000000) 	| o_32_s=4a821084 (4261954.000000000000000000000000) 	 
=> PASS: expect=4261954.500000000000000000000000 (4a821085), dut=4261954.000000000000000000000000 (4a821084), rounding_error=0.00001173 % (exp_error = 1.00000000 %)
==========[ Read data from ROM ]==========
[Random][ADD]i_32_a=c6351101 (-11588.250976562500000000000000) + i_32_b=45523dac (3363.854492187500000000000000) 	| o_32_s=c6008196 (-8224.396484375000000000000000) 	 
=> PASS: expect=-8224.396484375000000000000000 (c6008196), dut=-8224.396484375000000000000000 (c6008196), rounding_error=0.00000000 % (exp_error = 1.00000000 %)
[Random][ADD]i_32_a=45523dac (3363.854492187500000000000000) + i_32_b=c6351101 (-11588.250976562500000000000000) 	| o_32_s=c6008196 (-8224.396484375000000000000000) 	 
=> PASS: expect=-8224.396484375000000000000000 (c6008196), dut=-8224.396484375000000000000000 (c6008196), rounding_error=0.00000000 % (exp_error = 1.00000000 %)
==========[ Read data from ROM ]==========
[Random][ADD]i_32_a=c441498d (-773.149230957031250000000000) + i_32_b=cafd66ed (-8303478.500000000000000000000000) 	| o_32_s=cafd6cf8 (-8304252.000000000000000000000000) 	 
=> PASS: expect=-8304251.500000000000000000000000 (cafd6cf7), dut=-8304252.000000000000000000000000 (cafd6cf8), rounding_error=0.00000602 % (exp_error = 1.00000000 %)
[Random][ADD]i_32_a=cafd66ed (-8303478.500000000000000000000000) + i_32_b=c441498d (-773.149230957031250000000000) 	| o_32_s=cafd6cf8 (-8304252.000000000000000000000000) 	 
=> PASS: expect=-8304251.500000000000000000000000 (cafd6cf7), dut=-8304252.000000000000000000000000 (cafd6cf8), rounding_error=0.00000602 % (exp_error = 1.00000000 %)
==========[ Read data from ROM ]==========
[Random][ADD]i_32_a=c5851b03 (-4259.376464843750000000000000) + i_32_b=c306066d (-134.025100708007812500000000) 	| o_32_s=c5894b36 (-4393.401367187500000000000000) 	 
=> PASS: expect=-4393.401367187500000000000000 (c5894b36), dut=-4393.401367187500000000000000 (c5894b36), rounding_error=0.00000000 % (exp_error = 1.00000000 %)
[Random][ADD]i_32_a=c306066d (-134.025100708007812500000000) + i_32_b=c5851b03 (-4259.376464843750000000000000) 	| o_32_s=c5894b36 (-4393.401367187500000000000000) 	 
=> PASS: expect=-4393.401367187500000000000000 (c5894b36), dut=-4393.401367187500000000000000 (c5894b36), rounding_error=0.00000000 % (exp_error = 1.00000000 %)
==========[ Read data from ROM ]==========
[Random][ADD]i_32_a=4d28c6e7 (176975472.000000000000000000000000) + i_32_b=4d2ebb01 (183218192.000000000000000000000000) 	| o_32_s=4dabc0f4 (360193664.000000000000000000000000) 	 
=> PASS: expect=360193664.000000000000000000000000 (4dabc0f4), dut=360193664.000000000000000000000000 (4dabc0f4), rounding_error=0.00000000 % (exp_error = 1.00000000 %)
[Random][ADD]i_32_a=4d2ebb01 (183218192.000000000000000000000000) + i_32_b=4d28c6e7 (176975472.000000000000000000000000) 	| o_32_s=4dabc0f4 (360193664.000000000000000000000000) 	 
=> PASS: expect=360193664.000000000000000000000000 (4dabc0f4), dut=360193664.000000000000000000000000 (4dabc0f4), rounding_error=0.00000000 % (exp_error = 1.00000000 %)
==========[ Read data from ROM ]==========
[Random][ADD]i_32_a=c6ecf788 (-30331.765625000000000000000000) + i_32_b=498907c6 (1122552.750000000000000000000000) 	| o_32_s=498553e8 (1092221.000000000000000000000000) 	 
=> PASS: expect=1092221.000000000000000000000000 (498553e8), dut=1092221.000000000000000000000000 (498553e8), rounding_error=0.00000000 % (exp_error = 1.00000000 %)
[Random][ADD]i_32_a=498907c6 (1122552.750000000000000000000000) + i_32_b=c6ecf788 (-30331.765625000000000000000000) 	| o_32_s=498553e8 (1092221.000000000000000000000000) 	 
=> PASS: expect=1092221.000000000000000000000000 (498553e8), dut=1092221.000000000000000000000000 (498553e8), rounding_error=0.00000000 % (exp_error = 1.00000000 %)
==========[ Read data from ROM ]==========
[Random][ADD]i_32_a=4a121c71 (2393884.250000000000000000000000) + i_32_b=c6476a24 (-12762.535156250000000000000000) 	| o_32_s=4a115507 (2381121.750000000000000000000000) 	 
=> PASS: expect=2381121.750000000000000000000000 (4a115507), dut=2381121.750000000000000000000000 (4a115507), rounding_error=0.00000000 % (exp_error = 1.00000000 %)
[Random][ADD]i_32_a=c6476a24 (-12762.535156250000000000000000) + i_32_b=4a121c71 (2393884.250000000000000000000000) 	| o_32_s=4a115507 (2381121.750000000000000000000000) 	 
=> PASS: expect=2381121.750000000000000000000000 (4a115507), dut=2381121.750000000000000000000000 (4a115507), rounding_error=0.00000000 % (exp_error = 1.00000000 %)
==========[ Read data from ROM ]==========
[Random][ADD]i_32_a=ccd18547 (-109849144.000000000000000000000000) + i_32_b=c79d7e61 (-80636.757812500000000000000000) 	| o_32_s=ccd1aca7 (-109929784.000000000000000000000000) 	 
=> PASS: expect=-109929784.000000000000000000000000 (ccd1aca7), dut=-109929784.000000000000000000000000 (ccd1aca7), rounding_error=0.00000000 % (exp_error = 1.00000000 %)
[Random][ADD]i_32_a=c79d7e61 (-80636.757812500000000000000000) + i_32_b=ccd18547 (-109849144.000000000000000000000000) 	| o_32_s=ccd1aca7 (-109929784.000000000000000000000000) 	 
=> PASS: expect=-109929784.000000000000000000000000 (ccd1aca7), dut=-109929784.000000000000000000000000 (ccd1aca7), rounding_error=0.00000000 % (exp_error = 1.00000000 %)
==========[ Read data from ROM ]==========
[Random][ADD]i_32_a=4c0a50ab (36258476.000000000000000000000000) + i_32_b=4c9cb78b (82164824.000000000000000000000000) 	| o_32_s=4ce1dfe0 (118423296.000000000000000000000000) 	 
=> PASS: expect=118423296.000000000000000000000000 (4ce1dfe0), dut=118423296.000000000000000000000000 (4ce1dfe0), rounding_error=0.00000000 % (exp_error = 1.00000000 %)
[Random][ADD]i_32_a=4c9cb78b (82164824.000000000000000000000000) + i_32_b=4c0a50ab (36258476.000000000000000000000000) 	| o_32_s=4ce1dfe0 (118423296.000000000000000000000000) 	 
=> PASS: expect=118423296.000000000000000000000000 (4ce1dfe0), dut=118423296.000000000000000000000000 (4ce1dfe0), rounding_error=0.00000000 % (exp_error = 1.00000000 %)
==========[ Read data from ROM ]==========
[Random][ADD]i_32_a=c75f3e78 (-57150.468750000000000000000000) + i_32_b=488b5769 (285371.281250000000000000000000) 	| o_32_s=485edf34 (228220.812500000000000000000000) 	 
=> PASS: expect=228220.812500000000000000000000 (485edf34), dut=228220.812500000000000000000000 (485edf34), rounding_error=0.00000000 % (exp_error = 1.00000000 %)
[Random][ADD]i_32_a=488b5769 (285371.281250000000000000000000) + i_32_b=c75f3e78 (-57150.468750000000000000000000) 	| o_32_s=485edf34 (228220.812500000000000000000000) 	 
=> PASS: expect=228220.812500000000000000000000 (485edf34), dut=228220.812500000000000000000000 (485edf34), rounding_error=0.00000000 % (exp_error = 1.00000000 %)
==========[ Read data from ROM ]==========
[Random][ADD]i_32_a=43cf12e3 (414.147552490234375000000000) + i_32_b=c588047d (-4352.561035156250000000000000) 	| o_32_s=c576269d (-3938.413330078125000000000000) 	 
=> PASS: expect=-3938.413574218750000000000000 (c576269e), dut=-3938.413330078125000000000000 (c576269d), rounding_error=0.00000620 % (exp_error = 1.00000000 %)
[Random][ADD]i_32_a=c588047d (-4352.561035156250000000000000) + i_32_b=43cf12e3 (414.147552490234375000000000) 	| o_32_s=c576269d (-3938.413330078125000000000000) 	 
=> PASS: expect=-3938.413574218750000000000000 (c576269e), dut=-3938.413330078125000000000000 (c576269d), rounding_error=0.00000620 % (exp_error = 1.00000000 %)
==========[ Read data from ROM ]==========
[Random][ADD]i_32_a=420708d9 (33.758640289306640625000000) + i_32_b=ce9de8fe (-1324646144.000000000000000000000000) 	| o_32_s=ce9de8fe (-1324646144.000000000000000000000000) 	 
=> PASS: expect=-1324646144.000000000000000000000000 (ce9de8fe), dut=-1324646144.000000000000000000000000 (ce9de8fe), rounding_error=0.00000000 % (exp_error = 1.00000000 %)
[Random][ADD]i_32_a=ce9de8fe (-1324646144.000000000000000000000000) + i_32_b=420708d9 (33.758640289306640625000000) 	| o_32_s=ce9de8fe (-1324646144.000000000000000000000000) 	 
=> PASS: expect=-1324646144.000000000000000000000000 (ce9de8fe), dut=-1324646144.000000000000000000000000 (ce9de8fe), rounding_error=0.00000000 % (exp_error = 1.00000000 %)
==========[ Read data from ROM ]==========
[Random][ADD]i_32_a=cecfc202 (-1742799104.000000000000000000000000) + i_32_b=c54b6932 (-3254.574707031250000000000000) 	| o_32_s=cecfc21b (-1742802304.000000000000000000000000) 	 
=> PASS: expect=-1742802304.000000000000000000000000 (cecfc21b), dut=-1742802304.000000000000000000000000 (cecfc21b), rounding_error=0.00000000 % (exp_error = 1.00000000 %)
[Random][ADD]i_32_a=c54b6932 (-3254.574707031250000000000000) + i_32_b=cecfc202 (-1742799104.000000000000000000000000) 	| o_32_s=cecfc21b (-1742802304.000000000000000000000000) 	 
=> PASS: expect=-1742802304.000000000000000000000000 (cecfc21b), dut=-1742802304.000000000000000000000000 (cecfc21b), rounding_error=0.00000000 % (exp_error = 1.00000000 %)
==========[ Read data from ROM ]==========
[Random][ADD]i_32_a=cb49658e (-13198734.000000000000000000000000) + i_32_b=4b1266d5 (9594581.000000000000000000000000) 	| o_32_s=ca5bfae4 (-3604153.000000000000000000000000) 	 
=> PASS: expect=-3604153.000000000000000000000000 (ca5bfae4), dut=-3604153.000000000000000000000000 (ca5bfae4), rounding_error=0.00000000 % (exp_error = 1.00000000 %)
[Random][ADD]i_32_a=4b1266d5 (9594581.000000000000000000000000) + i_32_b=cb49658e (-13198734.000000000000000000000000) 	| o_32_s=ca5bfae4 (-3604153.000000000000000000000000) 	 
=> PASS: expect=-3604153.000000000000000000000000 (ca5bfae4), dut=-3604153.000000000000000000000000 (ca5bfae4), rounding_error=0.00000000 % (exp_error = 1.00000000 %)
==========[ Read data from ROM ]==========
[Random][ADD]i_32_a=4172174f (15.130690574645996093750000) + i_32_b=cbb3924a (-23536788.000000000000000000000000) 	| o_32_s=cbb39243 (-23536774.000000000000000000000000) 	 
=> PASS: expect=-23536772.000000000000000000000000 (cbb39242), dut=-23536774.000000000000000000000000 (cbb39243), rounding_error=0.00000850 % (exp_error = 1.00000000 %)
[Random][ADD]i_32_a=cbb3924a (-23536788.000000000000000000000000) + i_32_b=4172174f (15.130690574645996093750000) 	| o_32_s=cbb39243 (-23536774.000000000000000000000000) 	 
=> PASS: expect=-23536772.000000000000000000000000 (cbb39242), dut=-23536774.000000000000000000000000 (cbb39243), rounding_error=0.00000850 % (exp_error = 1.00000000 %)
==========[ Read data from ROM ]==========
[Random][ADD]i_32_a=c9203cd3 (-656333.187500000000000000000000) + i_32_b=cd0e98aa (-149523104.000000000000000000000000) 	| o_32_s=cd0f38e6 (-150179424.000000000000000000000000) 	 
=> PASS: expect=-150179440.000000000000000000000000 (cd0f38e7), dut=-150179424.000000000000000000000000 (cd0f38e6), rounding_error=0.00001065 % (exp_error = 1.00000000 %)
[Random][ADD]i_32_a=cd0e98aa (-149523104.000000000000000000000000) + i_32_b=c9203cd3 (-656333.187500000000000000000000) 	| o_32_s=cd0f38e6 (-150179424.000000000000000000000000) 	 
=> PASS: expect=-150179440.000000000000000000000000 (cd0f38e7), dut=-150179424.000000000000000000000000 (cd0f38e6), rounding_error=0.00001065 % (exp_error = 1.00000000 %)
==========[ Read data from ROM ]==========
[Random][ADD]i_32_a=ce9552ad (-1252611712.000000000000000000000000) + i_32_b=4334830d (180.511917114257812500000000) 	| o_32_s=ce9552ab (-1252611456.000000000000000000000000) 	 
=> PASS: expect=-1252611584.000000000000000000000000 (ce9552ac), dut=-1252611456.000000000000000000000000 (ce9552ab), rounding_error=0.00001022 % (exp_error = 1.00000000 %)
[Random][ADD]i_32_a=4334830d (180.511917114257812500000000) + i_32_b=ce9552ad (-1252611712.000000000000000000000000) 	| o_32_s=ce9552ab (-1252611456.000000000000000000000000) 	 
=> PASS: expect=-1252611584.000000000000000000000000 (ce9552ac), dut=-1252611456.000000000000000000000000 (ce9552ab), rounding_error=0.00001022 % (exp_error = 1.00000000 %)
==========[ Read data from ROM ]==========
[Random][ADD]i_32_a=4782a84f (66896.617187500000000000000000) + i_32_b=c3418db3 (-193.553512573242187500000000) 	| o_32_s=47824788 (66703.062500000000000000000000) 	 
=> PASS: expect=66703.062500000000000000000000 (47824788), dut=66703.062500000000000000000000 (47824788), rounding_error=0.00000000 % (exp_error = 1.00000000 %)
[Random][ADD]i_32_a=c3418db3 (-193.553512573242187500000000) + i_32_b=4782a84f (66896.617187500000000000000000) 	| o_32_s=47824788 (66703.062500000000000000000000) 	 
=> PASS: expect=66703.062500000000000000000000 (47824788), dut=66703.062500000000000000000000 (47824788), rounding_error=0.00000000 % (exp_error = 1.00000000 %)
==========[ Read data from ROM ]==========
[Random][ADD]i_32_a=487fb92a (261860.656250000000000000000000) + i_32_b=cb8e8ae5 (-18683338.000000000000000000000000) 	| o_32_s=cb8c8b72 (-18421476.000000000000000000000000) 	 
=> PASS: expect=-18421478.000000000000000000000000 (cb8c8b73), dut=-18421476.000000000000000000000000 (cb8c8b72), rounding_error=0.00001086 % (exp_error = 1.00000000 %)
[Random][ADD]i_32_a=cb8e8ae5 (-18683338.000000000000000000000000) + i_32_b=487fb92a (261860.656250000000000000000000) 	| o_32_s=cb8c8b72 (-18421476.000000000000000000000000) 	 
=> PASS: expect=-18421478.000000000000000000000000 (cb8c8b73), dut=-18421476.000000000000000000000000 (cb8c8b72), rounding_error=0.00001086 % (exp_error = 1.00000000 %)
==========[ Read data from ROM ]==========
[Random][ADD]i_32_a=481106c6 (148507.093750000000000000000000) + i_32_b=c21be854 (-38.976882934570312500000000) 	| o_32_s=4810fd07 (148468.109375000000000000000000) 	 
=> PASS: expect=148468.109375000000000000000000 (4810fd07), dut=148468.109375000000000000000000 (4810fd07), rounding_error=0.00000000 % (exp_error = 1.00000000 %)
[Random][ADD]i_32_a=c21be854 (-38.976882934570312500000000) + i_32_b=481106c6 (148507.093750000000000000000000) 	| o_32_s=4810fd07 (148468.109375000000000000000000) 	 
=> PASS: expect=148468.109375000000000000000000 (4810fd07), dut=148468.109375000000000000000000 (4810fd07), rounding_error=0.00000000 % (exp_error = 1.00000000 %)
==========[ Read data from ROM ]==========
[Random][ADD]i_32_a=c804d77e (-136029.968750000000000000000000) + i_32_b=c29dcf63 (-78.905052185058593750000000) 	| o_32_s=c804eb37 (-136108.859375000000000000000000) 	 
=> PASS: expect=-136108.875000000000000000000000 (c804eb38), dut=-136108.859375000000000000000000 (c804eb37), rounding_error=0.00001148 % (exp_error = 1.00000000 %)
[Random][ADD]i_32_a=c29dcf63 (-78.905052185058593750000000) + i_32_b=c804d77e (-136029.968750000000000000000000) 	| o_32_s=c804eb37 (-136108.859375000000000000000000) 	 
=> PASS: expect=-136108.875000000000000000000000 (c804eb38), dut=-136108.859375000000000000000000 (c804eb37), rounding_error=0.00001148 % (exp_error = 1.00000000 %)
==========[ Read data from ROM ]==========
[Random][ADD]i_32_a=c2c9452c (-100.635101318359375000000000) + i_32_b=4b00441f (8406047.000000000000000000000000) 	| o_32_s=4b0043bb (8405947.000000000000000000000000) 	 
=> PASS: expect=8405946.000000000000000000000000 (4b0043ba), dut=8405947.000000000000000000000000 (4b0043bb), rounding_error=0.00001190 % (exp_error = 1.00000000 %)
[Random][ADD]i_32_a=4b00441f (8406047.000000000000000000000000) + i_32_b=c2c9452c (-100.635101318359375000000000) 	| o_32_s=4b0043bb (8405947.000000000000000000000000) 	 
=> PASS: expect=8405946.000000000000000000000000 (4b0043ba), dut=8405947.000000000000000000000000 (4b0043bb), rounding_error=0.00001190 % (exp_error = 1.00000000 %)
==========[ Read data from ROM ]==========
[Random][ADD]i_32_a=4c1a6ad6 (40479576.000000000000000000000000) + i_32_b=4cef6751 (125516424.000000000000000000000000) 	| o_32_s=4d1e4e5e (165996000.000000000000000000000000) 	 
=> PASS: expect=165996000.000000000000000000000000 (4d1e4e5e), dut=165996000.000000000000000000000000 (4d1e4e5e), rounding_error=0.00000000 % (exp_error = 1.00000000 %)
[Random][ADD]i_32_a=4cef6751 (125516424.000000000000000000000000) + i_32_b=4c1a6ad6 (40479576.000000000000000000000000) 	| o_32_s=4d1e4e5e (165996000.000000000000000000000000) 	 
=> PASS: expect=165996000.000000000000000000000000 (4d1e4e5e), dut=165996000.000000000000000000000000 (4d1e4e5e), rounding_error=0.00000000 % (exp_error = 1.00000000 %)
==========[ Read data from ROM ]==========
[Random][ADD]i_32_a=4159c43a (13.610406875610351562500000) + i_32_b=43342d3c (180.176696777343750000000000) 	| o_32_s=4341c980 (193.787109375000000000000000) 	 
=> PASS: expect=193.787109375000000000000000 (4341c980), dut=193.787109375000000000000000 (4341c980), rounding_error=0.00000000 % (exp_error = 1.00000000 %)
[Random][ADD]i_32_a=43342d3c (180.176696777343750000000000) + i_32_b=4159c43a (13.610406875610351562500000) 	| o_32_s=4341c980 (193.787109375000000000000000) 	 
=> PASS: expect=193.787109375000000000000000 (4341c980), dut=193.787109375000000000000000 (4341c980), rounding_error=0.00000000 % (exp_error = 1.00000000 %)
==========[ Read data from ROM ]==========
[Random][ADD]i_32_a=ccc75355 (-104503976.000000000000000000000000) + i_32_b=43a94577 (338.542694091796875000000000) 	| o_32_s=ccc7532a (-104503632.000000000000000000000000) 	 
=> PASS: expect=-104503640.000000000000000000000000 (ccc7532b), dut=-104503632.000000000000000000000000 (ccc7532a), rounding_error=0.00000766 % (exp_error = 1.00000000 %)
[Random][ADD]i_32_a=43a94577 (338.542694091796875000000000) + i_32_b=ccc75355 (-104503976.000000000000000000000000) 	| o_32_s=ccc7532a (-104503632.000000000000000000000000) 	 
=> PASS: expect=-104503640.000000000000000000000000 (ccc7532b), dut=-104503632.000000000000000000000000 (ccc7532a), rounding_error=0.00000766 % (exp_error = 1.00000000 %)
==========[ Read data from ROM ]==========
[Random][ADD]i_32_a=cd58135b (-226571696.000000000000000000000000) + i_32_b=43db67ef (438.811981201171875000000000) 	| o_32_s=cd58133f (-226571248.000000000000000000000000) 	 
=> PASS: expect=-226571264.000000000000000000000000 (cd581340), dut=-226571248.000000000000000000000000 (cd58133f), rounding_error=0.00000706 % (exp_error = 1.00000000 %)
[Random][ADD]i_32_a=43db67ef (438.811981201171875000000000) + i_32_b=cd58135b (-226571696.000000000000000000000000) 	| o_32_s=cd58133f (-226571248.000000000000000000000000) 	 
=> PASS: expect=-226571264.000000000000000000000000 (cd581340), dut=-226571248.000000000000000000000000 (cd58133f), rounding_error=0.00000706 % (exp_error = 1.00000000 %)
==========[ Read data from ROM ]==========
[Random][ADD]i_32_a=c98a142b (-1131141.375000000000000000000000) + i_32_b=c88f34a0 (-293285.000000000000000000000000) 	| o_32_s=c9ade153 (-1424426.375000000000000000000000) 	 
=> PASS: expect=-1424426.375000000000000000000000 (c9ade153), dut=-1424426.375000000000000000000000 (c9ade153), rounding_error=0.00000000 % (exp_error = 1.00000000 %)
[Random][ADD]i_32_a=c88f34a0 (-293285.000000000000000000000000) + i_32_b=c98a142b (-1131141.375000000000000000000000) 	| o_32_s=c9ade153 (-1424426.375000000000000000000000) 	 
=> PASS: expect=-1424426.375000000000000000000000 (c9ade153), dut=-1424426.375000000000000000000000 (c9ade153), rounding_error=0.00000000 % (exp_error = 1.00000000 %)
==========[ Read data from ROM ]==========
[Random][ADD]i_32_a=cd624a71 (-237283088.000000000000000000000000) + i_32_b=484504dc (201747.437500000000000000000000) 	| o_32_s=cd621930 (-237081344.000000000000000000000000) 	 
=> PASS: expect=-237081344.000000000000000000000000 (cd621930), dut=-237081344.000000000000000000000000 (cd621930), rounding_error=0.00000000 % (exp_error = 1.00000000 %)
[Random][ADD]i_32_a=484504dc (201747.437500000000000000000000) + i_32_b=cd624a71 (-237283088.000000000000000000000000) 	| o_32_s=cd621930 (-237081344.000000000000000000000000) 	 
=> PASS: expect=-237081344.000000000000000000000000 (cd621930), dut=-237081344.000000000000000000000000 (cd621930), rounding_error=0.00000000 % (exp_error = 1.00000000 %)
==========[ Read data from ROM ]==========
[Random][ADD]i_32_a=4d8cbb61 (295136288.000000000000000000000000) + i_32_b=416620b7 (14.382987022399902343750000) 	| o_32_s=4d8cbb61 (295136288.000000000000000000000000) 	 
=> PASS: expect=295136288.000000000000000000000000 (4d8cbb61), dut=295136288.000000000000000000000000 (4d8cbb61), rounding_error=0.00000000 % (exp_error = 1.00000000 %)
[Random][ADD]i_32_a=416620b7 (14.382987022399902343750000) + i_32_b=4d8cbb61 (295136288.000000000000000000000000) 	| o_32_s=4d8cbb61 (295136288.000000000000000000000000) 	 
=> PASS: expect=295136288.000000000000000000000000 (4d8cbb61), dut=295136288.000000000000000000000000 (4d8cbb61), rounding_error=0.00000000 % (exp_error = 1.00000000 %)
==========[ Read data from ROM ]==========
[Random][ADD]i_32_a=4eba27c2 (1561583872.000000000000000000000000) + i_32_b=461566ae (9561.669921875000000000000000) 	| o_32_s=4eba280d (1561593472.000000000000000000000000) 	 
=> PASS: expect=1561593472.000000000000000000000000 (4eba280d), dut=1561593472.000000000000000000000000 (4eba280d), rounding_error=0.00000000 % (exp_error = 1.00000000 %)
[Random][ADD]i_32_a=461566ae (9561.669921875000000000000000) + i_32_b=4eba27c2 (1561583872.000000000000000000000000) 	| o_32_s=4eba280d (1561593472.000000000000000000000000) 	 
=> PASS: expect=1561593472.000000000000000000000000 (4eba280d), dut=1561593472.000000000000000000000000 (4eba280d), rounding_error=0.00000000 % (exp_error = 1.00000000 %)
==========[ Read data from ROM ]==========
[Random][ADD]i_32_a=c4261dbf (-664.464782714843750000000000) + i_32_b=c76f27a9 (-61223.660156250000000000000000) 	| o_32_s=c771c01f (-61888.121093750000000000000000) 	 
=> PASS: expect=-61888.125000000000000000000000 (c771c020), dut=-61888.121093750000000000000000 (c771c01f), rounding_error=0.00000631 % (exp_error = 1.00000000 %)
[Random][ADD]i_32_a=c76f27a9 (-61223.660156250000000000000000) + i_32_b=c4261dbf (-664.464782714843750000000000) 	| o_32_s=c771c01f (-61888.121093750000000000000000) 	 
=> PASS: expect=-61888.125000000000000000000000 (c771c020), dut=-61888.121093750000000000000000 (c771c01f), rounding_error=0.00000631 % (exp_error = 1.00000000 %)
==========[ Read data from ROM ]==========
[Random][ADD]i_32_a=4c049401 (34754564.000000000000000000000000) + i_32_b=c3984715 (-304.555328369140625000000000) 	| o_32_s=4c0493b5 (34754260.000000000000000000000000) 	 
=> PASS: expect=34754260.000000000000000000000000 (4c0493b5), dut=34754260.000000000000000000000000 (4c0493b5), rounding_error=0.00000000 % (exp_error = 1.00000000 %)
[Random][ADD]i_32_a=c3984715 (-304.555328369140625000000000) + i_32_b=4c049401 (34754564.000000000000000000000000) 	| o_32_s=4c0493b5 (34754260.000000000000000000000000) 	 
=> PASS: expect=34754260.000000000000000000000000 (4c0493b5), dut=34754260.000000000000000000000000 (4c0493b5), rounding_error=0.00000000 % (exp_error = 1.00000000 %)
==========[ Read data from ROM ]==========
[Random][ADD]i_32_a=468adefa (17775.488281250000000000000000) + i_32_b=c2cabf6f (-101.373893737792968750000000) 	| o_32_s=468a143a (17674.113281250000000000000000) 	 
=> PASS: expect=17674.115234375000000000000000 (468a143b), dut=17674.113281250000000000000000 (468a143a), rounding_error=0.00001105 % (exp_error = 1.00000000 %)
[Random][ADD]i_32_a=c2cabf6f (-101.373893737792968750000000) + i_32_b=468adefa (17775.488281250000000000000000) 	| o_32_s=468a143a (17674.113281250000000000000000) 	 
=> PASS: expect=17674.115234375000000000000000 (468a143b), dut=17674.113281250000000000000000 (468a143a), rounding_error=0.00001105 % (exp_error = 1.00000000 %)
==========[ Read data from ROM ]==========
[Random][ADD]i_32_a=496835f0 (951135.000000000000000000000000) + i_32_b=cdba10bd (-390207392.000000000000000000000000) 	| o_32_s=cdb99ca2 (-389256256.000000000000000000000000) 	 
=> PASS: expect=-389256256.000000000000000000000000 (cdb99ca2), dut=-389256256.000000000000000000000000 (cdb99ca2), rounding_error=0.00000000 % (exp_error = 1.00000000 %)
[Random][ADD]i_32_a=cdba10bd (-390207392.000000000000000000000000) + i_32_b=496835f0 (951135.000000000000000000000000) 	| o_32_s=cdb99ca2 (-389256256.000000000000000000000000) 	 
=> PASS: expect=-389256256.000000000000000000000000 (cdb99ca2), dut=-389256256.000000000000000000000000 (cdb99ca2), rounding_error=0.00000000 % (exp_error = 1.00000000 %)
==========[ Read data from ROM ]==========
[Random][ADD]i_32_a=467a4420 (16017.031250000000000000000000) + i_32_b=c9d2fe55 (-1728458.625000000000000000000000) 	| o_32_s=c9d109cd (-1712441.625000000000000000000000) 	 
=> PASS: expect=-1712441.625000000000000000000000 (c9d109cd), dut=-1712441.625000000000000000000000 (c9d109cd), rounding_error=0.00000000 % (exp_error = 1.00000000 %)
[Random][ADD]i_32_a=c9d2fe55 (-1728458.625000000000000000000000) + i_32_b=467a4420 (16017.031250000000000000000000) 	| o_32_s=c9d109cd (-1712441.625000000000000000000000) 	 
=> PASS: expect=-1712441.625000000000000000000000 (c9d109cd), dut=-1712441.625000000000000000000000 (c9d109cd), rounding_error=0.00000000 % (exp_error = 1.00000000 %)
==========[ Read data from ROM ]==========
[Random][ADD]i_32_a=47a0e6a8 (82381.312500000000000000000000) + i_32_b=ccd4983e (-111460848.000000000000000000000000) 	| o_32_s=ccd47005 (-111378472.000000000000000000000000) 	 
=> PASS: expect=-111378464.000000000000000000000000 (ccd47004), dut=-111378472.000000000000000000000000 (ccd47005), rounding_error=0.00000718 % (exp_error = 1.00000000 %)
[Random][ADD]i_32_a=ccd4983e (-111460848.000000000000000000000000) + i_32_b=47a0e6a8 (82381.312500000000000000000000) 	| o_32_s=ccd47005 (-111378472.000000000000000000000000) 	 
=> PASS: expect=-111378464.000000000000000000000000 (ccd47004), dut=-111378472.000000000000000000000000 (ccd47005), rounding_error=0.00000718 % (exp_error = 1.00000000 %)
==========[ Read data from ROM ]==========
[Random][ADD]i_32_a=c2842996 (-66.081222534179687500000000) + i_32_b=41d5a008 (26.703140258789062500000000) 	| o_32_s=c21d8328 (-39.378082275390625000000000) 	 
=> PASS: expect=-39.378082275390625000000000 (c21d8328), dut=-39.378082275390625000000000 (c21d8328), rounding_error=0.00000000 % (exp_error = 1.00000000 %)
[Random][ADD]i_32_a=41d5a008 (26.703140258789062500000000) + i_32_b=c2842996 (-66.081222534179687500000000) 	| o_32_s=c21d8328 (-39.378082275390625000000000) 	 
=> PASS: expect=-39.378082275390625000000000 (c21d8328), dut=-39.378082275390625000000000 (c21d8328), rounding_error=0.00000000 % (exp_error = 1.00000000 %)
==========[ Read data from ROM ]==========
[Random][ADD]i_32_a=cb529ea9 (-13803177.000000000000000000000000) + i_32_b=cc7cc0bf (-66257660.000000000000000000000000) 	| o_32_s=cc98b435 (-80060840.000000000000000000000000) 	 
=> PASS: expect=-80060840.000000000000000000000000 (cc98b435), dut=-80060840.000000000000000000000000 (cc98b435), rounding_error=0.00000000 % (exp_error = 1.00000000 %)
[Random][ADD]i_32_a=cc7cc0bf (-66257660.000000000000000000000000) + i_32_b=cb529ea9 (-13803177.000000000000000000000000) 	| o_32_s=cc98b435 (-80060840.000000000000000000000000) 	 
=> PASS: expect=-80060840.000000000000000000000000 (cc98b435), dut=-80060840.000000000000000000000000 (cc98b435), rounding_error=0.00000000 % (exp_error = 1.00000000 %)
==========[ Read data from ROM ]==========
[Random][ADD]i_32_a=c68bd823 (-17900.068359375000000000000000) + i_32_b=c3142097 (-148.127304077148437500000000) 	| o_32_s=c68d0065 (-18048.197265625000000000000000) 	 
=> PASS: expect=-18048.195312500000000000000000 (c68d0064), dut=-18048.197265625000000000000000 (c68d0065), rounding_error=0.00001082 % (exp_error = 1.00000000 %)
[Random][ADD]i_32_a=c3142097 (-148.127304077148437500000000) + i_32_b=c68bd823 (-17900.068359375000000000000000) 	| o_32_s=c68d0065 (-18048.197265625000000000000000) 	 
=> PASS: expect=-18048.195312500000000000000000 (c68d0064), dut=-18048.197265625000000000000000 (c68d0065), rounding_error=0.00001082 % (exp_error = 1.00000000 %)
==========[ Read data from ROM ]==========
[Random][ADD]i_32_a=4b49de1d (13229597.000000000000000000000000) + i_32_b=4142cdea (12.175271987915039062500000) 	| o_32_s=4b49de2a (13229610.000000000000000000000000) 	 
=> PASS: expect=13229609.000000000000000000000000 (4b49de29), dut=13229610.000000000000000000000000 (4b49de2a), rounding_error=0.00000756 % (exp_error = 1.00000000 %)
[Random][ADD]i_32_a=4142cdea (12.175271987915039062500000) + i_32_b=4b49de1d (13229597.000000000000000000000000) 	| o_32_s=4b49de2a (13229610.000000000000000000000000) 	 
=> PASS: expect=13229609.000000000000000000000000 (4b49de29), dut=13229610.000000000000000000000000 (4b49de2a), rounding_error=0.00000756 % (exp_error = 1.00000000 %)
==========[ Read data from ROM ]==========
[Random][ADD]i_32_a=4c7399f3 (63858636.000000000000000000000000) + i_32_b=c970731d (-984881.812500000000000000000000) 	| o_32_s=4c6fd826 (62873752.000000000000000000000000) 	 
=> PASS: expect=62873756.000000000000000000000000 (4c6fd827), dut=62873752.000000000000000000000000 (4c6fd826), rounding_error=0.00000636 % (exp_error = 1.00000000 %)
[Random][ADD]i_32_a=c970731d (-984881.812500000000000000000000) + i_32_b=4c7399f3 (63858636.000000000000000000000000) 	| o_32_s=4c6fd826 (62873752.000000000000000000000000) 	 
=> PASS: expect=62873756.000000000000000000000000 (4c6fd827), dut=62873752.000000000000000000000000 (4c6fd826), rounding_error=0.00000636 % (exp_error = 1.00000000 %)
==========[ Read data from ROM ]==========
[Random][ADD]i_32_a=4db56c92 (380473920.000000000000000000000000) + i_32_b=4c9604ce (78653040.000000000000000000000000) 	| o_32_s=4ddaedc5 (459126944.000000000000000000000000) 	 
=> PASS: expect=459126976.000000000000000000000000 (4ddaedc6), dut=459126944.000000000000000000000000 (4ddaedc5), rounding_error=0.00000697 % (exp_error = 1.00000000 %)
[Random][ADD]i_32_a=4c9604ce (78653040.000000000000000000000000) + i_32_b=4db56c92 (380473920.000000000000000000000000) 	| o_32_s=4ddaedc5 (459126944.000000000000000000000000) 	 
=> PASS: expect=459126976.000000000000000000000000 (4ddaedc6), dut=459126944.000000000000000000000000 (4ddaedc5), rounding_error=0.00000697 % (exp_error = 1.00000000 %)
==========[ Read data from ROM ]==========
[Random][ADD]i_32_a=4e0b6a37 (584748480.000000000000000000000000) + i_32_b=c3a494b6 (-329.161804199218750000000000) 	| o_32_s=4e0b6a32 (584748160.000000000000000000000000) 	 
=> PASS: expect=584748160.000000000000000000000000 (4e0b6a32), dut=584748160.000000000000000000000000 (4e0b6a32), rounding_error=0.00000000 % (exp_error = 1.00000000 %)
[Random][ADD]i_32_a=c3a494b6 (-329.161804199218750000000000) + i_32_b=4e0b6a37 (584748480.000000000000000000000000) 	| o_32_s=4e0b6a32 (584748160.000000000000000000000000) 	 
=> PASS: expect=584748160.000000000000000000000000 (4e0b6a32), dut=584748160.000000000000000000000000 (4e0b6a32), rounding_error=0.00000000 % (exp_error = 1.00000000 %)
==========[ Read data from ROM ]==========
[Random][ADD]i_32_a=4b6c66f2 (15492850.000000000000000000000000) + i_32_b=ca4869a3 (-3283560.750000000000000000000000) 	| o_32_s=4b3a4c89 (12209289.000000000000000000000000) 	 
=> PASS: expect=12209289.000000000000000000000000 (4b3a4c89), dut=12209289.000000000000000000000000 (4b3a4c89), rounding_error=0.00000000 % (exp_error = 1.00000000 %)
[Random][ADD]i_32_a=ca4869a3 (-3283560.750000000000000000000000) + i_32_b=4b6c66f2 (15492850.000000000000000000000000) 	| o_32_s=4b3a4c89 (12209289.000000000000000000000000) 	 
=> PASS: expect=12209289.000000000000000000000000 (4b3a4c89), dut=12209289.000000000000000000000000 (4b3a4c89), rounding_error=0.00000000 % (exp_error = 1.00000000 %)
==========[ Read data from ROM ]==========
[Random][ADD]i_32_a=4c73338e (63753784.000000000000000000000000) + i_32_b=cce5df23 (-120518936.000000000000000000000000) 	| o_32_s=cc588ab8 (-56765152.000000000000000000000000) 	 
=> PASS: expect=-56765152.000000000000000000000000 (cc588ab8), dut=-56765152.000000000000000000000000 (cc588ab8), rounding_error=0.00000000 % (exp_error = 1.00000000 %)
[Random][ADD]i_32_a=cce5df23 (-120518936.000000000000000000000000) + i_32_b=4c73338e (63753784.000000000000000000000000) 	| o_32_s=cc588ab8 (-56765152.000000000000000000000000) 	 
=> PASS: expect=-56765152.000000000000000000000000 (cc588ab8), dut=-56765152.000000000000000000000000 (cc588ab8), rounding_error=0.00000000 % (exp_error = 1.00000000 %)
==========[ Read data from ROM ]==========
[Random][ADD]i_32_a=c5a8b55b (-5398.669433593750000000000000) + i_32_b=ccf77ecb (-129758808.000000000000000000000000) 	| o_32_s=ccf7816d (-129764200.000000000000000000000000) 	 
=> PASS: expect=-129764208.000000000000000000000000 (ccf7816e), dut=-129764200.000000000000000000000000 (ccf7816d), rounding_error=0.00000617 % (exp_error = 1.00000000 %)
[Random][ADD]i_32_a=ccf77ecb (-129758808.000000000000000000000000) + i_32_b=c5a8b55b (-5398.669433593750000000000000) 	| o_32_s=ccf7816d (-129764200.000000000000000000000000) 	 
=> PASS: expect=-129764208.000000000000000000000000 (ccf7816e), dut=-129764200.000000000000000000000000 (ccf7816d), rounding_error=0.00000617 % (exp_error = 1.00000000 %)
==========[ Read data from ROM ]==========
[Random][ADD]i_32_a=47d5f866 (109552.796875000000000000000000) + i_32_b=cef91217 (-2089356160.000000000000000000000000) 	| o_32_s=cef90ebf (-2089246592.000000000000000000000000) 	 
=> PASS: expect=-2089246592.000000000000000000000000 (cef90ebf), dut=-2089246592.000000000000000000000000 (cef90ebf), rounding_error=0.00000000 % (exp_error = 1.00000000 %)
[Random][ADD]i_32_a=cef91217 (-2089356160.000000000000000000000000) + i_32_b=47d5f866 (109552.796875000000000000000000) 	| o_32_s=cef90ebf (-2089246592.000000000000000000000000) 	 
=> PASS: expect=-2089246592.000000000000000000000000 (cef90ebf), dut=-2089246592.000000000000000000000000 (cef90ebf), rounding_error=0.00000000 % (exp_error = 1.00000000 %)
==========[ Read data from ROM ]==========
[Random][ADD]i_32_a=45563664 (3427.399414062500000000000000) + i_32_b=c6bbb6cd (-24027.400390625000000000000000) 	| o_32_s=c6a0f000 (-20600.000000000000000000000000) 	 
=> PASS: expect=-20600.000000000000000000000000 (c6a0f000), dut=-20600.000000000000000000000000 (c6a0f000), rounding_error=0.00000000 % (exp_error = 1.00000000 %)
[Random][ADD]i_32_a=c6bbb6cd (-24027.400390625000000000000000) + i_32_b=45563664 (3427.399414062500000000000000) 	| o_32_s=c6a0f000 (-20600.000000000000000000000000) 	 
=> PASS: expect=-20600.000000000000000000000000 (c6a0f000), dut=-20600.000000000000000000000000 (c6a0f000), rounding_error=0.00000000 % (exp_error = 1.00000000 %)
==========[ Read data from ROM ]==========
[Random][ADD]i_32_a=cd27759f (-175593968.000000000000000000000000) + i_32_b=c85351cb (-216391.171875000000000000000000) 	| o_32_s=cd27aa73 (-175810352.000000000000000000000000) 	 
=> PASS: expect=-175810352.000000000000000000000000 (cd27aa73), dut=-175810352.000000000000000000000000 (cd27aa73), rounding_error=0.00000000 % (exp_error = 1.00000000 %)
[Random][ADD]i_32_a=c85351cb (-216391.171875000000000000000000) + i_32_b=cd27759f (-175593968.000000000000000000000000) 	| o_32_s=cd27aa73 (-175810352.000000000000000000000000) 	 
=> PASS: expect=-175810352.000000000000000000000000 (cd27aa73), dut=-175810352.000000000000000000000000 (cd27aa73), rounding_error=0.00000000 % (exp_error = 1.00000000 %)
==========[ Read data from ROM ]==========
[Random][ADD]i_32_a=c9ea5907 (-1919776.875000000000000000000000) + i_32_b=482e6d84 (178614.062500000000000000000000) 	| o_32_s=c9d48b56 (-1741162.750000000000000000000000) 	 
=> PASS: expect=-1741162.750000000000000000000000 (c9d48b56), dut=-1741162.750000000000000000000000 (c9d48b56), rounding_error=0.00000000 % (exp_error = 1.00000000 %)
[Random][ADD]i_32_a=482e6d84 (178614.062500000000000000000000) + i_32_b=c9ea5907 (-1919776.875000000000000000000000) 	| o_32_s=c9d48b56 (-1741162.750000000000000000000000) 	 
=> PASS: expect=-1741162.750000000000000000000000 (c9d48b56), dut=-1741162.750000000000000000000000 (c9d48b56), rounding_error=0.00000000 % (exp_error = 1.00000000 %)
==========[ Read data from ROM ]==========
[Random][ADD]i_32_a=4a12e5a8 (2406762.000000000000000000000000) + i_32_b=c6977607 (-19387.013671875000000000000000) 	| o_32_s=4a11b6bc (2387375.000000000000000000000000) 	 
=> PASS: expect=2387375.000000000000000000000000 (4a11b6bc), dut=2387375.000000000000000000000000 (4a11b6bc), rounding_error=0.00000000 % (exp_error = 1.00000000 %)
[Random][ADD]i_32_a=c6977607 (-19387.013671875000000000000000) + i_32_b=4a12e5a8 (2406762.000000000000000000000000) 	| o_32_s=4a11b6bc (2387375.000000000000000000000000) 	 
=> PASS: expect=2387375.000000000000000000000000 (4a11b6bc), dut=2387375.000000000000000000000000 (4a11b6bc), rounding_error=0.00000000 % (exp_error = 1.00000000 %)
==========[ Read data from ROM ]==========
[Random][ADD]i_32_a=c1a1cf11 (-20.226106643676757812500000) + i_32_b=450da787 (2266.470458984375000000000000) 	| o_32_s=450c63e9 (2246.244384765625000000000000) 	 
=> PASS: expect=2246.244384765625000000000000 (450c63e9), dut=2246.244384765625000000000000 (450c63e9), rounding_error=0.00000000 % (exp_error = 1.00000000 %)
[Random][ADD]i_32_a=450da787 (2266.470458984375000000000000) + i_32_b=c1a1cf11 (-20.226106643676757812500000) 	| o_32_s=450c63e9 (2246.244384765625000000000000) 	 
=> PASS: expect=2246.244384765625000000000000 (450c63e9), dut=2246.244384765625000000000000 (450c63e9), rounding_error=0.00000000 % (exp_error = 1.00000000 %)
==========[ Read data from ROM ]==========
[Random][ADD]i_32_a=479b12ab (79397.335937500000000000000000) + i_32_b=c22af561 (-42.739627838134765625000000) 	| o_32_s=479afd4d (79354.601562500000000000000000) 	 
=> PASS: expect=79354.593750000000000000000000 (479afd4c), dut=79354.601562500000000000000000 (479afd4d), rounding_error=0.00000985 % (exp_error = 1.00000000 %)
[Random][ADD]i_32_a=c22af561 (-42.739627838134765625000000) + i_32_b=479b12ab (79397.335937500000000000000000) 	| o_32_s=479afd4d (79354.601562500000000000000000) 	 
=> PASS: expect=79354.593750000000000000000000 (479afd4c), dut=79354.601562500000000000000000 (479afd4d), rounding_error=0.00000985 % (exp_error = 1.00000000 %)
==========[ Read data from ROM ]==========
[Random][ADD]i_32_a=454076f3 (3079.434326171875000000000000) + i_32_b=492ed2d7 (716077.437500000000000000000000) 	| o_32_s=492f934d (719156.812500000000000000000000) 	 
=> PASS: expect=719156.875000000000000000000000 (492f934e), dut=719156.812500000000000000000000 (492f934d), rounding_error=0.00000869 % (exp_error = 1.00000000 %)
[Random][ADD]i_32_a=492ed2d7 (716077.437500000000000000000000) + i_32_b=454076f3 (3079.434326171875000000000000) 	| o_32_s=492f934d (719156.812500000000000000000000) 	 
=> PASS: expect=719156.875000000000000000000000 (492f934e), dut=719156.812500000000000000000000 (492f934d), rounding_error=0.00000869 % (exp_error = 1.00000000 %)
==========[ Read data from ROM ]==========
[Random][ADD]i_32_a=c39c5c71 (-312.722198486328125000000000) + i_32_b=c29ff056 (-79.969406127929687500000000) 	| o_32_s=c3c45886 (-392.691589355468750000000000) 	 
=> PASS: expect=-392.691589355468750000000000 (c3c45886), dut=-392.691589355468750000000000 (c3c45886), rounding_error=0.00000000 % (exp_error = 1.00000000 %)
[Random][ADD]i_32_a=c29ff056 (-79.969406127929687500000000) + i_32_b=c39c5c71 (-312.722198486328125000000000) 	| o_32_s=c3c45886 (-392.691589355468750000000000) 	 
=> PASS: expect=-392.691589355468750000000000 (c3c45886), dut=-392.691589355468750000000000 (c3c45886), rounding_error=0.00000000 % (exp_error = 1.00000000 %)
==========[ Read data from ROM ]==========
[Random][ADD]i_32_a=c4678e42 (-926.222778320312500000000000) + i_32_b=459188bc (4657.091796875000000000000000) 	| o_32_s=45692de7 (3730.868896484375000000000000) 	 
=> PASS: expect=3730.869140625000000000000000 (45692de8), dut=3730.868896484375000000000000 (45692de7), rounding_error=0.00000654 % (exp_error = 1.00000000 %)
[Random][ADD]i_32_a=459188bc (4657.091796875000000000000000) + i_32_b=c4678e42 (-926.222778320312500000000000) 	| o_32_s=45692de7 (3730.868896484375000000000000) 	 
=> PASS: expect=3730.869140625000000000000000 (45692de8), dut=3730.868896484375000000000000 (45692de7), rounding_error=0.00000654 % (exp_error = 1.00000000 %)
==========[ Read data from ROM ]==========
[Random][ADD]i_32_a=c47aba10 (-1002.907226562500000000000000) + i_32_b=c559ee07 (-3486.876708984375000000000000) 	| o_32_s=c58c4e45 (-4489.783691406250000000000000) 	 
=> PASS: expect=-4489.784179687500000000000000 (c58c4e46), dut=-4489.783691406250000000000000 (c58c4e45), rounding_error=0.00001088 % (exp_error = 1.00000000 %)
[Random][ADD]i_32_a=c559ee07 (-3486.876708984375000000000000) + i_32_b=c47aba10 (-1002.907226562500000000000000) 	| o_32_s=c58c4e45 (-4489.783691406250000000000000) 	 
=> PASS: expect=-4489.784179687500000000000000 (c58c4e46), dut=-4489.783691406250000000000000 (c58c4e45), rounding_error=0.00001088 % (exp_error = 1.00000000 %)
==========[ Read data from ROM ]==========
[Random][ADD]i_32_a=4ae64ac7 (7546211.500000000000000000000000) + i_32_b=cbcf287c (-27152632.000000000000000000000000) 	| o_32_s=cb9595ca (-19606420.000000000000000000000000) 	 
=> PASS: expect=-19606420.000000000000000000000000 (cb9595ca), dut=-19606420.000000000000000000000000 (cb9595ca), rounding_error=0.00000000 % (exp_error = 1.00000000 %)
[Random][ADD]i_32_a=cbcf287c (-27152632.000000000000000000000000) + i_32_b=4ae64ac7 (7546211.500000000000000000000000) 	| o_32_s=cb9595ca (-19606420.000000000000000000000000) 	 
=> PASS: expect=-19606420.000000000000000000000000 (cb9595ca), dut=-19606420.000000000000000000000000 (cb9595ca), rounding_error=0.00000000 % (exp_error = 1.00000000 %)
==========[ Read data from ROM ]==========
[Random][ADD]i_32_a=49c6bde4 (1628092.500000000000000000000000) + i_32_b=474f976a (53143.414062500000000000000000) 	| o_32_s=49cd3a9f (1681235.875000000000000000000000) 	 
=> PASS: expect=1681235.875000000000000000000000 (49cd3a9f), dut=1681235.875000000000000000000000 (49cd3a9f), rounding_error=0.00000000 % (exp_error = 1.00000000 %)
[Random][ADD]i_32_a=474f976a (53143.414062500000000000000000) + i_32_b=49c6bde4 (1628092.500000000000000000000000) 	| o_32_s=49cd3a9f (1681235.875000000000000000000000) 	 
=> PASS: expect=1681235.875000000000000000000000 (49cd3a9f), dut=1681235.875000000000000000000000 (49cd3a9f), rounding_error=0.00000000 % (exp_error = 1.00000000 %)
==========[ Read data from ROM ]==========
[Random][ADD]i_32_a=c13ff33f (-11.996886253356933593750000) + i_32_b=4e2a1f4b (713544384.000000000000000000000000) 	| o_32_s=4e2a1f4b (713544384.000000000000000000000000) 	 
=> PASS: expect=713544384.000000000000000000000000 (4e2a1f4b), dut=713544384.000000000000000000000000 (4e2a1f4b), rounding_error=0.00000000 % (exp_error = 1.00000000 %)
[Random][ADD]i_32_a=4e2a1f4b (713544384.000000000000000000000000) + i_32_b=c13ff33f (-11.996886253356933593750000) 	| o_32_s=4e2a1f4b (713544384.000000000000000000000000) 	 
=> PASS: expect=713544384.000000000000000000000000 (4e2a1f4b), dut=713544384.000000000000000000000000 (4e2a1f4b), rounding_error=0.00000000 % (exp_error = 1.00000000 %)
==========[ Read data from ROM ]==========
[Random][ADD]i_32_a=c2905ba7 (-72.179008483886718750000000) + i_32_b=4d8e9e9a (299094848.000000000000000000000000) 	| o_32_s=4d8e9e98 (299094784.000000000000000000000000) 	 
=> PASS: expect=299094784.000000000000000000000000 (4d8e9e98), dut=299094784.000000000000000000000000 (4d8e9e98), rounding_error=0.00000000 % (exp_error = 1.00000000 %)
[Random][ADD]i_32_a=4d8e9e9a (299094848.000000000000000000000000) + i_32_b=c2905ba7 (-72.179008483886718750000000) 	| o_32_s=4d8e9e98 (299094784.000000000000000000000000) 	 
=> PASS: expect=299094784.000000000000000000000000 (4d8e9e98), dut=299094784.000000000000000000000000 (4d8e9e98), rounding_error=0.00000000 % (exp_error = 1.00000000 %)
==========[ Read data from ROM ]==========
[Random][ADD]i_32_a=46bb2713 (23955.537109375000000000000000) + i_32_b=cb66613d (-15098173.000000000000000000000000) 	| o_32_s=cb6603a9 (-15074217.000000000000000000000000) 	 
=> PASS: expect=-15074217.000000000000000000000000 (cb6603a9), dut=-15074217.000000000000000000000000 (cb6603a9), rounding_error=0.00000000 % (exp_error = 1.00000000 %)
[Random][ADD]i_32_a=cb66613d (-15098173.000000000000000000000000) + i_32_b=46bb2713 (23955.537109375000000000000000) 	| o_32_s=cb6603a9 (-15074217.000000000000000000000000) 	 
=> PASS: expect=-15074217.000000000000000000000000 (cb6603a9), dut=-15074217.000000000000000000000000 (cb6603a9), rounding_error=0.00000000 % (exp_error = 1.00000000 %)
==========[ Read data from ROM ]==========
[Random][ADD]i_32_a=c2fff637 (-127.980888366699218750000000) + i_32_b=4d00f2fc (135212992.000000000000000000000000) 	| o_32_s=4d00f2f4 (135212864.000000000000000000000000) 	 
=> PASS: expect=135212864.000000000000000000000000 (4d00f2f4), dut=135212864.000000000000000000000000 (4d00f2f4), rounding_error=0.00000000 % (exp_error = 1.00000000 %)
[Random][ADD]i_32_a=4d00f2fc (135212992.000000000000000000000000) + i_32_b=c2fff637 (-127.980888366699218750000000) 	| o_32_s=4d00f2f4 (135212864.000000000000000000000000) 	 
=> PASS: expect=135212864.000000000000000000000000 (4d00f2f4), dut=135212864.000000000000000000000000 (4d00f2f4), rounding_error=0.00000000 % (exp_error = 1.00000000 %)
==========[ Read data from ROM ]==========
[Random][ADD]i_32_a=4ee6a69f (1934839680.000000000000000000000000) + i_32_b=4186cb1f (16.849180221557617187500000) 	| o_32_s=4ee6a6a0 (1934839808.000000000000000000000000) 	 
=> PASS: expect=1934839680.000000000000000000000000 (4ee6a69f), dut=1934839808.000000000000000000000000 (4ee6a6a0), rounding_error=0.00000662 % (exp_error = 1.00000000 %)
[Random][ADD]i_32_a=4186cb1f (16.849180221557617187500000) + i_32_b=4ee6a69f (1934839680.000000000000000000000000) 	| o_32_s=4ee6a6a0 (1934839808.000000000000000000000000) 	 
=> PASS: expect=1934839680.000000000000000000000000 (4ee6a69f), dut=1934839808.000000000000000000000000 (4ee6a6a0), rounding_error=0.00000662 % (exp_error = 1.00000000 %)
==========[ Read data from ROM ]==========
[Random][ADD]i_32_a=c2bb9db4 (-93.808013916015625000000000) + i_32_b=49c42028 (1606661.000000000000000000000000) 	| o_32_s=49c41d39 (1606567.125000000000000000000000) 	 
=> PASS: expect=1606567.250000000000000000000000 (49c41d3a), dut=1606567.125000000000000000000000 (49c41d39), rounding_error=0.00000778 % (exp_error = 1.00000000 %)
[Random][ADD]i_32_a=49c42028 (1606661.000000000000000000000000) + i_32_b=c2bb9db4 (-93.808013916015625000000000) 	| o_32_s=49c41d39 (1606567.125000000000000000000000) 	 
=> PASS: expect=1606567.250000000000000000000000 (49c41d3a), dut=1606567.125000000000000000000000 (49c41d39), rounding_error=0.00000778 % (exp_error = 1.00000000 %)
==========[ Read data from ROM ]==========
[Random][ADD]i_32_a=c740ce9b (-49358.605468750000000000000000) + i_32_b=cc34913d (-47334644.000000000000000000000000) 	| o_32_s=cc34c171 (-47384004.000000000000000000000000) 	 
=> PASS: expect=-47384004.000000000000000000000000 (cc34c171), dut=-47384004.000000000000000000000000 (cc34c171), rounding_error=0.00000000 % (exp_error = 1.00000000 %)
[Random][ADD]i_32_a=cc34913d (-47334644.000000000000000000000000) + i_32_b=c740ce9b (-49358.605468750000000000000000) 	| o_32_s=cc34c171 (-47384004.000000000000000000000000) 	 
=> PASS: expect=-47384004.000000000000000000000000 (cc34c171), dut=-47384004.000000000000000000000000 (cc34c171), rounding_error=0.00000000 % (exp_error = 1.00000000 %)
==========[ Read data from ROM ]==========
[Random][ADD]i_32_a=c6b4b86d (-23132.212890625000000000000000) + i_32_b=cab800d9 (-6029420.500000000000000000000000) 	| o_32_s=cab8b591 (-6052552.500000000000000000000000) 	 
=> PASS: expect=-6052552.500000000000000000000000 (cab8b591), dut=-6052552.500000000000000000000000 (cab8b591), rounding_error=0.00000000 % (exp_error = 1.00000000 %)
[Random][ADD]i_32_a=cab800d9 (-6029420.500000000000000000000000) + i_32_b=c6b4b86d (-23132.212890625000000000000000) 	| o_32_s=cab8b591 (-6052552.500000000000000000000000) 	 
=> PASS: expect=-6052552.500000000000000000000000 (cab8b591), dut=-6052552.500000000000000000000000 (cab8b591), rounding_error=0.00000000 % (exp_error = 1.00000000 %)
==========[ Read data from ROM ]==========
[Random][ADD]i_32_a=47b133c9 (90727.570312500000000000000000) + i_32_b=c5248304 (-2632.188476562500000000000000) 	| o_32_s=47ac0fb1 (88095.382812500000000000000000) 	 
=> PASS: expect=88095.382812500000000000000000 (47ac0fb1), dut=88095.382812500000000000000000 (47ac0fb1), rounding_error=0.00000000 % (exp_error = 1.00000000 %)
[Random][ADD]i_32_a=c5248304 (-2632.188476562500000000000000) + i_32_b=47b133c9 (90727.570312500000000000000000) 	| o_32_s=47ac0fb1 (88095.382812500000000000000000) 	 
=> PASS: expect=88095.382812500000000000000000 (47ac0fb1), dut=88095.382812500000000000000000 (47ac0fb1), rounding_error=0.00000000 % (exp_error = 1.00000000 %)
==========[ Read data from ROM ]==========
[Random][ADD]i_32_a=419ef152 (19.867832183837890625000000) + i_32_b=4cb77ca8 (96200000.000000000000000000000000) 	| o_32_s=4cb77caa (96200016.000000000000000000000000) 	 
=> PASS: expect=96200016.000000000000000000000000 (4cb77caa), dut=96200016.000000000000000000000000 (4cb77caa), rounding_error=0.00000000 % (exp_error = 1.00000000 %)
[Random][ADD]i_32_a=4cb77ca8 (96200000.000000000000000000000000) + i_32_b=419ef152 (19.867832183837890625000000) 	| o_32_s=4cb77caa (96200016.000000000000000000000000) 	 
=> PASS: expect=96200016.000000000000000000000000 (4cb77caa), dut=96200016.000000000000000000000000 (4cb77caa), rounding_error=0.00000000 % (exp_error = 1.00000000 %)
==========[ Read data from ROM ]==========
[Random][ADD]i_32_a=cd6ca38e (-248133856.000000000000000000000000) + i_32_b=484296b0 (199258.750000000000000000000000) 	| o_32_s=cd6c72e9 (-247934608.000000000000000000000000) 	 
=> PASS: expect=-247934592.000000000000000000000000 (cd6c72e8), dut=-247934608.000000000000000000000000 (cd6c72e9), rounding_error=0.00000645 % (exp_error = 1.00000000 %)
[Random][ADD]i_32_a=484296b0 (199258.750000000000000000000000) + i_32_b=cd6ca38e (-248133856.000000000000000000000000) 	| o_32_s=cd6c72e9 (-247934608.000000000000000000000000) 	 
=> PASS: expect=-247934592.000000000000000000000000 (cd6c72e8), dut=-247934608.000000000000000000000000 (cd6c72e9), rounding_error=0.00000645 % (exp_error = 1.00000000 %)
==========[ Read data from ROM ]==========
[Random][ADD]i_32_a=4c1af144 (40617232.000000000000000000000000) + i_32_b=4ad67d12 (7028361.000000000000000000000000) 	| o_32_s=4c35c0e7 (47645596.000000000000000000000000) 	 
=> PASS: expect=47645592.000000000000000000000000 (4c35c0e6), dut=47645596.000000000000000000000000 (4c35c0e7), rounding_error=0.00000840 % (exp_error = 1.00000000 %)
[Random][ADD]i_32_a=4ad67d12 (7028361.000000000000000000000000) + i_32_b=4c1af144 (40617232.000000000000000000000000) 	| o_32_s=4c35c0e7 (47645596.000000000000000000000000) 	 
=> PASS: expect=47645592.000000000000000000000000 (4c35c0e6), dut=47645596.000000000000000000000000 (4c35c0e7), rounding_error=0.00000840 % (exp_error = 1.00000000 %)
==========[ Read data from ROM ]==========
[Random][ADD]i_32_a=c4df81fd (-1788.062133789062500000000000) + i_32_b=4c005df8 (33650656.000000000000000000000000) 	| o_32_s=4c005c39 (33648868.000000000000000000000000) 	 
=> PASS: expect=33648868.000000000000000000000000 (4c005c39), dut=33648868.000000000000000000000000 (4c005c39), rounding_error=0.00000000 % (exp_error = 1.00000000 %)
[Random][ADD]i_32_a=4c005df8 (33650656.000000000000000000000000) + i_32_b=c4df81fd (-1788.062133789062500000000000) 	| o_32_s=4c005c39 (33648868.000000000000000000000000) 	 
=> PASS: expect=33648868.000000000000000000000000 (4c005c39), dut=33648868.000000000000000000000000 (4c005c39), rounding_error=0.00000000 % (exp_error = 1.00000000 %)
==========[ Read data from ROM ]==========
[Random][ADD]i_32_a=4511b22e (2331.136230468750000000000000) + i_32_b=4d279578 (175724416.000000000000000000000000) 	| o_32_s=4d27960a (175726752.000000000000000000000000) 	 
=> PASS: expect=175726752.000000000000000000000000 (4d27960a), dut=175726752.000000000000000000000000 (4d27960a), rounding_error=0.00000000 % (exp_error = 1.00000000 %)
[Random][ADD]i_32_a=4d279578 (175724416.000000000000000000000000) + i_32_b=4511b22e (2331.136230468750000000000000) 	| o_32_s=4d27960a (175726752.000000000000000000000000) 	 
=> PASS: expect=175726752.000000000000000000000000 (4d27960a), dut=175726752.000000000000000000000000 (4d27960a), rounding_error=0.00000000 % (exp_error = 1.00000000 %)
==========[ Read data from ROM ]==========
[Random][ADD]i_32_a=4e0e6c44 (597364992.000000000000000000000000) + i_32_b=c2cbfee6 (-101.997848510742187500000000) 	| o_32_s=4e0e6c43 (597364928.000000000000000000000000) 	 
=> PASS: expect=597364864.000000000000000000000000 (4e0e6c42), dut=597364928.000000000000000000000000 (4e0e6c43), rounding_error=0.00001071 % (exp_error = 1.00000000 %)
[Random][ADD]i_32_a=c2cbfee6 (-101.997848510742187500000000) + i_32_b=4e0e6c44 (597364992.000000000000000000000000) 	| o_32_s=4e0e6c43 (597364928.000000000000000000000000) 	 
=> PASS: expect=597364864.000000000000000000000000 (4e0e6c42), dut=597364928.000000000000000000000000 (4e0e6c43), rounding_error=0.00001071 % (exp_error = 1.00000000 %)
==========[ Read data from ROM ]==========
[Random][ADD]i_32_a=4692ad7e (18774.746093750000000000000000) + i_32_b=422c581f (43.086055755615234375000000) 	| o_32_s=469303aa (18817.832031250000000000000000) 	 
=> PASS: expect=18817.832031250000000000000000 (469303aa), dut=18817.832031250000000000000000 (469303aa), rounding_error=0.00000000 % (exp_error = 1.00000000 %)
[Random][ADD]i_32_a=422c581f (43.086055755615234375000000) + i_32_b=4692ad7e (18774.746093750000000000000000) 	| o_32_s=469303aa (18817.832031250000000000000000) 	 
=> PASS: expect=18817.832031250000000000000000 (469303aa), dut=18817.832031250000000000000000 (469303aa), rounding_error=0.00000000 % (exp_error = 1.00000000 %)
==========[ Read data from ROM ]==========
[Random][ADD]i_32_a=4a00953a (2106702.500000000000000000000000) + i_32_b=ca4ea76a (-3385818.500000000000000000000000) 	| o_32_s=c99c2460 (-1279116.000000000000000000000000) 	 
=> PASS: expect=-1279116.000000000000000000000000 (c99c2460), dut=-1279116.000000000000000000000000 (c99c2460), rounding_error=0.00000000 % (exp_error = 1.00000000 %)
[Random][ADD]i_32_a=ca4ea76a (-3385818.500000000000000000000000) + i_32_b=4a00953a (2106702.500000000000000000000000) 	| o_32_s=c99c2460 (-1279116.000000000000000000000000) 	 
=> PASS: expect=-1279116.000000000000000000000000 (c99c2460), dut=-1279116.000000000000000000000000 (c99c2460), rounding_error=0.00000000 % (exp_error = 1.00000000 %)
==========[ Read data from ROM ]==========
[Random][ADD]i_32_a=498c72d6 (1150554.750000000000000000000000) + i_32_b=45acbf52 (5527.915039062500000000000000) 	| o_32_s=498d1f95 (1156082.625000000000000000000000) 	 
=> PASS: expect=1156082.625000000000000000000000 (498d1f95), dut=1156082.625000000000000000000000 (498d1f95), rounding_error=0.00000000 % (exp_error = 1.00000000 %)
[Random][ADD]i_32_a=45acbf52 (5527.915039062500000000000000) + i_32_b=498c72d6 (1150554.750000000000000000000000) 	| o_32_s=498d1f95 (1156082.625000000000000000000000) 	 
=> PASS: expect=1156082.625000000000000000000000 (498d1f95), dut=1156082.625000000000000000000000 (498d1f95), rounding_error=0.00000000 % (exp_error = 1.00000000 %)
==========[ Read data from ROM ]==========
[Random][ADD]i_32_a=488f19a3 (293069.093750000000000000000000) + i_32_b=ccaa2ee2 (-89224976.000000000000000000000000) 	| o_32_s=cca99fc9 (-88931912.000000000000000000000000) 	 
=> PASS: expect=-88931904.000000000000000000000000 (cca99fc8), dut=-88931912.000000000000000000000000 (cca99fc9), rounding_error=0.00000900 % (exp_error = 1.00000000 %)
[Random][ADD]i_32_a=ccaa2ee2 (-89224976.000000000000000000000000) + i_32_b=488f19a3 (293069.093750000000000000000000) 	| o_32_s=cca99fc9 (-88931912.000000000000000000000000) 	 
=> PASS: expect=-88931904.000000000000000000000000 (cca99fc8), dut=-88931912.000000000000000000000000 (cca99fc9), rounding_error=0.00000900 % (exp_error = 1.00000000 %)
==========[ Read data from ROM ]==========
[Random][ADD]i_32_a=45bd5d0a (6059.629882812500000000000000) + i_32_b=c612b2dd (-9388.715820312500000000000000) 	| o_32_s=c5501160 (-3329.085937500000000000000000) 	 
=> PASS: expect=-3329.085937500000000000000000 (c5501160), dut=-3329.085937500000000000000000 (c5501160), rounding_error=0.00000000 % (exp_error = 1.00000000 %)
[Random][ADD]i_32_a=c612b2dd (-9388.715820312500000000000000) + i_32_b=45bd5d0a (6059.629882812500000000000000) 	| o_32_s=c5501160 (-3329.085937500000000000000000) 	 
=> PASS: expect=-3329.085937500000000000000000 (c5501160), dut=-3329.085937500000000000000000 (c5501160), rounding_error=0.00000000 % (exp_error = 1.00000000 %)
==========[ Read data from ROM ]==========
[Random][ADD]i_32_a=4876cb8e (252718.218750000000000000000000) + i_32_b=c18280fb (-16.312978744506835937500000) 	| o_32_s=4876c77a (252701.906250000000000000000000) 	 
=> PASS: expect=252701.906250000000000000000000 (4876c77a), dut=252701.906250000000000000000000 (4876c77a), rounding_error=0.00000000 % (exp_error = 1.00000000 %)
[Random][ADD]i_32_a=c18280fb (-16.312978744506835937500000) + i_32_b=4876cb8e (252718.218750000000000000000000) 	| o_32_s=4876c77a (252701.906250000000000000000000) 	 
=> PASS: expect=252701.906250000000000000000000 (4876c77a), dut=252701.906250000000000000000000 (4876c77a), rounding_error=0.00000000 % (exp_error = 1.00000000 %)
==========[ Read data from ROM ]==========
[Random][ADD]i_32_a=ccb1278d (-92879976.000000000000000000000000) + i_32_b=cc493c4a (-52752680.000000000000000000000000) 	| o_32_s=cd0ae2d9 (-145632656.000000000000000000000000) 	 
=> PASS: expect=-145632656.000000000000000000000000 (cd0ae2d9), dut=-145632656.000000000000000000000000 (cd0ae2d9), rounding_error=0.00000000 % (exp_error = 1.00000000 %)
[Random][ADD]i_32_a=cc493c4a (-52752680.000000000000000000000000) + i_32_b=ccb1278d (-92879976.000000000000000000000000) 	| o_32_s=cd0ae2d9 (-145632656.000000000000000000000000) 	 
=> PASS: expect=-145632656.000000000000000000000000 (cd0ae2d9), dut=-145632656.000000000000000000000000 (cd0ae2d9), rounding_error=0.00000000 % (exp_error = 1.00000000 %)
==========[ Read data from ROM ]==========
[Random][ADD]i_32_a=4b4cdb6c (13425516.000000000000000000000000) + i_32_b=460ee84e (9146.076171875000000000000000) 	| o_32_s=4b4cff27 (13434663.000000000000000000000000) 	 
=> PASS: expect=13434662.000000000000000000000000 (4b4cff26), dut=13434663.000000000000000000000000 (4b4cff27), rounding_error=0.00000744 % (exp_error = 1.00000000 %)
[Random][ADD]i_32_a=460ee84e (9146.076171875000000000000000) + i_32_b=4b4cdb6c (13425516.000000000000000000000000) 	| o_32_s=4b4cff27 (13434663.000000000000000000000000) 	 
=> PASS: expect=13434662.000000000000000000000000 (4b4cff26), dut=13434663.000000000000000000000000 (4b4cff27), rounding_error=0.00000744 % (exp_error = 1.00000000 %)
==========[ Read data from ROM ]==========
[Random][ADD]i_32_a=cdeebbc8 (-500660480.000000000000000000000000) + i_32_b=4c164f9d (39403124.000000000000000000000000) 	| o_32_s=cddbf1d5 (-461257376.000000000000000000000000) 	 
=> PASS: expect=-461257344.000000000000000000000000 (cddbf1d4), dut=-461257376.000000000000000000000000 (cddbf1d5), rounding_error=0.00000694 % (exp_error = 1.00000000 %)
[Random][ADD]i_32_a=4c164f9d (39403124.000000000000000000000000) + i_32_b=cdeebbc8 (-500660480.000000000000000000000000) 	| o_32_s=cddbf1d5 (-461257376.000000000000000000000000) 	 
=> PASS: expect=-461257344.000000000000000000000000 (cddbf1d4), dut=-461257376.000000000000000000000000 (cddbf1d5), rounding_error=0.00000694 % (exp_error = 1.00000000 %)
==========[ Read data from ROM ]==========
[Random][ADD]i_32_a=48e71089 (473220.281250000000000000000000) + i_32_b=c2bf49a9 (-95.643867492675781250000000) 	| o_32_s=48e70495 (473124.656250000000000000000000) 	 
=> PASS: expect=473124.625000000000000000000000 (48e70494), dut=473124.656250000000000000000000 (48e70495), rounding_error=0.00000661 % (exp_error = 1.00000000 %)
[Random][ADD]i_32_a=c2bf49a9 (-95.643867492675781250000000) + i_32_b=48e71089 (473220.281250000000000000000000) 	| o_32_s=48e70495 (473124.656250000000000000000000) 	 
=> PASS: expect=473124.625000000000000000000000 (48e70494), dut=473124.656250000000000000000000 (48e70495), rounding_error=0.00000661 % (exp_error = 1.00000000 %)
==========[ Read data from ROM ]==========
[Random][ADD]i_32_a=c49ea61a (-1269.190673828125000000000000) + i_32_b=417a6acc (15.651073455810546875000000) 	| o_32_s=c49cb145 (-1253.539672851562500000000000) 	 
=> PASS: expect=-1253.539550781250000000000000 (c49cb144), dut=-1253.539672851562500000000000 (c49cb145), rounding_error=0.00000974 % (exp_error = 1.00000000 %)
[Random][ADD]i_32_a=417a6acc (15.651073455810546875000000) + i_32_b=c49ea61a (-1269.190673828125000000000000) 	| o_32_s=c49cb145 (-1253.539672851562500000000000) 	 
=> PASS: expect=-1253.539550781250000000000000 (c49cb144), dut=-1253.539672851562500000000000 (c49cb145), rounding_error=0.00000974 % (exp_error = 1.00000000 %)
==========[ Read data from ROM ]==========
[Random][ADD]i_32_a=cd554635 (-223634256.000000000000000000000000) + i_32_b=c713f755 (-37879.332031250000000000000000) 	| o_32_s=cd554f74 (-223672128.000000000000000000000000) 	 
=> PASS: expect=-223672128.000000000000000000000000 (cd554f74), dut=-223672128.000000000000000000000000 (cd554f74), rounding_error=0.00000000 % (exp_error = 1.00000000 %)
[Random][ADD]i_32_a=c713f755 (-37879.332031250000000000000000) + i_32_b=cd554635 (-223634256.000000000000000000000000) 	| o_32_s=cd554f74 (-223672128.000000000000000000000000) 	 
=> PASS: expect=-223672128.000000000000000000000000 (cd554f74), dut=-223672128.000000000000000000000000 (cd554f74), rounding_error=0.00000000 % (exp_error = 1.00000000 %)
==========[ Read data from ROM ]==========
[Random][ADD]i_32_a=44c253d6 (1554.619873046875000000000000) + i_32_b=4aef5dbc (7843550.000000000000000000000000) 	| o_32_s=4aef69e2 (7845105.000000000000000000000000) 	 
=> PASS: expect=7845104.500000000000000000000000 (4aef69e1), dut=7845105.000000000000000000000000 (4aef69e2), rounding_error=0.00000637 % (exp_error = 1.00000000 %)
[Random][ADD]i_32_a=4aef5dbc (7843550.000000000000000000000000) + i_32_b=44c253d6 (1554.619873046875000000000000) 	| o_32_s=4aef69e2 (7845105.000000000000000000000000) 	 
=> PASS: expect=7845104.500000000000000000000000 (4aef69e1), dut=7845105.000000000000000000000000 (4aef69e2), rounding_error=0.00000637 % (exp_error = 1.00000000 %)
==========[ Read data from ROM ]==========
[Random][ADD]i_32_a=c540ea33 (-3086.637451171875000000000000) + i_32_b=488b09ce (284750.437500000000000000000000) 	| o_32_s=488987f9 (281663.781250000000000000000000) 	 
=> PASS: expect=281663.812500000000000000000000 (488987fa), dut=281663.781250000000000000000000 (488987f9), rounding_error=0.00001109 % (exp_error = 1.00000000 %)
[Random][ADD]i_32_a=488b09ce (284750.437500000000000000000000) + i_32_b=c540ea33 (-3086.637451171875000000000000) 	| o_32_s=488987f9 (281663.781250000000000000000000) 	 
=> PASS: expect=281663.812500000000000000000000 (488987fa), dut=281663.781250000000000000000000 (488987f9), rounding_error=0.00001109 % (exp_error = 1.00000000 %)
==========[ Read data from ROM ]==========
[Random][ADD]i_32_a=c5e27861 (-7247.047363281250000000000000) + i_32_b=46639703 (14565.752929687500000000000000) 	| o_32_s=45e4b5a5 (7318.705566406250000000000000) 	 
=> PASS: expect=7318.705566406250000000000000 (45e4b5a5), dut=7318.705566406250000000000000 (45e4b5a5), rounding_error=0.00000000 % (exp_error = 1.00000000 %)
[Random][ADD]i_32_a=46639703 (14565.752929687500000000000000) + i_32_b=c5e27861 (-7247.047363281250000000000000) 	| o_32_s=45e4b5a5 (7318.705566406250000000000000) 	 
=> PASS: expect=7318.705566406250000000000000 (45e4b5a5), dut=7318.705566406250000000000000 (45e4b5a5), rounding_error=0.00000000 % (exp_error = 1.00000000 %)
==========[ Read data from ROM ]==========
[Random][ADD]i_32_a=cbe4391d (-29913658.000000000000000000000000) + i_32_b=c35f69f1 (-223.413833618164062500000000) 	| o_32_s=cbe4398d (-29913882.000000000000000000000000) 	 
=> PASS: expect=-29913882.000000000000000000000000 (cbe4398d), dut=-29913882.000000000000000000000000 (cbe4398d), rounding_error=0.00000000 % (exp_error = 1.00000000 %)
[Random][ADD]i_32_a=c35f69f1 (-223.413833618164062500000000) + i_32_b=cbe4391d (-29913658.000000000000000000000000) 	| o_32_s=cbe4398d (-29913882.000000000000000000000000) 	 
=> PASS: expect=-29913882.000000000000000000000000 (cbe4398d), dut=-29913882.000000000000000000000000 (cbe4398d), rounding_error=0.00000000 % (exp_error = 1.00000000 %)
==========[ Read data from ROM ]==========
[Random][ADD]i_32_a=4aa75a19 (5483788.500000000000000000000000) + i_32_b=c2666aa2 (-57.604133605957031250000000) 	| o_32_s=4aa759a6 (5483731.000000000000000000000000) 	 
=> PASS: expect=5483731.000000000000000000000000 (4aa759a6), dut=5483731.000000000000000000000000 (4aa759a6), rounding_error=0.00000000 % (exp_error = 1.00000000 %)
[Random][ADD]i_32_a=c2666aa2 (-57.604133605957031250000000) + i_32_b=4aa75a19 (5483788.500000000000000000000000) 	| o_32_s=4aa759a6 (5483731.000000000000000000000000) 	 
=> PASS: expect=5483731.000000000000000000000000 (4aa759a6), dut=5483731.000000000000000000000000 (4aa759a6), rounding_error=0.00000000 % (exp_error = 1.00000000 %)
==========[ Read data from ROM ]==========
[Random][ADD]i_32_a=c34dd751 (-205.841079711914062500000000) + i_32_b=cbcab977 (-26571502.000000000000000000000000) 	| o_32_s=cbcab9dd (-26571706.000000000000000000000000) 	 
=> PASS: expect=-26571708.000000000000000000000000 (cbcab9de), dut=-26571706.000000000000000000000000 (cbcab9dd), rounding_error=0.00000753 % (exp_error = 1.00000000 %)
[Random][ADD]i_32_a=cbcab977 (-26571502.000000000000000000000000) + i_32_b=c34dd751 (-205.841079711914062500000000) 	| o_32_s=cbcab9dd (-26571706.000000000000000000000000) 	 
=> PASS: expect=-26571708.000000000000000000000000 (cbcab9de), dut=-26571706.000000000000000000000000 (cbcab9dd), rounding_error=0.00000753 % (exp_error = 1.00000000 %)
==========[ Read data from ROM ]==========
[Random][ADD]i_32_a=46fc532e (32297.589843750000000000000000) + i_32_b=c8d255c0 (-430766.000000000000000000000000) 	| o_32_s=c8c2908d (-398468.406250000000000000000000) 	 
=> PASS: expect=-398468.406250000000000000000000 (c8c2908d), dut=-398468.406250000000000000000000 (c8c2908d), rounding_error=0.00000000 % (exp_error = 1.00000000 %)
[Random][ADD]i_32_a=c8d255c0 (-430766.000000000000000000000000) + i_32_b=46fc532e (32297.589843750000000000000000) 	| o_32_s=c8c2908d (-398468.406250000000000000000000) 	 
=> PASS: expect=-398468.406250000000000000000000 (c8c2908d), dut=-398468.406250000000000000000000 (c8c2908d), rounding_error=0.00000000 % (exp_error = 1.00000000 %)
==========[ Read data from ROM ]==========
[Random][ADD]i_32_a=c2355257 (-45.330410003662109375000000) + i_32_b=c60d539f (-9044.905273437500000000000000) 	| o_32_s=c60e08f1 (-9090.235351562500000000000000) 	 
=> PASS: expect=-9090.235351562500000000000000 (c60e08f1), dut=-9090.235351562500000000000000 (c60e08f1), rounding_error=0.00000000 % (exp_error = 1.00000000 %)
[Random][ADD]i_32_a=c60d539f (-9044.905273437500000000000000) + i_32_b=c2355257 (-45.330410003662109375000000) 	| o_32_s=c60e08f1 (-9090.235351562500000000000000) 	 
=> PASS: expect=-9090.235351562500000000000000 (c60e08f1), dut=-9090.235351562500000000000000 (c60e08f1), rounding_error=0.00000000 % (exp_error = 1.00000000 %)
==========[ Read data from ROM ]==========
[Random][ADD]i_32_a=43f54c2b (490.595062255859375000000000) + i_32_b=c4a86360 (-1347.105468750000000000000000) 	| o_32_s=c45620aa (-856.510375976562500000000000) 	 
=> PASS: expect=-856.510375976562500000000000 (c45620aa), dut=-856.510375976562500000000000 (c45620aa), rounding_error=0.00000000 % (exp_error = 1.00000000 %)
[Random][ADD]i_32_a=c4a86360 (-1347.105468750000000000000000) + i_32_b=43f54c2b (490.595062255859375000000000) 	| o_32_s=c45620aa (-856.510375976562500000000000) 	 
=> PASS: expect=-856.510375976562500000000000 (c45620aa), dut=-856.510375976562500000000000 (c45620aa), rounding_error=0.00000000 % (exp_error = 1.00000000 %)
==========[ Read data from ROM ]==========
[Random][ADD]i_32_a=ca80a6eb (-4215669.500000000000000000000000) + i_32_b=c65b09d9 (-14018.461914062500000000000000) 	| o_32_s=ca81146f (-4229687.500000000000000000000000) 	 
=> PASS: expect=-4229688.000000000000000000000000 (ca811470), dut=-4229687.500000000000000000000000 (ca81146f), rounding_error=0.00001182 % (exp_error = 1.00000000 %)
[Random][ADD]i_32_a=c65b09d9 (-14018.461914062500000000000000) + i_32_b=ca80a6eb (-4215669.500000000000000000000000) 	| o_32_s=ca81146f (-4229687.500000000000000000000000) 	 
=> PASS: expect=-4229688.000000000000000000000000 (ca811470), dut=-4229687.500000000000000000000000 (ca81146f), rounding_error=0.00001182 % (exp_error = 1.00000000 %)
==========[ Read data from ROM ]==========
[Random][ADD]i_32_a=c6902cc5 (-18454.384765625000000000000000) + i_32_b=cd2c09f6 (-180395872.000000000000000000000000) 	| o_32_s=cd2c0e77 (-180414320.000000000000000000000000) 	 
=> PASS: expect=-180414320.000000000000000000000000 (cd2c0e77), dut=-180414320.000000000000000000000000 (cd2c0e77), rounding_error=0.00000000 % (exp_error = 1.00000000 %)
[Random][ADD]i_32_a=cd2c09f6 (-180395872.000000000000000000000000) + i_32_b=c6902cc5 (-18454.384765625000000000000000) 	| o_32_s=cd2c0e77 (-180414320.000000000000000000000000) 	 
=> PASS: expect=-180414320.000000000000000000000000 (cd2c0e77), dut=-180414320.000000000000000000000000 (cd2c0e77), rounding_error=0.00000000 % (exp_error = 1.00000000 %)
==========[ Read data from ROM ]==========
[Random][ADD]i_32_a=c95b3eaa (-898026.625000000000000000000000) + i_32_b=445b4c02 (877.187622070312500000000000) 	| o_32_s=c95b07d7 (-897149.437500000000000000000000) 	 
=> PASS: expect=-897149.437500000000000000000000 (c95b07d7), dut=-897149.437500000000000000000000 (c95b07d7), rounding_error=0.00000000 % (exp_error = 1.00000000 %)
[Random][ADD]i_32_a=445b4c02 (877.187622070312500000000000) + i_32_b=c95b3eaa (-898026.625000000000000000000000) 	| o_32_s=c95b07d7 (-897149.437500000000000000000000) 	 
=> PASS: expect=-897149.437500000000000000000000 (c95b07d7), dut=-897149.437500000000000000000000 (c95b07d7), rounding_error=0.00000000 % (exp_error = 1.00000000 %)
==========[ Read data from ROM ]==========
[Random][ADD]i_32_a=43c63e1c (396.485229492187500000000000) + i_32_b=456b5b15 (3765.692626953125000000000000) 	| o_32_s=4582116c (4162.177734375000000000000000) 	 
=> PASS: expect=4162.177734375000000000000000 (4582116c), dut=4162.177734375000000000000000 (4582116c), rounding_error=0.00000000 % (exp_error = 1.00000000 %)
[Random][ADD]i_32_a=456b5b15 (3765.692626953125000000000000) + i_32_b=43c63e1c (396.485229492187500000000000) 	| o_32_s=4582116c (4162.177734375000000000000000) 	 
=> PASS: expect=4162.177734375000000000000000 (4582116c), dut=4162.177734375000000000000000 (4582116c), rounding_error=0.00000000 % (exp_error = 1.00000000 %)
==========[ Read data from ROM ]==========
[Random][ADD]i_32_a=c5f88ebe (-7953.842773437500000000000000) + i_32_b=49003e6d (525286.812500000000000000000000) 	| o_32_s=48fc9a9f (517332.968750000000000000000000) 	 
=> PASS: expect=517332.968750000000000000000000 (48fc9a9f), dut=517332.968750000000000000000000 (48fc9a9f), rounding_error=0.00000000 % (exp_error = 1.00000000 %)
[Random][ADD]i_32_a=49003e6d (525286.812500000000000000000000) + i_32_b=c5f88ebe (-7953.842773437500000000000000) 	| o_32_s=48fc9a9f (517332.968750000000000000000000) 	 
=> PASS: expect=517332.968750000000000000000000 (48fc9a9f), dut=517332.968750000000000000000000 (48fc9a9f), rounding_error=0.00000000 % (exp_error = 1.00000000 %)
==========[ Read data from ROM ]==========
[Random][ADD]i_32_a=cd6ba528 (-247091840.000000000000000000000000) + i_32_b=4af5eee2 (8058737.000000000000000000000000) 	| o_32_s=cd63f5b1 (-239033104.000000000000000000000000) 	 
=> PASS: expect=-239033104.000000000000000000000000 (cd63f5b1), dut=-239033104.000000000000000000000000 (cd63f5b1), rounding_error=0.00000000 % (exp_error = 1.00000000 %)
[Random][ADD]i_32_a=4af5eee2 (8058737.000000000000000000000000) + i_32_b=cd6ba528 (-247091840.000000000000000000000000) 	| o_32_s=cd63f5b1 (-239033104.000000000000000000000000) 	 
=> PASS: expect=-239033104.000000000000000000000000 (cd63f5b1), dut=-239033104.000000000000000000000000 (cd63f5b1), rounding_error=0.00000000 % (exp_error = 1.00000000 %)
==========[ Read data from ROM ]==========
[Random][ADD]i_32_a=c9ffb346 (-2094696.750000000000000000000000) + i_32_b=43dc17d3 (440.186126708984375000000000) 	| o_32_s=c9ffa584 (-2094256.500000000000000000000000) 	 
=> PASS: expect=-2094256.625000000000000000000000 (c9ffa585), dut=-2094256.500000000000000000000000 (c9ffa584), rounding_error=0.00000597 % (exp_error = 1.00000000 %)
[Random][ADD]i_32_a=43dc17d3 (440.186126708984375000000000) + i_32_b=c9ffb346 (-2094696.750000000000000000000000) 	| o_32_s=c9ffa584 (-2094256.500000000000000000000000) 	 
=> PASS: expect=-2094256.625000000000000000000000 (c9ffa585), dut=-2094256.500000000000000000000000 (c9ffa584), rounding_error=0.00000597 % (exp_error = 1.00000000 %)
==========[ Read data from ROM ]==========
[Random][ADD]i_32_a=cd0a748c (-145180864.000000000000000000000000) + i_32_b=4996ae69 (1234381.125000000000000000000000) 	| o_32_s=cd09472f (-143946480.000000000000000000000000) 	 
=> PASS: expect=-143946480.000000000000000000000000 (cd09472f), dut=-143946480.000000000000000000000000 (cd09472f), rounding_error=0.00000000 % (exp_error = 1.00000000 %)
[Random][ADD]i_32_a=4996ae69 (1234381.125000000000000000000000) + i_32_b=cd0a748c (-145180864.000000000000000000000000) 	| o_32_s=cd09472f (-143946480.000000000000000000000000) 	 
=> PASS: expect=-143946480.000000000000000000000000 (cd09472f), dut=-143946480.000000000000000000000000 (cd09472f), rounding_error=0.00000000 % (exp_error = 1.00000000 %)
==========[ Read data from ROM ]==========
[Random][ADD]i_32_a=45340b6b (2880.713623046875000000000000) + i_32_b=4ed7c6c6 (1810064128.000000000000000000000000) 	| o_32_s=4ed7c6dc (1810066944.000000000000000000000000) 	 
=> PASS: expect=1810067072.000000000000000000000000 (4ed7c6dd), dut=1810066944.000000000000000000000000 (4ed7c6dc), rounding_error=0.00000707 % (exp_error = 1.00000000 %)
[Random][ADD]i_32_a=4ed7c6c6 (1810064128.000000000000000000000000) + i_32_b=45340b6b (2880.713623046875000000000000) 	| o_32_s=4ed7c6dc (1810066944.000000000000000000000000) 	 
=> PASS: expect=1810067072.000000000000000000000000 (4ed7c6dd), dut=1810066944.000000000000000000000000 (4ed7c6dc), rounding_error=0.00000707 % (exp_error = 1.00000000 %)
==========[ Read data from ROM ]==========
[Random][ADD]i_32_a=c1adc3e4 (-21.720649719238281250000000) + i_32_b=45c3ff4b (6271.911621093750000000000000) 	| o_32_s=45c35187 (6250.190917968750000000000000) 	 
=> PASS: expect=6250.190917968750000000000000 (45c35187), dut=6250.190917968750000000000000 (45c35187), rounding_error=0.00000000 % (exp_error = 1.00000000 %)
[Random][ADD]i_32_a=45c3ff4b (6271.911621093750000000000000) + i_32_b=c1adc3e4 (-21.720649719238281250000000) 	| o_32_s=45c35187 (6250.190917968750000000000000) 	 
=> PASS: expect=6250.190917968750000000000000 (45c35187), dut=6250.190917968750000000000000 (45c35187), rounding_error=0.00000000 % (exp_error = 1.00000000 %)
==========[ Read data from ROM ]==========
[Random][ADD]i_32_a=c48e915a (-1140.542236328125000000000000) + i_32_b=48b002b7 (360469.718750000000000000000000) 	| o_32_s=48af7425 (359329.156250000000000000000000) 	 
=> PASS: expect=359329.187500000000000000000000 (48af7426), dut=359329.156250000000000000000000 (48af7425), rounding_error=0.00000870 % (exp_error = 1.00000000 %)
[Random][ADD]i_32_a=48b002b7 (360469.718750000000000000000000) + i_32_b=c48e915a (-1140.542236328125000000000000) 	| o_32_s=48af7425 (359329.156250000000000000000000) 	 
=> PASS: expect=359329.187500000000000000000000 (48af7426), dut=359329.156250000000000000000000 (48af7425), rounding_error=0.00000870 % (exp_error = 1.00000000 %)
==========[ Read data from ROM ]==========
[Random][ADD]i_32_a=419e2dc9 (19.772356033325195312500000) + i_32_b=4a54694e (3480147.500000000000000000000000) 	| o_32_s=4a54699e (3480167.500000000000000000000000) 	 
=> PASS: expect=3480167.250000000000000000000000 (4a54699d), dut=3480167.500000000000000000000000 (4a54699e), rounding_error=0.00000718 % (exp_error = 1.00000000 %)
[Random][ADD]i_32_a=4a54694e (3480147.500000000000000000000000) + i_32_b=419e2dc9 (19.772356033325195312500000) 	| o_32_s=4a54699e (3480167.500000000000000000000000) 	 
=> PASS: expect=3480167.250000000000000000000000 (4a54699d), dut=3480167.500000000000000000000000 (4a54699e), rounding_error=0.00000718 % (exp_error = 1.00000000 %)
==========[ Read data from ROM ]==========
[Random][ADD]i_32_a=43b3dd8d (359.730865478515625000000000) + i_32_b=471add29 (39645.160156250000000000000000) 	| o_32_s=471c44e5 (40004.894531250000000000000000) 	 
=> PASS: expect=40004.890625000000000000000000 (471c44e4), dut=40004.894531250000000000000000 (471c44e5), rounding_error=0.00000976 % (exp_error = 1.00000000 %)
[Random][ADD]i_32_a=471add29 (39645.160156250000000000000000) + i_32_b=43b3dd8d (359.730865478515625000000000) 	| o_32_s=471c44e5 (40004.894531250000000000000000) 	 
=> PASS: expect=40004.890625000000000000000000 (471c44e4), dut=40004.894531250000000000000000 (471c44e5), rounding_error=0.00000976 % (exp_error = 1.00000000 %)
==========[ Read data from ROM ]==========
[Random][ADD]i_32_a=c67091c3 (-15396.440429687500000000000000) + i_32_b=4c87cbb4 (71196064.000000000000000000000000) 	| o_32_s=4c87c42f (71180664.000000000000000000000000) 	 
=> PASS: expect=71180664.000000000000000000000000 (4c87c42f), dut=71180664.000000000000000000000000 (4c87c42f), rounding_error=0.00000000 % (exp_error = 1.00000000 %)
[Random][ADD]i_32_a=4c87cbb4 (71196064.000000000000000000000000) + i_32_b=c67091c3 (-15396.440429687500000000000000) 	| o_32_s=4c87c42f (71180664.000000000000000000000000) 	 
=> PASS: expect=71180664.000000000000000000000000 (4c87c42f), dut=71180664.000000000000000000000000 (4c87c42f), rounding_error=0.00000000 % (exp_error = 1.00000000 %)
==========[ Read data from ROM ]==========
[Random][ADD]i_32_a=4d5cda71 (231581456.000000000000000000000000) + i_32_b=c2591168 (-54.266998291015625000000000) 	| o_32_s=4d5cda6d (231581392.000000000000000000000000) 	 
=> PASS: expect=231581408.000000000000000000000000 (4d5cda6e), dut=231581392.000000000000000000000000 (4d5cda6d), rounding_error=0.00000691 % (exp_error = 1.00000000 %)
[Random][ADD]i_32_a=c2591168 (-54.266998291015625000000000) + i_32_b=4d5cda71 (231581456.000000000000000000000000) 	| o_32_s=4d5cda6d (231581392.000000000000000000000000) 	 
=> PASS: expect=231581408.000000000000000000000000 (4d5cda6e), dut=231581392.000000000000000000000000 (4d5cda6d), rounding_error=0.00000691 % (exp_error = 1.00000000 %)
==========[ Read data from ROM ]==========
[Random][ADD]i_32_a=447204d0 (968.075195312500000000000000) + i_32_b=4b49c638 (13223480.000000000000000000000000) 	| o_32_s=4b49ca01 (13224449.000000000000000000000000) 	 
=> PASS: expect=13224448.000000000000000000000000 (4b49ca00), dut=13224449.000000000000000000000000 (4b49ca01), rounding_error=0.00000756 % (exp_error = 1.00000000 %)
[Random][ADD]i_32_a=4b49c638 (13223480.000000000000000000000000) + i_32_b=447204d0 (968.075195312500000000000000) 	| o_32_s=4b49ca01 (13224449.000000000000000000000000) 	 
=> PASS: expect=13224448.000000000000000000000000 (4b49ca00), dut=13224449.000000000000000000000000 (4b49ca01), rounding_error=0.00000756 % (exp_error = 1.00000000 %)
==========[ Read data from ROM ]==========
[Random][ADD]i_32_a=46a567dc (21171.929687500000000000000000) + i_32_b=45bb1421 (5986.516113281250000000000000) 	| o_32_s=46d42ce5 (27158.447265625000000000000000) 	 
=> PASS: expect=27158.445312500000000000000000 (46d42ce4), dut=27158.447265625000000000000000 (46d42ce5), rounding_error=0.00000719 % (exp_error = 1.00000000 %)
[Random][ADD]i_32_a=45bb1421 (5986.516113281250000000000000) + i_32_b=46a567dc (21171.929687500000000000000000) 	| o_32_s=46d42ce5 (27158.447265625000000000000000) 	 
=> PASS: expect=27158.445312500000000000000000 (46d42ce4), dut=27158.447265625000000000000000 (46d42ce5), rounding_error=0.00000719 % (exp_error = 1.00000000 %)
==========[ Read data from ROM ]==========
[Random][ADD]i_32_a=4e562740 (898224128.000000000000000000000000) + i_32_b=c3d30a75 (-422.081695556640625000000000) 	| o_32_s=4e56273a (898223744.000000000000000000000000) 	 
=> PASS: expect=898223680.000000000000000000000000 (4e562739), dut=898223744.000000000000000000000000 (4e56273a), rounding_error=0.00000713 % (exp_error = 1.00000000 %)
[Random][ADD]i_32_a=c3d30a75 (-422.081695556640625000000000) + i_32_b=4e562740 (898224128.000000000000000000000000) 	| o_32_s=4e56273a (898223744.000000000000000000000000) 	 
=> PASS: expect=898223680.000000000000000000000000 (4e562739), dut=898223744.000000000000000000000000 (4e56273a), rounding_error=0.00000713 % (exp_error = 1.00000000 %)
==========[ Read data from ROM ]==========
[Random][ADD]i_32_a=c8e15eb1 (-461557.531250000000000000000000) + i_32_b=434307c6 (195.030364990234375000000000) 	| o_32_s=c8e14650 (-461362.500000000000000000000000) 	 
=> PASS: expect=-461362.500000000000000000000000 (c8e14650), dut=-461362.500000000000000000000000 (c8e14650), rounding_error=0.00000000 % (exp_error = 1.00000000 %)
[Random][ADD]i_32_a=434307c6 (195.030364990234375000000000) + i_32_b=c8e15eb1 (-461557.531250000000000000000000) 	| o_32_s=c8e14650 (-461362.500000000000000000000000) 	 
=> PASS: expect=-461362.500000000000000000000000 (c8e14650), dut=-461362.500000000000000000000000 (c8e14650), rounding_error=0.00000000 % (exp_error = 1.00000000 %)
==========[ Read data from ROM ]==========
[Random][ADD]i_32_a=4b418d25 (12684581.000000000000000000000000) + i_32_b=4cbb2731 (98122120.000000000000000000000000) 	| o_32_s=4cd358d6 (110806704.000000000000000000000000) 	 
=> PASS: expect=110806704.000000000000000000000000 (4cd358d6), dut=110806704.000000000000000000000000 (4cd358d6), rounding_error=0.00000000 % (exp_error = 1.00000000 %)
[Random][ADD]i_32_a=4cbb2731 (98122120.000000000000000000000000) + i_32_b=4b418d25 (12684581.000000000000000000000000) 	| o_32_s=4cd358d6 (110806704.000000000000000000000000) 	 
=> PASS: expect=110806704.000000000000000000000000 (4cd358d6), dut=110806704.000000000000000000000000 (4cd358d6), rounding_error=0.00000000 % (exp_error = 1.00000000 %)
==========[ Read data from ROM ]==========
[Random][ADD]i_32_a=c98627db (-1099003.375000000000000000000000) + i_32_b=495b61f5 (898591.312500000000000000000000) 	| o_32_s=c843b704 (-200412.062500000000000000000000) 	 
=> PASS: expect=-200412.062500000000000000000000 (c843b704), dut=-200412.062500000000000000000000 (c843b704), rounding_error=0.00000000 % (exp_error = 1.00000000 %)
[Random][ADD]i_32_a=495b61f5 (898591.312500000000000000000000) + i_32_b=c98627db (-1099003.375000000000000000000000) 	| o_32_s=c843b704 (-200412.062500000000000000000000) 	 
=> PASS: expect=-200412.062500000000000000000000 (c843b704), dut=-200412.062500000000000000000000 (c843b704), rounding_error=0.00000000 % (exp_error = 1.00000000 %)
==========[ Read data from ROM ]==========
[Random][ADD]i_32_a=49e4e3ce (1875065.750000000000000000000000) + i_32_b=4cdacf70 (114719616.000000000000000000000000) 	| o_32_s=4cde6300 (116594688.000000000000000000000000) 	 
=> PASS: expect=116594680.000000000000000000000000 (4cde62ff), dut=116594688.000000000000000000000000 (4cde6300), rounding_error=0.00000686 % (exp_error = 1.00000000 %)
[Random][ADD]i_32_a=4cdacf70 (114719616.000000000000000000000000) + i_32_b=49e4e3ce (1875065.750000000000000000000000) 	| o_32_s=4cde6300 (116594688.000000000000000000000000) 	 
=> PASS: expect=116594680.000000000000000000000000 (4cde62ff), dut=116594688.000000000000000000000000 (4cde6300), rounding_error=0.00000686 % (exp_error = 1.00000000 %)
==========[ Read data from ROM ]==========
[Random][ADD]i_32_a=c71bc1a1 (-39873.628906250000000000000000) + i_32_b=471b141e (39700.117187500000000000000000) 	| o_32_s=c32d8300 (-173.511718750000000000000000) 	 
=> PASS: expect=-173.511718750000000000000000 (c32d8300), dut=-173.511718750000000000000000 (c32d8300), rounding_error=0.00000000 % (exp_error = 1.00000000 %)
[Random][ADD]i_32_a=471b141e (39700.117187500000000000000000) + i_32_b=c71bc1a1 (-39873.628906250000000000000000) 	| o_32_s=c32d8300 (-173.511718750000000000000000) 	 
=> PASS: expect=-173.511718750000000000000000 (c32d8300), dut=-173.511718750000000000000000 (c32d8300), rounding_error=0.00000000 % (exp_error = 1.00000000 %)
==========[ Read data from ROM ]==========
[Random][ADD]i_32_a=c490097b (-1152.296264648437500000000000) + i_32_b=ceab88cd (-1438934656.000000000000000000000000) 	| o_32_s=ceab88d6 (-1438935808.000000000000000000000000) 	 
=> PASS: expect=-1438935808.000000000000000000000000 (ceab88d6), dut=-1438935808.000000000000000000000000 (ceab88d6), rounding_error=0.00000000 % (exp_error = 1.00000000 %)
[Random][ADD]i_32_a=ceab88cd (-1438934656.000000000000000000000000) + i_32_b=c490097b (-1152.296264648437500000000000) 	| o_32_s=ceab88d6 (-1438935808.000000000000000000000000) 	 
=> PASS: expect=-1438935808.000000000000000000000000 (ceab88d6), dut=-1438935808.000000000000000000000000 (ceab88d6), rounding_error=0.00000000 % (exp_error = 1.00000000 %)
==========[ Read data from ROM ]==========
[Random][ADD]i_32_a=cb3e4719 (-12470041.000000000000000000000000) + i_32_b=4ade37f2 (7281657.000000000000000000000000) 	| o_32_s=ca9e5640 (-5188384.000000000000000000000000) 	 
=> PASS: expect=-5188384.000000000000000000000000 (ca9e5640), dut=-5188384.000000000000000000000000 (ca9e5640), rounding_error=0.00000000 % (exp_error = 1.00000000 %)
[Random][ADD]i_32_a=4ade37f2 (7281657.000000000000000000000000) + i_32_b=cb3e4719 (-12470041.000000000000000000000000) 	| o_32_s=ca9e5640 (-5188384.000000000000000000000000) 	 
=> PASS: expect=-5188384.000000000000000000000000 (ca9e5640), dut=-5188384.000000000000000000000000 (ca9e5640), rounding_error=0.00000000 % (exp_error = 1.00000000 %)
==========[ Read data from ROM ]==========
[Random][ADD]i_32_a=4354aa96 (212.666351318359375000000000) + i_32_b=47124dce (37453.804687500000000000000000) 	| o_32_s=47132279 (37666.472656250000000000000000) 	 
=> PASS: expect=37666.472656250000000000000000 (47132279), dut=37666.472656250000000000000000 (47132279), rounding_error=0.00000000 % (exp_error = 1.00000000 %)
[Random][ADD]i_32_a=47124dce (37453.804687500000000000000000) + i_32_b=4354aa96 (212.666351318359375000000000) 	| o_32_s=47132279 (37666.472656250000000000000000) 	 
=> PASS: expect=37666.472656250000000000000000 (47132279), dut=37666.472656250000000000000000 (47132279), rounding_error=0.00000000 % (exp_error = 1.00000000 %)
==========[ Read data from ROM ]==========
[Random][ADD]i_32_a=47f1f349 (123878.570312500000000000000000) + i_32_b=4e0d043c (591466240.000000000000000000000000) 	| o_32_s=4e0d0bcc (591590144.000000000000000000000000) 	 
=> PASS: expect=591590144.000000000000000000000000 (4e0d0bcc), dut=591590144.000000000000000000000000 (4e0d0bcc), rounding_error=0.00000000 % (exp_error = 1.00000000 %)
[Random][ADD]i_32_a=4e0d043c (591466240.000000000000000000000000) + i_32_b=47f1f349 (123878.570312500000000000000000) 	| o_32_s=4e0d0bcc (591590144.000000000000000000000000) 	 
=> PASS: expect=591590144.000000000000000000000000 (4e0d0bcc), dut=591590144.000000000000000000000000 (4e0d0bcc), rounding_error=0.00000000 % (exp_error = 1.00000000 %)
==========[ Read data from ROM ]==========
[Random][ADD]i_32_a=cd41d71c (-203256256.000000000000000000000000) + i_32_b=c24be2c0 (-50.971435546875000000000000) 	| o_32_s=cd41d720 (-203256320.000000000000000000000000) 	 
=> PASS: expect=-203256304.000000000000000000000000 (cd41d71f), dut=-203256320.000000000000000000000000 (cd41d720), rounding_error=0.00000787 % (exp_error = 1.00000000 %)
[Random][ADD]i_32_a=c24be2c0 (-50.971435546875000000000000) + i_32_b=cd41d71c (-203256256.000000000000000000000000) 	| o_32_s=cd41d720 (-203256320.000000000000000000000000) 	 
=> PASS: expect=-203256304.000000000000000000000000 (cd41d71f), dut=-203256320.000000000000000000000000 (cd41d720), rounding_error=0.00000787 % (exp_error = 1.00000000 %)
==========[ Read data from ROM ]==========
[Random][ADD]i_32_a=c3ecdfdd (-473.748931884765625000000000) + i_32_b=c5fbe34c (-8060.412109375000000000000000) 	| o_32_s=c60558a4 (-8534.160156250000000000000000) 	 
=> PASS: expect=-8534.161132812500000000000000 (c60558a5), dut=-8534.160156250000000000000000 (c60558a4), rounding_error=0.00001144 % (exp_error = 1.00000000 %)
[Random][ADD]i_32_a=c5fbe34c (-8060.412109375000000000000000) + i_32_b=c3ecdfdd (-473.748931884765625000000000) 	| o_32_s=c60558a4 (-8534.160156250000000000000000) 	 
=> PASS: expect=-8534.161132812500000000000000 (c60558a5), dut=-8534.160156250000000000000000 (c60558a4), rounding_error=0.00001144 % (exp_error = 1.00000000 %)
==========[ Read data from ROM ]==========
[Random][ADD]i_32_a=49acb883 (1414928.375000000000000000000000) + i_32_b=c819d654 (-157529.312500000000000000000000) 	| o_32_s=49997db8 (1257399.000000000000000000000000) 	 
=> PASS: expect=1257399.000000000000000000000000 (49997db8), dut=1257399.000000000000000000000000 (49997db8), rounding_error=0.00000000 % (exp_error = 1.00000000 %)
[Random][ADD]i_32_a=c819d654 (-157529.312500000000000000000000) + i_32_b=49acb883 (1414928.375000000000000000000000) 	| o_32_s=49997db8 (1257399.000000000000000000000000) 	 
=> PASS: expect=1257399.000000000000000000000000 (49997db8), dut=1257399.000000000000000000000000 (49997db8), rounding_error=0.00000000 % (exp_error = 1.00000000 %)
==========[ Read data from ROM ]==========
[Random][ADD]i_32_a=c630f9ed (-11326.481445312500000000000000) + i_32_b=c9017788 (-530296.500000000000000000000000) 	| o_32_s=c9043b70 (-541623.000000000000000000000000) 	 
=> PASS: expect=-541623.000000000000000000000000 (c9043b70), dut=-541623.000000000000000000000000 (c9043b70), rounding_error=0.00000000 % (exp_error = 1.00000000 %)
[Random][ADD]i_32_a=c9017788 (-530296.500000000000000000000000) + i_32_b=c630f9ed (-11326.481445312500000000000000) 	| o_32_s=c9043b70 (-541623.000000000000000000000000) 	 
=> PASS: expect=-541623.000000000000000000000000 (c9043b70), dut=-541623.000000000000000000000000 (c9043b70), rounding_error=0.00000000 % (exp_error = 1.00000000 %)
==========[ Read data from ROM ]==========
[Random][ADD]i_32_a=4a0e7d86 (2334561.500000000000000000000000) + i_32_b=46a6c4b1 (21346.345703125000000000000000) 	| o_32_s=4a0fcb0f (2355907.750000000000000000000000) 	 
=> PASS: expect=2355907.750000000000000000000000 (4a0fcb0f), dut=2355907.750000000000000000000000 (4a0fcb0f), rounding_error=0.00000000 % (exp_error = 1.00000000 %)
[Random][ADD]i_32_a=46a6c4b1 (21346.345703125000000000000000) + i_32_b=4a0e7d86 (2334561.500000000000000000000000) 	| o_32_s=4a0fcb0f (2355907.750000000000000000000000) 	 
=> PASS: expect=2355907.750000000000000000000000 (4a0fcb0f), dut=2355907.750000000000000000000000 (4a0fcb0f), rounding_error=0.00000000 % (exp_error = 1.00000000 %)
==========[ Read data from ROM ]==========
[Random][ADD]i_32_a=42946c4c (74.211517333984375000000000) + i_32_b=c2457bb4 (-49.370803833007812500000000) 	| o_32_s=41c6b9c8 (24.840713500976562500000000) 	 
=> PASS: expect=24.840713500976562500000000 (41c6b9c8), dut=24.840713500976562500000000 (41c6b9c8), rounding_error=0.00000000 % (exp_error = 1.00000000 %)
[Random][ADD]i_32_a=c2457bb4 (-49.370803833007812500000000) + i_32_b=42946c4c (74.211517333984375000000000) 	| o_32_s=41c6b9c8 (24.840713500976562500000000) 	 
=> PASS: expect=24.840713500976562500000000 (41c6b9c8), dut=24.840713500976562500000000 (41c6b9c8), rounding_error=0.00000000 % (exp_error = 1.00000000 %)
==========[ Read data from ROM ]==========
[Random][ADD]i_32_a=481b2b74 (158893.812500000000000000000000) + i_32_b=46d50369 (27265.705078125000000000000000) 	| o_32_s=4835cbe2 (186159.531250000000000000000000) 	 
=> PASS: expect=186159.515625000000000000000000 (4835cbe1), dut=186159.531250000000000000000000 (4835cbe2), rounding_error=0.00000839 % (exp_error = 1.00000000 %)
[Random][ADD]i_32_a=46d50369 (27265.705078125000000000000000) + i_32_b=481b2b74 (158893.812500000000000000000000) 	| o_32_s=4835cbe2 (186159.531250000000000000000000) 	 
=> PASS: expect=186159.515625000000000000000000 (4835cbe1), dut=186159.531250000000000000000000 (4835cbe2), rounding_error=0.00000839 % (exp_error = 1.00000000 %)
==========[ Read data from ROM ]==========
[Random][ADD]i_32_a=4d5b65ca (230055072.000000000000000000000000) + i_32_b=4337b013 (183.687789916992187500000000) 	| o_32_s=4d5b65d5 (230055248.000000000000000000000000) 	 
=> PASS: expect=230055248.000000000000000000000000 (4d5b65d5), dut=230055248.000000000000000000000000 (4d5b65d5), rounding_error=0.00000000 % (exp_error = 1.00000000 %)
[Random][ADD]i_32_a=4337b013 (183.687789916992187500000000) + i_32_b=4d5b65ca (230055072.000000000000000000000000) 	| o_32_s=4d5b65d5 (230055248.000000000000000000000000) 	 
=> PASS: expect=230055248.000000000000000000000000 (4d5b65d5), dut=230055248.000000000000000000000000 (4d5b65d5), rounding_error=0.00000000 % (exp_error = 1.00000000 %)
==========[ Read data from ROM ]==========
[Random][ADD]i_32_a=48b41b08 (368856.250000000000000000000000) + i_32_b=4452c541 (843.082092285156250000000000) 	| o_32_s=48b4846b (369699.343750000000000000000000) 	 
=> PASS: expect=369699.343750000000000000000000 (48b4846b), dut=369699.343750000000000000000000 (48b4846b), rounding_error=0.00000000 % (exp_error = 1.00000000 %)
[Random][ADD]i_32_a=4452c541 (843.082092285156250000000000) + i_32_b=48b41b08 (368856.250000000000000000000000) 	| o_32_s=48b4846b (369699.343750000000000000000000) 	 
=> PASS: expect=369699.343750000000000000000000 (48b4846b), dut=369699.343750000000000000000000 (48b4846b), rounding_error=0.00000000 % (exp_error = 1.00000000 %)
==========[ Read data from ROM ]==========
[Random][ADD]i_32_a=4cae7a70 (91476864.000000000000000000000000) + i_32_b=4c1dbe6e (41351608.000000000000000000000000) 	| o_32_s=4cfd59a7 (132828472.000000000000000000000000) 	 
=> PASS: expect=132828472.000000000000000000000000 (4cfd59a7), dut=132828472.000000000000000000000000 (4cfd59a7), rounding_error=0.00000000 % (exp_error = 1.00000000 %)
[Random][ADD]i_32_a=4c1dbe6e (41351608.000000000000000000000000) + i_32_b=4cae7a70 (91476864.000000000000000000000000) 	| o_32_s=4cfd59a7 (132828472.000000000000000000000000) 	 
=> PASS: expect=132828472.000000000000000000000000 (4cfd59a7), dut=132828472.000000000000000000000000 (4cfd59a7), rounding_error=0.00000000 % (exp_error = 1.00000000 %)
==========[ Read data from ROM ]==========
[Random][ADD]i_32_a=4b8e294f (18633374.000000000000000000000000) + i_32_b=48b7ff5c (376826.875000000000000000000000) 	| o_32_s=4b91094c (19010200.000000000000000000000000) 	 
=> PASS: expect=19010200.000000000000000000000000 (4b91094c), dut=19010200.000000000000000000000000 (4b91094c), rounding_error=0.00000000 % (exp_error = 1.00000000 %)
[Random][ADD]i_32_a=48b7ff5c (376826.875000000000000000000000) + i_32_b=4b8e294f (18633374.000000000000000000000000) 	| o_32_s=4b91094c (19010200.000000000000000000000000) 	 
=> PASS: expect=19010200.000000000000000000000000 (4b91094c), dut=19010200.000000000000000000000000 (4b91094c), rounding_error=0.00000000 % (exp_error = 1.00000000 %)
==========[ Read data from ROM ]==========
[Random][ADD]i_32_a=48471922 (203876.531250000000000000000000) + i_32_b=cea35346 (-1370071808.000000000000000000000000) 	| o_32_s=cea34d0d (-1369867904.000000000000000000000000) 	 
=> PASS: expect=-1369867904.000000000000000000000000 (cea34d0d), dut=-1369867904.000000000000000000000000 (cea34d0d), rounding_error=0.00000000 % (exp_error = 1.00000000 %)
[Random][ADD]i_32_a=cea35346 (-1370071808.000000000000000000000000) + i_32_b=48471922 (203876.531250000000000000000000) 	| o_32_s=cea34d0d (-1369867904.000000000000000000000000) 	 
=> PASS: expect=-1369867904.000000000000000000000000 (cea34d0d), dut=-1369867904.000000000000000000000000 (cea34d0d), rounding_error=0.00000000 % (exp_error = 1.00000000 %)
==========[ Read data from ROM ]==========
[Random][ADD]i_32_a=46b74291 (23457.283203125000000000000000) + i_32_b=c2c522f6 (-98.568283081054687500000000) 	| o_32_s=46b67d6e (23358.714843750000000000000000) 	 
=> PASS: expect=23358.714843750000000000000000 (46b67d6e), dut=23358.714843750000000000000000 (46b67d6e), rounding_error=0.00000000 % (exp_error = 1.00000000 %)
[Random][ADD]i_32_a=c2c522f6 (-98.568283081054687500000000) + i_32_b=46b74291 (23457.283203125000000000000000) 	| o_32_s=46b67d6e (23358.714843750000000000000000) 	 
=> PASS: expect=23358.714843750000000000000000 (46b67d6e), dut=23358.714843750000000000000000 (46b67d6e), rounding_error=0.00000000 % (exp_error = 1.00000000 %)
==========[ Read data from ROM ]==========
[Random][ADD]i_32_a=49c156f5 (1583838.625000000000000000000000) + i_32_b=c46129b1 (-900.651428222656250000000000) 	| o_32_s=49c13ad0 (1582938.000000000000000000000000) 	 
=> PASS: expect=1582938.000000000000000000000000 (49c13ad0), dut=1582938.000000000000000000000000 (49c13ad0), rounding_error=0.00000000 % (exp_error = 1.00000000 %)
[Random][ADD]i_32_a=c46129b1 (-900.651428222656250000000000) + i_32_b=49c156f5 (1583838.625000000000000000000000) 	| o_32_s=49c13ad0 (1582938.000000000000000000000000) 	 
=> PASS: expect=1582938.000000000000000000000000 (49c13ad0), dut=1582938.000000000000000000000000 (49c13ad0), rounding_error=0.00000000 % (exp_error = 1.00000000 %)
==========[ Read data from ROM ]==========
[Random][ADD]i_32_a=c1e24a11 (-28.286165237426757812500000) + i_32_b=cd7de3eb (-266223280.000000000000000000000000) 	| o_32_s=cd7de3ec (-266223296.000000000000000000000000) 	 
=> PASS: expect=-266223312.000000000000000000000000 (cd7de3ed), dut=-266223296.000000000000000000000000 (cd7de3ec), rounding_error=0.00000601 % (exp_error = 1.00000000 %)
[Random][ADD]i_32_a=cd7de3eb (-266223280.000000000000000000000000) + i_32_b=c1e24a11 (-28.286165237426757812500000) 	| o_32_s=cd7de3ec (-266223296.000000000000000000000000) 	 
=> PASS: expect=-266223312.000000000000000000000000 (cd7de3ed), dut=-266223296.000000000000000000000000 (cd7de3ec), rounding_error=0.00000601 % (exp_error = 1.00000000 %)
==========[ Read data from ROM ]==========
[Random][ADD]i_32_a=4ae3dfde (7466991.000000000000000000000000) + i_32_b=48ce0d0b (421992.343750000000000000000000) 	| o_32_s=4af0c0af (7888983.500000000000000000000000) 	 
=> PASS: expect=7888983.500000000000000000000000 (4af0c0af), dut=7888983.500000000000000000000000 (4af0c0af), rounding_error=0.00000000 % (exp_error = 1.00000000 %)
[Random][ADD]i_32_a=48ce0d0b (421992.343750000000000000000000) + i_32_b=4ae3dfde (7466991.000000000000000000000000) 	| o_32_s=4af0c0af (7888983.500000000000000000000000) 	 
=> PASS: expect=7888983.500000000000000000000000 (4af0c0af), dut=7888983.500000000000000000000000 (4af0c0af), rounding_error=0.00000000 % (exp_error = 1.00000000 %)
==========[ Read data from ROM ]==========
[Random][ADD]i_32_a=47951cce (76345.609375000000000000000000) + i_32_b=c989b8cf (-1128217.875000000000000000000000) 	| o_32_s=c9806702 (-1051872.250000000000000000000000) 	 
=> PASS: expect=-1051872.250000000000000000000000 (c9806702), dut=-1051872.250000000000000000000000 (c9806702), rounding_error=0.00000000 % (exp_error = 1.00000000 %)
[Random][ADD]i_32_a=c989b8cf (-1128217.875000000000000000000000) + i_32_b=47951cce (76345.609375000000000000000000) 	| o_32_s=c9806702 (-1051872.250000000000000000000000) 	 
=> PASS: expect=-1051872.250000000000000000000000 (c9806702), dut=-1051872.250000000000000000000000 (c9806702), rounding_error=0.00000000 % (exp_error = 1.00000000 %)
==========[ Read data from ROM ]==========
[Random][ADD]i_32_a=c98b4aa2 (-1141076.250000000000000000000000) + i_32_b=4e10a2ca (606646912.000000000000000000000000) 	| o_32_s=4e105d24 (605505792.000000000000000000000000) 	 
=> PASS: expect=605505856.000000000000000000000000 (4e105d25), dut=605505792.000000000000000000000000 (4e105d24), rounding_error=0.00001057 % (exp_error = 1.00000000 %)
[Random][ADD]i_32_a=4e10a2ca (606646912.000000000000000000000000) + i_32_b=c98b4aa2 (-1141076.250000000000000000000000) 	| o_32_s=4e105d24 (605505792.000000000000000000000000) 	 
=> PASS: expect=605505856.000000000000000000000000 (4e105d25), dut=605505792.000000000000000000000000 (4e105d24), rounding_error=0.00001057 % (exp_error = 1.00000000 %)
==========[ Read data from ROM ]==========
[Random][ADD]i_32_a=c5142c18 (-2370.755859375000000000000000) + i_32_b=41ded496 (27.853801727294921875000000) 	| o_32_s=c5126e6f (-2342.902099609375000000000000) 	 
=> PASS: expect=-2342.902099609375000000000000 (c5126e6f), dut=-2342.902099609375000000000000 (c5126e6f), rounding_error=0.00000000 % (exp_error = 1.00000000 %)
[Random][ADD]i_32_a=41ded496 (27.853801727294921875000000) + i_32_b=c5142c18 (-2370.755859375000000000000000) 	| o_32_s=c5126e6f (-2342.902099609375000000000000) 	 
=> PASS: expect=-2342.902099609375000000000000 (c5126e6f), dut=-2342.902099609375000000000000 (c5126e6f), rounding_error=0.00000000 % (exp_error = 1.00000000 %)
==========[ Read data from ROM ]==========
[Random][ADD]i_32_a=485257a8 (215390.625000000000000000000000) + i_32_b=4e6814bf (973418432.000000000000000000000000) 	| o_32_s=4e6821e4 (973633792.000000000000000000000000) 	 
=> PASS: expect=973633792.000000000000000000000000 (4e6821e4), dut=973633792.000000000000000000000000 (4e6821e4), rounding_error=0.00000000 % (exp_error = 1.00000000 %)
[Random][ADD]i_32_a=4e6814bf (973418432.000000000000000000000000) + i_32_b=485257a8 (215390.625000000000000000000000) 	| o_32_s=4e6821e4 (973633792.000000000000000000000000) 	 
=> PASS: expect=973633792.000000000000000000000000 (4e6821e4), dut=973633792.000000000000000000000000 (4e6821e4), rounding_error=0.00000000 % (exp_error = 1.00000000 %)
==========[ Read data from ROM ]==========
[Random][ADD]i_32_a=449324e6 (1177.153076171875000000000000) + i_32_b=4c02ee3a (34322664.000000000000000000000000) 	| o_32_s=4c02ef61 (34323844.000000000000000000000000) 	 
=> PASS: expect=34323840.000000000000000000000000 (4c02ef60), dut=34323844.000000000000000000000000 (4c02ef61), rounding_error=0.00001165 % (exp_error = 1.00000000 %)
[Random][ADD]i_32_a=4c02ee3a (34322664.000000000000000000000000) + i_32_b=449324e6 (1177.153076171875000000000000) 	| o_32_s=4c02ef61 (34323844.000000000000000000000000) 	 
=> PASS: expect=34323840.000000000000000000000000 (4c02ef60), dut=34323844.000000000000000000000000 (4c02ef61), rounding_error=0.00001165 % (exp_error = 1.00000000 %)
==========[ Read data from ROM ]==========
[Random][ADD]i_32_a=45787a03 (3975.625732421875000000000000) + i_32_b=433129ae (177.162811279296875000000000) 	| o_32_s=4581c64e (4152.788085937500000000000000) 	 
=> PASS: expect=4152.788574218750000000000000 (4581c64f), dut=4152.788085937500000000000000 (4581c64e), rounding_error=0.00001176 % (exp_error = 1.00000000 %)
[Random][ADD]i_32_a=433129ae (177.162811279296875000000000) + i_32_b=45787a03 (3975.625732421875000000000000) 	| o_32_s=4581c64e (4152.788085937500000000000000) 	 
=> PASS: expect=4152.788574218750000000000000 (4581c64f), dut=4152.788085937500000000000000 (4581c64e), rounding_error=0.00001176 % (exp_error = 1.00000000 %)
==========[ Read data from ROM ]==========
[Random][ADD]i_32_a=4247f515 (49.989337921142578125000000) + i_32_b=ca56c5d5 (-3518837.250000000000000000000000) 	| o_32_s=ca56c50d (-3518787.250000000000000000000000) 	 
=> PASS: expect=-3518787.250000000000000000000000 (ca56c50d), dut=-3518787.250000000000000000000000 (ca56c50d), rounding_error=0.00000000 % (exp_error = 1.00000000 %)
[Random][ADD]i_32_a=ca56c5d5 (-3518837.250000000000000000000000) + i_32_b=4247f515 (49.989337921142578125000000) 	| o_32_s=ca56c50d (-3518787.250000000000000000000000) 	 
=> PASS: expect=-3518787.250000000000000000000000 (ca56c50d), dut=-3518787.250000000000000000000000 (ca56c50d), rounding_error=0.00000000 % (exp_error = 1.00000000 %)
==========[ Read data from ROM ]==========
[Random][ADD]i_32_a=cce484f2 (-119809936.000000000000000000000000) + i_32_b=47a89743 (86318.523437500000000000000000) 	| o_32_s=cce45acc (-119723616.000000000000000000000000) 	 
=> PASS: expect=-119723616.000000000000000000000000 (cce45acc), dut=-119723616.000000000000000000000000 (cce45acc), rounding_error=0.00000000 % (exp_error = 1.00000000 %)
[Random][ADD]i_32_a=47a89743 (86318.523437500000000000000000) + i_32_b=cce484f2 (-119809936.000000000000000000000000) 	| o_32_s=cce45acc (-119723616.000000000000000000000000) 	 
=> PASS: expect=-119723616.000000000000000000000000 (cce45acc), dut=-119723616.000000000000000000000000 (cce45acc), rounding_error=0.00000000 % (exp_error = 1.00000000 %)
==========[ Read data from ROM ]==========
[Random][ADD]i_32_a=c2f12c06 (-120.585983276367187500000000) + i_32_b=47773ffa (63295.976562500000000000000000) 	| o_32_s=4776c764 (63175.390625000000000000000000) 	 
=> PASS: expect=63175.390625000000000000000000 (4776c764), dut=63175.390625000000000000000000 (4776c764), rounding_error=0.00000000 % (exp_error = 1.00000000 %)
[Random][ADD]i_32_a=47773ffa (63295.976562500000000000000000) + i_32_b=c2f12c06 (-120.585983276367187500000000) 	| o_32_s=4776c764 (63175.390625000000000000000000) 	 
=> PASS: expect=63175.390625000000000000000000 (4776c764), dut=63175.390625000000000000000000 (4776c764), rounding_error=0.00000000 % (exp_error = 1.00000000 %)
==========[ Read data from ROM ]==========
[Random][ADD]i_32_a=ce1615f6 (-629505408.000000000000000000000000) + i_32_b=c2dc521a (-110.160354614257812500000000) 	| o_32_s=ce1615f8 (-629505536.000000000000000000000000) 	 
=> PASS: expect=-629505536.000000000000000000000000 (ce1615f8), dut=-629505536.000000000000000000000000 (ce1615f8), rounding_error=0.00000000 % (exp_error = 1.00000000 %)
[Random][ADD]i_32_a=c2dc521a (-110.160354614257812500000000) + i_32_b=ce1615f6 (-629505408.000000000000000000000000) 	| o_32_s=ce1615f8 (-629505536.000000000000000000000000) 	 
=> PASS: expect=-629505536.000000000000000000000000 (ce1615f8), dut=-629505536.000000000000000000000000 (ce1615f8), rounding_error=0.00000000 % (exp_error = 1.00000000 %)
==========[ Read data from ROM ]==========
[Random][ADD]i_32_a=428f6db3 (71.714256286621093750000000) + i_32_b=c1b3dad6 (-22.481853485107421875000000) 	| o_32_s=4244edfb (49.232402801513671875000000) 	 
=> PASS: expect=49.232402801513671875000000 (4244edfb), dut=49.232402801513671875000000 (4244edfb), rounding_error=0.00000000 % (exp_error = 1.00000000 %)
[Random][ADD]i_32_a=c1b3dad6 (-22.481853485107421875000000) + i_32_b=428f6db3 (71.714256286621093750000000) 	| o_32_s=4244edfb (49.232402801513671875000000) 	 
=> PASS: expect=49.232402801513671875000000 (4244edfb), dut=49.232402801513671875000000 (4244edfb), rounding_error=0.00000000 % (exp_error = 1.00000000 %)
==========[ Read data from ROM ]==========
[Random][ADD]i_32_a=cceffa6b (-125817688.000000000000000000000000) + i_32_b=43c10220 (386.016601562500000000000000) 	| o_32_s=cceffa3b (-125817304.000000000000000000000000) 	 
=> PASS: expect=-125817304.000000000000000000000000 (cceffa3b), dut=-125817304.000000000000000000000000 (cceffa3b), rounding_error=0.00000000 % (exp_error = 1.00000000 %)
[Random][ADD]i_32_a=43c10220 (386.016601562500000000000000) + i_32_b=cceffa6b (-125817688.000000000000000000000000) 	| o_32_s=cceffa3b (-125817304.000000000000000000000000) 	 
=> PASS: expect=-125817304.000000000000000000000000 (cceffa3b), dut=-125817304.000000000000000000000000 (cceffa3b), rounding_error=0.00000000 % (exp_error = 1.00000000 %)
==========[ Read data from ROM ]==========
[Random][ADD]i_32_a=4a3a8440 (3055888.000000000000000000000000) + i_32_b=c32f217b (-175.130783081054687500000000) 	| o_32_s=4a3a8183 (3055712.750000000000000000000000) 	 
=> PASS: expect=3055712.750000000000000000000000 (4a3a8183), dut=3055712.750000000000000000000000 (4a3a8183), rounding_error=0.00000000 % (exp_error = 1.00000000 %)
[Random][ADD]i_32_a=c32f217b (-175.130783081054687500000000) + i_32_b=4a3a8440 (3055888.000000000000000000000000) 	| o_32_s=4a3a8183 (3055712.750000000000000000000000) 	 
=> PASS: expect=3055712.750000000000000000000000 (4a3a8183), dut=3055712.750000000000000000000000 (4a3a8183), rounding_error=0.00000000 % (exp_error = 1.00000000 %)
==========[ Read data from ROM ]==========
[Random][ADD]i_32_a=c3a2e2af (-325.770965576171875000000000) + i_32_b=42010261 (32.252323150634765625000000) 	| o_32_s=c392c263 (-293.518646240234375000000000) 	 
=> PASS: expect=-293.518646240234375000000000 (c392c263), dut=-293.518646240234375000000000 (c392c263), rounding_error=0.00000000 % (exp_error = 1.00000000 %)
[Random][ADD]i_32_a=42010261 (32.252323150634765625000000) + i_32_b=c3a2e2af (-325.770965576171875000000000) 	| o_32_s=c392c263 (-293.518646240234375000000000) 	 
=> PASS: expect=-293.518646240234375000000000 (c392c263), dut=-293.518646240234375000000000 (c392c263), rounding_error=0.00000000 % (exp_error = 1.00000000 %)
==========[ Read data from ROM ]==========
[Random][ADD]i_32_a=4da28ec5 (340908192.000000000000000000000000) + i_32_b=c6839ffb (-16847.990234375000000000000000) 	| o_32_s=4da28cb6 (340891328.000000000000000000000000) 	 
=> PASS: expect=340891360.000000000000000000000000 (4da28cb7), dut=340891328.000000000000000000000000 (4da28cb6), rounding_error=0.00000939 % (exp_error = 1.00000000 %)
[Random][ADD]i_32_a=c6839ffb (-16847.990234375000000000000000) + i_32_b=4da28ec5 (340908192.000000000000000000000000) 	| o_32_s=4da28cb6 (340891328.000000000000000000000000) 	 
=> PASS: expect=340891360.000000000000000000000000 (4da28cb7), dut=340891328.000000000000000000000000 (4da28cb6), rounding_error=0.00000939 % (exp_error = 1.00000000 %)
==========[ Read data from ROM ]==========
[Random][ADD]i_32_a=cef6ead7 (-2071292800.000000000000000000000000) + i_32_b=c4e531e3 (-1833.558959960937500000000000) 	| o_32_s=cef6eae5 (-2071294592.000000000000000000000000) 	 
=> PASS: expect=-2071294592.000000000000000000000000 (cef6eae5), dut=-2071294592.000000000000000000000000 (cef6eae5), rounding_error=0.00000000 % (exp_error = 1.00000000 %)
[Random][ADD]i_32_a=c4e531e3 (-1833.558959960937500000000000) + i_32_b=cef6ead7 (-2071292800.000000000000000000000000) 	| o_32_s=cef6eae5 (-2071294592.000000000000000000000000) 	 
=> PASS: expect=-2071294592.000000000000000000000000 (cef6eae5), dut=-2071294592.000000000000000000000000 (cef6eae5), rounding_error=0.00000000 % (exp_error = 1.00000000 %)
==========[ Read data from ROM ]==========
[Random][ADD]i_32_a=c1fe28fe (-31.770015716552734375000000) + i_32_b=460789d5 (8674.458007812500000000000000) 	| o_32_s=46070ac0 (8642.687500000000000000000000) 	 
=> PASS: expect=8642.688476562500000000000000 (46070ac1), dut=8642.687500000000000000000000 (46070ac0), rounding_error=0.00001130 % (exp_error = 1.00000000 %)
[Random][ADD]i_32_a=460789d5 (8674.458007812500000000000000) + i_32_b=c1fe28fe (-31.770015716552734375000000) 	| o_32_s=46070ac0 (8642.687500000000000000000000) 	 
=> PASS: expect=8642.688476562500000000000000 (46070ac1), dut=8642.687500000000000000000000 (46070ac0), rounding_error=0.00001130 % (exp_error = 1.00000000 %)
==========[ Read data from ROM ]==========
[Random][ADD]i_32_a=47bc0e6d (96284.851562500000000000000000) + i_32_b=47cfac02 (106328.015625000000000000000000) 	| o_32_s=4845dd37 (202612.859375000000000000000000) 	 
=> PASS: expect=202612.875000000000000000000000 (4845dd38), dut=202612.859375000000000000000000 (4845dd37), rounding_error=0.00000771 % (exp_error = 1.00000000 %)
[Random][ADD]i_32_a=47cfac02 (106328.015625000000000000000000) + i_32_b=47bc0e6d (96284.851562500000000000000000) 	| o_32_s=4845dd37 (202612.859375000000000000000000) 	 
=> PASS: expect=202612.875000000000000000000000 (4845dd38), dut=202612.859375000000000000000000 (4845dd37), rounding_error=0.00000771 % (exp_error = 1.00000000 %)
==========[ Read data from ROM ]==========
[Random][ADD]i_32_a=ca096525 (-2251081.250000000000000000000000) + i_32_b=437db887 (253.720809936523437500000000) 	| o_32_s=ca09612e (-2250827.500000000000000000000000) 	 
=> PASS: expect=-2250827.500000000000000000000000 (ca09612e), dut=-2250827.500000000000000000000000 (ca09612e), rounding_error=0.00000000 % (exp_error = 1.00000000 %)
[Random][ADD]i_32_a=437db887 (253.720809936523437500000000) + i_32_b=ca096525 (-2251081.250000000000000000000000) 	| o_32_s=ca09612e (-2250827.500000000000000000000000) 	 
=> PASS: expect=-2250827.500000000000000000000000 (ca09612e), dut=-2250827.500000000000000000000000 (ca09612e), rounding_error=0.00000000 % (exp_error = 1.00000000 %)
==========[ Read data from ROM ]==========
[Random][ADD]i_32_a=448f7f10 (1147.970703125000000000000000) + i_32_b=424f7db9 (51.872776031494140625000000) 	| o_32_s=4495fafd (1199.843383789062500000000000) 	 
=> PASS: expect=1199.843505859375000000000000 (4495fafe), dut=1199.843383789062500000000000 (4495fafd), rounding_error=0.00001017 % (exp_error = 1.00000000 %)
[Random][ADD]i_32_a=424f7db9 (51.872776031494140625000000) + i_32_b=448f7f10 (1147.970703125000000000000000) 	| o_32_s=4495fafd (1199.843383789062500000000000) 	 
=> PASS: expect=1199.843505859375000000000000 (4495fafe), dut=1199.843383789062500000000000 (4495fafd), rounding_error=0.00001017 % (exp_error = 1.00000000 %)
==========[ Read data from ROM ]==========
[Random][ADD]i_32_a=c7850368 (-68102.812500000000000000000000) + i_32_b=46c79125 (25544.572265625000000000000000) 	| o_32_s=c7263e3d (-42558.238281250000000000000000) 	 
=> PASS: expect=-42558.242187500000000000000000 (c7263e3e), dut=-42558.238281250000000000000000 (c7263e3d), rounding_error=0.00000918 % (exp_error = 1.00000000 %)
[Random][ADD]i_32_a=46c79125 (25544.572265625000000000000000) + i_32_b=c7850368 (-68102.812500000000000000000000) 	| o_32_s=c7263e3d (-42558.238281250000000000000000) 	 
=> PASS: expect=-42558.242187500000000000000000 (c7263e3e), dut=-42558.238281250000000000000000 (c7263e3d), rounding_error=0.00000918 % (exp_error = 1.00000000 %)
==========[ ADD_POS_POS ]==========
FPU_A = 3fc00000 (1.5000)
FPU_B = 40100000 (2.2500)
==========[ ADD_POS_POS ]==========
[ADD][ADD]i_32_a=3fc00000 (1.500000000000000000000000) + i_32_b=40100000 (2.250000000000000000000000) 	| o_32_s=40700000 (3.750000000000000000000000) 	 
=> PASS: expect=3.750000000000000000000000 (40700000), dut=3.750000000000000000000000 (40700000), rounding_error=0.00000000 % (exp_error = 1.00000000 %)
[ADD][ADD]i_32_a=40100000 (2.250000000000000000000000) + i_32_b=3fc00000 (1.500000000000000000000000) 	| o_32_s=40700000 (3.750000000000000000000000) 	 
=> PASS: expect=3.750000000000000000000000 (40700000), dut=3.750000000000000000000000 (40700000), rounding_error=0.00000000 % (exp_error = 1.00000000 %)
==========[ ADD_NEG_NEG ]==========
FPU_A = bfc00000 (-1.5000)
FPU_B = c0100000 (-2.2500)
==========[ ADD_NEG_NEG ]==========
[ADD][ADD]i_32_a=bfc00000 (-1.500000000000000000000000) + i_32_b=c0100000 (-2.250000000000000000000000) 	| o_32_s=c0700000 (-3.750000000000000000000000) 	 
=> PASS: expect=-3.750000000000000000000000 (c0700000), dut=-3.750000000000000000000000 (c0700000), rounding_error=0.00000000 % (exp_error = 1.00000000 %)
[ADD][ADD]i_32_a=c0100000 (-2.250000000000000000000000) + i_32_b=bfc00000 (-1.500000000000000000000000) 	| o_32_s=c0700000 (-3.750000000000000000000000) 	 
=> PASS: expect=-3.750000000000000000000000 (c0700000), dut=-3.750000000000000000000000 (c0700000), rounding_error=0.00000000 % (exp_error = 1.00000000 %)
==========[ ADD_POS_NEG ]==========
FPU_A = 40a00000 (5.0000)
FPU_B = c0400000 (-3.0000)
==========[ ADD_POS_NEG ]==========
[ADD][ADD]i_32_a=40a00000 (5.000000000000000000000000) + i_32_b=c0400000 (-3.000000000000000000000000) 	| o_32_s=40000000 (2.000000000000000000000000) 	 
=> PASS: expect=2.000000000000000000000000 (40000000), dut=2.000000000000000000000000 (40000000), rounding_error=0.00000000 % (exp_error = 1.00000000 %)
[ADD][ADD]i_32_a=c0400000 (-3.000000000000000000000000) + i_32_b=40a00000 (5.000000000000000000000000) 	| o_32_s=40000000 (2.000000000000000000000000) 	 
=> PASS: expect=2.000000000000000000000000 (40000000), dut=2.000000000000000000000000 (40000000), rounding_error=0.00000000 % (exp_error = 1.00000000 %)
==========[ ADD_NEG_POS ]==========
FPU_A = c0a00000 (-5.0000)
FPU_B = 40400000 (3.0000)
==========[ ADD_NEG_POS ]==========
[ADD][ADD]i_32_a=c0a00000 (-5.000000000000000000000000) + i_32_b=40400000 (3.000000000000000000000000) 	| o_32_s=c0000000 (-2.000000000000000000000000) 	 
=> PASS: expect=-2.000000000000000000000000 (c0000000), dut=-2.000000000000000000000000 (c0000000), rounding_error=0.00000000 % (exp_error = 1.00000000 %)
[ADD][ADD]i_32_a=40400000 (3.000000000000000000000000) + i_32_b=c0a00000 (-5.000000000000000000000000) 	| o_32_s=c0000000 (-2.000000000000000000000000) 	 
=> PASS: expect=-2.000000000000000000000000 (c0000000), dut=-2.000000000000000000000000 (c0000000), rounding_error=0.00000000 % (exp_error = 1.00000000 %)
==========[ ADD_ZERO ]==========
FPU_A = 4048f5c3 (3.1400)
FPU_B = 00000000 (0.0000)
==========[ ADD_ZERO ]==========
[ADD][ADD]i_32_a=4048f5c3 (3.140000104904174804687500) + i_32_b=00000000 (0.000000000000000000000000) 	| o_32_s=4048f5c3 (3.140000104904174804687500) 	 
=> PASS: expect=3.140000104904174804687500 (4048f5c3), dut=3.140000104904174804687500 (4048f5c3), rounding_error=0.00000000 % (exp_error = 1.00000000 %)
[ADD][ADD]i_32_a=00000000 (0.000000000000000000000000) + i_32_b=4048f5c3 (3.140000104904174804687500) 	| o_32_s=4048f5c3 (3.140000104904174804687500) 	 
=> PASS: expect=3.140000104904174804687500 (4048f5c3), dut=3.140000104904174804687500 (4048f5c3), rounding_error=0.00000000 % (exp_error = 1.00000000 %)
==========[ ADD_ZERO_REV ]==========
FPU_A = 00000000 (0.0000)
FPU_B = c02ccccd (-2.7000)
==========[ ADD_ZERO_REV ]==========
[ADD][ADD]i_32_a=00000000 (0.000000000000000000000000) + i_32_b=c02ccccd (-2.700000047683715820312500) 	| o_32_s=c02ccccd (-2.700000047683715820312500) 	 
=> PASS: expect=-2.700000047683715820312500 (c02ccccd), dut=-2.700000047683715820312500 (c02ccccd), rounding_error=0.00000000 % (exp_error = 1.00000000 %)
[ADD][ADD]i_32_a=c02ccccd (-2.700000047683715820312500) + i_32_b=00000000 (0.000000000000000000000000) 	| o_32_s=c02ccccd (-2.700000047683715820312500) 	 
=> PASS: expect=-2.700000047683715820312500 (c02ccccd), dut=-2.700000047683715820312500 (c02ccccd), rounding_error=0.00000000 % (exp_error = 1.00000000 %)
==========[ ADD_CANCEL_1 ]==========
FPU_A = 40a00000 (5.0000)
FPU_B = c0a00000 (-5.0000)
==========[ ADD_CANCEL_1 ]==========
[ADD][ADD]i_32_a=40a00000 (5.000000000000000000000000) + i_32_b=c0a00000 (-5.000000000000000000000000) 	| o_32_s=00000000 (0.000000000000000000000000) 	 
=> PASS: expect=0.000000000000000000000000 (00000000), dut=0.000000000000000000000000 (00000000), rounding_error=0.00000000 % (exp_error = 1.00000000 %)
[ADD][ADD]i_32_a=c0a00000 (-5.000000000000000000000000) + i_32_b=40a00000 (5.000000000000000000000000) 	| o_32_s=80000000 (-0.000000000000000000000000) 	 
=> PASS: expect=0.000000000000000000000000 (00000000), dut=-0.000000000000000000000000 (80000000), rounding_error=0.00000000 % (exp_error = 1.00000000 %)
==========[ ADD_CANCEL_2 ]==========
FPU_A = c2c88000 (-100.2500)
FPU_B = 42c88000 (100.2500)
==========[ ADD_CANCEL_2 ]==========
[ADD][ADD]i_32_a=c2c88000 (-100.250000000000000000000000) + i_32_b=42c88000 (100.250000000000000000000000) 	| o_32_s=80000000 (-0.000000000000000000000000) 	 
=> PASS: expect=0.000000000000000000000000 (00000000), dut=-0.000000000000000000000000 (80000000), rounding_error=0.00000000 % (exp_error = 1.00000000 %)
[ADD][ADD]i_32_a=42c88000 (100.250000000000000000000000) + i_32_b=c2c88000 (-100.250000000000000000000000) 	| o_32_s=00000000 (0.000000000000000000000000) 	 
=> PASS: expect=0.000000000000000000000000 (00000000), dut=0.000000000000000000000000 (00000000), rounding_error=0.00000000 % (exp_error = 1.00000000 %)
==========[ ADD_EXP_DIFF_1 ]==========
FPU_A = 60ad78ec (100000002004087734272.0000)
FPU_B = 3f800000 (1.0000)
==========[ ADD_EXP_DIFF_1 ]==========
[ADD][ADD]i_32_a=60ad78ec (100000002004087734272.000000000000000000000000) + i_32_b=3f800000 (1.000000000000000000000000) 	| o_32_s=60cd78ec (118446746077797285888.000000000000000000000000) 	 
=> FAIL: expect=100000002004087734272.000000000000000000000000 (60ad78ec), dut=118446746077797285888.000000000000000000000000 (60cd78ec), rounding_error=18.44674301 % (exp_error = 1.00000000 %)
[ADD][ADD]i_32_a=3f800000 (1.000000000000000000000000) + i_32_b=60ad78ec (100000002004087734272.000000000000000000000000) 	| o_32_s=60cd78ec (118446746077797285888.000000000000000000000000) 	 
=> FAIL: expect=100000002004087734272.000000000000000000000000 (60ad78ec), dut=118446746077797285888.000000000000000000000000 (60cd78ec), rounding_error=18.44674301 % (exp_error = 1.00000000 %)
==========[ ADD_EXP_DIFF_2 ]==========
FPU_A = 3f800000 (1.0000)
FPU_B = 1e3ce508 (0.0000)
==========[ ADD_EXP_DIFF_2 ]==========
[ADD][ADD]i_32_a=3f800000 (1.000000000000000000000000) + i_32_b=1e3ce508 (0.000000000000000000010000) 	| o_32_s=3f979ca1 (1.184467434883117675781250) 	 
=> FAIL: expect=1.000000000000000000000000 (3f800000), dut=1.184467434883117675781250 (3f979ca1), rounding_error=18.44674301 % (exp_error = 1.00000000 %)
[ADD][ADD]i_32_a=1e3ce508 (0.000000000000000000010000) + i_32_b=3f800000 (1.000000000000000000000000) 	| o_32_s=3f979ca1 (1.184467434883117675781250) 	 
=> FAIL: expect=1.000000000000000000000000 (3f800000), dut=1.184467434883117675781250 (3f979ca1), rounding_error=18.44674301 % (exp_error = 1.00000000 %)
==========[ ADD_DENORM_1 ]==========
FPU_A = 00000001 (0.0000)
FPU_B = 00000001 (0.0000)
==========[ ADD_DENORM_1 ]==========
[ADD][ADD]i_32_a=00000001 (0.000000000000000000000000) + i_32_b=00000001 (0.000000000000000000000000) 	| o_32_s=00000002 (0.000000000000000000000000) 	 
=> PASS: expect=0.000000000000000000000000 (00000002), dut=0.000000000000000000000000 (00000002), rounding_error=0.00000000 % (exp_error = 1.00000000 %)
[ADD][ADD]i_32_a=00000001 (0.000000000000000000000000) + i_32_b=00000001 (0.000000000000000000000000) 	| o_32_s=00000002 (0.000000000000000000000000) 	 
=> PASS: expect=0.000000000000000000000000 (00000002), dut=0.000000000000000000000000 (00000002), rounding_error=0.00000000 % (exp_error = 1.00000000 %)
==========[ ADD_DENORM_2 ]==========
FPU_A = 00000001 (0.0000)
FPU_B = 00000000 (0.0000)
==========[ ADD_DENORM_2 ]==========
[ADD][ADD]i_32_a=00000001 (0.000000000000000000000000) + i_32_b=00000000 (0.000000000000000000000000) 	| o_32_s=00000001 (0.000000000000000000000000) 	 
=> PASS: expect=0.000000000000000000000000 (00000001), dut=0.000000000000000000000000 (00000001), rounding_error=0.00000000 % (exp_error = 1.00000000 %)
[ADD][ADD]i_32_a=00000000 (0.000000000000000000000000) + i_32_b=00000001 (0.000000000000000000000000) 	| o_32_s=00000001 (0.000000000000000000000000) 	 
=> PASS: expect=0.000000000000000000000000 (00000001), dut=0.000000000000000000000000 (00000001), rounding_error=0.00000000 % (exp_error = 1.00000000 %)
==========[ ADD_OVERFLOW ]==========
FPU_A = 7f7fc99e (339999995214436424907732413799364296704.0000)
FPU_B = 7f7fc99e (339999995214436424907732413799364296704.0000)
==========[ ADD_OVERFLOW ]==========
[ADD][ADD]i_32_a=7f7fc99e (339999995214436424907732413799364296704.000000000000000000000000) + i_32_b=7f7fc99e (339999995214436424907732413799364296704.000000000000000000000000) 	| o_32_s=7fffc99e (nan) 	 
=> FAIL: expect=inf (7f800000), dut=nan (7fffc99e), rounding_error=100.00000000 % (exp_error = 1.00000000 %)
[ADD][ADD]i_32_a=7f7fc99e (339999995214436424907732413799364296704.000000000000000000000000) + i_32_b=7f7fc99e (339999995214436424907732413799364296704.000000000000000000000000) 	| o_32_s=7fffc99e (nan) 	 
=> FAIL: expect=inf (7f800000), dut=nan (7fffc99e), rounding_error=100.00000000 % (exp_error = 1.00000000 %)
==========[ ADD_UNDERFLOW ]==========
FPU_A = 006ce3ee (0.0000)
FPU_B = 806ce3ee (-0.0000)
==========[ ADD_UNDERFLOW ]==========
[ADD][ADD]i_32_a=006ce3ee (0.000000000000000000000000) + i_32_b=806ce3ee (-0.000000000000000000000000) 	| o_32_s=00000000 (0.000000000000000000000000) 	 
=> PASS: expect=0.000000000000000000000000 (00000000), dut=0.000000000000000000000000 (00000000), rounding_error=0.00000000 % (exp_error = 1.00000000 %)
[ADD][ADD]i_32_a=806ce3ee (-0.000000000000000000000000) + i_32_b=006ce3ee (0.000000000000000000000000) 	| o_32_s=80000000 (-0.000000000000000000000000) 	 
=> PASS: expect=0.000000000000000000000000 (00000000), dut=-0.000000000000000000000000 (80000000), rounding_error=0.00000000 % (exp_error = 1.00000000 %)

==================================
========== TEST SUMMARY ==========
Total test cases:   2076
Passed          :   2070
Failed          :      6
Pass rate       : 99.71%
Max error       : 100.0000%
==================================

Simulation complete via $finish(1) at time 62501 NS + 0
../SUBMODULE/BPF16_UNIT/tb_BFP16_add.sv:208     $finish;
xcelium> exit
TOOL:	xrun(64)	20.09-s001: Exiting on Jan 02, 2026 at 08:20:12 EST  (total: 00:00:02)
